Date,Asset,Daily Return,Daily Return (%)
2020-01-02,HDFC Bank,0.006374149860608691,0.6374149860608691
2020-01-03,HDFC Bank,-0.014260747919039196,-1.4260747919039196
2020-01-06,HDFC Bank,-0.02164150808343024,-2.164150808343024
2020-01-07,HDFC Bank,0.01583456078593004,1.583456078593004
2020-01-08,HDFC Bank,-0.002617702017630119,-0.2617702017630119
2020-01-09,HDFC Bank,0.011214555560742356,1.1214555560742356
2020-01-10,HDFC Bank,0.008887727471601714,0.8887727471601714
2020-01-13,HDFC Bank,0.0025728050724806995,0.25728050724806995
2020-01-14,HDFC Bank,0.0027215603816601597,0.27215603816601597
2020-01-15,HDFC Bank,-0.004071311190187776,-0.40713111901877763
2020-01-16,HDFC Bank,0.002647331317426671,0.2647331317426671
2020-01-17,HDFC Bank,-0.007377714932046087,-0.7377714932046087
2020-01-20,HDFC Bank,-0.018190390871799744,-1.8190390871799744
2020-01-21,HDFC Bank,-0.008407010909236678,-0.8407010909236678
2020-01-22,HDFC Bank,-0.002812654767078704,-0.2812654767078704
2020-01-23,HDFC Bank,0.003223589597725951,0.3223589597725951
2020-01-24,HDFC Bank,-0.00024110812494393397,-0.024110812494393397
2020-01-27,HDFC Bank,-0.025189822383303806,-2.5189822383303806
2020-01-28,HDFC Bank,0.00824286273504038,0.8242862735040379
2020-01-29,HDFC Bank,0.010341761822449724,1.0341761822449724
2020-01-30,HDFC Bank,-0.0079298100922639,-0.79298100922639
2020-01-31,HDFC Bank,0.0002039865315461853,0.02039865315461853
2020-02-03,HDFC Bank,-0.027318150885061177,-2.7318150885061177
2020-02-04,HDFC Bank,0.031019493090462813,3.1019493090462813
2020-02-05,HDFC Bank,0.012075102342750998,1.2075102342750998
2020-02-06,HDFC Bank,-0.00389655883089135,-0.389655883089135
2020-02-07,HDFC Bank,0.0019357705437201833,0.19357705437201833
2020-02-10,HDFC Bank,-0.001529678010372404,-0.1529678010372404
2020-02-11,HDFC Bank,0.00024178138695263307,0.024178138695263307
2020-02-12,HDFC Bank,0.0067710936532257016,0.6771093653225702
2020-02-13,HDFC Bank,-0.006084770577611587,-0.6084770577611587
2020-02-14,HDFC Bank,-0.017762411103517395,-1.7762411103517395
2020-02-17,HDFC Bank,-0.0018041717280961045,-0.18041717280961045
2020-02-18,HDFC Bank,-0.0032041242874730758,-0.3204124287473076
2020-02-19,HDFC Bank,0.011498086873666269,1.149808687366627
2020-02-20,HDFC Bank,-0.008230280021679803,-0.8230280021679803
2020-02-24,HDFC Bank,-0.00587450528215705,-0.587450528215705
2020-02-25,HDFC Bank,-0.007975469621850029,-0.7975469621850029
2020-02-26,HDFC Bank,-0.0008749266392131805,-0.08749266392131805
2020-02-27,HDFC Bank,0.0001669234790218077,0.01669234790218077
2020-02-28,HDFC Bank,-0.01817523887208705,-1.8175238872087052
2020-03-02,HDFC Bank,0.0016559089137737626,0.16559089137737626
2020-03-03,HDFC Bank,0.0018651905073199249,0.1865190507319925
2020-03-04,HDFC Bank,-0.027881206558249327,-2.7881206558249327
2020-03-05,HDFC Bank,0.0021760271641901863,0.21760271641901863
2020-03-06,HDFC Bank,-0.014287674690161012,-1.4287674690161012
2020-03-09,HDFC Bank,-0.02431906412658391,-2.431906412658391
2020-03-11,HDFC Bank,0.005870179758948213,0.5870179758948213
2020-03-12,HDFC Bank,-0.0830492318202477,-8.30492318202477
2020-03-13,HDFC Bank,0.047488583303402,4.7488583303402
2020-03-16,HDFC Bank,-0.06571326368187713,-6.571326368187713
2020-03-17,HDFC Bank,-0.02441219102840464,-2.441219102840464
2020-03-18,HDFC Bank,-0.10070764904530527,-10.070764904530527
2020-03-19,HDFC Bank,0.021268213391042012,2.1268213391042012
2020-03-20,HDFC Bank,-0.014181328190956077,-1.4181328190956077
2020-03-23,HDFC Bank,-0.12606893888816262,-12.606893888816263
2020-03-24,HDFC Bank,-0.0049901052841238025,-0.49901052841238025
2020-03-25,HDFC Bank,0.11599590195442167,11.599590195442167
2020-03-26,HDFC Bank,0.05176542494197256,5.176542494197256
2020-03-27,HDFC Bank,0.0037176629079072043,0.37176629079072043
2020-03-30,HDFC Bank,-0.08049081634988398,-8.049081634988397
2020-03-31,HDFC Bank,0.03637343043059715,3.6373430430597153
2020-04-01,HDFC Bank,-0.037417439624192306,-3.7417439624192306
2020-04-03,HDFC Bank,-0.019043992387487774,-1.9043992387487774
2020-04-07,HDFC Bank,0.10106281555694685,10.106281555694686
2020-04-08,HDFC Bank,-0.008034857580036858,-0.8034857580036858
2020-04-09,HDFC Bank,0.040668231002290556,4.066823100229056
2020-04-13,HDFC Bank,-0.03210649883212857,-3.210649883212857
2020-04-15,HDFC Bank,-0.035795959773615715,-3.5795959773615715
2020-04-16,HDFC Bank,0.019054770305285684,1.9054770305285684
2020-04-17,HDFC Bank,0.034725899129676385,3.4725899129676385
2020-04-20,HDFC Bank,0.037954338995696224,3.7954338995696224
2020-04-21,HDFC Bank,-0.024554026241201288,-2.4554026241201288
2020-04-22,HDFC Bank,0.00754068549399034,0.754068549399034
2020-04-23,HDFC Bank,0.02837612314526816,2.837612314526816
2020-04-24,HDFC Bank,-0.01769726358335766,-1.7697263583357659
2020-04-27,HDFC Bank,-0.00890141779821274,-0.8901417798212741
2020-04-28,HDFC Bank,0.0018285286544643675,0.18285286544643675
2020-04-29,HDFC Bank,0.04906586948644831,4.906586948644831
2020-04-30,HDFC Bank,0.0252789522648198,2.52789522648198
2020-05-04,HDFC Bank,-0.07865844819303447,-7.865844819303447
2020-05-05,HDFC Bank,-0.012513493973868584,-1.2513493973868584
2020-05-06,HDFC Bank,0.038345428747137644,3.8345428747137644
2020-05-07,HDFC Bank,-0.0226119954534173,-2.26119954534173
2020-05-08,HDFC Bank,0.004378418337802836,0.43784183378028363
2020-05-11,HDFC Bank,-0.014261883792669017,-1.4261883792669017
2020-05-12,HDFC Bank,-0.015560167013885073,-1.5560167013885073
2020-05-13,HDFC Bank,0.028950105910059643,2.8950105910059643
2020-05-14,HDFC Bank,-0.03659772499254321,-3.6597724992543212
2020-05-15,HDFC Bank,-0.006210321055325818,-0.6210321055325818
2020-05-18,HDFC Bank,-0.05798557616177624,-5.798557616177624
2020-05-19,HDFC Bank,-0.007171519553835437,-0.7171519553835437
2020-05-20,HDFC Bank,0.03184248605226303,3.184248605226303
2020-05-21,HDFC Bank,0.0028584929806731996,0.28584929806731996
2020-05-22,HDFC Bank,-0.024082376975501862,-2.4082376975501862
2020-05-26,HDFC Bank,0.016153164257258767,1.6153164257258767
2020-05-27,HDFC Bank,0.060124333270215935,6.0124333270215935
2020-05-28,HDFC Bank,0.04603544781529045,4.603544781529045
2020-05-29,HDFC Bank,0.006770653083688627,0.6770653083688627
2020-06-01,HDFC Bank,0.03782909046855987,3.7829090468559867
2020-06-02,HDFC Bank,0.013516831506129146,1.3516831506129146
2020-06-03,HDFC Bank,0.021228955812523154,2.1228955812523154
2020-06-04,HDFC Bank,-0.020102713725699273,-2.0102713725699273
2020-06-05,HDFC Bank,0.031596155555193794,3.1596155555193794
2020-06-08,HDFC Bank,-0.016886680352744543,-1.6886680352744543
2020-06-09,HDFC Bank,-0.02815253181023758,-2.815253181023758
2020-06-10,HDFC Bank,0.004608498559661722,0.46084985596617223
2020-06-11,HDFC Bank,-0.02344089606299571,-2.344089606299571
2020-06-12,HDFC Bank,0.014608619743673446,1.4608619743673446
2020-06-15,HDFC Bank,-0.03347752077060295,-3.3477520770602953
2020-06-16,HDFC Bank,0.04269111539435255,4.269111539435255
2020-06-17,HDFC Bank,-0.011258190674666713,-1.1258190674666713
2020-06-18,HDFC Bank,0.04156251716221737,4.156251716221737
2020-06-19,HDFC Bank,0.013137779218670653,1.3137779218670653
2020-06-22,HDFC Bank,-0.004451493503550341,-0.4451493503550341
2020-06-23,HDFC Bank,0.013171276386297004,1.3171276386297004
2020-06-24,HDFC Bank,-0.009402150079192872,-0.9402150079192872
2020-06-25,HDFC Bank,-0.0036320481283649286,-0.36320481283649286
2020-06-26,HDFC Bank,0.026925809038842008,2.692580903884201
2020-06-29,HDFC Bank,0.01855299544885236,1.855299544885236
2020-06-30,HDFC Bank,-0.009479200091020767,-0.9479200091020767
2020-07-01,HDFC Bank,0.01759133748592001,1.7591337485920011
2020-07-02,HDFC Bank,0.004425839155555611,0.4425839155555611
2020-07-03,HDFC Bank,-0.014182163848936113,-1.4182163848936113
2020-07-06,HDFC Bank,0.027049779572475785,2.7049779572475785
2020-07-07,HDFC Bank,0.0019489931310729958,0.19489931310729958
2020-07-08,HDFC Bank,0.004705280982044258,0.47052809820442576
2020-07-09,HDFC Bank,0.013148884053935328,1.3148884053935328
2020-07-10,HDFC Bank,-0.017645070125976492,-1.7645070125976492
2020-07-13,HDFC Bank,-0.022486715563871496,-2.2486715563871496
2020-07-14,HDFC Bank,-0.019810222851893933,-1.9810222851893933
2020-07-15,HDFC Bank,-0.005383236622068965,-0.5383236622068965
2020-07-16,HDFC Bank,0.008925809125368556,0.8925809125368556
2020-07-17,HDFC Bank,0.033786542149319976,3.3786542149319976
2020-07-20,HDFC Bank,0.03149882446601526,3.1498824466015263
2020-07-21,HDFC Bank,0.004854202228826043,0.48542022288260434
2020-07-22,HDFC Bank,-0.01071529131975335,-1.071529131975335
2020-07-23,HDFC Bank,0.003595601439450258,0.3595601439450258
2020-07-24,HDFC Bank,-0.009996451238369453,-0.9996451238369453
2020-07-27,HDFC Bank,-0.03538552364527303,-3.538552364527303
2020-07-28,HDFC Bank,0.006623427973497575,0.6623427973497575
2020-07-29,HDFC Bank,-0.020291719081435233,-2.0291719081435233
2020-07-30,HDFC Bank,-0.013103563697759446,-1.3103563697759446
2020-07-31,HDFC Bank,-0.016989376940005574,-1.6989376940005574
2020-08-03,HDFC Bank,-0.029821978020723505,-2.9821978020723505
2020-08-04,HDFC Bank,0.039570910201081055,3.9570910201081055
2020-08-05,HDFC Bank,-0.013536211855415203,-1.3536211855415203
2020-08-06,HDFC Bank,0.012797345099289537,1.2797345099289537
2020-08-07,HDFC Bank,0.00302680873348371,0.302680873348371
2020-08-10,HDFC Bank,0.006514407376560838,0.6514407376560838
2020-08-11,HDFC Bank,0.015228696988351942,1.5228696988351942
2020-08-12,HDFC Bank,-0.0027655576821098427,-0.27655576821098427
2020-08-13,HDFC Bank,-0.004371590891316113,-0.4371590891316113
2020-08-14,HDFC Bank,-0.023228398909565073,-2.3228398909565073
2020-08-17,HDFC Bank,-0.0016433690357029462,-0.16433690357029462
2020-08-18,HDFC Bank,0.0229968329944501,2.29968329944501
2020-08-19,HDFC Bank,0.009559932951257677,0.9559932951257677
2020-08-20,HDFC Bank,-0.007125576369057529,-0.7125576369057529
2020-08-21,HDFC Bank,0.02516520194035543,2.516520194035543
2020-08-24,HDFC Bank,0.02892292112356243,2.892292112356243
2020-08-25,HDFC Bank,0.002372261789239216,0.23722617892392162
2020-08-26,HDFC Bank,-0.0011164557409307774,-0.11164557409307774
2020-08-27,HDFC Bank,-0.005677540752197396,-0.5677540752197396
2020-08-28,HDFC Bank,0.0021582868567151525,0.21582868567151525
2020-08-31,HDFC Bank,0.0012113556392043812,0.12113556392043812
2020-09-01,HDFC Bank,0.010261111997541983,1.0261111997541983
2020-09-02,HDFC Bank,0.006076446593140883,0.6076446593140883
2020-09-03,HDFC Bank,-0.0028654314561673555,-0.28654314561673555
2020-09-04,HDFC Bank,-0.010257432073937256,-1.0257432073937256
2020-09-07,HDFC Bank,-0.007861992247797045,-0.7861992247797045
2020-09-08,HDFC Bank,0.001755920450810411,0.1755920450810411
2020-09-09,HDFC Bank,-0.014337826140719656,-1.4337826140719656
2020-09-10,HDFC Bank,-0.005426123881032585,-0.5426123881032585
2020-09-11,HDFC Bank,-0.010912055325996928,-1.0912055325996928
2020-09-14,HDFC Bank,-0.01919078178832101,-1.919078178832101
2020-09-15,HDFC Bank,0.011862706375742604,1.1862706375742604
2020-09-16,HDFC Bank,0.02162542703623549,2.162542703623549
2020-09-17,HDFC Bank,-0.009189492455512038,-0.9189492455512038
2020-09-18,HDFC Bank,-0.024270907373436068,-2.427090737343607
2020-09-21,HDFC Bank,-0.007566425856300074,-0.7566425856300074
2020-09-22,HDFC Bank,-0.013246934042506653,-1.3246934042506653
2020-09-23,HDFC Bank,0.01144482012788206,1.144482012788206
2020-09-24,HDFC Bank,-0.016089779459440234,-1.6089779459440234
2020-09-25,HDFC Bank,0.01319881773318854,1.319881773318854
2020-09-28,HDFC Bank,0.009770017580911672,0.9770017580911672
2020-09-29,HDFC Bank,0.007920861229772314,0.7920861229772314
2020-09-30,HDFC Bank,0.015105117919901767,1.5105117919901767
2020-10-01,HDFC Bank,0.026284006171525487,2.6284006171525487
2020-10-05,HDFC Bank,0.006685115383777918,0.6685115383777918
2020-10-06,HDFC Bank,0.026697146071064326,2.6697146071064326
2020-10-07,HDFC Bank,0.0158639678412813,1.5863967841281301
2020-10-08,HDFC Bank,0.025424861753525985,2.5424861753525985
2020-10-09,HDFC Bank,0.03503110355797445,3.5031103557974452
2020-10-12,HDFC Bank,-0.016132295507433336,-1.6132295507433336
2020-10-13,HDFC Bank,-0.012524325839082251,-1.252432583908225
2020-10-14,HDFC Bank,0.010889079317417671,1.0889079317417671
2020-10-15,HDFC Bank,-0.03487423492008568,-3.487423492008568
2020-10-16,HDFC Bank,0.025743134043794802,2.57431340437948
2020-10-19,HDFC Bank,0.0035018234977404195,0.35018234977404195
2020-10-20,HDFC Bank,0.016949907132221442,1.6949907132221442
2020-10-21,HDFC Bank,0.018587346269937743,1.8587346269937743
2020-10-22,HDFC Bank,-0.010748331088361818,-1.0748331088361818
2020-10-23,HDFC Bank,0.0020270241560262914,0.20270241560262914
2020-10-26,HDFC Bank,-0.020148985219999527,-2.0148985219999527
2020-10-27,HDFC Bank,0.0183335841586858,1.83335841586858
2020-10-28,HDFC Bank,-0.0190576707666682,-1.90576707666682
2020-10-29,HDFC Bank,-0.01851845634149285,-1.851845634149285
2020-10-30,HDFC Bank,-0.0030744043369185237,-0.30744043369185237
2020-11-02,HDFC Bank,0.026783755428623657,2.6783755428623657
2020-11-03,HDFC Bank,0.026907864835192363,2.6907864835192363
2020-11-04,HDFC Bank,0.007572418892960453,0.7572418892960453
2020-11-05,HDFC Bank,0.009384695627747908,0.9384695627747908
2020-11-06,HDFC Bank,0.030294619246877375,3.0294619246877375
2020-11-09,HDFC Bank,0.02515951054545429,2.515951054545429
2020-11-10,HDFC Bank,0.03961078686999375,3.9610786869993753
2020-11-11,HDFC Bank,-0.002655071488298022,-0.2655071488298022
2020-11-12,HDFC Bank,-0.013130011364331451,-1.313001136433145
2020-11-13,HDFC Bank,-0.009404111169520224,-0.9404111169520224
2020-11-14,HDFC Bank,0.008021504578062721,0.8021504578062721
2020-11-17,HDFC Bank,0.028291022561387713,2.8291022561387713
2020-11-18,HDFC Bank,0.00017756945277080938,0.017756945277080938
2020-11-19,HDFC Bank,-0.024384262383386646,-2.4384262383386646
2020-11-20,HDFC Bank,0.021319321587842444,2.1319321587842444
2020-11-23,HDFC Bank,-0.006447586849685494,-0.6447586849685494
2020-11-24,HDFC Bank,0.0312633924302157,3.1263392430215697
2020-11-25,HDFC Bank,-0.024614119124907075,-2.4614119124907075
2020-11-26,HDFC Bank,0.01700176211355009,1.700176211355009
2020-11-27,HDFC Bank,0.00995330976843678,0.995330976843678
2020-12-01,HDFC Bank,-0.005239937472449663,-0.5239937472449663
2020-12-02,HDFC Bank,-0.01838414910309971,-1.8384149103099712
2020-12-03,HDFC Bank,-0.021145006743007677,-2.1145006743007677
2020-12-04,HDFC Bank,0.006099204247715928,0.6099204247715928
2020-12-07,HDFC Bank,-0.009634743015685898,-0.9634743015685898
2020-12-08,HDFC Bank,0.0029514797353205058,0.2951479735320506
2020-12-09,HDFC Bank,0.022451382261295727,2.2451382261295727
2020-12-10,HDFC Bank,-0.015171888454351579,-1.5171888454351579
2020-12-11,HDFC Bank,-0.0022008434880850247,-0.22008434880850247
2020-12-14,HDFC Bank,-0.007701704681108423,-0.7701704681108423
2020-12-15,HDFC Bank,0.013956268328743304,1.3956268328743304
2020-12-16,HDFC Bank,0.013943553458260816,1.3943553458260816
2020-12-17,HDFC Bank,0.022045996729537443,2.2045996729537443
2020-12-18,HDFC Bank,-0.021119580274386318,-2.111958027438632
2020-12-21,HDFC Bank,-0.027420485817227003,-2.7420485817227003
2020-12-22,HDFC Bank,0.0003277511603241301,0.03277511603241301
2020-12-23,HDFC Bank,0.0018571887229097417,0.18571887229097417
2020-12-24,HDFC Bank,0.015592608253431228,1.5592608253431228
2020-12-28,HDFC Bank,0.011273256559773293,1.1273256559773293
2020-12-29,HDFC Bank,0.010156795425056098,1.0156795425056098
2020-12-30,HDFC Bank,0.0037136580201602154,0.37136580201602154
2020-12-31,HDFC Bank,0.0026526625351406263,0.26526625351406263
2021-01-01,HDFC Bank,-0.007832494261309275,-0.7832494261309275
2021-01-04,HDFC Bank,-0.006350671739432601,-0.6350671739432601
2021-01-05,HDFC Bank,0.007556470444664454,0.7556470444664454
2021-01-06,HDFC Bank,-0.004310825336872437,-0.4310825336872437
2021-01-07,HDFC Bank,-0.0030268149799858035,-0.30268149799858035
2021-01-08,HDFC Bank,0.010873558001976091,1.0873558001976091
2021-01-11,HDFC Bank,0.013830313804041428,1.3830313804041428
2021-01-12,HDFC Bank,0.020358893475568296,2.0358893475568296
2021-01-13,HDFC Bank,-0.006988369318864818,-0.6988369318864818
2021-01-14,HDFC Bank,-0.001291969522596692,-0.1291969522596692
2021-01-15,HDFC Bank,-0.0014298464525089871,-0.1429846452508987
2021-01-18,HDFC Bank,0.011216025348540715,1.1216025348540715
2021-01-19,HDFC Bank,0.013991133098308906,1.3991133098308906
2021-01-20,HDFC Bank,-0.007879926620236066,-0.7879926620236066
2021-01-21,HDFC Bank,-0.011528072142495849,-1.1528072142495849
2021-01-22,HDFC Bank,-0.021189332242710246,-2.1189332242710246
2021-01-25,HDFC Bank,0.013369796386886845,1.3369796386886845
2021-01-27,HDFC Bank,-0.03640162031760996,-3.640162031760996
2021-01-28,HDFC Bank,-0.027064454667967808,-2.7064454667967808
2021-01-29,HDFC Bank,0.013890603058758444,1.3890603058758444
2021-02-01,HDFC Bank,0.062027974946745834,6.202797494674583
2021-02-02,HDFC Bank,0.0567462481119243,5.67462481119243
2021-02-03,HDFC Bank,0.009131438362518285,0.9131438362518285
2021-02-04,HDFC Bank,0.0027303411279220313,0.27303411279220313
2021-02-05,HDFC Bank,0.011715550667634744,1.1715550667634744
2021-02-08,HDFC Bank,0.0047884674632603375,0.47884674632603375
2021-02-09,HDFC Bank,0.004111598070660749,0.4111598070660749
2021-02-10,HDFC Bank,-0.018674208721105923,-1.8674208721105923
2021-02-11,HDFC Bank,-0.00594283773794313,-0.594283773794313
2021-02-12,HDFC Bank,0.006105597389185924,0.6105597389185924
2021-02-15,HDFC Bank,0.02190334252804882,2.190334252804882
2021-02-16,HDFC Bank,0.006216765362976329,0.6216765362976329
2021-02-17,HDFC Bank,-0.02468281883544854,-2.468281883544854
2021-02-18,HDFC Bank,-0.020296074742893744,-2.0296074742893744
2021-02-19,HDFC Bank,-0.009779501835763815,-0.9779501835763815
2021-02-22,HDFC Bank,0.0057826987204177005,0.57826987204177
2021-02-23,HDFC Bank,-0.012177056189493607,-1.2177056189493607
2021-02-24,HDFC Bank,0.05055094543561278,5.055094543561278
2021-02-25,HDFC Bank,-3.107145382352794e-05,-0.003107145382352794
2021-02-26,HDFC Bank,-0.04482078227792319,-4.482078227792319
2021-03-01,HDFC Bank,0.015967332929192946,1.5967332929192946
2021-03-02,HDFC Bank,0.005965571713718809,0.5965571713718809
2021-03-03,HDFC Bank,0.011892719991552392,1.1892719991552392
2021-03-04,HDFC Bank,-0.021930322454089213,-2.1930322454089213
2021-03-05,HDFC Bank,-0.014206931259123201,-1.42069312591232
2021-03-08,HDFC Bank,-0.006862772633098202,-0.6862772633098202
2021-03-09,HDFC Bank,0.028298806495982376,2.8298806495982376
2021-03-10,HDFC Bank,-0.004320011362846543,-0.4320011362846543
2021-03-12,HDFC Bank,-0.0024425969506191025,-0.24425969506191025
2021-03-15,HDFC Bank,-0.0150132617933727,-1.50132617933727
2021-03-16,HDFC Bank,-0.010793855990960721,-1.0793855990960721
2021-03-17,HDFC Bank,-0.011110122474207174,-1.1110122474207174
2021-03-18,HDFC Bank,-0.00290896353794734,-0.290896353794734
2021-03-19,HDFC Bank,0.004359524632126854,0.43595246321268544
2021-03-22,HDFC Bank,-0.01893154972208866,-1.8931549722088659
2021-03-23,HDFC Bank,0.021100589287703198,2.1100589287703198
2021-03-24,HDFC Bank,-0.014231918306963687,-1.4231918306963687
2021-03-25,HDFC Bank,-0.010447650784636942,-1.0447650784636942
2021-03-26,HDFC Bank,0.01910011616169527,1.9100116161695269
2021-03-30,HDFC Bank,0.041842574078334804,4.18425740783348
2021-03-31,HDFC Bank,-0.03864970439527471,-3.864970439527471
2021-04-01,HDFC Bank,-0.00461939706456993,-0.461939706456993
2021-04-05,HDFC Bank,-0.024987511443254173,-2.4987511443254173
2021-04-06,HDFC Bank,-0.006449991373561281,-0.6449991373561281
2021-04-07,HDFC Bank,0.004825417455279979,0.4825417455279979
2021-04-08,HDFC Bank,-0.009950119046746142,-0.9950119046746142
2021-04-09,HDFC Bank,-0.00771218662641282,-0.771218662641282
2021-04-12,HDFC Bank,-0.03847370893498325,-3.8473708934983253
2021-04-13,HDFC Bank,0.02435907215874389,2.435907215874389
2021-04-15,HDFC Bank,0.021244476510951182,2.1244476510951182
2021-04-16,HDFC Bank,-0.0010137435260025862,-0.10137435260025862
2021-04-19,HDFC Bank,-0.011374325877059,-1.1374325877059
2021-04-20,HDFC Bank,-0.014868460571935027,-1.4868460571935027
2021-04-22,HDFC Bank,0.022351606254235268,2.235160625423527
2021-04-23,HDFC Bank,-0.00586979181920444,-0.586979181920444
2021-04-26,HDFC Bank,-0.006611771916705145,-0.6611771916705145
2021-04-27,HDFC Bank,0.024131428332153426,2.4131428332153426
2021-04-28,HDFC Bank,0.026482338081053713,2.6482338081053713
2021-04-29,HDFC Bank,-0.0029117032337275806,-0.29117032337275806
2021-04-30,HDFC Bank,-0.040882884098018324,-4.088288409801832
2021-05-03,HDFC Bank,0.0015223406811246676,0.15223406811246676
2021-05-04,HDFC Bank,-0.018452425554491114,-1.8452425554491114
2021-05-05,HDFC Bank,0.010263936121836403,1.0263936121836403
2021-05-06,HDFC Bank,-0.0012119294205931164,-0.12119294205931164
2021-05-07,HDFC Bank,0.009886380873487033,0.9886380873487033
2021-05-10,HDFC Bank,0.00360484164458863,0.360484164458863
2021-05-11,HDFC Bank,-0.01147997857117422,-1.147997857117422
2021-05-12,HDFC Bank,-0.0028856598248105936,-0.28856598248105936
2021-05-14,HDFC Bank,-0.009038787703818829,-0.9038787703818829
2021-05-17,HDFC Bank,0.038504513100034554,3.8504513100034554
2021-05-18,HDFC Bank,0.025307971935660145,2.5307971935660145
2021-05-19,HDFC Bank,-0.012527951701943096,-1.2527951701943096
2021-05-20,HDFC Bank,-0.01741859099494869,-1.741859099494869
2021-05-21,HDFC Bank,0.045016786315511315,4.5016786315511315
2021-05-24,HDFC Bank,0.008448394541670012,0.8448394541670012
2021-05-25,HDFC Bank,-0.020530437232380794,-2.0530437232380794
2021-05-26,HDFC Bank,-0.0012846304096519878,-0.12846304096519878
2021-05-27,HDFC Bank,0.0037912613660675554,0.37912613660675554
2021-05-28,HDFC Bank,0.014028957262165909,1.4028957262165909
2021-05-31,HDFC Bank,0.008247748599908622,0.8247748599908622
2021-06-01,HDFC Bank,-0.0027378225106604592,-0.2737822510660459
2021-06-02,HDFC Bank,-0.005093496906229067,-0.5093496906229067
2021-06-03,HDFC Bank,0.011004038481338574,1.1004038481338574
2021-06-04,HDFC Bank,-0.012890232402250956,-1.2890232402250956
2021-06-07,HDFC Bank,-0.0007328414206579925,-0.07328414206579925
2021-06-08,HDFC Bank,-0.011201060761435233,-1.1201060761435233
2021-06-09,HDFC Bank,-0.0018543047059640383,-0.18543047059640383
2021-06-10,HDFC Bank,0.0005067635588678066,0.050676355886780655
2021-06-11,HDFC Bank,0.003578277383017081,0.3578277383017081
2021-06-14,HDFC Bank,-0.00464208498772134,-0.464208498772134
2021-06-15,HDFC Bank,0.007299958459768607,0.7299958459768607
2021-06-16,HDFC Bank,-0.003791350284916062,-0.3791350284916062
2021-06-17,HDFC Bank,-0.012461110048238688,-1.2461110048238688
2021-06-18,HDFC Bank,0.009344399718089091,0.9344399718089091
2021-06-21,HDFC Bank,0.006014339721396533,0.6014339721396533
2021-06-22,HDFC Bank,-0.0032914815380640228,-0.3291481538064023
2021-06-23,HDFC Bank,0.0011458722376294084,0.11458722376294084
2021-06-24,HDFC Bank,0.013968262031557321,1.3968262031557321
2021-06-25,HDFC Bank,0.005875501164106289,0.5875501164106289
2021-06-28,HDFC Bank,-0.004455163191980027,-0.4455163191980027
2021-06-29,HDFC Bank,0.00013323766394246483,0.013323766394246483
2021-06-30,HDFC Bank,-0.0027629671218636354,-0.27629671218636354
2021-07-01,HDFC Bank,-0.007443712346446696,-0.7443712346446696
2021-07-02,HDFC Bank,-0.0042711105870197885,-0.42711105870197885
2021-07-05,HDFC Bank,0.010166251586948505,1.0166251586948505
2021-07-06,HDFC Bank,0.026246229675531696,2.6246229675531696
2021-07-07,HDFC Bank,0.0031276426166189086,0.31276426166189086
2021-07-08,HDFC Bank,-0.01237420656762711,-1.237420656762711
2021-07-09,HDFC Bank,-0.012134508605936789,-1.213450860593679
2021-07-12,HDFC Bank,-0.009986615902454754,-0.9986615902454754
2021-07-13,HDFC Bank,0.009986472119943635,0.9986472119943635
2021-07-14,HDFC Bank,-0.0017977530432081723,-0.17977530432081723
2021-07-15,HDFC Bank,0.014374687352159743,1.4374687352159743
2021-07-16,HDFC Bank,0.0010850278762695176,0.10850278762695176
2021-07-19,HDFC Bank,-0.03373059430453795,-3.3730594304537953
2021-07-20,HDFC Bank,-0.018932825055131053,-1.8932825055131053
2021-07-22,HDFC Bank,0.0038457912462173116,0.38457912462173116
2021-07-23,HDFC Bank,-0.004107129511489949,-0.41071295114899486
2021-07-26,HDFC Bank,-0.005683533484982184,-0.5683533484982184
2021-07-27,HDFC Bank,0.003624786948402736,0.3624786948402736
2021-07-28,HDFC Bank,-0.015592905410149793,-1.5592905410149793
2021-07-29,HDFC Bank,0.0006702195111558673,0.06702195111558673
2021-07-30,HDFC Bank,0.005781807275114348,0.5781807275114348
2021-08-02,HDFC Bank,-0.0026639559201301344,-0.26639559201301344
2021-08-03,HDFC Bank,0.008470206150497317,0.8470206150497317
2021-08-04,HDFC Bank,0.021328479089896657,2.1328479089896657
2021-08-05,HDFC Bank,0.013341769140897242,1.3341769140897242
2021-08-06,HDFC Bank,0.005253213647760768,0.5253213647760768
2021-08-09,HDFC Bank,0.007537009948846096,0.7537009948846096
2021-08-10,HDFC Bank,0.002493456054821097,0.2493456054821097
2021-08-11,HDFC Bank,-0.008423716605127751,-0.8423716605127751
2021-08-12,HDFC Bank,0.004314521892232692,0.4314521892232692
2021-08-13,HDFC Bank,0.016517732870007018,1.6517732870007018
2021-08-16,HDFC Bank,0.0028830946651978717,0.28830946651978717
2021-08-17,HDFC Bank,-0.010420704196303587,-1.0420704196303587
2021-08-18,HDFC Bank,-0.0010893616757412516,-0.10893616757412516
2021-08-20,HDFC Bank,0.0011566775626796755,0.11566775626796755
2021-08-23,HDFC Bank,0.006502669530562555,0.6502669530562555
2021-08-24,HDFC Bank,0.02246488263180746,2.246488263180746
2021-08-25,HDFC Bank,-0.0009301079326867745,-0.09301079326867745
2021-08-26,HDFC Bank,-0.001669554793485073,-0.1669554793485073
2021-08-27,HDFC Bank,-0.0040840064642041485,-0.40840064642041485
2021-08-30,HDFC Bank,0.012786908723305679,1.2786908723305679
2021-08-31,HDFC Bank,0.008385176630702595,0.8385176630702595
2021-09-01,HDFC Bank,-0.0014544964421630002,-0.14544964421630002
2021-09-02,HDFC Bank,0.006269400848195605,0.6269400848195605
2021-09-03,HDFC Bank,-0.008149666740741579,-0.8149666740741579
2021-09-06,HDFC Bank,-0.0065670795342160915,-0.6567079534216091
2021-09-07,HDFC Bank,0.002267399132814596,0.2267399132814596
2021-09-08,HDFC Bank,0.00455621027312314,0.455621027312314
2021-09-09,HDFC Bank,-0.004947965475538885,-0.49479654755388847
2021-09-13,HDFC Bank,-0.008319521795064788,-0.8319521795064788
2021-09-14,HDFC Bank,-0.004499985241001037,-0.44999852410010366
2021-09-15,HDFC Bank,-0.0011299553055251765,-0.11299553055251765
2021-09-16,HDFC Bank,0.008501286742320646,0.8501286742320646
2021-09-17,HDFC Bank,0.014231277938437703,1.4231277938437703
2021-09-20,HDFC Bank,-0.014094828147706684,-1.4094828147706684
2021-09-21,HDFC Bank,-0.00506452140561231,-0.506452140561231
2021-09-22,HDFC Bank,-0.011759444198030655,-1.1759444198030655
2021-09-23,HDFC Bank,0.02366810760009108,2.366810760009108
2021-09-24,HDFC Bank,0.020095796663609278,2.0095796663609278
2021-09-27,HDFC Bank,0.014704459384790258,1.4704459384790258
2021-09-28,HDFC Bank,-0.006184248115463475,-0.6184248115463475
2021-09-29,HDFC Bank,-0.013126583113770796,-1.3126583113770796
2021-09-30,HDFC Bank,0.000690180772855209,0.0690180772855209
2021-10-01,HDFC Bank,-0.007680561277196074,-0.7680561277196074
2021-10-04,HDFC Bank,0.0019271311666528845,0.19271311666528845
2021-10-05,HDFC Bank,0.006117003139816557,0.6117003139816557
2021-10-06,HDFC Bank,0.012190940186761257,1.2190940186761257
2021-10-07,HDFC Bank,-0.002724656538266923,-0.2724656538266923
2021-10-08,HDFC Bank,-0.0048743019904621265,-0.48743019904621265
2021-10-11,HDFC Bank,0.019436677473276598,1.9436677473276598
2021-10-12,HDFC Bank,-0.002570740063033372,-0.2570740063033372
2021-10-13,HDFC Bank,0.006013720122312494,0.6013720122312494
2021-10-14,HDFC Bank,0.029278961899793066,2.9278961899793066
2021-10-18,HDFC Bank,-0.010133818069486322,-1.0133818069486322
2021-10-19,HDFC Bank,0.01101595527048116,1.101595527048116
2021-10-20,HDFC Bank,-0.008793832436868487,-0.8793832436868487
2021-10-21,HDFC Bank,0.001463782773794664,0.1463782773794664
2021-10-22,HDFC Bank,0.002654583188884896,0.2654583188884896
2021-10-25,HDFC Bank,-0.014130693430775887,-1.4130693430775887
2021-10-26,HDFC Bank,-0.0025648195557336217,-0.2564819555733622
2021-10-27,HDFC Bank,-0.006020172898835274,-0.6020172898835274
2021-10-28,HDFC Bank,-0.02994896215532228,-2.994896215532228
2021-10-29,HDFC Bank,-0.006745645952346391,-0.6745645952346391
2021-11-01,HDFC Bank,0.014183286067525502,1.4183286067525502
2021-11-02,HDFC Bank,0.0009031948231457143,0.09031948231457143
2021-11-03,HDFC Bank,-0.015746060663628714,-1.5746060663628714
2021-11-04,HDFC Bank,0.007904166782488842,0.7904166782488842
2021-11-08,HDFC Bank,0.00395243428329195,0.395243428329195
2021-11-09,HDFC Bank,-0.017497308560981084,-1.7497308560981084
2021-11-10,HDFC Bank,-0.010812621738858774,-1.0812621738858774
2021-11-11,HDFC Bank,-0.004468562171742851,-0.44685621717428514
2021-11-12,HDFC Bank,0.0030354652950665972,0.3035465295066597
2021-11-15,HDFC Bank,0.0027366621423812187,0.2736662142381219
2021-11-16,HDFC Bank,-0.005939875824680252,-0.5939875824680252
2021-11-17,HDFC Bank,-0.011111101748117691,-1.111110174811769
2021-11-18,HDFC Bank,0.00561788752704051,0.561788752704051
2021-11-22,HDFC Bank,-0.015623007339726436,-1.5623007339726436
2021-11-23,HDFC Bank,0.0001320506799147303,0.01320506799147303
2021-11-24,HDFC Bank,0.0016496409194952655,0.16496409194952655
2021-11-25,HDFC Bank,0.005203974203287887,0.5203974203287887
2021-11-26,HDFC Bank,-0.023624695920580696,-2.3624695920580696
2021-11-29,HDFC Bank,0.0076180755304116055,0.7618075530411605
2021-11-30,HDFC Bank,-0.0051290931995395805,-0.512909319953958
2021-12-01,HDFC Bank,0.0074319412683359065,0.7431941268335907
2021-12-02,HDFC Bank,0.014023306665455149,1.4023306665455149
2021-12-03,HDFC Bank,-0.007996080188562682,-0.7996080188562682
2021-12-06,HDFC Bank,-0.006441807280990086,-0.6441807280990086
2021-12-07,HDFC Bank,0.01456288404159145,1.456288404159145
2021-12-08,HDFC Bank,0.018417942056729197,1.8417942056729197
2021-12-09,HDFC Bank,-0.01734464798888269,-1.7344647988882689
2021-12-10,HDFC Bank,-0.0028162535523548193,-0.28162535523548193
2021-12-13,HDFC Bank,-0.00748743911470473,-0.748743911470473
2021-12-14,HDFC Bank,-0.005757234524761623,-0.5757234524761623
2021-12-15,HDFC Bank,-0.0016305980451229996,-0.16305980451229996
2021-12-16,HDFC Bank,6.66140305671803e-05,0.006661403056718029
2021-12-17,HDFC Bank,-0.018031982170194416,-1.8031982170194416
2021-12-20,HDFC Bank,-0.032178228343109794,-3.2178228343109794
2021-12-21,HDFC Bank,0.01132818890617604,1.132818890617604
2021-12-22,HDFC Bank,0.0023580204859985354,0.23580204859985354
2021-12-23,HDFC Bank,-0.0007609907700872887,-0.07609907700872887
2021-12-24,HDFC Bank,-0.00360081575011606,-0.360081575011606
2021-12-27,HDFC Bank,0.008270203370887907,0.8270203370887907
2021-12-28,HDFC Bank,0.006892700983913702,0.6892700983913702
2021-12-29,HDFC Bank,-0.004757750319906884,-0.4757750319906884
2021-12-30,HDFC Bank,0.005261953704210454,0.5261953704210454
2021-12-31,HDFC Bank,0.012247660108019254,1.2247660108019254
2022-01-03,HDFC Bank,0.027207098252224338,2.7207098252224338
2022-01-04,HDFC Bank,0.005856536613160879,0.5856536613160879
2022-01-05,HDFC Bank,0.02374802066403281,2.374802066403281
2022-01-06,HDFC Bank,-0.016039881886157015,-1.6039881886157015
2022-01-07,HDFC Bank,0.007014263620925609,0.7014263620925609
2022-01-10,HDFC Bank,0.005546245351908841,0.5546245351908841
2022-01-11,HDFC Bank,0.004329377739902052,0.43293777399020517
2022-01-12,HDFC Bank,-0.005907313170901762,-0.5907313170901762
2022-01-13,HDFC Bank,-0.01840487507290489,-1.8404875072904892
2022-01-14,HDFC Bank,0.011223924612215663,1.1223924612215663
2022-01-17,HDFC Bank,-0.015305944128263915,-1.5305944128263915
2022-01-18,HDFC Bank,0.00509357933452792,0.509357933452792
2022-01-19,HDFC Bank,-0.007062253999744583,-0.7062253999744583
2022-01-20,HDFC Bank,-0.0062234343866828246,-0.6223434386682825
2022-01-21,HDFC Bank,0.0083498774298989,0.83498774298989
2022-01-24,HDFC Bank,-0.022969196031845218,-2.296919603184522
2022-01-25,HDFC Bank,0.0009415852149974313,0.09415852149974313
2022-01-27,HDFC Bank,-0.008803442726866062,-0.8803442726866062
2022-01-28,HDFC Bank,-0.007932488809630489,-0.7932488809630489
2022-01-31,HDFC Bank,0.015342659777696221,1.5342659777696221
2022-02-01,HDFC Bank,0.0076057195010648115,0.7605719501064812
2022-02-02,HDFC Bank,0.022845780092156875,2.2845780092156875
2022-02-03,HDFC Bank,-0.010351449022257153,-1.0351449022257153
2022-02-04,HDFC Bank,0.005708308139831253,0.5708308139831253
2022-02-07,HDFC Bank,-0.036646978908957406,-3.6646978908957406
2022-02-08,HDFC Bank,-0.004291103042537436,-0.42911030425374364
2022-02-09,HDFC Bank,0.024455279509368433,2.4455279509368433
2022-02-10,HDFC Bank,0.018362675381597526,1.8362675381597526
2022-02-11,HDFC Bank,-0.004098021331059742,-0.40980213310597424
2022-02-14,HDFC Bank,-0.029726500019238045,-2.9726500019238045
2022-02-15,HDFC Bank,0.02992477690341211,2.992477690341211
2022-02-16,HDFC Bank,-0.0013506039902763112,-0.13506039902763112
2022-02-17,HDFC Bank,-0.00610267628930572,-0.610267628930572
2022-02-18,HDFC Bank,0.003883051107515856,0.3883051107515856
2022-02-21,HDFC Bank,0.006447006418025314,0.6447006418025314
2022-02-22,HDFC Bank,-0.00748965290991177,-0.748965290991177
2022-02-23,HDFC Bank,-0.006486945762083973,-0.6486945762083973
2022-02-24,HDFC Bank,-0.0543008117779461,-5.4300811777946105
2022-02-25,HDFC Bank,0.025855983648854775,2.5855983648854775
2022-02-28,HDFC Bank,-0.020499995565525064,-2.0499995565525064
2022-03-02,HDFC Bank,-0.03645918077007182,-3.645918077007182
2022-03-03,HDFC Bank,-0.0023648625880428042,-0.23648625880428042
2022-03-04,HDFC Bank,-0.0032823480596250176,-0.32823480596250176
2022-03-07,HDFC Bank,-0.03051587866388572,-3.051587866388572
2022-03-08,HDFC Bank,0.0022643786369556107,0.22643786369556107
2022-03-09,HDFC Bank,0.03264805210421784,3.264805210421784
2022-03-10,HDFC Bank,0.015716692917760566,1.5716692917760566
2022-03-11,HDFC Bank,0.0029439392700481015,0.29439392700481015
2022-03-14,HDFC Bank,0.032753445993637165,3.2753445993637165
2022-03-15,HDFC Bank,-0.0128591482660112,-1.28591482660112
2022-03-16,HDFC Bank,0.016959345516710078,1.6959345516710078
2022-03-17,HDFC Bank,0.02202809596278743,2.202809596278743
2022-03-21,HDFC Bank,0.004357868956690325,0.4357868956690325
2022-03-22,HDFC Bank,0.005146290401714326,0.5146290401714326
2022-03-23,HDFC Bank,-0.009972122094261793,-0.9972122094261793
2022-03-24,HDFC Bank,-0.02474239658892685,-2.474239658892685
2022-03-25,HDFC Bank,-0.008144723552660493,-0.8144723552660493
2022-03-28,HDFC Bank,0.0013278812954709007,0.13278812954709007
2022-03-29,HDFC Bank,0.0132609305238931,1.32609305238931
2022-03-30,HDFC Bank,0.01732312018686777,1.7323120186867769
2022-03-31,HDFC Bank,-0.00446858503904124,-0.44685850390412396
2022-04-01,HDFC Bank,0.02424585786398792,2.424585786398792
2022-04-04,HDFC Bank,0.10013274058418853,10.013274058418853
2022-04-05,HDFC Bank,-0.02930341155087568,-2.930341155087568
2022-04-06,HDFC Bank,-0.035690934711360534,-3.5690934711360534
2022-04-07,HDFC Bank,-0.021987908383098276,-2.1987908383098276
2022-04-08,HDFC Bank,-0.0013845641267596909,-0.1384564126759691
2022-04-11,HDFC Bank,-0.012214044713176775,-1.2214044713176775
2022-04-12,HDFC Bank,-0.0017712092830024506,-0.17712092830024506
2022-04-13,HDFC Bank,-0.019116186649780542,-1.9116186649780542
2022-04-18,HDFC Bank,-0.04744192184345608,-4.744192184345608
2022-04-19,HDFC Bank,-0.03815979912490597,-3.815979912490597
2022-04-20,HDFC Bank,0.00901522201299887,0.9015222012998869
2022-04-21,HDFC Bank,0.01480456430160415,1.480456430160415
2022-04-22,HDFC Bank,-0.013642672406060874,-1.3642672406060874
2022-04-25,HDFC Bank,0.007487416886400755,0.7487416886400755
2022-04-26,HDFC Bank,0.004612837242567114,0.4612837242567114
2022-04-27,HDFC Bank,0.00036441568753908804,0.036441568753908804
2022-04-28,HDFC Bank,-0.0008743550799698019,-0.08743550799698019
2022-04-29,HDFC Bank,0.009662088487783604,0.9662088487783604
2022-05-02,HDFC Bank,0.013794540011005774,1.3794540011005774
2022-05-04,HDFC Bank,-0.0339815542246803,-3.39815542246803
2022-05-05,HDFC Bank,-0.002249314296796312,-0.2249314296796312
2022-05-06,HDFC Bank,-0.026128094042819572,-2.612809404281957
2022-05-09,HDFC Bank,0.0017075890393138948,0.17075890393138948
2022-05-10,HDFC Bank,0.01606259869130766,1.6062598691307661
2022-05-11,HDFC Bank,0.005629751139067274,0.5629751139067274
2022-05-12,HDFC Bank,-0.022541316202699058,-2.2541316202699058
2022-05-13,HDFC Bank,-0.008978965297351982,-0.8978965297351982
2022-05-16,HDFC Bank,0.010647690485747985,1.0647690485747985
2022-05-17,HDFC Bank,0.006819484427533107,0.6819484427533107
2022-05-18,HDFC Bank,-7.615073724409616e-05,-0.007615073724409616
2022-05-19,HDFC Bank,-0.02043527189993577,-2.043527189993577
2022-05-20,HDFC Bank,0.02633922010060208,2.633922010060208
2022-05-23,HDFC Bank,-0.012831537181040686,-1.2831537181040686
2022-05-24,HDFC Bank,0.01146452147009458,1.146452147009458
2022-05-25,HDFC Bank,0.007468200755091026,0.7468200755091026
2022-05-26,HDFC Bank,0.0285219190668069,2.85219190668069
2022-05-27,HDFC Bank,0.01854833086816665,1.8548330868166651
2022-05-30,HDFC Bank,0.00682444257187198,0.682444257187198
2022-05-31,HDFC Bank,-0.008990107073319709,-0.8990107073319709
2022-06-01,HDFC Bank,0.004247850706930789,0.4247850706930789
2022-06-02,HDFC Bank,-0.006989900734202137,-0.6989900734202137
2022-06-03,HDFC Bank,-0.0034655565515692155,-0.34655565515692155
2022-06-06,HDFC Bank,-0.001340373000732531,-0.1340373000732531
2022-06-07,HDFC Bank,-0.011498358065637149,-1.1498358065637149
2022-06-08,HDFC Bank,0.0035227821594636666,0.35227821594636666
2022-06-09,HDFC Bank,0.0075324095317792494,0.7532409531779249
2022-06-10,HDFC Bank,-0.01930745422333424,-1.9307454223334242
2022-06-13,HDFC Bank,-0.01813336702922841,-1.8133367029228409
2022-06-14,HDFC Bank,-0.011005605543529695,-1.1005605543529695
2022-06-15,HDFC Bank,-0.0034679783512291396,-0.34679783512291396
2022-06-16,HDFC Bank,-0.020000753487493195,-2.0000753487493195
2022-06-17,HDFC Bank,0.006594832097513104,0.6594832097513104
2022-06-20,HDFC Bank,0.025121245207703646,2.5121245207703646
2022-06-21,HDFC Bank,0.010891381691360724,1.0891381691360724
2022-06-22,HDFC Bank,-0.00471375598818935,-0.471375598818935
2022-06-23,HDFC Bank,0.003683575253849769,0.3683575253849769
2022-06-24,HDFC Bank,0.013968542843448173,1.3968542843448173
2022-06-27,HDFC Bank,0.0018096057404477506,0.18096057404477506
2022-06-28,HDFC Bank,-0.00763131976690179,-0.763131976690179
2022-06-29,HDFC Bank,-0.0014489775290641438,-0.14489775290641438
2022-06-30,HDFC Bank,0.0030136489224694696,0.30136489224694696
2022-07-01,HDFC Bank,0.004265547961539218,0.4265547961539218
2022-07-04,HDFC Bank,0.00140361799301858,0.140361799301858
2022-07-05,HDFC Bank,-0.0022500030675374205,-0.22500030675374205
2022-07-06,HDFC Bank,0.01378833487898179,1.378833487898179
2022-07-07,HDFC Bank,0.01790338977679684,1.790338977679684
2022-07-08,HDFC Bank,0.0009312969638204383,0.09312969638204383
2022-07-11,HDFC Bank,0.00647784862992018,0.647784862992018
2022-07-12,HDFC Bank,-0.01020526813679945,-1.020526813679945
2022-07-13,HDFC Bank,-0.02439291258541587,-2.439291258541587
2022-07-14,HDFC Bank,-0.0050078919286761225,-0.5007891928676123
2022-07-15,HDFC Bank,0.008141811269785526,0.8141811269785526
2022-07-18,HDFC Bank,-0.010645699293691746,-1.0645699293691746
2022-07-19,HDFC Bank,0.0003710826878060569,0.03710826878060569
2022-07-20,HDFC Bank,0.01261079209008975,1.261079209008975
2022-07-21,HDFC Bank,-0.0031501338013381064,-0.31501338013381064
2022-07-22,HDFC Bank,0.023332706963385963,2.3332706963385963
2022-07-25,HDFC Bank,0.0029443205246069137,0.2944320524606914
2022-07-26,HDFC Bank,-0.002040552153968478,-0.2040552153968478
2022-07-27,HDFC Bank,0.007641280139471629,0.7641280139471629
2022-07-28,HDFC Bank,0.008864897243545888,0.8864897243545888
2022-07-29,HDFC Bank,0.012245522020288613,1.2245522020288613
2022-08-01,HDFC Bank,0.008332128566917785,0.8332128566917785
2022-08-02,HDFC Bank,-0.010994669537542134,-1.0994669537542134
2022-08-03,HDFC Bank,0.002342169096152036,0.23421690961520358
2022-08-04,HDFC Bank,-0.001185662602985471,-0.11856626029854711
2022-08-05,HDFC Bank,-0.00338713901165022,-0.338713901165022
2022-08-08,HDFC Bank,0.024526072420997247,2.4526072420997247
2022-08-10,HDFC Bank,0.0029068295810634748,0.2906829581063475
2022-08-11,HDFC Bank,0.013230615079248276,1.3230615079248276
2022-08-12,HDFC Bank,-0.0003701652855263582,-0.03701652855263582
2022-08-16,HDFC Bank,0.01144672746918518,1.144672746918518
2022-08-17,HDFC Bank,0.005159125912682194,0.5159125912682194
2022-08-18,HDFC Bank,0.001192188772331626,0.1192188772331626
2022-08-19,HDFC Bank,-0.012337170208764126,-1.2337170208764126
2022-08-22,HDFC Bank,-0.015203629366570826,-1.5203629366570826
2022-08-23,HDFC Bank,-0.0030944925206783935,-0.30944925206783935
2022-08-24,HDFC Bank,0.004809478345955354,0.48094783459553536
2022-08-25,HDFC Bank,-0.0054315161888336405,-0.543151618883364
2022-08-26,HDFC Bank,0.0001705077866249738,0.01705077866249738
2022-08-29,HDFC Bank,-0.017541441642679123,-1.7541441642679123
2022-08-30,HDFC Bank,0.03244414893950576,3.2444148939505757
2022-09-01,HDFC Bank,-0.009386999476441726,-0.9386999476441726
2022-09-02,HDFC Bank,0.009068480415303837,0.9068480415303837
2022-09-05,HDFC Bank,0.006428808896967286,0.6428808896967286
2022-09-06,HDFC Bank,-0.0038126190661830206,-0.38126190661830206
2022-09-07,HDFC Bank,-0.00473360301439274,-0.473360301439274
2022-09-08,HDFC Bank,0.01032176641442617,1.032176641442617
2022-09-09,HDFC Bank,0.0006676329004051684,0.06676329004051684
2022-09-12,HDFC Bank,-0.003369752728486053,-0.3369752728486053
2022-09-13,HDFC Bank,0.0130896285668749,1.30896285668749
2022-09-14,HDFC Bank,0.01027698798026866,1.027698798026866
2022-09-15,HDFC Bank,-0.00520085844193896,-0.520085844193896
2022-09-16,HDFC Bank,-0.018379488031773916,-1.8379488031773916
2022-09-19,HDFC Bank,0.006598508796442415,0.6598508796442415
2022-09-20,HDFC Bank,0.012045626585490021,1.2045626585490021
2022-09-21,HDFC Bank,-0.00154528287647826,-0.154528287647826
2022-09-22,HDFC Bank,-0.021306001501814942,-2.130600150181494
2022-09-23,HDFC Bank,-0.02681694513270594,-2.681694513270594
2022-09-26,HDFC Bank,-0.013484067372366071,-1.348406737236607
2022-09-27,HDFC Bank,-0.00897212348299914,-0.8972123482999139
2022-09-28,HDFC Bank,-0.01718702133187966,-1.718702133187966
2022-09-29,HDFC Bank,-0.005181594769000153,-0.5181594769000153
2022-09-30,HDFC Bank,0.028212896537912258,2.8212896537912258
2022-10-03,HDFC Bank,-0.0057340063363015,-0.57340063363015
2022-10-04,HDFC Bank,0.02816308836731607,2.816308836731607
2022-10-06,HDFC Bank,-0.011011790080585504,-1.1011790080585504
2022-10-07,HDFC Bank,-0.004314530551402407,-0.4314530551402407
2022-10-10,HDFC Bank,-0.011042778917315199,-1.10427789173152
2022-10-11,HDFC Bank,-0.01014125917612363,-1.014125917612363
2022-10-12,HDFC Bank,0.006532685244803549,0.6532685244803549
2022-10-13,HDFC Bank,-0.011491081069858189,-1.149108106985819
2022-10-14,HDFC Bank,0.03257754916967426,3.257754916967426
2022-10-17,HDFC Bank,0.005246729911423387,0.5246729911423387
2022-10-18,HDFC Bank,-0.0018666879414953597,-0.18666879414953597
2022-10-19,HDFC Bank,0.01025057415503916,1.025057415503916
2022-10-20,HDFC Bank,-0.006752855768728416,-0.6752855768728416
2022-10-21,HDFC Bank,-0.007040407044892727,-0.7040407044892727
2022-10-24,HDFC Bank,0.015605546846219509,1.560554684621951
2022-10-25,HDFC Bank,-0.00694704614845576,-0.694704614845576
2022-10-27,HDFC Bank,0.0024122822609313754,0.24122822609313754
2022-10-28,HDFC Bank,0.00295643028907433,0.295643028907433
2022-10-31,HDFC Bank,0.026050765662622988,2.6050765662622988
2022-11-01,HDFC Bank,0.01105763084047573,1.105763084047573
2022-11-02,HDFC Bank,0.0006276662608337702,0.06276662608337702
2022-11-03,HDFC Bank,-0.00439167422158504,-0.439167422158504
2022-11-04,HDFC Bank,-0.006898615735026259,-0.6898615735026259
2022-11-07,HDFC Bank,0.007781458393856022,0.7781458393856022
2022-11-09,HDFC Bank,-0.00029826446828373765,-0.029826446828373765
2022-11-10,HDFC Bank,0.010872718055556119,1.0872718055556119
2022-11-11,HDFC Bank,0.05666510975863348,5.666510975863348
2022-11-14,HDFC Bank,0.002420613171849162,0.2420613171849162
2022-11-15,HDFC Bank,0.002445666124258672,0.2445666124258672
2022-11-16,HDFC Bank,0.008585779543782923,0.8585779543782923
2022-11-17,HDFC Bank,-0.009033165935493859,-0.9033165935493859
2022-11-18,HDFC Bank,-0.0026263334272049743,-0.26263334272049743
2022-11-21,HDFC Bank,-0.010254715208320553,-1.0254715208320553
2022-11-22,HDFC Bank,-0.0014712925603017624,-0.14712925603017624
2022-11-23,HDFC Bank,0.002601960092068145,0.2601960092068145
2022-11-24,HDFC Bank,0.01625865022118722,1.625865022118722
2022-11-25,HDFC Bank,-0.004614887433419423,-0.46148874334194234
2022-11-28,HDFC Bank,-0.01075640377521947,-1.075640377521947
2022-11-29,HDFC Bank,-0.0014997296183787423,-0.14997296183787423
2022-11-30,HDFC Bank,0.006633835352506168,0.6633835352506168
2022-12-01,HDFC Bank,0.006869983547153069,0.6869983547153069
2022-12-02,HDFC Bank,-0.007656739220371689,-0.7656739220371689
2022-12-05,HDFC Bank,0.003640110182174805,0.3640110182174805
2022-12-06,HDFC Bank,-0.0011159408947049032,-0.11159408947049032
2022-12-07,HDFC Bank,-0.0004345018651006338,-0.04345018651006338
2022-12-08,HDFC Bank,0.005619592838340015,0.5619592838340015
2022-12-09,HDFC Bank,0.007131798943972756,0.7131798943972756
2022-12-12,HDFC Bank,0.007786406238042609,0.7786406238042609
2022-12-13,HDFC Bank,0.002768131725635614,0.2768131725635614
2022-12-14,HDFC Bank,0.008463276724780311,0.8463276724780311
2022-12-15,HDFC Bank,-0.018318588100481148,-1.8318588100481148
2022-12-16,HDFC Bank,0.004810621771955237,0.4810621771955237
2022-12-19,HDFC Bank,0.0031104632028002843,0.31104632028002843
2022-12-20,HDFC Bank,-0.006900716037193222,-0.6900716037193222
2022-12-21,HDFC Bank,-0.009673157436117963,-0.9673157436117963
2022-12-22,HDFC Bank,-0.003430986364138966,-0.3430986364138966
2022-12-23,HDFC Bank,-0.008932670855307578,-0.8932670855307578
2022-12-26,HDFC Bank,0.019904158764507685,1.9904158764507685
2022-12-27,HDFC Bank,0.0010126071008480508,0.10126071008480508
2022-12-28,HDFC Bank,-0.0007969495040272001,-0.07969495040272001
2022-12-29,HDFC Bank,0.007056029465948743,0.7056029465948743
2022-12-30,HDFC Bank,-0.008011886943931845,-0.8011886943931845
2023-01-02,HDFC Bank,0.0003376995894464052,0.03376995894464052
2023-01-03,HDFC Bank,0.006538899811422416,0.6538899811422416
2023-01-04,HDFC Bank,-0.017872785723291873,-1.7872785723291873
2023-01-05,HDFC Bank,-0.0064284374524976595,-0.642843745249766
2023-01-06,HDFC Bank,-0.0033130820634676983,-0.33130820634676983
2023-01-09,HDFC Bank,0.00194429880332736,0.194429880332736
2023-01-10,HDFC Bank,-0.018278524906549465,-1.8278524906549465
2023-01-11,HDFC Bank,0.014410490510183838,1.4410490510183838
2023-01-12,HDFC Bank,0.005342961904000854,0.5342961904000854
2023-01-13,HDFC Bank,0.0007815443942853495,0.07815443942853495
2023-01-16,HDFC Bank,-0.009589844473767761,-0.9589844473767761
2023-01-17,HDFC Bank,0.014886657212961563,1.4886657212961563
2023-01-18,HDFC Bank,0.017651788817774072,1.7651788817774072
2023-01-19,HDFC Bank,0.0041531581722040745,0.41531581722040745
2023-01-20,HDFC Bank,0.01024869922678695,1.024869922678695
2023-01-23,HDFC Bank,0.007315207117473577,0.7315207117473577
2023-01-24,HDFC Bank,0.013388307943105637,1.3388307943105637
2023-01-25,HDFC Bank,-0.027631931387814612,-2.7631931387814612
2023-01-27,HDFC Bank,-0.019925403509013395,-1.9925403509013395
2023-01-30,HDFC Bank,-0.0010211614075045228,-0.10211614075045228
2023-01-31,HDFC Bank,-0.006598000932095283,-0.6598000932095283
2023-02-01,HDFC Bank,0.01499850427487881,1.499850427487881
2023-02-02,HDFC Bank,-0.014868935100613934,-1.4868935100613934
2023-02-03,HDFC Bank,0.03458383349640415,3.458383349640415
2023-02-06,HDFC Bank,-0.0042501331008760745,-0.42501331008760745
2023-02-07,HDFC Bank,0.0014831812446076675,0.14831812446076675
2023-02-08,HDFC Bank,-0.00012090148072740892,-0.012090148072740892
2023-02-09,HDFC Bank,-0.0020856662890279543,-0.20856662890279543
2023-02-10,HDFC Bank,0.003968259238458227,0.3968259238458227
2023-02-13,HDFC Bank,0.0007543312574049832,0.07543312574049832
2023-02-14,HDFC Bank,0.00925625846952749,0.925625846952749
2023-02-15,HDFC Bank,-0.00203137862479974,-0.203137862479974
2023-02-16,HDFC Bank,-0.0036221132099709674,-0.36221132099709674
2023-02-17,HDFC Bank,-0.005017290032695798,-0.5017290032695798
2023-02-20,HDFC Bank,-0.009390730109525847,-0.9390730109525847
2023-02-21,HDFC Bank,0.0037492476153424548,0.3749247615342455
2023-02-22,HDFC Bank,-0.01961740834028647,-1.9617408340286469
2023-02-23,HDFC Bank,-0.0067835232574460225,-0.6783523257446022
2023-02-24,HDFC Bank,-0.008919450047138788,-0.8919450047138788
2023-02-27,HDFC Bank,0.002486000927401477,0.24860009274014772
2023-02-28,HDFC Bank,0.0042062662771116255,0.42062662771116255
2023-03-01,HDFC Bank,-0.0009690293511662729,-0.09690293511662729
2023-03-02,HDFC Bank,-0.008510489966413792,-0.8510489966413792
2023-03-03,HDFC Bank,0.019849273712973625,1.9849273712973625
2023-03-06,HDFC Bank,0.007054881872283536,0.7054881872283536
2023-03-08,HDFC Bank,0.001997145011317425,0.1997145011317425
2023-03-09,HDFC Bank,9.19715190381698e-05,0.00919715190381698
2023-03-10,HDFC Bank,-0.025786505579224128,-2.578650557922413
2023-03-13,HDFC Bank,-0.012652151623876007,-1.2652151623876007
2023-03-14,HDFC Bank,-0.002677649974951457,-0.2677649974951457
2023-03-15,HDFC Bank,-0.014351178462335357,-1.4351178462335357
2023-03-16,HDFC Bank,0.006485600933957336,0.6485600933957336
2023-03-17,HDFC Bank,0.013370781036707635,1.3370781036707635
2023-03-20,HDFC Bank,-0.006931014708358996,-0.6931014708358996
2023-03-21,HDFC Bank,0.011333374395685825,1.1333374395685825
2023-03-22,HDFC Bank,-0.002310896104540716,-0.23108961045407161
2023-03-23,HDFC Bank,-0.008027660130556336,-0.8027660130556336
2023-03-24,HDFC Bank,-0.0015992550723162857,-0.15992550723162857
2023-03-27,HDFC Bank,0.004357054025354801,0.43570540253548007
2023-03-28,HDFC Bank,0.008134344356872658,0.8134344356872658
2023-03-29,HDFC Bank,0.0048094020063735865,0.48094020063735865
2023-03-31,HDFC Bank,0.01369833755681893,1.369833755681893
2023-04-03,HDFC Bank,0.0006211965829221455,0.06211965829221455
2023-04-05,HDFC Bank,0.026823131732574224,2.6823131732574224
2023-04-06,HDFC Bank,0.007619098709183536,0.7619098709183536
2023-04-10,HDFC Bank,-0.004740980224571145,-0.4740980224571145
2023-04-11,HDFC Bank,0.0029244444776181933,0.2924444477618193
2023-04-12,HDFC Bank,0.012986153173363268,1.2986153173363268
2023-04-13,HDFC Bank,0.004481004861819793,0.4481004861819793
2023-04-17,HDFC Bank,-0.015244112423186351,-1.5244112423186351
2023-04-18,HDFC Bank,-0.004230037474910464,-0.4230037474910464
2023-04-19,HDFC Bank,0.003675535081873571,0.3675535081873571
2023-04-20,HDFC Bank,0.0037221470848045612,0.3722147084804561
2023-04-21,HDFC Bank,0.0016150061372546265,0.16150061372546265
2023-04-24,HDFC Bank,0.008091424892978205,0.8091424892978205
2023-04-25,HDFC Bank,-0.014216710967538182,-1.4216710967538182
2023-04-26,HDFC Bank,0.004596927906715953,0.4596927906715953
2023-04-27,HDFC Bank,0.005503149990127465,0.5503149990127465
2023-04-28,HDFC Bank,0.003926063108039557,0.3926063108039557
2023-05-02,HDFC Bank,-0.00020729464745050663,-0.020729464745050663
2023-05-03,HDFC Bank,0.0034968449984249528,0.3496844998424953
2023-05-04,HDFC Bank,0.020464797976405436,2.0464797976405436
2023-05-05,HDFC Bank,-0.05912140466472737,-5.912140466472737
2023-05-08,HDFC Bank,0.011564485395232582,1.1564485395232582
2023-05-09,HDFC Bank,3.0502590955938658e-05,0.0030502590955938658
2023-05-10,HDFC Bank,0.004621432834716055,0.4621432834716055
2023-05-11,HDFC Bank,0.0006658423053456097,0.06658423053456097
2023-05-12,HDFC Bank,0.00883130120458242,0.883130120458242
2023-05-15,HDFC Bank,0.004796777881474368,0.4796777881474368
2023-05-16,HDFC Bank,-0.005733932865148228,-0.5733932865148228
2023-05-17,HDFC Bank,-0.005372545335252776,-0.5372545335252776
2023-05-18,HDFC Bank,0.0039977591385131905,0.39977591385131905
2023-05-19,HDFC Bank,0.0011551057923460117,0.11551057923460117
2023-05-22,HDFC Bank,-0.003552196716565481,-0.3552196716565481
2023-05-23,HDFC Bank,-0.0023461468067513813,-0.23461468067513813
2023-05-24,HDFC Bank,-0.013070926412090622,-1.3070926412090622
2023-05-25,HDFC Bank,-0.0038372222471628747,-0.3837222247162875
2023-05-26,HDFC Bank,0.0038520032396902604,0.38520032396902604
2023-05-29,HDFC Bank,0.012192007389936865,1.2192007389936865
2023-05-30,HDFC Bank,0.0007642804099223799,0.07642804099223799
2023-05-31,HDFC Bank,-0.015824061096984754,-1.5824061096984754
2023-06-01,HDFC Bank,-0.004252394979527452,-0.4252394979527452
2023-06-02,HDFC Bank,0.0015585793354633282,0.15585793354633282
2023-06-05,HDFC Bank,-0.0013072169277806855,-0.13072169277806855
2023-06-06,HDFC Bank,-0.003116302220052436,-0.3116302220052436
2023-06-07,HDFC Bank,0.00518942898347019,0.518942898347019
2023-06-08,HDFC Bank,0.0006218383244145365,0.062183832441453646
2023-06-09,HDFC Bank,0.001181170657803099,0.1181170657803099
2023-06-12,HDFC Bank,-0.006084578899901549,-0.6084578899901549
2023-06-13,HDFC Bank,0.0016865666613921082,0.16865666613921082
2023-06-14,HDFC Bank,-0.001091425228189169,-0.1091425228189169
2023-06-15,HDFC Bank,-0.012298953520846867,-1.2298953520846867
2023-06-16,HDFC Bank,0.013084263371677451,1.3084263371677451
2023-06-19,HDFC Bank,0.0008735169421083544,0.08735169421083544
2023-06-20,HDFC Bank,0.0020883486389893235,0.20883486389893235
2023-06-21,HDFC Bank,0.017480494353985687,1.7480494353985687
2023-06-22,HDFC Bank,0.004891251609041358,0.4891251609041358
2023-06-23,HDFC Bank,-6.088764569500693e-05,-0.006088764569500693
2023-06-26,HDFC Bank,-0.004837255641448102,-0.48372556414481016
2023-06-27,HDFC Bank,0.014093118389381099,1.4093118389381099
2023-06-28,HDFC Bank,0.010581264325232542,1.0581264325232542
2023-06-30,HDFC Bank,0.015064202145965933,1.5064202145965933
2023-07-03,HDFC Bank,0.010814710758019652,1.0814710758019652
2023-07-04,HDFC Bank,0.004884242561759677,0.48842425617596774
2023-07-05,HDFC Bank,-0.03176713611200066,-3.176713611200066
2023-07-06,HDFC Bank,0.0010159559558904352,0.10159559558904352
2023-07-07,HDFC Bank,-0.008716404351534979,-0.8716404351534979
2023-07-10,HDFC Bank,-0.0023789999984644705,-0.23789999984644705
2023-07-11,HDFC Bank,-0.004859776832767726,-0.4859776832767726
2023-07-12,HDFC Bank,-0.009372672608804922,-0.9372672608804922
2023-07-13,HDFC Bank,0.00499092087873132,0.499092087873132
2023-07-14,HDFC Bank,0.0020718577536156246,0.20718577536156246
2023-07-17,HDFC Bank,0.02091814985186824,2.091814985186824
2023-07-18,HDFC Bank,-0.000833896756565311,-0.0833896756565311
2023-07-19,HDFC Bank,0.004530450778864603,0.4530450778864603
2023-07-20,HDFC Bank,0.0021661161096335757,0.21661161096335757
2023-07-21,HDFC Bank,-0.007697957840256842,-0.7697957840256842
2023-07-24,HDFC Bank,0.0015813873591103977,0.15813873591103977
2023-07-25,HDFC Bank,0.010843659380137982,1.0843659380137982
2023-07-26,HDFC Bank,-0.0034775945334116765,-0.34775945334116765
2023-07-27,HDFC Bank,-0.01038021555632096,-1.038021555632096
2023-07-28,HDFC Bank,-0.017721124321711468,-1.7721124321711468
2023-07-31,HDFC Bank,0.0046850660426840385,0.46850660426840385
2023-08-01,HDFC Bank,0.006692215453837802,0.6692215453837802
2023-08-02,HDFC Bank,-0.013084777448881368,-1.3084777448881368
2023-08-03,HDFC Bank,-0.007223264708005717,-0.7223264708005717
2023-08-04,HDFC Bank,0.014459665621161966,1.4459665621161966
2023-08-07,HDFC Bank,-0.000574997471075922,-0.0574997471075922
2023-08-08,HDFC Bank,-0.000817441742413938,-0.0817441742413938
2023-08-09,HDFC Bank,0.0003635445695984174,0.03635445695984174
2023-08-10,HDFC Bank,-0.008876146409878882,-0.8876146409878882
2023-08-11,HDFC Bank,-0.010422539931054131,-1.0422539931054131
2023-08-14,HDFC Bank,-0.004880192375767534,-0.48801923757675336
2023-08-16,HDFC Bank,-0.0029177524450589853,-0.29177524450589853
2023-08-17,HDFC Bank,-0.00554081611514734,-0.554081611514734
2023-08-18,HDFC Bank,-0.004100829272423501,-0.41008292724235007
2023-08-21,HDFC Bank,-0.0007857807110028814,-0.07857807110028814
2023-08-22,HDFC Bank,-0.004277992603762271,-0.42779926037622706
2023-08-23,HDFC Bank,0.0024639763277845006,0.24639763277845006
2023-08-24,HDFC Bank,-0.0046008664027636925,-0.46008664027636925
2023-08-25,HDFC Bank,-0.011270947517730945,-1.1270947517730945
2023-08-28,HDFC Bank,0.010406744610300223,1.0406744610300223
2023-08-29,HDFC Bank,0.007954387433224852,0.7954387433224852
2023-08-30,HDFC Bank,-0.007294316320476613,-0.7294316320476613
2023-08-31,HDFC Bank,-0.004592395987116471,-0.4592395987116471
2023-09-01,HDFC Bank,0.002068202829577981,0.20682028295779809
2023-09-04,HDFC Bank,0.006255273378584336,0.6255273378584336
2023-09-05,HDFC Bank,-0.006090074793610345,-0.6090074793610345
2023-09-06,HDFC Bank,0.01308012136922776,1.308012136922776
2023-09-07,HDFC Bank,0.0096207872350762,0.96207872350762
2023-09-08,HDFC Bank,0.007790939688911758,0.7790939688911758
2023-09-11,HDFC Bank,0.005174433748880158,0.5174433748880158
2023-09-12,HDFC Bank,0.0031253029775923924,0.31253029775923924
2023-09-13,HDFC Bank,0.004276387547923255,0.4276387547923255
2023-09-14,HDFC Bank,-0.000608300054160682,-0.0608300054160682
2023-09-15,HDFC Bank,0.011473559467337413,1.1473559467337413
2023-09-18,HDFC Bank,-0.019677990795375133,-1.9677990795375133
2023-09-20,HDFC Bank,-0.04011545359862023,-4.011545359862023
2023-09-21,HDFC Bank,-0.006618944479442224,-0.6618944479442224
2023-09-22,HDFC Bank,-0.015257291418574792,-1.5257291418574792
2023-09-25,HDFC Bank,0.0008825077855956209,0.08825077855956209
2023-09-26,HDFC Bank,0.004343532331058775,0.4343532331058775
2023-09-27,HDFC Bank,-0.00702374569425912,-0.702374569425912
2023-09-28,HDFC Bank,-0.0020630726281052336,-0.20630726281052336
2023-09-29,HDFC Bank,0.0017064802155473124,0.17064802155473124
2023-10-03,HDFC Bank,-0.011957001734727912,-1.1957001734727912
2023-10-04,HDFC Bank,0.014256769277172898,1.4256769277172898
2023-10-05,HDFC Bank,0.004053517026538556,0.40535170265385556
2023-10-06,HDFC Bank,-0.0011068674091715414,-0.11068674091715414
2023-10-09,HDFC Bank,-0.011603323982596225,-1.1603323982596225
2023-10-10,HDFC Bank,0.005671850104887799,0.5671850104887799
2023-10-11,HDFC Bank,0.009673016105780752,0.9673016105780752
2023-10-12,HDFC Bank,0.00665763613550574,0.665763613550574
2023-10-13,HDFC Bank,-0.009097645085073824,-0.9097645085073824
2023-10-16,HDFC Bank,-0.0040045290749846085,-0.40045290749846085
2023-10-17,HDFC Bank,0.00758361407287933,0.758361407287933
2023-10-18,HDFC Bank,-0.013917610196073293,-1.3917610196073293
2023-10-19,HDFC Bank,-0.0031585159261662277,-0.31585159261662277
2023-10-20,HDFC Bank,0.005181659336024547,0.5181659336024547
2023-10-23,HDFC Bank,-0.010999471914172165,-1.0999471914172165
2023-10-25,HDFC Bank,-0.006341060531814158,-0.6341060531814158
2023-10-26,HDFC Bank,-0.02211815453940158,-2.211815453940158
2023-10-27,HDFC Bank,0.003929144551453545,0.3929144551453545
2023-10-30,HDFC Bank,0.010856552893252713,1.0856552893252713
2023-10-31,HDFC Bank,-0.005790903405825443,-0.5790903405825443
2023-11-01,HDFC Bank,-0.0013544474131712558,-0.13544474131712558
2023-11-02,HDFC Bank,0.0015259172492716466,0.15259172492716466
2023-11-03,HDFC Bank,0.004740151489057043,0.4740151489057043
2023-11-06,HDFC Bank,0.007245043181739241,0.7245043181739241
2023-11-07,HDFC Bank,-0.004851045876414828,-0.4851045876414828
2023-11-08,HDFC Bank,0.0028912659424644716,0.28912659424644716
2023-11-09,HDFC Bank,-0.003955589364011636,-0.3955589364011636
2023-11-10,HDFC Bank,0.003937574762176821,0.3937574762176821
2023-11-13,HDFC Bank,-0.0018102472181092955,-0.18102472181092955
2023-11-15,HDFC Bank,0.010478297920729851,1.047829792072985
2023-11-16,HDFC Bank,0.002625607623007342,0.2625607623007342
2023-11-17,HDFC Bank,-0.002154723407434611,-0.2154723407434611
2023-11-20,HDFC Bank,6.649056126240005e-05,0.006649056126240005
2023-11-21,HDFC Bank,0.008470588394721368,0.8470588394721368
2023-11-22,HDFC Bank,-0.0035574079884544973,-0.35574079884544973
2023-11-23,HDFC Bank,0.005784927396784267,0.5784927396784267
2023-11-24,HDFC Bank,0.007099232380886278,0.7099232380886278
2023-11-28,HDFC Bank,-0.002251792917927431,-0.2251792917927431
2023-11-29,HDFC Bank,0.019952268871513246,1.9952268871513246
2023-11-30,HDFC Bank,-0.00022452685217688728,-0.022452685217688728
2023-12-01,HDFC Bank,-0.00218108207154466,-0.218108207154466
2023-12-04,HDFC Bank,0.03471770747170577,3.471770747170577
2023-12-05,HDFC Bank,0.008885224007927572,0.8885224007927572
2023-12-06,HDFC Bank,0.002525183527656738,0.2525183527656738
2023-12-07,HDFC Bank,0.0016278917869390064,0.16278917869390064
2023-12-08,HDFC Bank,0.013953221436922014,1.3953221436922014
2023-12-11,HDFC Bank,-0.0013308243692773392,-0.13308243692773392
2023-12-12,HDFC Bank,-0.009933405628322456,-0.9933405628322456
2023-12-13,HDFC Bank,-0.002263375448448013,-0.22633754484480129
2023-12-14,HDFC Bank,0.011803271153653982,1.1803271153653982
2023-12-15,HDFC Bank,0.0038784058501952767,0.3878405850195277
2023-12-18,HDFC Bank,-0.0005131528114894479,-0.05131528114894479
2023-12-19,HDFC Bank,-0.0016910860217107526,-0.16910860217107526
2023-12-20,HDFC Bank,0.002480419456206695,0.2480419456206695
2023-12-21,HDFC Bank,0.01792392797838449,1.792392797838449
2023-12-22,HDFC Bank,-0.009396947805928924,-0.9396947805928924
2023-12-26,HDFC Bank,0.006942588368036295,0.6942588368036295
2023-12-27,HDFC Bank,0.012392646004578456,1.2392646004578456
2023-12-28,HDFC Bank,0.0011447588121542562,0.11447588121542562
2023-12-29,HDFC Bank,0.002345735571300356,0.23457355713003558
2024-01-01,HDFC Bank,-0.006523332163595685,-0.6523332163595685
2024-01-02,HDFC Bank,0.0005888843352037654,0.05888843352037654
2024-01-03,HDFC Bank,-0.01541992926592517,-1.541992926592517
2024-01-04,HDFC Bank,0.010729871622110254,1.0729871622110254
2024-01-05,HDFC Bank,-0.005115721031214604,-0.5115721031214604
2024-01-08,HDFC Bank,-0.011146172198728266,-1.1146172198728266
2024-01-09,HDFC Bank,-0.0077850730639016374,-0.7785073063901637
2024-01-10,HDFC Bank,0.0033020713660183443,0.33020713660183443
2024-01-11,HDFC Bank,-0.004196937011994306,-0.4196937011994306
2024-01-12,HDFC Bank,-0.004730127823385888,-0.4730127823385888
2024-01-15,HDFC Bank,0.019254184457035306,1.9254184457035306
2024-01-16,HDFC Bank,0.003796093584898408,0.3796093584898408
2024-01-17,HDFC Bank,-0.08435831477426414,-8.435831477426415
2024-01-18,HDFC Bank,-0.0333981573979365,-3.33981573979365
2024-01-19,HDFC Bank,-0.010429727773682673,-1.0429727773682673
2024-01-23,HDFC Bank,-0.029442808304260493,-2.9442808304260493
2024-01-24,HDFC Bank,0.02000204174465736,2.000204174465736
2024-01-25,HDFC Bank,-0.01442393235318018,-1.442393235318018
2024-01-29,HDFC Bank,0.013763988567043084,1.3763988567043084
2024-01-30,HDFC Bank,-0.007115143203792473,-0.7115143203792473
2024-01-31,HDFC Bank,0.012635859431304741,1.2635859431304741
2024-02-01,HDFC Bank,0.002598231236304205,0.2598231236304205
2024-02-02,HDFC Bank,-0.013775765877706458,-1.3775765877706458
2024-02-05,HDFC Bank,-0.0008989070306042457,-0.08989070306042457
2024-02-06,HDFC Bank,-0.0005191652169186378,-0.05191652169186378
2024-02-07,HDFC Bank,-0.009798462970622035,-0.9798462970622035
2024-02-08,HDFC Bank,-0.018811680903324413,-1.8811680903324413
2024-02-09,HDFC Bank,0.000391887982368333,0.0391887982368333
2024-02-12,HDFC Bank,-0.009689274550093496,-0.9689274550093496
2024-02-13,HDFC Bank,0.0032013155613928035,0.32013155613928035
2024-02-14,HDFC Bank,-0.007458058818447411,-0.7458058818447411
2024-02-15,HDFC Bank,0.02167554892818302,2.167554892818302
2024-02-16,HDFC Bank,0.004137042787938361,0.4137042787938361
2024-02-19,HDFC Bank,-0.001972010983429584,-0.1972010983429584
2024-02-20,HDFC Bank,0.026250854069011842,2.625085406901184
2024-02-21,HDFC Bank,-0.010417518612636179,-1.0417518612636179
2024-02-22,HDFC Bank,-0.013618992942338704,-1.3618992942338704
2024-02-23,HDFC Bank,0.000739641516340539,0.0739641516340539
2024-02-26,HDFC Bank,0.001196676765356175,0.1196676765356175
2024-02-27,HDFC Bank,-0.0015115587546311593,-0.15115587546311593
2024-02-28,HDFC Bank,-0.007569683956605844,-0.7569683956605844
2024-02-29,HDFC Bank,-0.004257154760713755,-0.4257154760713755
2024-03-01,HDFC Bank,0.019488318100628454,1.9488318100628454
2024-03-04,HDFC Bank,0.0013629182346182045,0.13629182346182045
2024-03-05,HDFC Bank,0.005688507477972893,0.5688507477972893
2024-03-06,HDFC Bank,0.0012146305649112232,0.12146305649112232
2024-03-07,HDFC Bank,0.0024262256836158347,0.24262256836158347
2024-03-11,HDFC Bank,-0.012654776329993234,-1.2654776329993234
2024-03-12,HDFC Bank,0.022237020056631085,2.2237020056631085
2024-03-13,HDFC Bank,0.0005824146414918907,0.05824146414918907
2024-03-14,HDFC Bank,-0.0033896215949710262,-0.3389621594971026
2024-03-15,HDFC Bank,-0.0019236688346554454,-0.19236688346554454
2024-03-18,HDFC Bank,-0.004543490325907618,-0.45434903259076176
2024-03-19,HDFC Bank,0.0022821139254969314,0.22821139254969314
2024-03-20,HDFC Bank,-0.01262631193685071,-1.262631193685071
2024-03-21,HDFC Bank,0.010272124715075215,1.0272124715075215
2024-03-22,HDFC Bank,-0.002005971621175884,-0.20059716211758838
2024-03-26,HDFC Bank,-0.012094038729833945,-1.2094038729833945
2024-03-27,HDFC Bank,0.010733823622926408,1.0733823622926408
2024-03-28,HDFC Bank,0.004997599333016245,0.4997599333016245
2024-04-01,HDFC Bank,0.01560879925730152,1.560879925730152
2024-04-02,HDFC Bank,0.006562413278587531,0.6562413278587531
2024-04-03,HDFC Bank,0.0014526534956316173,0.14526534956316173
2024-04-04,HDFC Bank,0.030560550247808127,3.0560550247808127
2024-04-05,HDFC Bank,0.014368988041991715,1.4368988041991715
2024-04-08,HDFC Bank,-0.0019038475144921296,-0.19038475144921296
2024-04-09,HDFC Bank,0.0012608270930112297,0.12608270930112297
2024-04-10,HDFC Bank,-0.007878314137259257,-0.7878314137259257
2024-04-12,HDFC Bank,-0.011325650134338061,-1.1325650134338061
2024-04-15,HDFC Bank,-0.01596498077857267,-1.5964980778572668
2024-04-16,HDFC Bank,0.009734483233895697,0.9734483233895697
2024-04-18,HDFC Bank,-0.009640636618370113,-0.9640636618370113
2024-04-19,HDFC Bank,0.024486618230647794,2.4486618230647794
2024-04-22,HDFC Bank,-0.01247308458483487,-1.247308458483487
2024-04-23,HDFC Bank,-0.0030419290161484147,-0.30419290161484147
2024-04-24,HDFC Bank,0.0027194782119566163,0.27194782119566163
2024-04-25,HDFC Bank,-0.0006283543928895519,-0.06283543928895519
2024-04-26,HDFC Bank,-0.0006287494703812735,-0.06287494703812735
2024-04-29,HDFC Bank,0.013048067998665314,1.3048067998665314
2024-04-30,HDFC Bank,-0.00614582017964449,-0.614582017964449
2024-05-02,HDFC Bank,0.00799280433752525,0.799280433752525
2024-05-03,HDFC Bank,-0.008255821644699624,-0.8255821644699624
2024-05-06,HDFC Bank,0.002007143164551195,0.2007143164551195
2024-05-07,HDFC Bank,-0.01083637004209359,-1.083637004209359
2024-05-08,HDFC Bank,-0.015602622692396984,-1.5602622692396984
2024-05-09,HDFC Bank,-0.02370764520440427,-2.370764520440427
2024-05-10,HDFC Bank,0.00693283975520953,0.693283975520953
2024-05-13,HDFC Bank,0.012066123191257994,1.2066123191257994
2024-05-14,HDFC Bank,0.003916848593604971,0.39168485936049713
2024-05-15,HDFC Bank,-0.01536677714591983,-1.536677714591983
2024-05-16,HDFC Bank,0.015119970504954061,1.5119970504954061
2024-05-17,HDFC Bank,0.0026365124242591076,0.26365124242591076
2024-05-21,HDFC Bank,-0.0036198379834736505,-0.36198379834736505
2024-05-22,HDFC Bank,0.00027415530208174665,0.027415530208174665
2024-05-23,HDFC Bank,0.022889141038807015,2.2889141038807015
2024-05-24,HDFC Bank,0.016481357665961927,1.6481357665961927
2024-05-27,HDFC Bank,0.006920644688955591,0.6920644688955591
2024-05-28,HDFC Bank,0.0018328648540426595,0.18328648540426595
2024-05-29,HDFC Bank,-0.014505026062158644,-1.4505026062158644
2024-05-30,HDFC Bank,0.004342587096262562,0.43425870962625623
2024-05-31,HDFC Bank,0.011024222554699481,1.102422255469948
2024-06-03,HDFC Bank,0.026541674437006613,2.6541674437006613
2024-06-04,HDFC Bank,-0.056640327834704185,-5.664032783470418
2024-06-05,HDFC Bank,0.046286584690063304,4.62865846900633
2024-06-06,HDFC Bank,0.005090880916502893,0.5090880916502893
2024-06-07,HDFC Bank,0.008751652213627503,0.8751652213627503
2024-06-10,HDFC Bank,-0.007658785181035688,-0.7658785181035688
2024-06-11,HDFC Bank,0.002241775711910865,0.2241775711910865
2024-06-12,HDFC Bank,0.0059751990339891314,0.5975199033989131
2024-06-13,HDFC Bank,0.004192645832201469,0.4192645832201469
2024-06-14,HDFC Bank,0.010216711590982808,1.0216711590982808
2024-06-18,HDFC Bank,0.006825765731850675,0.6825765731850675
2024-06-19,HDFC Bank,0.031129382910621395,3.1129382910621395
2024-06-20,HDFC Bank,0.006936678673735708,0.6936678673735708
2024-06-21,HDFC Bank,-0.0021564940878732175,-0.21564940878732175
2024-06-24,HDFC Bank,0.003992292204048509,0.39922922040485087
2024-06-25,HDFC Bank,0.023289831157372154,2.3289831157372154
2024-06-26,HDFC Bank,-0.005755713328143508,-0.5755713328143508
2024-06-27,HDFC Bank,-0.0031442759121885766,-0.31442759121885766
2024-06-28,HDFC Bank,-0.007281212531948689,-0.7281212531948689
2024-07-01,HDFC Bank,0.012709388172890135,1.2709388172890135
2024-07-02,HDFC Bank,0.014895582820719344,1.4895582820719344
2024-07-03,HDFC Bank,0.02198662685196151,2.198662685196151
2024-07-04,HDFC Bank,-0.02346420080274736,-2.346420080274736
2024-07-05,HDFC Bank,-0.04576909350840774,-4.576909350840774
2024-07-08,HDFC Bank,-0.007736237042838878,-0.7736237042838878
2024-07-09,HDFC Bank,0.0007032963179265384,0.07032963179265384
2024-07-10,HDFC Bank,-0.006354959680527461,-0.6354959680527461
2024-07-11,HDFC Bank,-0.0025829291093619755,-0.25829291093619755
2024-07-12,HDFC Bank,0.0004932494765281792,0.04932494765281792
2024-07-15,HDFC Bank,-0.00036985160673086437,-0.03698516067308644
2024-07-16,HDFC Bank,-0.0014486303759585484,-0.14486303759585484
2024-07-18,HDFC Bank,-0.0030560564564870996,-0.30560564564870996
2024-07-19,HDFC Bank,-0.004644516594173864,-0.4644516594173864
2024-07-22,HDFC Bank,0.02193125943513552,2.193125943513552
2024-07-23,HDFC Bank,-0.014702872559254954,-1.4702872559254954
2024-07-24,HDFC Bank,-0.008866763167512448,-0.8866763167512448
2024-07-25,HDFC Bank,0.007824022569540068,0.7824022569540068
2024-07-26,HDFC Bank,0.0009587699364477231,0.09587699364477231
2024-07-29,HDFC Bank,-0.008095648987968107,-0.8095648987968107
2024-07-30,HDFC Bank,0.006541774795796318,0.6541774795796318
2024-07-31,HDFC Bank,0.00012385544644799573,0.012385544644799573
2024-08-01,HDFC Bank,0.014265820028954046,1.4265820028954046
2024-08-02,HDFC Bank,0.012417571192849586,1.2417571192849586
2024-08-05,HDFC Bank,-0.026157922193062122,-2.615792219306212
2024-08-06,HDFC Bank,-0.00900514516341333,-0.9005145163413331
2024-08-07,HDFC Bank,0.01392700950082948,1.392700950082948
2024-08-08,HDFC Bank,0.011826399166090296,1.1826399166090296
2024-08-09,HDFC Bank,0.004565556306447949,0.4565556306447949
2024-08-12,HDFC Bank,0.005999330850315454,0.5999330850315454
2024-08-13,HDFC Bank,-0.03427509165257059,-3.427509165257059
2024-08-14,HDFC Bank,0.002869364487972481,0.2869364487972481
2024-08-16,HDFC Bank,0.015113815324923063,1.5113815324923063
2024-08-19,HDFC Bank,-0.00033697525524356564,-0.033697525524356564
2024-08-20,HDFC Bank,0.0037693362618103077,0.37693362618103077
2024-08-21,HDFC Bank,-0.0072661564429945535,-0.7266156442994554
2024-08-22,HDFC Bank,0.0033828875444974482,0.3382887544497448
2024-08-23,HDFC Bank,-0.003831359433338788,-0.3831359433338788
2024-08-26,HDFC Bank,0.009168915755763951,0.9168915755763951
2024-08-27,HDFC Bank,-0.0013413724162418816,-0.13413724162418816
2024-08-28,HDFC Bank,-0.0003970161891222457,-0.03970161891222457
2024-08-29,HDFC Bank,0.0008857668786028672,0.08857668786028672
2024-08-30,HDFC Bank,-0.001006946387300589,-0.1006946387300589
2024-09-02,HDFC Bank,-0.006078654637820757,-0.6078654637820757
2024-09-03,HDFC Bank,0.006392417470762801,0.6392417470762801
2024-09-04,HDFC Bank,0.0027177290225530726,0.27177290225530726
2024-09-05,HDFC Bank,0.0022231686933233963,0.22231686933233963
2024-09-06,HDFC Bank,-0.005165721165553583,-0.5165721165553583
2024-09-09,HDFC Bank,0.005833996694934118,0.5833996694934118
2024-09-10,HDFC Bank,0.0023381970469711355,0.23381970469711355
2024-09-11,HDFC Bank,-0.0039080735863668,-0.39080735863668004
2024-09-12,HDFC Bank,0.013808542687387071,1.380854268738707
2024-09-13,HDFC Bank,-0.00039006813627795456,-0.039006813627795456
2024-09-16,HDFC Bank,0.003001276878889403,0.3001276878889403
2024-09-17,HDFC Bank,-0.0012866060650673639,-0.12866060650673639
2024-09-18,HDFC Bank,0.015580045676305998,1.5580045676305998
2024-09-19,HDFC Bank,0.008083553902282103,0.8083553902282103
2024-09-20,HDFC Bank,0.019139563602785792,1.9139563602785792
2024-09-23,HDFC Bank,0.010682360381700118,1.0682360381700118
2024-09-24,HDFC Bank,0.004688053753033605,0.4688053753033605
2024-09-25,HDFC Bank,0.006249668787258189,0.6249668787258189
2024-09-26,HDFC Bank,0.00244513589806461,0.24451358980646098
2024-09-27,HDFC Bank,-0.017269891971677165,-1.7269891971677165
2024-09-30,HDFC Bank,-0.01175359606077464,-1.175359606077464
2024-10-01,HDFC Bank,-0.0033775197975013382,-0.3377519797501338
2024-10-03,HDFC Bank,-0.025605400197079464,-2.5605400197079464
2024-10-04,HDFC Bank,-0.014476767574050475,-1.4476767574050475
2024-10-07,HDFC Bank,-0.024040072325749895,-2.4040072325749895
2024-10-08,HDFC Bank,0.02055255365350872,2.055255365350872
2024-10-09,HDFC Bank,-0.010841575519110469,-1.084157551911047
2024-10-10,HDFC Bank,0.017910122026293607,1.7910122026293607
2024-10-11,HDFC Bank,-0.006857472707004431,-0.6857472707004431
2024-10-14,HDFC Bank,0.022471162046794557,2.2471162046794557
2024-10-15,HDFC Bank,-0.002369531953926307,-0.2369531953926307
2024-10-16,HDFC Bank,0.009322605571025377,0.9322605571025377
2024-10-17,HDFC Bank,-0.015678354199355926,-1.5678354199355926
2024-10-18,HDFC Bank,0.005199715686236228,0.5199715686236228
2024-10-21,HDFC Bank,0.02785619781426263,2.785619781426263
2024-10-22,HDFC Bank,-0.00818519665846551,-0.818519665846551
2024-10-23,HDFC Bank,0.012393864383192454,1.2393864383192454
2024-10-24,HDFC Bank,0.007978984124992206,0.7978984124992206
2024-10-25,HDFC Bank,-0.003572126587339297,-0.3572126587339297
2024-10-28,HDFC Bank,-0.005277089775018173,-0.5277089775018173
2024-10-29,HDFC Bank,0.010177580242386908,1.0177580242386908
2024-10-30,HDFC Bank,-0.009846674362155472,-0.9846674362155472
2024-10-31,HDFC Bank,0.0006341983503013182,0.06341983503013182
2024-11-01,HDFC Bank,0.0009218197977793885,0.09218197977793885
2024-11-04,HDFC Bank,-0.013354077015226395,-1.3354077015226395
2024-11-05,HDFC Bank,0.025523553630931728,2.552355363093173
2024-11-06,HDFC Bank,-0.001479064190870738,-0.1479064190870738
2024-11-07,HDFC Bank,-0.0049565045676509545,-0.49565045676509545
2024-11-08,HDFC Bank,0.004523147267709859,0.45231472677098594
2024-11-11,HDFC Bank,0.00675424247674572,0.675424247674572
2024-11-12,HDFC Bank,-0.02723210442636781,-2.723210442636781
2024-11-13,HDFC Bank,-0.02144678590998239,-2.144678590998239
2024-11-14,HDFC Bank,0.006780258410395756,0.6780258410395756
2024-11-18,HDFC Bank,0.007295762919392823,0.7295762919392823
2024-11-19,HDFC Bank,0.021787694374535205,2.1787694374535205
2024-11-21,HDFC Bank,-0.0006027556544796475,-0.06027556544796475
2024-11-22,HDFC Bank,0.0025269610528741993,0.2526961052874199
2024-11-25,HDFC Bank,0.02291479672655239,2.291479672655239
2024-11-26,HDFC Bank,-2.79622204341079e-05,-0.00279622204341079
2024-11-27,HDFC Bank,0.014981336985099514,1.4981336985099514
2024-11-28,HDFC Bank,-0.01056674012940717,-1.056674012940717
2024-11-29,HDFC Bank,0.0016174351102442586,0.16174351102442586
2024-12-02,HDFC Bank,0.00481603997529545,0.48160399752954497
2024-12-03,HDFC Bank,0.011968768182130773,1.1968768182130773
2024-12-04,HDFC Bank,0.01850730896534092,1.8507308965340918
2024-12-05,HDFC Bank,0.0030375058442828617,0.3037505844282862
2024-12-06,HDFC Bank,-0.005306228100804722,-0.5306228100804722
2024-12-09,HDFC Bank,0.007624606761233332,0.7624606761233332
2024-12-10,HDFC Bank,-0.0010161537440817048,-0.10161537440817048
2024-12-11,HDFC Bank,-0.0026764367998716176,-0.26764367998716176
2024-12-12,HDFC Bank,-0.0020664982713252122,-0.20664982713252122
2024-12-13,HDFC Bank,0.006723178043169797,0.6723178043169797
2024-12-16,HDFC Bank,-0.00349942587806662,-0.349942587806662
2024-12-17,HDFC Bank,-0.01712946287032946,-1.712946287032946
2024-12-18,HDFC Bank,-0.012300600860076782,-1.2300600860076782
2024-12-19,HDFC Bank,-0.009499070103680562,-0.9499070103680562
2024-12-20,HDFC Bank,-0.012266503456425215,-1.2266503456425215
2024-12-23,HDFC Bank,0.01665259084160753,1.6652590841607529
2024-12-24,HDFC Bank,-0.001610315179043198,-0.1610315179043198
2024-12-26,HDFC Bank,-0.004087676970981113,-0.40876769709811134
2024-12-27,HDFC Bank,0.004188240535847543,0.4188240535847543
2024-12-30,HDFC Bank,-0.0113165114397078,-1.13165114397078
2024-12-31,HDFC Bank,-0.0028405184195470223,-0.28405184195470223
2025-01-01,HDFC Bank,0.005584282852247879,0.5584282852247879
2025-01-02,HDFC Bank,0.00617027065903808,0.617027065903808
2025-01-03,HDFC Bank,-0.024836265035988347,-2.4836265035988347
2025-01-06,HDFC Bank,-0.022124410145508033,-2.2124410145508033
2025-01-07,HDFC Bank,0.00169544115365583,0.169544115365583
2025-01-08,HDFC Bank,-0.011147380558615416,-1.1147380558615416
2025-01-09,HDFC Bank,-0.015640693684079388,-1.5640693684079388
2025-01-10,HDFC Bank,-0.0066254819651471175,-0.6625481965147118
2025-01-13,HDFC Bank,-0.01563308933311025,-1.563308933311025
2025-01-14,HDFC Bank,0.0096575425181884,0.96575425181884
2025-01-15,HDFC Bank,-0.0021558897891663653,-0.21558897891663653
2025-01-16,HDFC Bank,0.005477607644661653,0.5477607644661653
2025-01-17,HDFC Bank,-0.00926122659371409,-0.9261226593714089
2025-01-20,HDFC Bank,0.008859024386233205,0.8859024386233205
2025-01-21,HDFC Bank,-0.005359618202701144,-0.5359618202701144
2025-01-22,HDFC Bank,0.014399678507978075,1.4399678507978075
2025-01-23,HDFC Bank,-0.000690185774186447,-0.0690185774186447
2025-01-24,HDFC Bank,-0.00906963770625735,-0.906963770625735
2025-01-27,HDFC Bank,-0.01212270117490144,-1.212270117490144
2025-01-28,HDFC Bank,0.024911092169212168,2.491109216921217
2025-01-29,HDFC Bank,0.004130631309269717,0.41306313092697167
2025-01-30,HDFC Bank,0.008466020110509342,0.8466020110509342
2025-01-31,HDFC Bank,0.004286101872654546,0.42861018726545463
2025-02-01,HDFC Bank,-0.004591637785077429,-0.4591637785077429
2025-02-03,HDFC Bank,-0.0076583789402612235,-0.7658378940261223
2025-02-04,HDFC Bank,0.025566146449135907,2.5566146449135907
2025-02-05,HDFC Bank,0.009820450253057,0.9820450253057
2025-02-06,HDFC Bank,0.003481414615891243,0.3481414615891243
2025-02-07,HDFC Bank,-0.006365173963728266,-0.6365173963728266
2025-02-10,HDFC Bank,-0.009811064498901345,-0.9811064498901345
2025-02-11,HDFC Bank,-0.008363671494921565,-0.8363671494921565
2025-02-12,HDFC Bank,0.0031738806410355203,0.317388064103552
2025-02-13,HDFC Bank,-0.005331595924920607,-0.5331595924920607
2025-02-14,HDFC Bank,-0.0016788140292314235,-0.16788140292314235
2025-02-17,HDFC Bank,0.01327552455066372,1.327552455066372
2025-02-18,HDFC Bank,0.003319136882338647,0.3319136882338647
2025-02-19,HDFC Bank,0.002408473517411469,0.2408473517411469
2025-02-20,HDFC Bank,-0.02321679680218469,-2.321679680218469
2025-02-21,HDFC Bank,0.00320070824690033,0.320070824690033
2025-02-24,HDFC Bank,-0.009098889114868336,-0.9098889114868336
2025-02-25,HDFC Bank,0.003130404238644191,0.3130404238644191
2025-02-27,HDFC Bank,0.010907347315639804,1.0907347315639804
2025-02-28,HDFC Bank,0.01863936909491537,1.863936909491537
2025-03-03,HDFC Bank,-0.017807618912381695,-1.7807618912381695
2025-03-04,HDFC Bank,0.004966063972997592,0.4966063972997592
2025-03-05,HDFC Bank,-0.011695925787411077,-1.1695925787411077
2025-03-06,HDFC Bank,0.0007100231514729494,0.07100231514729494
2025-03-07,HDFC Bank,-0.0011530340561120012,-0.11530340561120012
2025-03-10,HDFC Bank,-0.001035913298955804,-0.1035913298955804
2025-03-11,HDFC Bank,-0.0011851498973893815,-0.11851498973893815
2025-03-12,HDFC Bank,0.015218019058619747,1.5218019058619747
2025-03-13,HDFC Bank,-0.0026590210807055925,-0.26590210807055925
2025-03-17,HDFC Bank,0.00222659785884316,0.222659785884316
2025-03-18,HDFC Bank,0.0,0.0
2025-03-19,HDFC Bank,0.01970301758225035,1.9703017582250348
2025-03-20,HDFC Bank,0.014133437055984244,1.4133437055984244
2025-03-21,HDFC Bank,0.000904523977991456,0.0904523977991456
2025-03-24,HDFC Bank,0.016748088583559806,1.6748088583559806
2025-03-25,HDFC Bank,0.011916664815102784,1.1916664815102784
2025-03-26,HDFC Bank,-0.008180266495797062,-0.8180266495797062
2025-03-27,HDFC Bank,0.010406558422902057,1.0406558422902057
2025-03-28,HDFC Bank,0.001561273795473106,0.1561273795473106
2025-04-01,HDFC Bank,-0.03301060437727232,-3.3010604377272323
2025-04-02,HDFC Bank,0.01643243138646744,1.6432431386467439
2025-04-03,HDFC Bank,-0.0011408512444062158,-0.11408512444062158
2025-04-04,HDFC Bank,0.012508060771296181,1.250806077129618
2025-04-07,HDFC Bank,-0.03279599423742208,-3.2795994237422077
2025-04-08,HDFC Bank,0.006514290898725017,0.6514290898725017
2025-04-09,HDFC Bank,-0.002345785303134007,-0.2345785303134007
2025-04-11,HDFC Bank,0.023654381134639912,2.3654381134639912
2025-04-15,HDFC Bank,0.03218483328956068,3.2184833289560677
2025-04-16,HDFC Bank,0.007024491948179223,0.7024491948179223
2025-04-17,HDFC Bank,0.015282182622484042,1.5282182622484042
2025-04-21,HDFC Bank,0.010699165245330988,1.0699165245330988
2025-04-22,HDFC Bank,0.01795445331631984,1.795445331631984
2025-04-23,HDFC Bank,-0.019269017622261853,-1.9269017622261853
2025-04-24,HDFC Bank,-0.003690434913577345,-0.3690434913577345
2025-04-25,HDFC Bank,-0.0029215408770987272,-0.2921540877098727
2025-04-28,HDFC Bank,0.004709074904107213,0.47090749041072133
2025-04-29,HDFC Bank,-0.005936809911262553,-0.5936809911262553
2025-04-30,HDFC Bank,0.00848693916403298,0.848693916403298
2025-05-02,HDFC Bank,-0.0016104005388690723,-0.16104005388690723
2025-05-05,HDFC Bank,0.0077527826000634015,0.7752782600063401
2025-05-06,HDFC Bank,-0.002633254447821476,-0.2633254447821476
2025-05-07,HDFC Bank,0.0071957223858245545,0.7195722385824554
2025-05-08,HDFC Bank,-0.008788988957606492,-0.8788988957606492
2025-05-09,HDFC Bank,-0.02011926469092129,-2.011926469092129
2025-05-12,HDFC Bank,0.03571992376668609,3.571992376668609
2025-05-13,HDFC Bank,-0.017678330000462705,-1.7678330000462705
2025-05-14,HDFC Bank,-0.006241493206634363,-0.6241493206634363
2025-05-15,HDFC Bank,0.012142736728829595,1.2142736728829595
2025-05-16,HDFC Bank,0.0004654626032958298,0.04654626032958298
2025-05-19,HDFC Bank,0.002067507416179337,0.20675074161793372
2025-05-20,HDFC Bank,-0.012276239156466584,-1.2276239156466584
2025-05-21,HDFC Bank,0.006214441990134656,0.6214441990134656
2025-05-22,HDFC Bank,-0.003581162530276516,-0.3581162530276516
2025-05-23,HDFC Bank,0.007135792229040261,0.7135792229040261
2025-05-26,HDFC Bank,0.003413311811998554,0.3413311811998554
2025-05-27,HDFC Bank,-0.00716419775757926,-0.716419775757926
2025-05-28,HDFC Bank,-0.001453533638011928,-0.1453533638011928
2025-05-29,HDFC Bank,0.0020794805666251026,0.20794805666251026
2025-05-30,HDFC Bank,0.009027269201477672,0.9027269201477672
2025-06-02,HDFC Bank,-0.00658132635298192,-0.658132635298192
2025-06-03,HDFC Bank,-0.0038818339414775638,-0.3881833941477564
2025-06-04,HDFC Bank,0.008625200280024448,0.8625200280024448
2025-06-05,HDFC Bank,0.004327195311416787,0.4327195311416787
2025-06-06,HDFC Bank,0.014926140501737573,1.4926140501737573
2025-06-09,HDFC Bank,0.00010112431037945235,0.010112431037945235
2025-06-10,HDFC Bank,-0.00687245300228756,-0.687245300228756
2025-06-11,HDFC Bank,-0.0075815761441124785,-0.7581576144112478
2025-06-12,HDFC Bank,-0.003588965038381242,-0.3588965038381242
2025-06-13,HDFC Bank,-0.01327577260643853,-1.327577260643853
2025-06-16,HDFC Bank,0.009282435811056589,0.9282435811056589
2025-06-17,HDFC Bank,-0.0029967204119509816,-0.29967204119509816
2025-06-18,HDFC Bank,0.0022284203172229233,0.22284203172229233
2025-06-19,HDFC Bank,0.0007239431986829636,0.07239431986829636
2025-06-20,HDFC Bank,0.015191419251939342,1.5191419251939342
2025-06-23,HDFC Bank,-0.008296485775162177,-0.8296485775162177
2025-06-24,HDFC Bank,0.006415555606764212,0.6415555606764212
2025-06-25,HDFC Bank,0.009842427771912687,0.9842427771912687
2025-06-26,HDFC Bank,0.02100801401635133,2.100801401635133
2025-06-27,HDFC Bank,0.007550661052185825,0.7550661052185825
2025-06-30,HDFC Bank,-0.006650411176158055,-0.6650411176158055
2025-07-01,HDFC Bank,0.005296008397041696,0.5296008397041696
2025-07-02,HDFC Bank,-0.012971503743565704,-1.2971503743565704
2025-07-03,HDFC Bank,0.0005538408190579602,0.05538408190579602
2025-07-04,HDFC Bank,0.001107193704058096,0.11071937040580959
2025-07-07,HDFC Bank,-0.0009551381479699916,-0.09551381479699916
2025-07-08,HDFC Bank,0.007044384340888499,0.7044384340888499
2025-07-09,HDFC Bank,0.0048964886598470425,0.48964886598470425
2025-07-10,HDFC Bank,-0.0024860444906277257,-0.24860444906277257
2025-07-11,HDFC Bank,-0.011215174409386575,-1.1215174409386575
2025-07-14,HDFC Bank,-0.00035286990087468606,-0.035286990087468606
2025-07-15,HDFC Bank,0.006303589038414659,0.6303589038414659
2025-07-16,HDFC Bank,0.0004008417302299172,0.04008417302299172
2025-07-17,HDFC Bank,-0.004708719780823101,-0.47087197808231007
2025-07-18,HDFC Bank,-0.014847255622456923,-1.4847255622456923
2025-07-21,HDFC Bank,0.022019047004099512,2.2019047004099512
2025-07-22,HDFC Bank,0.0032991454681567944,0.32991454681567944
2025-07-23,HDFC Bank,0.00856965313813407,0.856965313813407
2025-07-24,HDFC Bank,-0.004989442785946707,-0.4989442785946707
2025-07-25,HDFC Bank,-0.0022894633978292056,-0.22894633978292056
2025-07-28,HDFC Bank,0.001945526375720652,0.1945526375720652
2025-07-29,HDFC Bank,0.006522271262082935,0.6522271262082935
2025-07-30,HDFC Bank,0.002077587109102108,0.2077587109102108
2025-07-31,HDFC Bank,-0.0037516518796359977,-0.37516518796359977
2025-08-01,HDFC Bank,-0.002972929019413595,-0.2972929019413595
2025-08-04,HDFC Bank,-0.010038762947834123,-1.0038762947834123
2025-08-05,HDFC Bank,-0.007228948535774382,-0.7228948535774382
2025-08-06,HDFC Bank,0.0038936654662875547,0.38936654662875547
2025-08-07,HDFC Bank,0.00508739190862606,0.508739190862606
2025-08-08,HDFC Bank,-0.010774760784228898,-1.0774760784228898
2025-08-11,HDFC Bank,0.01099339634295271,1.099339634295271
2025-08-12,HDFC Bank,-0.01287827459922819,-1.287827459922819
2025-08-13,HDFC Bank,0.005279416637375078,0.5279416637375078
2025-08-14,HDFC Bank,0.005453712621415141,0.5453712621415141
2025-08-18,HDFC Bank,0.0062779420585099555,0.6277942058509955
2025-08-19,HDFC Bank,-0.006238775388107243,-0.6238775388107243
2025-08-20,HDFC Bank,-0.001456464608844854,-0.1456464608844854
2025-08-21,HDFC Bank,0.0015088937729046403,0.15088937729046403
2025-08-22,HDFC Bank,-0.013358792659587615,-1.3358792659587615
2025-08-25,HDFC Bank,-0.0002544822092365173,-0.025448220923651732
2025-08-26,HDFC Bank,-0.008808058620231485,-0.8808058620231485
2025-08-28,HDFC Bank,-0.016026371585568855,-1.6026371585568855
2025-08-29,HDFC Bank,-0.006473164848890711,-0.6473164848890711
2025-09-01,HDFC Bank,-0.0010508991029281045,-0.10508991029281045
2025-09-02,HDFC Bank,-0.006416915096540965,-0.6416915096540965
2025-09-03,HDFC Bank,0.010534648106045319,1.053464810604532
2025-09-04,HDFC Bank,0.007124489331857609,0.7124489331857609
2025-09-05,HDFC Bank,0.0022367054380347806,0.22367054380347806
2025-09-08,HDFC Bank,0.0026987552237063284,0.26987552237063284
2025-09-09,HDFC Bank,-0.0008798649970191974,-0.08798649970191974
2025-09-10,HDFC Bank,0.0007770767501502629,0.07770767501502629
2025-09-11,HDFC Bank,0.0019670059198386713,0.19670059198386713
2025-09-12,HDFC Bank,-0.0005165899549602893,-0.051658995496028925
2025-09-15,HDFC Bank,-0.00025849262112609406,-0.025849262112609406
2025-09-16,HDFC Bank,-0.00020678340679602947,-0.020678340679602947
2025-09-17,HDFC Bank,-0.00036199393523794754,-0.036199393523794754
2025-09-18,HDFC Bank,0.010760524816156192,1.0760524816156192
2025-09-19,HDFC Bank,-0.010236508275741407,-1.0236508275741407
2025-09-22,HDFC Bank,-0.002792426048868313,-0.2792426048868313
2025-09-23,HDFC Bank,-0.007259905344918827,-0.7259905344918827
2025-09-24,HDFC Bank,-0.006424978193304343,-0.6424978193304343
2025-09-25,HDFC Bank,-0.0012618342628776258,-0.12618342628776258
2025-09-26,HDFC Bank,-0.005053387398649578,-0.5053387398649578
2025-09-29,HDFC Bank,0.005555229482790303,0.5555229482790303
2025-09-30,HDFC Bank,0.000736661837417385,0.0736661837417385
2025-10-01,HDFC Bank,0.014984205365028425,1.4984205365028425
2025-10-03,HDFC Bank,-0.00010355236683690094,-0.010355236683690094
2025-10-06,HDFC Bank,0.00859965793966011,0.859965793966011
2025-10-07,HDFC Bank,0.009296849251305472,0.9296849251305472
2025-10-08,HDFC Bank,-0.0038676704279507756,-0.38676704279507756
2025-10-09,HDFC Bank,-0.0016348924815232646,-0.16348924815232646
2025-10-10,HDFC Bank,0.003889109053228923,0.3889109053228923
2025-10-13,HDFC Bank,-0.0039759426940012554,-0.39759426940012554
2025-10-14,HDFC Bank,0.00015355572961639474,0.015355572961639474
2025-10-15,HDFC Bank,0.0011257119752032807,0.11257119752032807
2025-10-16,HDFC Bank,0.016457924155284243,1.6457924155284243
2025-10-17,HDFC Bank,0.008246599680788558,0.8246599680788558
2025-10-20,HDFC Bank,0.00039898441231578374,0.039898441231578374
2025-10-21,HDFC Bank,0.0047360425532414485,0.47360425532414485
2025-10-23,HDFC Bank,0.0010915842847574186,0.10915842847574186
2025-10-24,HDFC Bank,-0.01392744811264468,-1.392744811264468
2025-10-27,HDFC Bank,0.008243283616533814,0.8243283616533814
2025-10-28,HDFC Bank,0.0005982069997889639,0.059820699978896386
2025-10-29,HDFC Bank,0.004284793179051949,0.4284793179051949
2025-10-30,HDFC Bank,-0.00962438441689173,-0.9624384416891729
2025-10-31,HDFC Bank,-0.010870166544315829,-1.087016654431583
2025-11-03,HDFC Bank,0.005418867341157929,0.5418867341157929
2025-11-04,HDFC Bank,-0.007454795197989084,-0.7454795197989084
2025-11-06,HDFC Bank,-0.0006089537613914731,-0.060895376139147306
2025-11-07,HDFC Bank,-0.0023867007140820906,-0.23867007140820906
2025-11-10,HDFC Bank,0.0022396834592501857,0.22396834592501857
2025-11-11,HDFC Bank,0.007313327082023147,0.7313327082023147
2025-11-12,HDFC Bank,-0.0022183916416598226,-0.22183916416598226
2025-11-13,HDFC Bank,-0.0028802007299384424,-0.28802007299384424
2025-11-14,HDFC Bank,0.0029898266032626353,0.2989826603262635
2025-11-17,HDFC Bank,0.007023032569990706,0.7023032569990706
2025-11-18,HDFC Bank,-0.00411416613346649,-0.41141661334664903
2025-11-19,HDFC Bank,0.002166326784506456,0.2166326784506456
2025-11-20,HDFC Bank,0.014327410084544301,1.43274100845443
2025-11-21,HDFC Bank,-0.010705245599864077,-1.0705245599864077
2025-11-24,HDFC Bank,0.0011021386425635882,0.11021386425635882
2025-11-25,HDFC Bank,-0.009357957943524453,-0.9357957943524453
2025-11-26,HDFC Bank,0.014245319807291823,1.4245319807291823
2025-11-27,HDFC Bank,0.005578208294847675,0.5578208294847675
2025-11-28,HDFC Bank,-0.0018821130851079948,-0.18821130851079948
2025-12-01,HDFC Bank,-0.005458524762346428,-0.5458524762346428
2025-12-02,HDFC Bank,-0.012274202782653676,-1.2274202782653676
2025-12-03,HDFC Bank,0.01081023547315052,1.081023547315052
2025-12-04,HDFC Bank,-0.0032983193993855187,-0.32983193993855187
2025-12-05,HDFC Bank,0.006117109077992566,0.6117109077992566
2025-12-08,HDFC Bank,-0.00019937400026992513,-0.019937400026992513
2025-12-09,HDFC Bank,-0.005981423099213901,-0.5981423099213901
2025-12-10,HDFC Bank,-0.007321218272822949,-0.7321218272822949
2025-12-11,HDFC Bank,0.010608204874447358,1.0608204874447358
2025-12-12,HDFC Bank,0.001199645558421114,0.11996455584211141
2025-12-15,HDFC Bank,-0.005391967575958834,-0.5391967575958834
2025-12-16,HDFC Bank,-0.001807024642456856,-0.1807024642456856
2025-12-17,HDFC Bank,-0.010359015914392256,-1.0359015914392256
2025-12-18,HDFC Bank,-0.0043699227745961355,-0.43699227745961355
2025-12-19,HDFC Bank,0.005920174882679152,0.5920174882679152
2025-12-22,HDFC Bank,0.002232410988758149,0.2232410988758149
2025-12-23,HDFC Bank,0.009010763931792232,0.9010763931792232
2025-12-24,HDFC Bank,0.0006020808426916435,0.06020808426916435
2025-12-26,HDFC Bank,-0.005114327770677218,-0.5114327770677218
2025-12-29,HDFC Bank,-0.00040318699715369277,-0.04031869971536928
2025-12-30,HDFC Bank,-0.0008066366810288716,-0.08066366810288716
2025-12-31,HDFC Bank,0.00030274077769254504,0.030274077769254504
2026-01-01,HDFC Bank,-5.045195815567283e-05,-0.005045195815567283
2026-01-02,HDFC Bank,0.010543238508079034,1.0543238508079034
2026-01-05,HDFC Bank,-0.02406144154441614,-2.406144154441614
2026-01-06,HDFC Bank,-0.015652197094406572,-1.5652197094406572
2026-01-07,HDFC Bank,-0.013666586966833316,-1.3666586966833316
2026-01-08,HDFC Bank,-0.002476163429401379,-0.2476163429401379
2026-01-09,HDFC Bank,-0.008133504186030871,-0.8133504186030871
2026-01-12,HDFC Bank,-0.0021831917297068237,-0.21831917297068237
2026-01-13,HDFC Bank,0.0004269190647672172,0.04269190647672172
2026-01-14,HDFC Bank,-0.012695339519595006,-1.2695339519595006
2026-01-15,HDFC Bank,0.0,0.0
2026-01-16,HDFC Bank,0.006105106955523132,0.6105106955523132
2026-01-19,HDFC Bank,-0.003436744182823248,-0.3436744182823248
2026-01-20,HDFC Bank,0.003556383560383569,0.3556383560383569
2026-01-21,HDFC Bank,-0.011651693421642073,-1.1651693421642073
2026-01-22,HDFC Bank,-0.0017927454649970809,-0.1792745464997081
2026-01-23,HDFC Bank,-0.0028301326122368575,-0.28301326122368575
2026-01-27,HDFC Bank,0.011243416433832643,1.1243416433832643
2026-01-28,HDFC Bank,0.006800464932957384,0.6800464932957384
2026-01-29,HDFC Bank,0.0030020507261359075,0.30020507261359075
2026-01-30,HDFC Bank,-0.006680924664804744,-0.6680924664804744
2026-02-02,HDFC Bank,-0.0012376212007129128,-0.12376212007129128
2026-02-03,HDFC Bank,0.02219595265139751,2.219595265139751
2026-02-04,HDFC Bank,0.0046378811875502635,0.46378811875502635
2026-02-05,HDFC Bank,-0.0035672904482948464,-0.35672904482948464
2026-02-06,HDFC Bank,-0.009055499806620904,-0.9055499806620904
2026-02-09,HDFC Bank,-0.004090951344630334,-0.40909513446303336
2026-02-10,HDFC Bank,-0.005174678926825216,-0.5174678926825216
2026-02-11,HDFC Bank,-0.005684298040796065,-0.5684298040796065
2026-02-12,HDFC Bank,-0.007011091743491349,-0.7011091743491349
2026-02-13,HDFC Bank,-0.01814034153399624,-1.814034153399624
2026-02-16,HDFC Bank,0.024228299578640033,2.4228299578640033
2026-02-17,HDFC Bank,-0.00010796492286002657,-0.010796492286002657
2026-02-18,HDFC Bank,-0.001080234977414718,-0.1080234977414718
2026-02-19,HDFC Bank,-0.009841057154273192,-0.9841057154273192
2026-02-20,HDFC Bank,-0.004095718973815776,-0.4095718973815776
2026-02-23,HDFC Bank,0.012885907866915458,1.2885907866915458
2026-02-24,HDFC Bank,-0.014183610096832222,-1.4183610096832222
2026-02-25,HDFC Bank,-0.0031850946754928833,-0.3185094675492883
2026-02-26,HDFC Bank,-0.009916273908654127,-0.9916273908654127
2026-02-27,HDFC Bank,-0.012074263837782429,-1.2074263837782429
2026-03-02,HDFC Bank,-0.009405834929033241,-0.9405834929033241
2026-03-04,HDFC Bank,-0.0122242200588204,-1.22242200588204
2026-03-05,HDFC Bank,0.010475984155599027,1.0475984155599027
2026-03-06,HDFC Bank,-0.023583044150976562,-2.358304415097656
2026-03-09,HDFC Bank,-0.01907700037065352,-1.9077000370653519
2026-03-10,HDFC Bank,0.010407957360046627,1.0407957360046627
2026-03-11,HDFC Bank,-0.018247092896708117,-1.8247092896708117
2026-03-12,HDFC Bank,-0.0014389417316761355,-0.14389417316761355
2026-03-13,HDFC Bank,-0.01891320432964705,-1.8913204329647049
2026-03-16,HDFC Bank,0.028886147550208685,2.8886147550208685
2026-03-17,HDFC Bank,0.0056506682863521895,0.565066828635219
2026-03-18,HDFC Bank,-0.0027207607032612158,-0.2720760703261216
2026-03-19,HDFC Bank,-0.053199650627666184,-5.319965062766618
2026-03-20,HDFC Bank,-0.022237509259669497,-2.2237509259669497
2026-03-23,HDFC Bank,-0.04651157983808685,-4.651157983808685
2026-03-24,HDFC Bank,0.027884110635976178,2.788411063597618
2026-03-25,HDFC Bank,0.022748052841367272,2.2748052841367272
2026-03-27,HDFC Bank,-0.03336317260600907,-3.3363172606009073
2026-03-30,HDFC Bank,-0.03259723212950971,-3.2597232129509712
2026-04-01,HDFC Bank,0.014626523965534544,1.4626523965534544
2026-04-02,HDFC Bank,0.011653777095683715,1.1653777095683715
2026-04-06,HDFC Bank,0.026767855041769595,2.6767855041769595
2026-04-07,HDFC Bank,0.0012969825219191211,0.1296982521919121
2026-04-08,HDFC Bank,0.05712439300525385,5.712439300525385
2026-04-09,HDFC Bank,-0.022546206951919445,-2.2546206951919445
2026-04-10,HDFC Bank,0.015795366089045526,1.5795366089045526
2026-04-13,HDFC Bank,-0.019252139613693764,-1.9252139613693764
2026-04-15,HDFC Bank,0.01912672339401622,1.912672339401622
2026-04-16,HDFC Bank,-0.01784172280484997,-1.7841722804849969
2026-04-17,HDFC Bank,0.005594352903883548,0.5594352903883548
2026-04-20,HDFC Bank,-0.005563230230687499,-0.5563230230687499
2026-04-21,HDFC Bank,0.020491541469136454,2.0491541469136454
2026-04-22,HDFC Bank,-0.014598051977781523,-1.4598051977781523
2026-04-23,HDFC Bank,-0.01944000812886426,-1.9440008128864261
2026-04-24,HDFC Bank,0.0006374932238164543,0.06374932238164543
2026-04-27,HDFC Bank,0.006306917078756191,0.6306917078756191
2026-04-28,HDFC Bank,-0.009179512571661053,-0.9179512571661053
2026-04-29,HDFC Bank,-0.004536462160496746,-0.4536462160496746
2026-04-30,HDFC Bank,-0.009370971627915337,-0.9370971627915337
2026-05-01,HDFC Bank,0.0,0.0
2026-05-04,HDFC Bank,0.009978036340457797,0.9978036340457797
2026-05-05,HDFC Bank,-0.009109672141757286,-0.9109672141757286
2026-05-06,HDFC Bank,0.031399749089936924,3.1399749089936924
2026-05-07,HDFC Bank,-0.0006277293256695682,-0.06277293256695682
2026-05-08,HDFC Bank,-0.019094287675940236,-1.9094287675940236
2026-05-11,HDFC Bank,-0.022027220345781418,-2.2027220345781418
2026-05-12,HDFC Bank,-0.017285402840883424,-1.7285402840883424
2026-05-13,HDFC Bank,-0.001132669214373161,-0.11326692143731609
2026-05-14,HDFC Bank,0.026614222277917543,2.6614222277917543
2026-05-15,HDFC Bank,-0.0026639166161285255,-0.26639166161285255
2026-05-18,HDFC Bank,0.0014983680439768499,0.149836804397685
2026-05-19,HDFC Bank,-0.008066086243387116,-0.8066086243387116
2026-05-20,HDFC Bank,-0.003869072903534665,-0.3869072903534665
2026-05-21,HDFC Bank,-0.0004608213615903134,-0.04608213615903134
2026-05-22,HDFC Bank,0.010077033756975995,1.0077033756975995
2026-05-25,HDFC Bank,0.026147593265809732,2.614759326580973
2026-05-26,HDFC Bank,-0.01010353495589067,-1.010353495589067
2026-05-27,HDFC Bank,-0.025998210590779114,-2.5998210590779114
2026-05-28,HDFC Bank,0.0,0.0
2026-05-29,HDFC Bank,-0.01858566838678044,-1.858566838678044
2026-06-01,HDFC Bank,-0.0024847023765377507,-0.24847023765377507
2026-06-02,HDFC Bank,0.007472758041013217,0.7472758041013217
2026-06-03,HDFC Bank,0.007216830370820881,0.7216830370820881
2026-06-04,HDFC Bank,0.0007297335723297493,0.07297335723297493
2026-06-05,HDFC Bank,-0.009480276968216628,-0.9480276968216628
2026-06-08,HDFC Bank,-0.011244112901075853,-1.1244112901075853
2026-06-09,HDFC Bank,-0.0004062111669768109,-0.04062111669768109
2026-06-10,HDFC Bank,0.011512144817837466,1.1512144817837466
2026-06-11,HDFC Bank,-0.003012635723958046,-0.3012635723958046
2026-06-12,HDFC Bank,0.03740260424183384,3.7402604241833837
2026-06-15,HDFC Bank,0.006343421388081083,0.6343421388081083
2026-06-16,HDFC Bank,0.009712599233722363,0.9712599233722363
2026-06-17,HDFC Bank,0.002802798830629616,0.2802798830629616
2026-06-18,HDFC Bank,0.015118840210480489,1.5118840210480489
2026-06-19,HDFC Bank,-0.00788805624304234,-0.7888056243042341
2026-06-22,HDFC Bank,0.008463755737895706,0.8463755737895706
2026-06-23,HDFC Bank,-0.014941505131252697,-1.4941505131252697
2026-06-24,HDFC Bank,0.02394628181545566,2.394628181545566
2026-06-25,HDFC Bank,0.003908189029538711,0.3908189029538711
2026-06-26,HDFC Bank,0.0,0.0
2026-06-29,HDFC Bank,0.0032651471316733627,0.32651471316733627
2026-06-30,HDFC Bank,-0.0011891503041673301,-0.11891503041673301
2026-07-01,HDFC Bank,-0.0022557651048719096,-0.22557651048719096
2026-07-02,HDFC Bank,-0.0003140111691687375,-0.03140111691687375
2026-07-03,HDFC Bank,0.0064706159328209445,0.6470615932820944
2026-07-06,HDFC Bank,0.03595279724342504,3.595279724342504
2026-07-07,HDFC Bank,-0.0006627556897623732,-0.06627556897623732
2026-07-08,HDFC Bank,-0.022910889038555315,-2.2910889038555315
2026-07-09,HDFC Bank,0.008947303602641066,0.8947303602641066
2026-07-10,HDFC Bank,0.009051464160667821,0.9051464160667821
2026-07-13,HDFC Bank,-0.008485362623697035,-0.8485362623697035
2026-07-14,HDFC Bank,-0.010452946592541479,-1.0452946592541479
2026-07-15,HDFC Bank,0.007474657289945563,0.7474657289945563
2026-07-16,HDFC Bank,-0.008768194625089043,-0.8768194625089043
2026-07-17,HDFC Bank,0.013979943045431487,1.3979943045431487
2026-07-20,HDFC Bank,-0.051244511043297525,-5.1244511043297525
2026-07-21,HDFC Bank,-0.020768986478860052,-2.076898647886005
2026-07-22,HDFC Bank,-0.010900239884311769,-1.0900239884311769
2026-07-23,HDFC Bank,-0.007833797016275179,-0.7833797016275179
2026-07-24,HDFC Bank,-0.005955185288767151,-0.5955185288767151
2026-07-27,HDFC Bank,-0.0043753366362545565,-0.43753366362545565
2026-07-28,HDFC Bank,-0.0056114710937809065,-0.5611471093780906
2026-07-29,HDFC Bank,0.017405476431915146,1.7405476431915146
2026-07-30,HDFC Bank,0.007685110807521545,0.7685110807521545
2026-07-31,HDFC Bank,-0.007692801510793101,-0.7692801510793101
2026-08-03,HDFC Bank,0.006482624377023738,0.6482624377023738
2026-08-04,HDFC Bank,-0.014608233731739695,-1.4608233731739695
2026-08-05,HDFC Bank,-0.009433962264150941,-0.9433962264150941
2020-01-02,ICICI Bank,0.0071729641141939915,0.7172964114193991
2020-01-03,ICICI Bank,-0.0032374532207315454,-0.32374532207315454
2020-01-06,ICICI Bank,-0.024403577607276405,-2.4403577607276405
2020-01-07,ICICI Bank,-0.005326353550517027,-0.5326353550517027
2020-01-08,ICICI Bank,0.005832859000894697,0.5832859000894697
2020-01-09,ICICI Bank,0.03869190779599374,3.869190779599374
2020-01-10,ICICI Bank,-0.011074589286735659,-1.1074589286735659
2020-01-13,ICICI Bank,-0.0030541447517135056,-0.30541447517135056
2020-01-14,ICICI Bank,-0.00185667451092153,-0.185667451092153
2020-01-15,ICICI Bank,-0.003720137952994862,-0.3720137952994862
2020-01-16,ICICI Bank,0.0028940002457114034,0.28940002457114034
2020-01-17,ICICI Bank,-0.009494611547454124,-0.9494611547454124
2020-01-20,ICICI Bank,0.005262485252990778,0.5262485252990778
2020-01-21,ICICI Bank,-0.00710450990417022,-0.710450990417022
2020-01-22,ICICI Bank,-0.01544126365859888,-1.544126365859888
2020-01-23,ICICI Bank,0.009276261939319852,0.9276261939319852
2020-01-24,ICICI Bank,0.01165415034467765,1.165415034467765
2020-01-27,ICICI Bank,0.006368908929179851,0.6368908929179851
2020-01-28,ICICI Bank,-0.01684492365000745,-1.6844923650007448
2020-01-29,ICICI Bank,-0.003029302311684079,-0.3029302311684079
2020-01-30,ICICI Bank,0.010634200015045447,1.0634200015045447
2020-01-31,ICICI Bank,-0.012307259997967224,-1.2307259997967224
2020-02-03,ICICI Bank,-0.01921434862485283,-1.9214348624852828
2020-02-04,ICICI Bank,0.02957989284207474,2.957989284207474
2020-02-05,ICICI Bank,0.015636947829683612,1.5636947829683612
2020-02-06,ICICI Bank,0.004637380676128622,0.4637380676128622
2020-02-07,ICICI Bank,-0.009508896017724644,-0.9508896017724644
2020-02-10,ICICI Bank,-0.004660288846565219,-0.4660288846565219
2020-02-11,ICICI Bank,0.010862230273704032,1.0862230273704032
2020-02-12,ICICI Bank,0.017693618495307817,1.7693618495307817
2020-02-13,ICICI Bank,-0.015110304983086076,-1.5110304983086076
2020-02-14,ICICI Bank,0.008872596348387995,0.8872596348387995
2020-02-17,ICICI Bank,-0.0076950701088769335,-0.7695070108876934
2020-02-18,ICICI Bank,-0.0007386029429907737,-0.07386029429907737
2020-02-19,ICICI Bank,0.006651987165195994,0.6651987165195994
2020-02-20,ICICI Bank,0.004038221472461023,0.4038221472461023
2020-02-24,ICICI Bank,-0.03135285156752621,-3.1352851567526208
2020-02-25,ICICI Bank,0.0020759008141220114,0.20759008141220114
2020-02-26,ICICI Bank,-0.013654715851314614,-1.3654715851314614
2020-02-27,ICICI Bank,-0.015944391939492375,-1.5944391939492375
2020-02-28,ICICI Bank,-0.03512157685007844,-3.512157685007844
2020-03-02,ICICI Bank,0.017797857481865798,1.7797857481865798
2020-03-03,ICICI Bank,0.017091364161191835,1.7091364161191835
2020-03-04,ICICI Bank,-0.012433144733754675,-1.2433144733754675
2020-03-05,ICICI Bank,-0.00757350851230254,-0.757350851230254
2020-03-06,ICICI Bank,-0.035976121624562096,-3.5976121624562096
2020-03-09,ICICI Bank,-0.0588054801145389,-5.8805480114538895
2020-03-11,ICICI Bank,0.017258328144295954,1.7258328144295954
2020-03-12,ICICI Bank,-0.08590136184810859,-8.59013618481086
2020-03-13,ICICI Bank,0.05062836087944733,5.062836087944733
2020-03-16,ICICI Bank,-0.09906077284383819,-9.90607728438382
2020-03-17,ICICI Bank,-0.08848358364500042,-8.848358364500042
2020-03-18,ICICI Bank,-0.033219813380440666,-3.3219813380440666
2020-03-19,ICICI Bank,-0.04647246062135113,-4.647246062135113
2020-03-20,ICICI Bank,0.021119659335048002,2.1119659335048
2020-03-23,ICICI Bank,-0.1784785056211876,-17.84785056211876
2020-03-24,ICICI Bank,0.0440140724747462,4.40140724747462
2020-03-25,ICICI Bank,0.06880268699728931,6.880268699728931
2020-03-26,ICICI Bank,0.04212697744913507,4.212697744913507
2020-03-27,ICICI Bank,0.029068851016008423,2.9068851016008423
2020-03-30,ICICI Bank,-0.07782848684386079,-7.782848684386079
2020-03-31,ICICI Bank,0.033025066886725574,3.3025066886725574
2020-04-01,ICICI Bank,-0.03891902007003989,-3.891902007003989
2020-04-03,ICICI Bank,-0.07874022270271863,-7.874022270271864
2020-04-07,ICICI Bank,0.1376243188182924,13.76243188182924
2020-04-08,ICICI Bank,-0.021925874522447986,-2.1925874522447986
2020-04-09,ICICI Bank,0.07446324349216149,7.446324349216149
2020-04-13,ICICI Bank,-0.03516207728179044,-3.516207728179044
2020-04-15,ICICI Bank,-0.009980255240329305,-0.9980255240329305
2020-04-16,ICICI Bank,0.04475332057336834,4.475332057336834
2020-04-17,ICICI Bank,0.09809928523746714,9.809928523746713
2020-04-20,ICICI Bank,-0.037944363370908785,-3.7944363370908785
2020-04-21,ICICI Bank,-0.08151111403104971,-8.151111403104972
2020-04-22,ICICI Bank,0.012355057831124672,1.2355057831124672
2020-04-23,ICICI Bank,0.05060272184987813,5.060272184987813
2020-04-24,ICICI Bank,-0.051282042035761255,-5.128204203576125
2020-04-27,ICICI Bank,0.038972630700321975,3.8972630700321975
2020-04-28,ICICI Bank,0.034348877041168624,3.4348877041168624
2020-04-29,ICICI Bank,0.029456878495957906,2.9456878495957906
2020-04-30,ICICI Bank,0.026184355729997666,2.6184355729997666
2020-05-04,ICICI Bank,-0.11074579373511906,-11.074579373511906
2020-05-05,ICICI Bank,-0.021298763152185374,-2.1298763152185374
2020-05-06,ICICI Bank,0.031887679660023815,3.1887679660023815
2020-05-07,ICICI Bank,-0.013620432998169174,-1.3620432998169174
2020-05-08,ICICI Bank,0.00282122976817889,0.282122976817889
2020-05-11,ICICI Bank,-0.05196940862055932,-5.196940862055932
2020-05-12,ICICI Bank,0.0032798876920974163,0.3279887692097416
2020-05-13,ICICI Bank,0.05245949676590289,5.245949676590289
2020-05-14,ICICI Bank,-0.03150434598042107,-3.1504345980421067
2020-05-15,ICICI Bank,-0.014355345757612326,-1.4355345757612326
2020-05-18,ICICI Bank,-0.07499224987201447,-7.499224987201448
2020-05-19,ICICI Bank,0.006029923206100962,0.6029923206100962
2020-05-20,ICICI Bank,0.017815626595316658,1.7815626595316658
2020-05-21,ICICI Bank,-0.004089560585647023,-0.4089560585647023
2020-05-22,ICICI Bank,-0.0438568909997431,-4.385689099974311
2020-05-26,ICICI Bank,0.005669134668732978,0.5669134668732978
2020-05-27,ICICI Bank,0.08934081579696596,8.934081579696596
2020-05-28,ICICI Bank,0.025090185176370072,2.5090185176370072
2020-05-29,ICICI Bank,0.015603287866253313,1.5603287866253313
2020-06-01,ICICI Bank,0.02199133206562509,2.199133206562509
2020-06-02,ICICI Bank,0.026971276596343463,2.6971276596343463
2020-06-03,ICICI Bank,0.024253792172273636,2.4253792172273636
2020-06-04,ICICI Bank,-0.02522079969655,-2.522079969655
2020-06-05,ICICI Bank,0.02687945868421271,2.687945868421271
2020-06-08,ICICI Bank,0.007278887955739943,0.7278887955739943
2020-06-09,ICICI Bank,-0.031267518419461515,-3.1267518419461515
2020-06-10,ICICI Bank,0.012767277064016591,1.2767277064016591
2020-06-11,ICICI Bank,-0.03328609772227964,-3.328609772227964
2020-06-12,ICICI Bank,0.008644767050134616,0.8644767050134616
2020-06-15,ICICI Bank,-0.0380593719398451,-3.80593719398451
2020-06-16,ICICI Bank,0.03578969380519115,3.5789693805191147
2020-06-17,ICICI Bank,-0.002915798400100922,-0.2915798400100922
2020-06-18,ICICI Bank,0.02939036562950692,2.939036562950692
2020-06-19,ICICI Bank,0.03352257750526011,3.352257750526011
2020-06-22,ICICI Bank,0.010307823945718608,1.0307823945718608
2020-06-23,ICICI Bank,0.023398222105640798,2.33982221056408
2020-06-24,ICICI Bank,-0.07457138784689199,-7.457138784689199
2020-06-25,ICICI Bank,0.008331144887771424,0.8331144887771424
2020-06-26,ICICI Bank,-0.005413203451744453,-0.5413203451744453
2020-06-29,ICICI Bank,-0.017187043987392014,-1.7187043987392014
2020-06-30,ICICI Bank,0.02433687799055817,2.433687799055817
2020-07-01,ICICI Bank,0.0358513929477986,3.58513929477986
2020-07-02,ICICI Bank,-0.0032962143223671525,-0.32962143223671525
2020-07-03,ICICI Bank,-0.005098480356280688,-0.5098480356280688
2020-07-06,ICICI Bank,0.002354687820750767,0.2354687820750767
2020-07-07,ICICI Bank,0.039242649246827854,3.9242649246827854
2020-07-08,ICICI Bank,-0.01888032280397023,-1.8880322803970229
2020-07-09,ICICI Bank,0.0037945527267670975,0.37945527267670975
2020-07-10,ICICI Bank,-0.02700144037809815,-2.700144037809815
2020-07-13,ICICI Bank,-0.01873196417103462,-1.873196417103462
2020-07-14,ICICI Bank,-0.02276582133877547,-2.276582133877547
2020-07-15,ICICI Bank,0.0007233957093315535,0.07233957093315535
2020-07-16,ICICI Bank,-0.003325435653694253,-0.3325435653694253
2020-07-17,ICICI Bank,0.026548594950205562,2.654859495020556
2020-07-20,ICICI Bank,0.026003462667592236,2.6003462667592236
2020-07-21,ICICI Bank,0.043525991141545095,4.3525991141545095
2020-07-22,ICICI Bank,0.006071801888101636,0.6071801888101636
2020-07-23,ICICI Bank,0.02925753968890099,2.925753968890099
2020-07-24,ICICI Bank,-0.026641170436291883,-2.6641170436291883
2020-07-27,ICICI Bank,-0.06102664079706288,-6.1026640797062885
2020-07-28,ICICI Bank,-0.017852228011557725,-1.7852228011557725
2020-07-29,ICICI Bank,-0.002982175806312548,-0.2982175806312548
2020-07-30,ICICI Bank,-0.01737627241667672,-1.737627241667672
2020-07-31,ICICI Bank,0.005362955097104161,0.5362955097104161
2020-08-03,ICICI Bank,-0.010236460033958505,-1.0236460033958505
2020-08-04,ICICI Bank,0.02257840453802129,2.257840453802129
2020-08-05,ICICI Bank,0.0034188557956105203,0.34188557956105203
2020-08-06,ICICI Bank,0.01859725771960874,1.859725771960874
2020-08-07,ICICI Bank,-0.0022300290534390532,-0.22300290534390532
2020-08-10,ICICI Bank,0.015644647924307975,1.5644647924307975
2020-08-11,ICICI Bank,0.010452585659878944,1.0452585659878944
2020-08-12,ICICI Bank,-0.001361106229256781,-0.1361106229256781
2020-08-13,ICICI Bank,0.0032710552334151988,0.3271055233415199
2020-08-14,ICICI Bank,-0.01806818004983135,-1.806818004983135
2020-08-17,ICICI Bank,-0.003320383605424304,-0.3320383605424304
2020-08-18,ICICI Bank,0.02595776512166803,2.595776512166803
2020-08-19,ICICI Bank,0.01325941553079768,1.325941553079768
2020-08-20,ICICI Bank,-0.017893028127849098,-1.7893028127849098
2020-08-21,ICICI Bank,0.009245352253769878,0.9245352253769878
2020-08-24,ICICI Bank,0.024787891751386404,2.4787891751386404
2020-08-25,ICICI Bank,0.01577493675117636,1.577493675117636
2020-08-26,ICICI Bank,0.007765099901178907,0.7765099901178907
2020-08-27,ICICI Bank,0.007319861325611798,0.7319861325611798
2020-08-28,ICICI Bank,0.044620222792417064,4.462022279241706
2020-08-31,ICICI Bank,-0.03685642240225062,-3.685642240225062
2020-09-01,ICICI Bank,-0.009249821129484359,-0.9249821129484359
2020-09-02,ICICI Bank,0.0037088016506929833,0.37088016506929833
2020-09-03,ICICI Bank,-0.024592194456713456,-2.4592194456713456
2020-09-04,ICICI Bank,-0.0266491612068791,-2.66491612068791
2020-09-07,ICICI Bank,0.0022815154120368053,0.22815154120368053
2020-09-08,ICICI Bank,0.006159609767536933,0.6159609767536933
2020-09-09,ICICI Bank,-0.021559621333763768,-2.1559621333763768
2020-09-10,ICICI Bank,0.008432962900416507,0.8432962900416507
2020-09-11,ICICI Bank,-0.0005395567360302334,-0.053955673603023335
2020-09-14,ICICI Bank,-0.01835354428342517,-1.8353544283425172
2020-09-15,ICICI Bank,0.021583755959703188,2.158375595970319
2020-09-16,ICICI Bank,0.008477935034441053,0.8477935034441053
2020-09-17,ICICI Bank,-0.015212191900231153,-1.5212191900231153
2020-09-18,ICICI Bank,0.0014905738407482438,0.14905738407482438
2020-09-21,ICICI Bank,-0.05100789880492451,-5.100789880492451
2020-09-22,ICICI Bank,0.010550232141036009,1.055023214103601
2020-09-23,ICICI Bank,-0.007195258048326325,-0.7195258048326325
2020-09-24,ICICI Bank,-0.0459002617949954,-4.5900261794995405
2020-09-25,ICICI Bank,0.03857614298094392,3.8576142980943917
2020-09-28,ICICI Bank,0.04115878700266129,4.115878700266129
2020-09-29,ICICI Bank,-0.016391297221060808,-1.6391297221060808
2020-09-30,ICICI Bank,-0.006441581301582122,-0.6441581301582122
2020-10-01,ICICI Bank,0.04073287093137257,4.073287093137257
2020-10-05,ICICI Bank,0.010563413662586063,1.0563413662586063
2020-10-06,ICICI Bank,0.0201018597475926,2.01018597475926
2020-10-07,ICICI Bank,0.0053860571971267035,0.5386057197126703
2020-10-08,ICICI Bank,0.012674930244102933,1.2674930244102933
2020-10-09,ICICI Bank,0.036129040098562326,3.6129040098562326
2020-10-12,ICICI Bank,0.006351102313294277,0.6351102313294277
2020-10-13,ICICI Bank,-0.019304445859493424,-1.9304445859493424
2020-10-14,ICICI Bank,0.026624539097552136,2.6624539097552136
2020-10-15,ICICI Bank,-0.03883972348832587,-3.8839723488325872
2020-10-16,ICICI Bank,0.013043557162433217,1.3043557162433217
2020-10-19,ICICI Bank,0.053016924350841155,5.3016924350841155
2020-10-20,ICICI Bank,-0.0059938710263837125,-0.5993871026383712
2020-10-21,ICICI Bank,0.013748134495309428,1.3748134495309428
2020-10-22,ICICI Bank,-0.017606315150043295,-1.7606315150043295
2020-10-23,ICICI Bank,0.009808608753013148,0.9808608753013148
2020-10-26,ICICI Bank,-0.029979528141441225,-2.9979528141441225
2020-10-27,ICICI Bank,0.01359862072166651,1.359862072166651
2020-10-28,ICICI Bank,-0.033906720562577264,-3.3906720562577264
2020-10-29,ICICI Bank,0.00972113918552897,0.9721139185528971
2020-10-30,ICICI Bank,-0.018254539685202076,-1.8254539685202076
2020-11-02,ICICI Bank,0.06329605025669904,6.329605025669904
2020-11-03,ICICI Bank,0.06324100729925552,6.3241007299255525
2020-11-04,ICICI Bank,-0.015320535848125427,-1.5320535848125427
2020-11-05,ICICI Bank,0.0033176705599000655,0.33176705599000655
2020-11-06,ICICI Bank,0.009806248567332476,0.9806248567332476
2020-11-09,ICICI Bank,0.04494126723201042,4.494126723201042
2020-11-10,ICICI Bank,0.045709961980972436,4.570996198097244
2020-11-11,ICICI Bank,0.005580229068551157,0.5580229068551157
2020-11-12,ICICI Bank,-0.020244493245143325,-2.0244493245143325
2020-11-13,ICICI Bank,0.01856496914860628,1.856496914860628
2020-11-14,ICICI Bank,0.0027805099034450276,0.27805099034450276
2020-11-17,ICICI Bank,-0.0010270404538007538,-0.10270404538007538
2020-11-18,ICICI Bank,0.023129158692585472,2.312915869258547
2020-11-19,ICICI Bank,-0.037978476949174556,-3.7978476949174556
2020-11-20,ICICI Bank,0.003028761704956695,0.3028761704956695
2020-11-23,ICICI Bank,-0.02488554269797072,-2.488554269797072
2020-11-24,ICICI Bank,0.02124946232321223,2.124946232321223
2020-11-25,ICICI Bank,-0.011501517852491094,-1.1501517852491094
2020-11-26,ICICI Bank,0.005500356927815808,0.5500356927815808
2020-11-27,ICICI Bank,-0.004102718110161607,-0.4102718110161607
2020-12-01,ICICI Bank,0.02482312052810176,2.482312052810176
2020-12-02,ICICI Bank,-0.00958568446831165,-0.958568446831165
2020-12-03,ICICI Bank,0.00291386919748593,0.291386919748593
2020-12-04,ICICI Bank,0.04192178972522154,4.192178972522154
2020-12-07,ICICI Bank,0.016731405155620882,1.6731405155620882
2020-12-08,ICICI Bank,-0.004016058499174635,-0.4016058499174635
2020-12-09,ICICI Bank,0.006097539986277267,0.6097539986277267
2020-12-10,ICICI Bank,-0.00889542339526772,-0.8895423395267721
2020-12-11,ICICI Bank,0.016766957387573944,1.6766957387573944
2020-12-14,ICICI Bank,0.020079465489180714,2.0079465489180714
2020-12-15,ICICI Bank,-0.014739395338946526,-1.4739395338946526
2020-12-16,ICICI Bank,-0.01080970889302546,-1.080970889302546
2020-12-17,ICICI Bank,-0.004000508655526369,-0.4000508655526369
2020-12-18,ICICI Bank,0.013224986102602365,1.3224986102602365
2020-12-21,ICICI Bank,-0.0437977514429414,-4.37977514429414
2020-12-22,ICICI Bank,0.011729050076407121,1.1729050076407121
2020-12-23,ICICI Bank,0.00659598496580216,0.659598496580216
2020-12-24,ICICI Bank,0.019757802205134123,1.9757802205134123
2020-12-28,ICICI Bank,0.012754269391166195,1.2754269391166195
2020-12-29,ICICI Bank,0.016727658529748224,1.6727658529748224
2020-12-30,ICICI Bank,-9.465043332512746e-05,-0.009465043332512746
2020-12-31,ICICI Bank,0.011914927623777327,1.1914927623777327
2021-01-01,ICICI Bank,-0.014110815814247224,-1.4110815814247224
2021-01-04,ICICI Bank,0.007962087537903617,0.7962087537903617
2021-01-05,ICICI Bank,0.0104382434499386,1.04382434499386
2021-01-06,ICICI Bank,0.01758962539382014,1.758962539382014
2021-01-07,ICICI Bank,-0.010243279935531091,-1.024327993553109
2021-01-08,ICICI Bank,0.0017556559276614703,0.17556559276614703
2021-01-11,ICICI Bank,0.004888742110136679,0.4888742110136679
2021-01-12,ICICI Bank,0.006058386980169361,0.6058386980169361
2021-01-13,ICICI Bank,0.015511024557467445,1.5511024557467445
2021-01-14,ICICI Bank,-0.005750389460066452,-0.5750389460066452
2021-01-15,ICICI Bank,-0.01861541871292849,-1.8615418712928489
2021-01-18,ICICI Bank,-0.01813988625588192,-1.813988625588192
2021-01-19,ICICI Bank,0.024946109573430908,2.494610957343091
2021-01-20,ICICI Bank,0.00832631195865785,0.832631195865785
2021-01-21,ICICI Bank,0.003085453015878814,0.3085453015878814
2021-01-22,ICICI Bank,-0.03419580022629598,-3.419580022629598
2021-01-25,ICICI Bank,0.007961701905206509,0.7961701905206509
2021-01-27,ICICI Bank,-0.029179490133327768,-2.917949013332777
2021-01-28,ICICI Bank,0.01129509045136512,1.129509045136512
2021-01-29,ICICI Bank,0.01656426788485077,1.656426788485077
2021-02-01,ICICI Bank,0.12439464077101081,12.439464077101082
2021-02-02,ICICI Bank,0.02244134658829866,2.244134658829866
2021-02-03,ICICI Bank,0.008098965549090176,0.8098965549090176
2021-02-04,ICICI Bank,0.009560552826507474,0.9560552826507474
2021-02-05,ICICI Bank,-0.022520985899201595,-2.2520985899201595
2021-02-08,ICICI Bank,0.02515670613562304,2.515670613562304
2021-02-09,ICICI Bank,0.005956140640807517,0.5956140640807517
2021-02-10,ICICI Bank,-0.001894615718357362,-0.1894615718357362
2021-02-11,ICICI Bank,-0.0023727651260505578,-0.23727651260505578
2021-02-12,ICICI Bank,0.026876722756879134,2.6876722756879134
2021-02-15,ICICI Bank,0.04068880980344991,4.068880980344991
2021-02-16,ICICI Bank,-0.0231470976683692,-2.31470976683692
2021-02-17,ICICI Bank,-0.0015189562139653612,-0.15189562139653612
2021-02-18,ICICI Bank,-0.019319916031175777,-1.9319916031175777
2021-02-19,ICICI Bank,-0.031955338123996646,-3.1955338123996646
2021-02-22,ICICI Bank,-0.022754613754968123,-2.2754613754968123
2021-02-23,ICICI Bank,0.010576390591097606,1.0576390591097606
2021-02-24,ICICI Bank,0.040240107586438256,4.024010758643826
2021-02-25,ICICI Bank,-0.020433688163930097,-2.0433688163930097
2021-02-26,ICICI Bank,-0.04816866943430431,-4.816866943430432
2021-03-01,ICICI Bank,0.01773310100426917,1.773310100426917
2021-03-02,ICICI Bank,0.0035341562577213548,0.3534156257721355
2021-03-03,ICICI Bank,0.035380963335960525,3.5380963335960525
2021-03-04,ICICI Bank,-0.017956113564661202,-1.7956113564661202
2021-03-05,ICICI Bank,-0.018203852018249367,-1.8203852018249367
2021-03-08,ICICI Bank,-0.002296997207119511,-0.2296997207119511
2021-03-09,ICICI Bank,0.02804030580062289,2.804030580062289
2021-03-10,ICICI Bank,0.0007997740760399275,0.07997740760399275
2021-03-12,ICICI Bank,-0.020380382539064157,-2.0380382539064157
2021-03-15,ICICI Bank,-0.015256465078162806,-1.5256465078162806
2021-03-16,ICICI Bank,-0.014167455944384288,-1.4167455944384288
2021-03-17,ICICI Bank,-0.009160338983884797,-0.9160338983884797
2021-03-18,ICICI Bank,-0.018490269026602557,-1.8490269026602557
2021-03-19,ICICI Bank,0.013912882611970767,1.3912882611970767
2021-03-22,ICICI Bank,-0.022500660080398527,-2.2500660080398527
2021-03-23,ICICI Bank,0.02258268922390605,2.258268922390605
2021-03-24,ICICI Bank,-0.03223064673347187,-3.223064673347187
2021-03-25,ICICI Bank,0.007136744066711831,0.7136744066711831
2021-03-26,ICICI Bank,0.012247120264950562,1.2247120264950562
2021-03-30,ICICI Bank,0.022297275744146416,2.2297275744146416
2021-03-31,ICICI Bank,-0.01580869207997715,-1.580869207997715
2021-04-01,ICICI Bank,0.02113047066958562,2.113047066958562
2021-04-05,ICICI Bank,-0.03894679828618974,-3.8946798286189743
2021-04-06,ICICI Bank,-0.009365370775952564,-0.9365370775952564
2021-04-07,ICICI Bank,0.020763426663177542,2.076342666317754
2021-04-08,ICICI Bank,-0.0016446792220025097,-0.16446792220025097
2021-04-09,ICICI Bank,-0.018207015697366047,-1.8207015697366047
2021-04-12,ICICI Bank,-0.04883455234637768,-4.883455234637768
2021-04-13,ICICI Bank,0.0409433926368703,4.09433926368703
2021-04-15,ICICI Bank,0.026043491221589665,2.6043491221589665
2021-04-16,ICICI Bank,-0.014342740823324318,-1.4342740823324318
2021-04-19,ICICI Bank,-0.012699503087323927,-1.2699503087323927
2021-04-20,ICICI Bank,-0.0011613404927539595,-0.11613404927539595
2021-04-22,ICICI Bank,0.035950762919782386,3.5950762919782386
2021-04-23,ICICI Bank,-0.015970324032088756,-1.5970324032088756
2021-04-26,ICICI Bank,0.03710834742420621,3.710834742420621
2021-04-27,ICICI Bank,0.012942132744792056,1.2942132744792056
2021-04-28,ICICI Bank,0.037745226153672595,3.7745226153672595
2021-04-29,ICICI Bank,0.0001608996945567931,0.01608996945567931
2021-04-30,ICICI Bank,-0.03371140897399372,-3.3711408973993717
2021-05-03,ICICI Bank,-0.0062448787712696685,-0.6244878771269669
2021-05-04,ICICI Bank,-0.008713823746833271,-0.8713823746833271
2021-05-05,ICICI Bank,0.019017764587268005,1.9017764587268005
2021-05-06,ICICI Bank,0.00895828101000884,0.895828101000884
2021-05-07,ICICI Bank,-0.00180868703404935,-0.180868703404935
2021-05-10,ICICI Bank,0.010130165620833687,1.0130165620833687
2021-05-11,ICICI Bank,-0.0055441960433200155,-0.5544196043320015
2021-05-12,ICICI Bank,-0.024760159434222828,-2.476015943422283
2021-05-14,ICICI Bank,0.0042874612782968224,0.42874612782968224
2021-05-17,ICICI Bank,0.04403134607801662,4.403134607801662
2021-05-18,ICICI Bank,0.015394722958053109,1.5394722958053109
2021-05-19,ICICI Bank,-0.012239426142038545,-1.2239426142038545
2021-05-20,ICICI Bank,-0.010952176246594614,-1.0952176246594614
2021-05-21,ICICI Bank,0.038554789739023265,3.8554789739023265
2021-05-24,ICICI Bank,0.0076270297464857695,0.762702974648577
2021-05-25,ICICI Bank,0.0045570326556865215,0.45570326556865215
2021-05-26,ICICI Bank,0.003382991976036198,0.3382991976036198
2021-05-27,ICICI Bank,-0.00038309486620691224,-0.038309486620691224
2021-05-28,ICICI Bank,-0.014105108715070092,-1.4105108715070092
2021-05-31,ICICI Bank,0.030635325375824918,3.0635325375824918
2021-06-01,ICICI Bank,-0.019087123861060484,-1.9087123861060484
2021-06-02,ICICI Bank,-0.0026919555167566056,-0.26919555167566056
2021-06-03,ICICI Bank,0.002930765846737904,0.2930765846737904
2021-06-04,ICICI Bank,-0.01161110007936006,-1.161110007936006
2021-06-07,ICICI Bank,0.008557688775473249,0.8557688775473249
2021-06-08,ICICI Bank,-0.00894778065783175,-0.894778065783175
2021-06-09,ICICI Bank,-0.0098070993417686,-0.9807099341768599
2021-06-10,ICICI Bank,0.006760056172564255,0.6760056172564255
2021-06-11,ICICI Bank,-0.007339217612532312,-0.7339217612532312
2021-06-14,ICICI Bank,-0.0008652221537714944,-0.08652221537714944
2021-06-15,ICICI Bank,0.015980544048067147,1.5980544048067147
2021-06-16,ICICI Bank,-0.00805832549982266,-0.805832549982266
2021-06-17,ICICI Bank,-0.011092030478154657,-1.1092030478154657
2021-06-18,ICICI Bank,-0.00410740456788905,-0.41074045678890503
2021-06-21,ICICI Bank,0.0013483668276523808,0.13483668276523808
2021-06-22,ICICI Bank,-0.0006336059132519001,-0.06336059132519001
2021-06-23,ICICI Bank,-0.009748686842601662,-0.9748686842601662
2021-06-24,ICICI Bank,0.014967060527744547,1.4967060527744547
2021-06-25,ICICI Bank,0.023578664903415536,2.3578664903415536
2021-06-28,ICICI Bank,0.002002973425669907,0.20029734256699072
2021-06-29,ICICI Bank,-0.015685065661065645,-1.5685065661065645
2021-06-30,ICICI Bank,-0.01437264446338482,-1.437264446338482
2021-07-01,ICICI Bank,-7.92824954336524e-05,-0.00792824954336524
2021-07-02,ICICI Bank,0.014900440123351455,1.4900440123351455
2021-07-05,ICICI Bank,0.011870479999681827,1.1870479999681827
2021-07-06,ICICI Bank,0.003781629695959854,0.3781629695959854
2021-07-07,ICICI Bank,0.005689728651162795,0.5689728651162795
2021-07-08,ICICI Bank,-0.018501481038993517,-1.8501481038993517
2021-07-09,ICICI Bank,-0.005218816848090779,-0.5218816848090779
2021-07-12,ICICI Bank,0.012058347272428716,1.2058347272428716
2021-07-13,ICICI Bank,0.02893633095335235,2.893633095335235
2021-07-14,ICICI Bank,-0.0009023851621809964,-0.09023851621809964
2021-07-15,ICICI Bank,0.004666294875275145,0.46662948752751454
2021-07-16,ICICI Bank,-0.01071245373398444,-1.071245373398444
2021-07-19,ICICI Bank,-0.006663611511477763,-0.6663611511477763
2021-07-20,ICICI Bank,-0.021344720806646955,-2.1344720806646955
2021-07-22,ICICI Bank,0.02188817846428326,2.188817846428326
2021-07-23,ICICI Bank,0.03155725657406472,3.155725657406472
2021-07-26,ICICI Bank,0.00014765591994914118,0.014765591994914118
2021-07-27,ICICI Bank,0.001034379190998802,0.1034379190998802
2021-07-28,ICICI Bank,0.011218650538007191,1.121865053800719
2021-07-29,ICICI Bank,0.006514922444164295,0.6514922444164295
2021-07-30,ICICI Bank,-0.007272756135534242,-0.7272756135534242
2021-08-02,ICICI Bank,-0.001611728054917716,-0.1611728054917716
2021-08-03,ICICI Bank,0.01320806073590397,1.320806073590397
2021-08-04,ICICI Bank,0.03512461560236235,3.5124615602362352
2021-08-05,ICICI Bank,-0.017071273060016212,-1.7071273060016212
2021-08-06,ICICI Bank,-0.006833253722844157,-0.6833253722844157
2021-08-09,ICICI Bank,0.007453442135095134,0.7453442135095134
2021-08-10,ICICI Bank,-0.00277433968259988,-0.277433968259988
2021-08-11,ICICI Bank,-0.010486560055056326,-1.0486560055056326
2021-08-12,ICICI Bank,0.011246531775011226,1.1246531775011226
2021-08-13,ICICI Bank,0.00491901417784546,0.491901417784546
2021-08-16,ICICI Bank,-0.0030505234163052952,-0.3050523416305295
2021-08-17,ICICI Bank,-0.0020635345779981273,-0.20635345779981273
2021-08-18,ICICI Bank,-0.01839710857075738,-1.8397108570757381
2021-08-20,ICICI Bank,-0.011041558366611914,-1.1041558366611914
2021-08-23,ICICI Bank,0.002938070463540887,0.2938070463540887
2021-08-24,ICICI Bank,0.017211144062424744,1.7211144062424744
2021-08-25,ICICI Bank,-0.004896071885683417,-0.48960718856834173
2021-08-26,ICICI Bank,0.011214864368914057,1.1214864368914057
2021-08-27,ICICI Bank,0.0013594789378377214,0.13594789378377214
2021-08-30,ICICI Bank,0.0198642276057841,1.9864227605784102
2021-08-31,ICICI Bank,0.007566765341184611,0.7566765341184611
2021-09-01,ICICI Bank,0.001182208333752488,0.1182208333752488
2021-09-02,ICICI Bank,0.007292532183681422,0.7292532183681422
2021-09-03,ICICI Bank,-0.0011721760955702987,-0.11721760955702987
2021-09-06,ICICI Bank,-0.004349044553177417,-0.4349044553177417
2021-09-07,ICICI Bank,-0.005893301148753305,-0.5893301148753305
2021-09-08,ICICI Bank,0.005649346476787942,0.5649346476787942
2021-09-09,ICICI Bank,-0.000971033061946347,-0.0971033061946347
2021-09-13,ICICI Bank,-0.017840925098578597,-1.7840925098578597
2021-09-14,ICICI Bank,7.068165368884216e-05,0.007068165368884216
2021-09-15,ICICI Bank,0.009753199441726146,0.9753199441726146
2021-09-16,ICICI Bank,0.017988544967898257,1.7988544967898257
2021-09-17,ICICI Bank,-0.009694671128784749,-0.9694671128784749
2021-09-20,ICICI Bank,-0.01409442990491494,-1.409442990491494
2021-09-21,ICICI Bank,0.0026056445145177243,0.2605644514517724
2021-09-22,ICICI Bank,-0.011940766808305026,-1.1940766808305026
2021-09-23,ICICI Bank,0.019407293804551307,1.9407293804551307
2021-09-24,ICICI Bank,0.008298321884091742,0.8298321884091742
2021-09-27,ICICI Bank,0.009751664195259746,0.9751664195259746
2021-09-28,ICICI Bank,-0.017602552406170924,-1.7602552406170924
2021-09-29,ICICI Bank,-0.01066735537976149,-1.066735537976149
2021-09-30,ICICI Bank,-0.012191734439762736,-1.2191734439762736
2021-10-01,ICICI Bank,-0.012128180637100638,-1.2128180637100638
2021-10-04,ICICI Bank,0.01133833544580476,1.133833544580476
2021-10-05,ICICI Bank,-0.004427324537949695,-0.4427324537949695
2021-10-06,ICICI Bank,-0.010902263201523432,-1.0902263201523432
2021-10-07,ICICI Bank,0.018419126863207458,1.8419126863207458
2021-10-08,ICICI Bank,0.001709012149772482,0.1709012149772482
2021-10-11,ICICI Bank,0.014074460964463631,1.407446096446363
2021-10-12,ICICI Bank,-0.006589208280022962,-0.6589208280022962
2021-10-13,ICICI Bank,0.0019052625075106633,0.19052625075106633
2021-10-14,ICICI Bank,0.024438349641207058,2.4438349641207058
2021-10-18,ICICI Bank,0.0249553270828764,2.49553270828764
2021-10-19,ICICI Bank,0.0026829539220538656,0.26829539220538656
2021-10-20,ICICI Bank,-0.002140704844281749,-0.2140704844281749
2021-10-21,ICICI Bank,0.012938311196653451,1.2938311196653451
2021-10-22,ICICI Bank,0.005029633904869213,0.5029633904869213
2021-10-25,ICICI Bank,0.10852120892643957,10.852120892643956
2021-10-26,ICICI Bank,-0.014613265643126705,-1.4613265643126705
2021-10-27,ICICI Bank,0.0067517426739454045,0.6751742673945405
2021-10-28,ICICI Bank,-0.04347300431185086,-4.3473004311850865
2021-10-29,ICICI Bank,0.004194253312880258,0.41942533128802584
2021-11-01,ICICI Bank,0.0023065988536941084,0.23065988536941084
2021-11-02,ICICI Bank,-0.0036696257095435447,-0.3669625709543545
2021-11-03,ICICI Bank,-0.01872767949095777,-1.8727679490957772
2021-11-04,ICICI Bank,-0.004898630947412053,-0.48986309474120526
2021-11-08,ICICI Bank,-0.0024931353590768035,-0.24931353590768035
2021-11-09,ICICI Bank,0.008203501959924697,0.8203501959924697
2021-11-10,ICICI Bank,-0.007183297679295708,-0.7183297679295708
2021-11-11,ICICI Bank,-0.012101470601857511,-1.2101470601857511
2021-11-12,ICICI Bank,0.00667576794279201,0.667576794279201
2021-11-15,ICICI Bank,-0.004249227439189873,-0.4249227439189873
2021-11-16,ICICI Bank,-0.011961770581642495,-1.1961770581642495
2021-11-17,ICICI Bank,-0.00359933858073902,-0.359933858073902
2021-11-18,ICICI Bank,0.002101843651437063,0.2101843651437063
2021-11-22,ICICI Bank,-0.014287560707349156,-1.4287560707349156
2021-11-23,ICICI Bank,-0.00019963763154162706,-0.019963763154162706
2021-11-24,ICICI Bank,0.011105984611329722,1.1105984611329722
2021-11-25,ICICI Bank,-0.012036271995057413,-1.2036271995057413
2021-11-26,ICICI Bank,-0.038412959912136224,-3.8412959912136224
2021-11-29,ICICI Bank,-0.005261634228254208,-0.5261634228254208
2021-11-30,ICICI Bank,-0.005637639068505784,-0.5637639068505784
2021-12-01,ICICI Bank,0.01868839607077888,1.8688396070778879
2021-12-02,ICICI Bank,-0.007283163760228528,-0.7283163760228528
2021-12-03,ICICI Bank,-0.008444109422082291,-0.8444109422082291
2021-12-06,ICICI Bank,-0.009423464337617649,-0.9423464337617649
2021-12-07,ICICI Bank,0.03537467867094035,3.537467867094035
2021-12-08,ICICI Bank,0.025522199875315676,2.5522199875315676
2021-12-09,ICICI Bank,0.0021237988518163498,0.21237988518163498
2021-12-10,ICICI Bank,0.0039734419206316485,0.39734419206316485
2021-12-13,ICICI Bank,-0.005276982790351048,-0.5276982790351048
2021-12-14,ICICI Bank,0.006167133664652713,0.6167133664652713
2021-12-15,ICICI Bank,-0.0084359879280137,-0.84359879280137
2021-12-16,ICICI Bank,-0.014755791299721044,-1.4755791299721044
2021-12-17,ICICI Bank,-0.017337990563227823,-1.7337990563227823
2021-12-20,ICICI Bank,-0.025195590052972006,-2.5195590052972006
2021-12-21,ICICI Bank,0.014648977854306855,1.4648977854306855
2021-12-22,ICICI Bank,0.01728315741731623,1.728315741731623
2021-12-23,ICICI Bank,-0.0020470381502761814,-0.20470381502761814
2021-12-24,ICICI Bank,-0.0057431341993745555,-0.5743134199374555
2021-12-27,ICICI Bank,0.01224045730147405,1.224045730147405
2021-12-28,ICICI Bank,-0.00027174023151199656,-0.027174023151199656
2021-12-29,ICICI Bank,-0.00013599328260449628,-0.013599328260449628
2021-12-30,ICICI Bank,0.0,0.0
2021-12-31,ICICI Bank,0.0060486861796853475,0.6048686179685347
2022-01-03,ICICI Bank,0.03316908872877833,3.316908872877833
2022-01-04,ICICI Bank,0.010657650786317197,1.0657650786317197
2022-01-05,ICICI Bank,0.019667381112713267,1.9667381112713267
2022-01-06,ICICI Bank,-0.003806800467904936,-0.3806800467904936
2022-01-07,ICICI Bank,0.010445237629721937,1.0445237629721937
2022-01-10,ICICI Bank,0.022061150884340908,2.2061150884340908
2022-01-11,ICICI Bank,-0.00012326482261448835,-0.012326482261448835
2022-01-12,ICICI Bank,0.01615977967081972,1.6159779670819718
2022-01-13,ICICI Bank,0.0011532672271603595,0.11532672271603595
2022-01-14,ICICI Bank,-0.005698988375897995,-0.5698988375897995
2022-01-17,ICICI Bank,-0.0008537393520525738,-0.08537393520525738
2022-01-18,ICICI Bank,0.004638047291245506,0.4638047291245506
2022-01-19,ICICI Bank,-0.01761624766940373,-1.7616247669403728
2022-01-20,ICICI Bank,0.0020404937927493982,0.20404937927493982
2022-01-21,ICICI Bank,-0.007096526273921544,-0.7096526273921544
2022-01-24,ICICI Bank,-0.007520071981189536,-0.7520071981189536
2022-01-25,ICICI Bank,0.004007622031415359,0.4007622031415359
2022-01-27,ICICI Bank,-0.008731867906416002,-0.8731867906416002
2022-01-28,ICICI Bank,-0.01698859931550223,-1.6988599315502229
2022-01-31,ICICI Bank,0.009793130057774047,0.9793130057774047
2022-02-01,ICICI Bank,0.027256543229877694,2.7256543229877694
2022-02-02,ICICI Bank,0.0042578566240742965,0.42578566240742965
2022-02-03,ICICI Bank,-0.005898718943497028,-0.5898718943497028
2022-02-04,ICICI Bank,-0.004821084006588761,-0.48210840065887606
2022-02-07,ICICI Bank,-0.02316620027718541,-2.316620027718541
2022-02-08,ICICI Bank,0.007756817341576072,0.7756817341576072
2022-02-09,ICICI Bank,0.01299681843085887,1.299681843085887
2022-02-10,ICICI Bank,0.0033633215608253053,0.33633215608253053
2022-02-11,ICICI Bank,-0.01824968654066217,-1.8249686540662169
2022-02-14,ICICI Bank,-0.046914311500417694,-4.691431150041769
2022-02-15,ICICI Bank,0.02965357314388939,2.965357314388939
2022-02-16,ICICI Bank,-0.015462902655313027,-1.5462902655313027
2022-02-17,ICICI Bank,-0.017930753612190098,-1.7930753612190098
2022-02-18,ICICI Bank,-0.0019323548125114165,-0.19323548125114165
2022-02-21,ICICI Bank,0.007410814059288784,0.7410814059288784
2022-02-22,ICICI Bank,-0.004175243841843312,-0.41752438418433124
2022-02-23,ICICI Bank,-0.008917827378036591,-0.8917827378036591
2022-02-24,ICICI Bank,-0.04995973957568611,-4.995973957568611
2022-02-25,ICICI Bank,0.03201869942348701,3.2018699423487007
2022-02-28,ICICI Bank,0.017327562665018226,1.7327562665018226
2022-03-02,ICICI Bank,-0.03749838208853473,-3.749838208853473
2022-03-03,ICICI Bank,-0.023151715916665982,-2.3151715916665982
2022-03-04,ICICI Bank,-0.014678474094386385,-1.4678474094386385
2022-03-07,ICICI Bank,-0.049850953887740856,-4.985095388774086
2022-03-08,ICICI Bank,0.01720828736397606,1.720828736397606
2022-03-09,ICICI Bank,0.003684321058910589,0.3684321058910589
2022-03-10,ICICI Bank,0.013708756655832266,1.3708756655832266
2022-03-11,ICICI Bank,0.0019215670534058482,0.19215670534058482
2022-03-14,ICICI Bank,0.026921293466603435,2.6921293466603435
2022-03-15,ICICI Bank,0.0017236821956962967,0.17236821956962967
2022-03-16,ICICI Bank,0.015272073069521719,1.5272073069521719
2022-03-17,ICICI Bank,0.0170905555584433,1.7090555558443299
2022-03-21,ICICI Bank,-0.012984447336006122,-1.2984447336006122
2022-03-22,ICICI Bank,0.01048192837771511,1.048192837771511
2022-03-23,ICICI Bank,0.0001391491985094362,0.013914919850943619
2022-03-24,ICICI Bank,-0.019629586017618994,-1.9629586017618994
2022-03-25,ICICI Bank,-0.007029281554839728,-0.7029281554839728
2022-03-28,ICICI Bank,0.015874124954004643,1.5874124954004643
2022-03-29,ICICI Bank,0.006968424493996039,0.6968424493996039
2022-03-30,ICICI Bank,0.02180912016784764,2.180912016784764
2022-03-31,ICICI Bank,-0.0008209958244415061,-0.08209958244415061
2022-04-01,ICICI Bank,0.008147283096431535,0.8147283096431535
2022-04-04,ICICI Bank,0.014057696928412744,1.4057696928412744
2022-04-05,ICICI Bank,-0.006429087245026444,-0.6429087245026444
2022-04-06,ICICI Bank,-0.0002696155583231663,-0.02696155583231663
2022-04-07,ICICI Bank,0.009371752960068314,0.9371752960068314
2022-04-08,ICICI Bank,0.007681378670912453,0.7681378670912453
2022-04-11,ICICI Bank,0.0070264110381479394,0.7026411038147939
2022-04-12,ICICI Bank,0.005594989394170913,0.5594989394170913
2022-04-13,ICICI Bank,-0.0020945777226644147,-0.20945777226644147
2022-04-18,ICICI Bank,-0.0058380867211392795,-0.583808672113928
2022-04-19,ICICI Bank,0.011216726822462775,1.1216726822462775
2022-04-20,ICICI Bank,-0.014028423665201073,-1.4028423665201073
2022-04-21,ICICI Bank,0.009000103212963184,0.9000103212963184
2022-04-22,ICICI Bank,-0.019282477208746318,-1.9282477208746318
2022-04-25,ICICI Bank,0.006085760095378756,0.6085760095378756
2022-04-26,ICICI Bank,0.0020605461632523525,0.20605461632523525
2022-04-27,ICICI Bank,-0.02262024129705309,-2.262024129705309
2022-04-28,ICICI Bank,0.014184937156039412,1.4184937156039412
2022-04-29,ICICI Bank,-0.005153020338961145,-0.5153020338961145
2022-05-02,ICICI Bank,-0.0030942367397140957,-0.3094236739714096
2022-05-04,ICICI Bank,-0.022604595674369232,-2.2604595674369232
2022-05-05,ICICI Bank,0.006282299321376472,0.6282299321376472
2022-05-06,ICICI Bank,-0.013103612796277808,-1.3103612796277808
2022-05-09,ICICI Bank,-0.012374050910189283,-1.2374050910189283
2022-05-10,ICICI Bank,0.001337463722870913,0.1337463722870913
2022-05-11,ICICI Bank,0.004077058402006228,0.40770584020062284
2022-05-12,ICICI Bank,-0.025763194570737946,-2.5763194570737946
2022-05-13,ICICI Bank,-0.026516166727294732,-2.651616672729473
2022-05-16,ICICI Bank,0.008341176429811137,0.8341176429811137
2022-05-17,ICICI Bank,0.03953155113300921,3.9531551133009213
2022-05-18,ICICI Bank,-0.0037324097099848963,-0.37324097099848963
2022-05-19,ICICI Bank,-0.02410406008724597,-2.410406008724597
2022-05-20,ICICI Bank,0.02788644962079978,2.788644962079978
2022-05-23,ICICI Bank,0.0021141140475147147,0.21141140475147147
2022-05-24,ICICI Bank,-0.004078491871795209,-0.4078491871795209
2022-05-25,ICICI Bank,0.0073430170372941195,0.734301703729412
2022-05-26,ICICI Bank,0.02123781949503445,2.123781949503445
2022-05-27,ICICI Bank,0.01551130103849685,1.551130103849685
2022-05-30,ICICI Bank,0.011759897763139904,1.1759897763139904
2022-05-31,ICICI Bank,0.005811647387051755,0.5811647387051755
2022-06-01,ICICI Bank,-0.0002656582665444551,-0.026565826654445512
2022-06-02,ICICI Bank,-0.003852984159541828,-0.3852984159541828
2022-06-03,ICICI Bank,-0.007269119225674414,-0.7269119225674414
2022-06-06,ICICI Bank,0.0032916969306366894,0.32916969306366894
2022-06-07,ICICI Bank,-0.015400129767590975,-1.5400129767590975
2022-06-08,ICICI Bank,-0.007820329023743855,-0.7820329023743855
2022-06-09,ICICI Bank,0.004454950102088517,0.44549501020885174
2022-06-10,ICICI Bank,-0.01740019043838581,-1.740019043838581
2022-06-13,ICICI Bank,-0.044444364150196924,-4.444436415019693
2022-06-14,ICICI Bank,-0.0036336434490017444,-0.36336434490017444
2022-06-15,ICICI Bank,0.00255270614342451,0.255270614342451
2022-06-16,ICICI Bank,-0.012731770752787197,-1.2731770752787197
2022-06-17,ICICI Bank,0.012306421037009185,1.2306421037009185
2022-06-20,ICICI Bank,-0.00131024283234904,-0.131024283234904
2022-06-21,ICICI Bank,0.014796964588593697,1.4796964588593697
2022-06-22,ICICI Bank,-0.013647429271853029,-1.3647429271853029
2022-06-23,ICICI Bank,0.018278455548273342,1.8278455548273342
2022-06-24,ICICI Bank,0.02045349124145912,2.045349124145912
2022-06-27,ICICI Bank,0.005466239686543695,0.5466239686543695
2022-06-28,ICICI Bank,-0.009827879429889608,-0.9827879429889608
2022-06-29,ICICI Bank,-0.010629177523773126,-1.0629177523773126
2022-06-30,ICICI Bank,0.006332201535038218,0.6332201535038218
2022-07-01,ICICI Bank,-0.004666129405910602,-0.4666129405910602
2022-07-04,ICICI Bank,0.023014633900095838,2.3014633900095838
2022-07-05,ICICI Bank,-0.0009028322197432992,-0.09028322197432992
2022-07-06,ICICI Bank,0.009034628524004829,0.9034628524004829
2022-07-07,ICICI Bank,0.022109140835128382,2.2109140835128382
2022-07-08,ICICI Bank,0.018463686068764362,1.8463686068764362
2022-07-11,ICICI Bank,0.018261118903489804,1.8261118903489804
2022-07-12,ICICI Bank,-0.012475601477034748,-1.2475601477034748
2022-07-13,ICICI Bank,-0.00881698493717753,-0.881698493717753
2022-07-14,ICICI Bank,-0.0010621391860616836,-0.10621391860616836
2022-07-15,ICICI Bank,-0.0015949871206877297,-0.15949871206877297
2022-07-18,ICICI Bank,0.02768906101878188,2.768906101878188
2022-07-19,ICICI Bank,0.011204709258983758,1.1204709258983758
2022-07-20,ICICI Bank,0.0031383417727424145,0.31383417727424145
2022-07-21,ICICI Bank,0.0037032460526811306,0.37032460526811306
2022-07-22,ICICI Bank,0.017875310933149313,1.7875310933149313
2022-07-25,ICICI Bank,0.001062437979508779,0.1062437979508779
2022-07-26,ICICI Bank,-0.00574356218109584,-0.574356218109584
2022-07-27,ICICI Bank,0.00527449561086879,0.527449561086879
2022-07-28,ICICI Bank,0.017613983195238214,1.7613983195238214
2022-07-29,ICICI Bank,0.0049103274610993175,0.49103274610993175
2022-08-01,ICICI Bank,0.005863693768964895,0.5863693768964895
2022-08-02,ICICI Bank,-0.006861743531556552,-0.6861743531556552
2022-08-03,ICICI Bank,0.008621173945241312,0.8621173945241312
2022-08-04,ICICI Bank,-0.00551651133816633,-0.551651133816633
2022-08-05,ICICI Bank,0.02188350708864273,2.188350708864273
2022-08-08,ICICI Bank,0.004500840538935069,0.4500840538935069
2022-08-10,ICICI Bank,0.014098718460690884,1.4098718460690884
2022-08-11,ICICI Bank,0.01290140872283807,1.290140872283807
2022-08-12,ICICI Bank,0.01709903865137541,1.709903865137541
2022-08-16,ICICI Bank,0.005546633042839755,0.5546633042839755
2022-08-17,ICICI Bank,0.004549328594192437,0.45493285941924366
2022-08-18,ICICI Bank,0.002094476829609171,0.2094476829609171
2022-08-19,ICICI Bank,-0.01660820018660536,-1.660820018660536
2022-08-22,ICICI Bank,-0.020852525988301118,-2.085252598830112
2022-08-23,ICICI Bank,0.013669767933068622,1.3669767933068622
2022-08-24,ICICI Bank,0.010880785776850255,1.0880785776850255
2022-08-25,ICICI Bank,-0.0010878433112730956,-0.10878433112730956
2022-08-26,ICICI Bank,-0.0017195102887912483,-0.17195102887912483
2022-08-29,ICICI Bank,-0.0172245761177382,-1.72245761177382
2022-08-30,ICICI Bank,0.03674706955120466,3.674706955120466
2022-09-01,ICICI Bank,-0.01459477472730808,-1.459477472730808
2022-09-02,ICICI Bank,-0.002230062620510398,-0.2230062620510398
2022-09-05,ICICI Bank,0.011519883234451411,1.1519883234451411
2022-09-06,ICICI Bank,0.0013598208081389007,0.13598208081389007
2022-09-07,ICICI Bank,-0.008430932004286462,-0.8430932004286462
2022-09-08,ICICI Bank,0.025793128757318318,2.5793128757318318
2022-09-09,ICICI Bank,0.002725818057697227,0.2725818057697227
2022-09-12,ICICI Bank,0.006602058370297481,0.6602058370297481
2022-09-13,ICICI Bank,0.003086445288684736,0.3086445288684736
2022-09-14,ICICI Bank,0.008900922301315894,0.8900922301315894
2022-09-15,ICICI Bank,-0.0005445854895137492,-0.05445854895137492
2022-09-16,ICICI Bank,-0.009263341503473521,-0.9263341503473521
2022-09-19,ICICI Bank,-0.010889777479658802,-1.0889777479658802
2022-09-20,ICICI Bank,0.01951737243742735,1.951737243742735
2022-09-21,ICICI Bank,-0.0016362309500562722,-0.16362309500562722
2022-09-22,ICICI Bank,-0.012947285412334142,-1.2947285412334142
2022-09-23,ICICI Bank,-0.02341156317843407,-2.341156317843407
2022-09-26,ICICI Bank,-0.02402949689447298,-2.402949689447298
2022-09-27,ICICI Bank,-0.009871570401726482,-0.9871570401726482
2022-09-28,ICICI Bank,-0.0035776314508413343,-0.3577631450841334
2022-09-29,ICICI Bank,-0.0065920941201208505,-0.659209412012085
2022-09-30,ICICI Bank,0.021448066428787493,2.1448066428787493
2022-10-03,ICICI Bank,-0.01583526188101958,-1.583526188101958
2022-10-04,ICICI Bank,0.022750040259702287,2.2750040259702287
2022-10-06,ICICI Bank,0.020515163890868937,2.0515163890868937
2022-10-07,ICICI Bank,-0.0032751651615543498,-0.327516516155435
2022-10-10,ICICI Bank,-0.0009064207579001504,-0.09064207579001504
2022-10-11,ICICI Bank,-0.012645393700801533,-1.2645393700801533
2022-10-12,ICICI Bank,-0.0025843777005124524,-0.25843777005124524
2022-10-13,ICICI Bank,-0.016986236335701843,-1.6986236335701843
2022-10-14,ICICI Bank,0.019505653046793192,1.9505653046793192
2022-10-17,ICICI Bank,0.017178976194624607,1.7178976194624607
2022-10-18,ICICI Bank,0.013217439161866018,1.3217439161866018
2022-10-19,ICICI Bank,-0.0053518615305073736,-0.5351861530507374
2022-10-20,ICICI Bank,-0.003867204371891586,-0.3867204371891586
2022-10-21,ICICI Bank,0.02081806149315879,2.081806149315879
2022-10-24,ICICI Bank,0.02111007744176563,2.111007744176563
2022-10-25,ICICI Bank,-0.0013495815139744627,-0.13495815139744627
2022-10-27,ICICI Bank,-0.0007025671383221743,-0.07025671383221743
2022-10-28,ICICI Bank,-0.017903562453644994,-1.7903562453644994
2022-10-31,ICICI Bank,0.000936393794511714,0.0936393794511714
2022-11-01,ICICI Bank,-0.00011015482409759692,-0.011015482409759692
2022-11-02,ICICI Bank,-0.004292346318826912,-0.4292346318826912
2022-11-03,ICICI Bank,0.0043662057750595284,0.43662057750595284
2022-11-04,ICICI Bank,-0.0036868843016362174,-0.36868843016362174
2022-11-07,ICICI Bank,0.013476263783793518,1.3476263783793518
2022-11-09,ICICI Bank,-0.007629456789441047,-0.7629456789441047
2022-11-10,ICICI Bank,0.0002196663067215443,0.02196663067215443
2022-11-11,ICICI Bank,-0.004556988255801087,-0.45569882558010866
2022-11-14,ICICI Bank,-0.01279560306036931,-1.279560306036931
2022-11-15,ICICI Bank,0.01871605291875489,1.8716052918754889
2022-11-16,ICICI Bank,0.0020839793233387027,0.20839793233387027
2022-11-17,ICICI Bank,0.006786342067181206,0.6786342067181206
2022-11-18,ICICI Bank,0.0005978888127042836,0.05978888127042836
2022-11-21,ICICI Bank,0.0011409912677742273,0.11409912677742273
2022-11-22,ICICI Bank,0.002496175645334775,0.2496175645334775
2022-11-23,ICICI Bank,0.004059731186716542,0.4059731186716542
2022-11-24,ICICI Bank,0.012291739009617997,1.2291739009617997
2022-11-25,ICICI Bank,-0.009106814662566132,-0.9106814662566132
2022-11-28,ICICI Bank,0.007631944563093018,0.7631944563093018
2022-11-29,ICICI Bank,0.009974351398689407,0.9974351398689407
2022-11-30,ICICI Bank,0.006495957631108107,0.6495957631108107
2022-12-01,ICICI Bank,-0.013327782986284453,-1.3327782986284453
2022-12-02,ICICI Bank,-0.010210640240632007,-1.0210640240632007
2022-12-05,ICICI Bank,0.0032236907073353027,0.32236907073353027
2022-12-06,ICICI Bank,-0.01172866488264579,-1.172866488264579
2022-12-07,ICICI Bank,-0.0005419681826120959,-0.05419681826120959
2022-12-08,ICICI Bank,0.010573084417167866,1.0573084417167866
2022-12-09,ICICI Bank,-0.002146151648027117,-0.2146151648027117
2022-12-12,ICICI Bank,0.00043023489821591987,0.04302348982159199
2022-12-13,ICICI Bank,0.0028485126091464252,0.2848512609146425
2022-12-14,ICICI Bank,-0.012004962861693391,-1.2004962861693391
2022-12-15,ICICI Bank,-0.014049368768559,-1.4049368768559
2022-12-16,ICICI Bank,-0.007482417246003181,-0.7482417246003181
2022-12-19,ICICI Bank,0.004933581189485725,0.4933581189485725
2022-12-20,ICICI Bank,0.003585404321189145,0.3585404321189145
2022-12-21,ICICI Bank,-0.019182201796607568,-1.9182201796607568
2022-12-22,ICICI Bank,-0.0017931333722649434,-0.17931333722649434
2022-12-23,ICICI Bank,-0.01319271733562799,-1.319271733562799
2022-12-26,ICICI Bank,0.016270445883029172,1.6270445883029172
2022-12-27,ICICI Bank,0.008340789125253822,0.8340789125253822
2022-12-28,ICICI Bank,-0.0018875487889308262,-0.18875487889308262
2022-12-29,ICICI Bank,0.010122847268038138,1.0122847268038138
2022-12-30,ICICI Bank,-0.01894171770618358,-1.894171770618358
2023-01-02,ICICI Bank,0.013021320462560437,1.3021320462560437
2023-01-03,ICICI Bank,-0.0012189067817974797,-0.12189067817974797
2023-01-04,ICICI Bank,-0.00249628021149495,-0.249628021149495
2023-01-05,ICICI Bank,-0.02218882214329354,-2.218882214329354
2023-01-06,ICICI Bank,-0.010294154468492356,-1.0294154468492356
2023-01-09,ICICI Bank,0.0037353367247050517,0.3735336724705052
2023-01-10,ICICI Bank,-0.01374018644517394,-1.374018644517394
2023-01-11,ICICI Bank,0.005746805334950977,0.5746805334950977
2023-01-12,ICICI Bank,-0.006521990950990597,-0.6521990950990597
2023-01-13,ICICI Bank,0.014872498980409654,1.4872498980409654
2023-01-16,ICICI Bank,-0.009388059305943441,-0.9388059305943441
2023-01-17,ICICI Bank,-0.00011561354343414543,-0.011561354343414543
2023-01-18,ICICI Bank,0.005027948030587925,0.5027948030587925
2023-01-19,ICICI Bank,-0.003852672402937074,-0.3852672402937074
2023-01-20,ICICI Bank,0.004848975614942352,0.48489756149423524
2023-01-23,ICICI Bank,0.0015511299282924274,0.15511299282924274
2023-01-24,ICICI Bank,-0.0010897676669746614,-0.10897676669746614
2023-01-25,ICICI Bank,-0.017743382331849578,-1.7743382331849578
2023-01-27,ICICI Bank,-0.044545636425809554,-4.454563642580956
2023-01-30,ICICI Bank,0.007709063415287654,0.7709063415287654
2023-01-31,ICICI Bank,0.010200449763709818,1.0200449763709818
2023-02-01,ICICI Bank,0.019293191303783486,1.9293191303783486
2023-02-02,ICICI Bank,0.011734227879801828,1.1734227879801828
2023-02-03,ICICI Bank,0.00687713918068078,0.687713918068078
2023-02-06,ICICI Bank,-0.011692553978692843,-1.1692553978692843
2023-02-07,ICICI Bank,-0.0011126712643779735,-0.11126712643779735
2023-02-08,ICICI Bank,0.007446337574847917,0.7446337574847917
2023-02-09,ICICI Bank,0.0019789129839935526,0.19789129839935526
2023-02-10,ICICI Bank,-0.008073968956948563,-0.8073968956948563
2023-02-13,ICICI Bank,-0.0037476251854772213,-0.37476251854772213
2023-02-14,ICICI Bank,0.017222080518201732,1.7222080518201732
2023-02-15,ICICI Bank,0.006356118140015132,0.6356118140015132
2023-02-16,ICICI Bank,-0.0015501835528292096,-0.15501835528292096
2023-02-17,ICICI Bank,-0.007821059645454875,-0.7821059645454875
2023-02-20,ICICI Bank,-0.01222982352572155,-1.222982352572155
2023-02-21,ICICI Bank,0.002464538623861534,0.2464538623861534
2023-02-22,ICICI Bank,-0.01750176088278732,-1.750176088278732
2023-02-23,ICICI Bank,0.0005958260013716465,0.059582600137164654
2023-02-24,ICICI Bank,-5.956214239244417e-05,-0.005956214239244417
2023-02-27,ICICI Bank,0.01988803002291073,1.988803002291073
2023-02-28,ICICI Bank,-0.0018099393546953113,-0.18099393546953113
2023-03-01,ICICI Bank,0.0016962010821333084,0.16962010821333084
2023-03-02,ICICI Bank,-0.0026858733916819144,-0.26858733916819144
2023-03-03,ICICI Bank,0.017037386132523924,1.7037386132523924
2023-03-06,ICICI Bank,-0.0009210311802060334,-0.09210311802060334
2023-03-08,ICICI Bank,0.005012810232369436,0.5012810232369436
2023-03-09,ICICI Bank,-0.018518351102434494,-1.8518351102434494
2023-03-10,ICICI Bank,-0.015538290706228253,-1.5538290706228253
2023-03-13,ICICI Bank,-0.01691102653901211,-1.6911026539012108
2023-03-14,ICICI Bank,0.0023539890280674935,0.23539890280674935
2023-03-15,ICICI Bank,-0.005359218333322868,-0.5359218333322868
2023-03-16,ICICI Bank,-0.0024215227458791455,-0.24215227458791455
2023-03-17,ICICI Bank,0.014989666628185017,1.4989666628185017
2023-03-20,ICICI Bank,0.00023917030305842246,0.023917030305842246
2023-03-21,ICICI Bank,0.0190686487643259,1.9068648764325902
2023-03-22,ICICI Bank,0.009150693871752269,0.9150693871752269
2023-03-23,ICICI Bank,-0.005521976710601839,-0.5521976710601839
2023-03-24,ICICI Bank,-0.0035654294684659416,-0.35654294684659416
2023-03-27,ICICI Bank,-0.004340708067736676,-0.4340708067736676
2023-03-28,ICICI Bank,0.007128639613047882,0.7128639613047882
2023-03-29,ICICI Bank,-0.004387364367009594,-0.4387364367009594
2023-03-31,ICICI Bank,0.030846071815779696,3.0846071815779696
2023-04-03,ICICI Bank,0.00746651170960444,0.746651170960444
2023-04-05,ICICI Bank,0.0009051387731962013,0.09051387731962013
2023-04-06,ICICI Bank,-0.010852270665193342,-1.0852270665193342
2023-04-10,ICICI Bank,-0.007485638877573697,-0.7485638877573697
2023-04-11,ICICI Bank,0.015487276316665799,1.54872763166658
2023-04-12,ICICI Bank,0.009354822629201509,0.9354822629201509
2023-04-13,ICICI Bank,0.009942114632343735,0.9942114632343735
2023-04-17,ICICI Bank,0.0025584421188076245,0.25584421188076245
2023-04-18,ICICI Bank,-0.004937482465481535,-0.4937482465481535
2023-04-19,ICICI Bank,-0.0055191898005473305,-0.551918980054733
2023-04-20,ICICI Bank,0.002803055986582814,0.2803055986582814
2023-04-21,ICICI Bank,-0.009783096590157858,-0.9783096590157858
2023-04-24,ICICI Bank,0.02156606949604134,2.156606949604134
2023-04-25,ICICI Bank,0.00961589875441704,0.961589875441704
2023-04-26,ICICI Bank,0.0016421421372001532,0.16421421372001532
2023-04-27,ICICI Bank,0.0037159578204595256,0.37159578204595256
2023-04-28,ICICI Bank,-0.0007621571692121298,-0.07621571692121298
2023-05-02,ICICI Bank,0.00484930398823491,0.484930398823491
2023-05-03,ICICI Bank,0.0008133004237369512,0.08133004237369512
2023-05-04,ICICI Bank,-0.0012459561103587147,-0.12459561103587147
2023-05-05,ICICI Bank,0.005695846686645023,0.5695846686645023
2023-05-08,ICICI Bank,0.011813010833038762,1.1813010833038762
2023-05-09,ICICI Bank,-0.003731688063964733,-0.3731688063964733
2023-05-10,ICICI Bank,0.0017657752670769966,0.17657752670769966
2023-05-11,ICICI Bank,0.0033651570369557238,0.3365157036955724
2023-05-12,ICICI Bank,0.0050043128006771465,0.5004312800677146
2023-05-15,ICICI Bank,0.0019599637101670453,0.19599637101670453
2023-05-16,ICICI Bank,0.0006343033040858703,0.06343033040858703
2023-05-17,ICICI Bank,-0.0073967361185397484,-0.7396736118539748
2023-05-18,ICICI Bank,0.007611662845503631,0.7611662845503631
2023-05-19,ICICI Bank,0.008240808274127653,0.8240808274127653
2023-05-22,ICICI Bank,-0.004139138777573659,-0.4139138777573659
2023-05-23,ICICI Bank,0.0032093932476706666,0.32093932476706666
2023-05-24,ICICI Bank,-0.013373255645408477,-1.3373255645408477
2023-05-25,ICICI Bank,-0.0008505020100854077,-0.08505020100854077
2023-05-26,ICICI Bank,0.011544433573335233,1.1544433573335233
2023-05-29,ICICI Bank,-0.0026821013604364508,-0.2682101360436451
2023-05-30,ICICI Bank,0.0018983591237520248,0.18983591237520248
2023-05-31,ICICI Bank,-0.000842175545795687,-0.0842175545795687
2023-06-01,ICICI Bank,-0.013749252490761532,-1.3749252490761532
2023-06-02,ICICI Bank,0.002190021619245419,0.21900216192454192
2023-06-05,ICICI Bank,0.009166991676498704,0.9166991676498704
2023-06-06,ICICI Bank,-0.0049115744712715514,-0.49115744712715514
2023-06-07,ICICI Bank,-0.002016732931481968,-0.20167329314819682
2023-06-08,ICICI Bank,-0.0024462628864855285,-0.24462628864855285
2023-06-09,ICICI Bank,0.0001598526316100024,0.01598526316100024
2023-06-12,ICICI Bank,-0.0022385877444969227,-0.22385877444969227
2023-06-13,ICICI Bank,0.008120005148584575,0.8120005148584575
2023-06-14,ICICI Bank,-0.003974324582408095,-0.3974324582408095
2023-06-15,ICICI Bank,-0.01404550542685401,-1.404550542685401
2023-06-16,ICICI Bank,0.008202077628228333,0.8202077628228333
2023-06-19,ICICI Bank,-0.011828278235142986,-1.1828278235142986
2023-06-20,ICICI Bank,0.00259966918767196,0.259966918767196
2023-06-21,ICICI Bank,-0.000918350115461597,-0.0918350115461597
2023-06-22,ICICI Bank,0.0011354872964162155,0.11354872964162155
2023-06-23,ICICI Bank,-0.0024304176111799025,-0.24304176111799025
2023-06-26,ICICI Bank,0.004277184504114073,0.4277184504114073
2023-06-27,ICICI Bank,0.009326545099225036,0.9326545099225036
2023-06-28,ICICI Bank,0.0014422488004168788,0.14422488004168788
2023-06-30,ICICI Bank,-0.003040205516977923,-0.3040205516977923
2023-07-03,ICICI Bank,0.008506356450510788,0.8506356450510788
2023-07-04,ICICI Bank,0.0022810328574596195,0.22810328574596195
2023-07-05,ICICI Bank,0.014078544209159327,1.4078544209159327
2023-07-06,ICICI Bank,0.0014614229955438596,0.14614229955438596
2023-07-07,ICICI Bank,-0.01355022458358257,-1.355022458358257
2023-07-10,ICICI Bank,0.0021133366940562226,0.21133366940562226
2023-07-11,ICICI Bank,-0.0036377014791687534,-0.36377014791687534
2023-07-12,ICICI Bank,-0.0005820426493086117,-0.05820426493086117
2023-07-13,ICICI Bank,0.011965204033927757,1.1965204033927757
2023-07-14,ICICI Bank,0.004551695781887188,0.45516957818871884
2023-07-17,ICICI Bank,0.009009979092869713,0.9009979092869713
2023-07-18,ICICI Bank,0.006968104795691543,0.6968104795691543
2023-07-19,ICICI Bank,-0.0020503342874488295,-0.20503342874488295
2023-07-20,ICICI Bank,0.022754029623987204,2.2754029623987204
2023-07-21,ICICI Bank,0.0014062306973503524,0.14062306973503524
2023-07-24,ICICI Bank,-0.005015073435749473,-0.5015073435749473
2023-07-25,ICICI Bank,0.0027218265078485793,0.2721826507848579
2023-07-26,ICICI Bank,0.0017592994304169718,0.17592994304169718
2023-07-27,ICICI Bank,-0.006222090618143383,-0.6222090618143383
2023-07-28,ICICI Bank,0.006008625898881403,0.6008625898881403
2023-07-31,ICICI Bank,0.002107980466832693,0.2107980466832693
2023-08-01,ICICI Bank,-0.0037563596355166817,-0.3756359635516682
2023-08-02,ICICI Bank,-0.007641628949174861,-0.7641628949174861
2023-08-03,ICICI Bank,-0.022240265446288654,-2.2240265446288654
2023-08-04,ICICI Bank,0.005699494294067575,0.5699494294067575
2023-08-07,ICICI Bank,0.005306560433639085,0.5306560433639085
2023-08-08,ICICI Bank,0.0043560267884561465,0.43560267884561465
2023-08-09,ICICI Bank,0.000823193603691097,0.0823193603691097
2023-08-10,ICICI Bank,-0.008841425453467777,-0.8841425453467777
2023-08-11,ICICI Bank,-0.011668887569209585,-1.1668887569209585
2023-08-14,ICICI Bank,0.007031497793264396,0.7031497793264396
2023-08-16,ICICI Bank,-0.0031785542448309334,-0.31785542448309334
2023-08-17,ICICI Bank,-0.0050705489577077545,-0.5070548957707754
2023-08-18,ICICI Bank,-0.0010508055441775799,-0.10508055441775799
2023-08-21,ICICI Bank,0.004786145231221006,0.4786145231221006
2023-08-22,ICICI Bank,-0.0033500154071498534,-0.33500154071498534
2023-08-23,ICICI Bank,0.01559870871707969,1.559870871707969
2023-08-24,ICICI Bank,0.00217196757758642,0.217196757758642
2023-08-25,ICICI Bank,0.001496447824892,0.1496447824892
2023-08-28,ICICI Bank,0.0001545914199698739,0.015459141996987391
2023-08-29,ICICI Bank,-0.0028848952141111717,-0.28848952141111717
2023-08-30,ICICI Bank,-0.009144963850798549,-0.9144963850798549
2023-08-31,ICICI Bank,-0.00015638017409935756,-0.015638017409935756
2023-09-01,ICICI Bank,0.010378037892464276,1.0378037892464276
2023-09-04,ICICI Bank,-0.0013936352458748802,-0.13936352458748802
2023-09-05,ICICI Bank,0.0010854871755041628,0.10854871755041628
2023-09-06,ICICI Bank,-0.011255636991688855,-1.1255636991688855
2023-09-07,ICICI Bank,0.00851169228204074,0.8511692282040739
2023-09-08,ICICI Bank,0.005074265371394215,0.5074265371394215
2023-09-11,ICICI Bank,0.007933606866717069,0.7933606866717069
2023-09-12,ICICI Bank,0.012522399111511318,1.2522399111511318
2023-09-13,ICICI Bank,-0.000706744757646538,-0.0706744757646538
2023-09-14,ICICI Bank,-0.002121544187365876,-0.21215441873658758
2023-09-15,ICICI Bank,0.004809100656754328,0.4809100656754328
2023-09-18,ICICI Bank,-0.0022670990077297004,-0.22670990077297004
2023-09-20,ICICI Bank,-0.003080167302224157,-0.3080167302224157
2023-09-21,ICICI Bank,-0.028212553075624758,-2.821255307562476
2023-09-22,ICICI Bank,-0.009381897878916079,-0.9381897878916079
2023-09-25,ICICI Bank,0.006366454741162153,0.6366454741162153
2023-09-26,ICICI Bank,-0.00799907478563211,-0.799907478563211
2023-09-27,ICICI Bank,-0.005902940616356767,-0.5902940616356767
2023-09-28,ICICI Bank,-0.0005301328662079552,-0.05301328662079552
2023-09-29,ICICI Bank,0.00986635185167728,0.986635185167728
2023-10-03,ICICI Bank,-0.012186143196021848,-1.2186143196021848
2023-10-04,ICICI Bank,-0.010900816455165274,-1.0900816455165274
2023-10-05,ICICI Bank,0.011612268950905724,1.1612268950905724
2023-10-06,ICICI Bank,0.0046235579640281355,0.46235579640281355
2023-10-09,ICICI Bank,-0.006982642704670194,-0.6982642704670194
2023-10-10,ICICI Bank,0.013424236354965702,1.3424236354965702
2023-10-11,ICICI Bank,0.0019974421481010474,0.19974421481010474
2023-10-12,ICICI Bank,0.001206604365370234,0.12066043653702341
2023-10-13,ICICI Bank,-0.0030915122232638703,-0.30915122232638703
2023-10-16,ICICI Bank,0.00010521786575679037,0.010521786575679037
2023-10-17,ICICI Bank,0.002627671241649976,0.2627671241649976
2023-10-18,ICICI Bank,-0.010640469750175519,-1.0640469750175519
2023-10-19,ICICI Bank,-0.008476879472152032,-0.8476879472152032
2023-10-20,ICICI Bank,-0.00320591481053889,-0.320591481053889
2023-10-23,ICICI Bank,-0.0030019403725936034,-0.30019403725936034
2023-10-25,ICICI Bank,-0.0148933110101509,-1.48933110101509
2023-10-26,ICICI Bank,-0.008132207665582425,-0.8132207665582425
2023-10-27,ICICI Bank,0.004512149715961256,0.45121497159612556
2023-10-30,ICICI Bank,0.01331142657441009,1.331142657441009
2023-10-31,ICICI Bank,-0.0103255157076243,-1.03255157076243
2023-11-01,ICICI Bank,-0.0014201864121101693,-0.14201864121101693
2023-11-02,ICICI Bank,0.006454817713270389,0.6454817713270389
2023-11-03,ICICI Bank,0.015055135475954717,1.5055135475954717
2023-11-06,ICICI Bank,0.012475944284396911,1.2475944284396911
2023-11-07,ICICI Bank,0.002802812830674961,0.2802812830674961
2023-11-08,ICICI Bank,-0.013025991873122922,-1.3025991873122922
2023-11-09,ICICI Bank,0.0017098568877329523,0.17098568877329523
2023-11-10,ICICI Bank,0.001333595576429758,0.1333595576429758
2023-11-13,ICICI Bank,-0.004421491335208638,-0.4421491335208638
2023-11-15,ICICI Bank,0.007116395398681474,0.7116395398681474
2023-11-16,ICICI Bank,-0.005419152569323016,-0.5419152569323016
2023-11-17,ICICI Bank,-0.015117524941396399,-1.5117524941396399
2023-11-20,ICICI Bank,-0.0004338418346901962,-0.04338418346901962
2023-11-21,ICICI Bank,0.005046372586186898,0.5046372586186898
2023-11-22,ICICI Bank,-0.003617333532742628,-0.3617333532742628
2023-11-23,ICICI Bank,0.00027091209512675185,0.027091209512675185
2023-11-24,ICICI Bank,0.00693397282720376,0.693397282720376
2023-11-28,ICICI Bank,-0.00419635266055407,-0.419635266055407
2023-11-29,ICICI Bank,0.015235029028405123,1.5235029028405123
2023-11-30,ICICI Bank,-0.004948826923152461,-0.49488269231524606
2023-12-01,ICICI Bank,0.012567454813220857,1.2567454813220857
2023-12-04,ICICI Bank,0.047005378241596674,4.700537824159667
2023-12-05,ICICI Bank,0.02244756583831231,2.244756583831231
2023-12-06,ICICI Bank,-0.010064683281426956,-1.0064683281426956
2023-12-07,ICICI Bank,-0.0042362130240977125,-0.42362130240977125
2023-12-08,ICICI Bank,0.01186183580729927,1.186183580729927
2023-12-11,ICICI Bank,0.006182956522255756,0.6182956522255756
2023-12-12,ICICI Bank,-0.0013764612638004214,-0.13764612638004214
2023-12-13,ICICI Bank,-0.0017721752411726799,-0.177217524117268
2023-12-14,ICICI Bank,0.019479236581555037,1.9479236581555037
2023-12-15,ICICI Bank,0.003627932367845643,0.3627932367845643
2023-12-18,ICICI Bank,-0.015374977069688933,-1.5374977069688933
2023-12-19,ICICI Bank,-0.00587399733694971,-0.587399733694971
2023-12-20,ICICI Bank,-0.008666100746901995,-0.8666100746901995
2023-12-21,ICICI Bank,-0.002235118758162402,-0.2235118758162402
2023-12-22,ICICI Bank,-0.010055776426909135,-1.0055776426909135
2023-12-26,ICICI Bank,0.0008045224897601511,0.0804522489760151
2023-12-27,ICICI Bank,0.007185280002051986,0.7185280002051986
2023-12-28,ICICI Bank,0.003641786979211803,0.3641786979211803
2023-12-29,ICICI Bank,-0.0092455367843155,-0.92455367843155
2024-01-01,ICICI Bank,0.002809675729775085,0.2809675729775085
2024-01-02,ICICI Bank,-0.017160295714217066,-1.7160295714217066
2024-01-03,ICICI Bank,0.001832461950079134,0.1832461950079134
2024-01-04,ICICI Bank,0.0031502754631531626,0.31502754631531626
2024-01-05,ICICI Bank,0.006635209609466175,0.6635209609466175
2024-01-08,ICICI Bank,-0.011774135832672061,-1.1774135832672061
2024-01-09,ICICI Bank,-0.0022912243927039055,-0.22912243927039055
2024-01-10,ICICI Bank,0.013574911128169331,1.3574911128169331
2024-01-11,ICICI Bank,-0.0019133271374258687,-0.19133271374258687
2024-01-12,ICICI Bank,0.012460214874863595,1.2460214874863595
2024-01-15,ICICI Bank,0.006327862775802551,0.6327862775802551
2024-01-16,ICICI Bank,-0.0007921342377305018,-0.07921342377305018
2024-01-17,ICICI Bank,-0.027055157142308883,-2.7055157142308883
2024-01-18,ICICI Bank,0.004685442591762845,0.4685442591762845
2024-01-19,ICICI Bank,0.013027866497856477,1.3027866497856477
2024-01-23,ICICI Bank,0.02987398249937101,2.987398249937101
2024-01-24,ICICI Bank,-0.02900741547705754,-2.900741547705754
2024-01-25,ICICI Bank,0.01075867571620881,1.075867571620881
2024-01-29,ICICI Bank,0.006386371314388795,0.6386371314388795
2024-01-30,ICICI Bank,0.0004919626608157479,0.04919626608157479
2024-01-31,ICICI Bank,0.011063009465116957,1.1063009465116957
2024-02-01,ICICI Bank,-0.002917798803917848,-0.2917798803917848
2024-02-02,ICICI Bank,-0.0011218622914037635,-0.11218622914037635
2024-02-05,ICICI Bank,-0.00048825028618726396,-0.048825028618726396
2024-02-06,ICICI Bank,0.0028334428032312786,0.28334428032312786
2024-02-07,ICICI Bank,-0.004140727818990109,-0.41407278189901087
2024-02-08,ICICI Bank,-0.03213815806787679,-3.2138158067876788
2024-02-09,ICICI Bank,0.021631564589647212,2.163156458964721
2024-02-12,ICICI Bank,-0.014445543791476334,-1.4445543791476334
2024-02-13,ICICI Bank,0.023792803117466788,2.3792803117466788
2024-02-14,ICICI Bank,0.0028437230719080553,0.28437230719080553
2024-02-15,ICICI Bank,-0.005915692768368563,-0.5915692768368563
2024-02-16,ICICI Bank,0.006491903811203681,0.6491903811203681
2024-02-19,ICICI Bank,0.020034278379224668,2.003427837922467
2024-02-20,ICICI Bank,0.00479035455959953,0.479035455959953
2024-02-21,ICICI Bank,0.0030511294129829114,0.30511294129829114
2024-02-22,ICICI Bank,0.010219183162325729,1.021918316232573
2024-02-23,ICICI Bank,-0.0013173390857179612,-0.13173390857179612
2024-02-26,ICICI Bank,-0.006689931963037132,-0.6689931963037132
2024-02-27,ICICI Bank,0.005691514569529543,0.5691514569529543
2024-02-28,ICICI Bank,-0.013205161974949142,-1.3205161974949142
2024-02-29,ICICI Bank,0.005735036643003344,0.5735036643003344
2024-03-01,ICICI Bank,0.03297864434169284,3.297864434169284
2024-03-04,ICICI Bank,0.005014241878951831,0.5014241878951831
2024-03-05,ICICI Bank,-0.003936377906940125,-0.3936377906940125
2024-03-06,ICICI Bank,0.008317495085236715,0.8317495085236715
2024-03-07,ICICI Bank,-0.008340119875751784,-0.8340119875751784
2024-03-11,ICICI Bank,-0.008502264633173606,-0.8502264633173606
2024-03-12,ICICI Bank,-0.001715127395793603,-0.1715127395793603
2024-03-13,ICICI Bank,0.0065934448971909365,0.6593444897190937
2024-03-14,ICICI Bank,-0.00032284955303174545,-0.032284955303174545
2024-03-15,ICICI Bank,-0.002999302248864688,-0.2999302248864688
2024-03-18,ICICI Bank,0.0007868247959832431,0.0786824795983243
2024-03-19,ICICI Bank,0.0025434244683706364,0.25434244683706364
2024-03-20,ICICI Bank,0.0005074174598238557,0.05074174598238557
2024-03-21,ICICI Bank,-0.002489537803618269,-0.24895378036182692
2024-03-22,ICICI Bank,0.007857238273734524,0.7857238273734524
2024-03-26,ICICI Bank,-0.006053431450233515,-0.6053431450233515
2024-03-27,ICICI Bank,4.618148399582189e-05,0.004618148399582189
2024-03-28,ICICI Bank,0.008811943827436997,0.8811943827436997
2024-04-01,ICICI Bank,0.00580817027930669,0.580817027930669
2024-04-02,ICICI Bank,-0.01677809242753492,-1.6778092427534919
2024-04-03,ICICI Bank,-0.0036998210611376425,-0.36998210611376425
2024-04-04,ICICI Bank,0.001531907618153694,0.1531907618153694
2024-04-05,ICICI Bank,0.004217580632366769,0.42175806323667686
2024-04-08,ICICI Bank,0.0034612210091993223,0.34612210091993223
2024-04-09,ICICI Bank,0.018304754464640194,1.8304754464640194
2024-04-10,ICICI Bank,0.0021228274302802497,0.21228274302802497
2024-04-12,ICICI Bank,-0.004506992757774775,-0.4506992757774775
2024-04-15,ICICI Bank,-0.023587602704225996,-2.3587602704225996
2024-04-16,ICICI Bank,-0.010478819416203211,-1.0478819416203211
2024-04-18,ICICI Bank,-0.010871083162678152,-1.0871083162678152
2024-04-19,ICICI Bank,0.011180114209954573,1.1180114209954573
2024-04-22,ICICI Bank,0.018177482683478186,1.8177482683478186
2024-04-23,ICICI Bank,0.0033129312435218328,0.3312931243521833
2024-04-24,ICICI Bank,0.005961901257896862,0.5961901257896862
2024-04-25,ICICI Bank,0.015500271396208465,1.5500271396208465
2024-04-26,ICICI Bank,-0.005252394667328075,-0.5252394667328075
2024-04-29,ICICI Bank,0.04716123808978501,4.716123808978501
2024-04-30,ICICI Bank,-0.008403983949540339,-0.8403983949540339
2024-05-02,ICICI Bank,-0.009518541410424297,-0.9518541410424297
2024-05-03,ICICI Bank,0.002281855553415646,0.2281855553415646
2024-05-06,ICICI Bank,0.0037213611145590075,0.37213611145590075
2024-05-07,ICICI Bank,-0.01256214519160026,-1.256214519160026
2024-05-08,ICICI Bank,-0.007862850609154592,-0.7862850609154592
2024-05-09,ICICI Bank,-0.006500522639970252,-0.6500522639970252
2024-05-10,ICICI Bank,0.001210015655068064,0.12100156550680641
2024-05-13,ICICI Bank,0.009802610430296399,0.9802610430296399
2024-05-14,ICICI Bank,-0.006604590203501792,-0.6604590203501792
2024-05-15,ICICI Bank,0.003391132920440798,0.3391132920440798
2024-05-16,ICICI Bank,0.005959132575704906,0.5959132575704906
2024-05-17,ICICI Bank,-0.0004863977868845293,-0.04863977868845293
2024-05-21,ICICI Bank,-0.008447651487809904,-0.8447651487809904
2024-05-22,ICICI Bank,-0.008787056880078525,-0.8787056880078525
2024-05-23,ICICI Bank,0.021060134733783986,2.1060134733783986
2024-05-24,ICICI Bank,-0.002247698069776427,-0.2247698069776427
2024-05-27,ICICI Bank,-0.0018992788642747671,-0.1899278864274767
2024-05-28,ICICI Bank,-0.0025227202632134293,-0.25227202632134293
2024-05-29,ICICI Bank,-0.022139288154805814,-2.2139288154805814
2024-05-30,ICICI Bank,0.01061702186360347,1.061702186360347
2024-05-31,ICICI Bank,0.006599631175603804,0.6599631175603804
2024-06-03,ICICI Bank,0.03474419642857152,3.4744196428571517
2024-06-04,ICICI Bank,-0.07633626236988356,-7.633626236988356
2024-06-05,ICICI Bank,0.034719394514274526,3.4719394514274526
2024-06-06,ICICI Bank,0.0015785090735211948,0.15785090735211948
2024-06-07,ICICI Bank,0.010176362948006057,1.0176362948006057
2024-06-10,ICICI Bank,0.0018722405783968554,0.18722405783968554
2024-06-11,ICICI Bank,-0.004983088916150846,-0.4983088916150846
2024-06-12,ICICI Bank,0.0012073104156202774,0.12073104156202774
2024-06-13,ICICI Bank,-0.010897282088723426,-1.0897282088723426
2024-06-14,ICICI Bank,-0.0015350541698087028,-0.15350541698087028
2024-06-18,ICICI Bank,0.015556332095948422,1.5556332095948422
2024-06-19,ICICI Bank,0.01923674778419371,1.9236747784193708
2024-06-20,ICICI Bank,0.01079126937898045,1.079126937898045
2024-06-21,ICICI Bank,0.001599224377258679,0.1599224377258679
2024-06-24,ICICI Bank,0.009882168578474682,0.9882168578474682
2024-06-25,ICICI Bank,0.0238013514068387,2.38013514068387
2024-06-26,ICICI Bank,0.016737055861102856,1.6737055861102856
2024-06-27,ICICI Bank,0.0015598558337786006,0.15598558337786006
2024-06-28,ICICI Bank,-0.016640719815131377,-1.6640719815131377
2024-07-01,ICICI Bank,0.010211819986856163,1.0211819986856163
2024-07-02,ICICI Bank,-0.017535196144427,-1.7535196144427
2024-07-03,ICICI Bank,0.009238978343461435,0.9238978343461435
2024-07-04,ICICI Bank,0.026131854529188203,2.6131854529188203
2024-07-05,ICICI Bank,0.0003245131972251514,0.03245131972251514
2024-07-08,ICICI Bank,0.0013377008364510168,0.13377008364510168
2024-07-09,ICICI Bank,0.01068781679452413,1.068781679452413
2024-07-10,ICICI Bank,-0.004045748035387042,-0.40457480353870423
2024-07-11,ICICI Bank,-0.003820744254089403,-0.3820744254089403
2024-07-12,ICICI Bank,-0.004481366534927145,-0.4481366534927145
2024-07-15,ICICI Bank,-0.0023928446243247636,-0.23928446243247636
2024-07-16,ICICI Bank,0.00808991877529075,0.808991877529075
2024-07-18,ICICI Bank,0.00838776537829311,0.838776537829311
2024-07-19,ICICI Bank,-0.0013197195806037287,-0.13197195806037287
2024-07-22,ICICI Bank,-0.006006406512967577,-0.6006406512967577
2024-07-23,ICICI Bank,-0.011602232723895156,-1.1602232723895156
2024-07-24,ICICI Bank,-0.0030568676102581405,-0.30568676102581405
2024-07-25,ICICI Bank,-0.02052331108163863,-2.052331108163863
2024-07-26,ICICI Bank,0.007763553474412044,0.7763553474412044
2024-07-29,ICICI Bank,0.0045560194822975575,0.45560194822975575
2024-07-30,ICICI Bank,-0.0026799035502970137,-0.26799035502970137
2024-07-31,ICICI Bank,0.004506163426864829,0.4506163426864829
2024-08-01,ICICI Bank,-0.003951041889694862,-0.3951041889694862
2024-08-02,ICICI Bank,-0.011197373955357692,-1.1197373955357692
2024-08-05,ICICI Bank,-0.020015927333215222,-2.001592733321522
2024-08-06,ICICI Bank,-0.004903535665176761,-0.49035356651767614
2024-08-07,ICICI Bank,0.004799134296519902,0.47991342965199024
2024-08-08,ICICI Bank,-0.006695256143169681,-0.6695256143169681
2024-08-09,ICICI Bank,0.006010588226952107,0.6010588226952107
2024-08-12,ICICI Bank,0.009641904903886944,0.9641904903886944
2024-08-13,ICICI Bank,-0.003794354912067588,-0.3794354912067588
2024-08-14,ICICI Bank,-0.005734604528247034,-0.5734604528247034
2024-08-16,ICICI Bank,0.022037554044968433,2.2037554044968433
2024-08-19,ICICI Bank,-0.009559813904657655,-0.9559813904657655
2024-08-20,ICICI Bank,0.003018894437119668,0.3018894437119668
2024-08-21,ICICI Bank,-0.0039001190061123125,-0.39001190061123125
2024-08-22,ICICI Bank,0.013831623892006206,1.3831623892006206
2024-08-23,ICICI Bank,0.010410515495483663,1.0410515495483663
2024-08-26,ICICI Bank,0.008142930325228726,0.8142930325228726
2024-08-27,ICICI Bank,0.010755776296620612,1.0755776296620612
2024-08-28,ICICI Bank,-0.0020385412044174878,-0.20385412044174878
2024-08-29,ICICI Bank,-0.0015932757055203695,-0.15932757055203695
2024-08-30,ICICI Bank,0.005974141023067814,0.5974141023067814
2024-09-02,ICICI Bank,0.0006101545418719656,0.06101545418719656
2024-09-03,ICICI Bank,0.014431552320012475,1.4431552320012475
2024-09-04,ICICI Bank,-0.009096747894731583,-0.9096747894731583
2024-09-05,ICICI Bank,-0.0003234802947924553,-0.03234802947924553
2024-09-06,ICICI Bank,-0.022492868885859996,-2.2492868885859996
2024-09-09,ICICI Bank,0.022224036183391416,2.2224036183391416
2024-09-10,ICICI Bank,0.0018624467278662848,0.18624467278662848
2024-09-11,ICICI Bank,-0.0007678762831900832,-0.07678762831900832
2024-09-12,ICICI Bank,0.012779679016041934,1.2779679016041934
2024-09-13,ICICI Bank,-0.001437689457095881,-0.1437689457095881
2024-09-16,ICICI Bank,0.009997259774380707,0.9997259774380707
2024-09-17,ICICI Bank,0.004157273868790279,0.4157273868790279
2024-09-18,ICICI Bank,0.01596871465840577,1.596871465840577
2024-09-19,ICICI Bank,0.002833101221360934,0.2833101221360934
2024-09-20,ICICI Bank,0.0359520148213921,3.5952014821392098
2024-09-23,ICICI Bank,-0.012365074575074853,-1.2365074575074853
2024-09-24,ICICI Bank,-0.002496375600832934,-0.2496375600832934
2024-09-25,ICICI Bank,0.003981505688759102,0.39815056887591016
2024-09-26,ICICI Bank,0.00392795368877108,0.392795368877108
2024-09-27,ICICI Bank,-0.016891813690790847,-1.6891813690790847
2024-09-30,ICICI Bank,-0.02571549308638421,-2.571549308638421
2024-10-01,ICICI Bank,0.0010997800439911387,0.10997800439911387
2024-10-03,ICICI Bank,-0.014163653527217712,-1.4163653527217712
2024-10-04,ICICI Bank,-0.013212899505619657,-1.3212899505619657
2024-10-07,ICICI Bank,-0.0047186255129572086,-0.47186255129572086
2024-10-08,ICICI Bank,0.00218812903054566,0.21881290305456602
2024-10-09,ICICI Bank,0.006105459542590674,0.6105459542590674
2024-10-10,ICICI Bank,-0.0005223599783119592,-0.052235997831195924
2024-10-11,ICICI Bank,-0.01648573363594641,-1.648573363594641
2024-10-14,ICICI Bank,0.007154488301332362,0.7154488301332362
2024-10-15,ICICI Bank,0.019281492100022612,1.9281492100022612
2024-10-16,ICICI Bank,-0.009836697599777455,-0.9836697599777455
2024-10-17,ICICI Bank,-0.009572394972728882,-0.9572394972728882
2024-10-18,ICICI Bank,0.027005008920464535,2.7005008920464535
2024-10-21,ICICI Bank,-0.004309890685562312,-0.4309890685562312
2024-10-22,ICICI Bank,0.0067113009511610144,0.6711300951161014
2024-10-23,ICICI Bank,-0.01254439104480709,-1.254439104480709
2024-10-24,ICICI Bank,0.0009188725074555926,0.09188725074555926
2024-10-25,ICICI Bank,0.002155204425075885,0.2155204425075885
2024-10-28,ICICI Bank,0.029790204607939685,2.9790204607939685
2024-10-29,ICICI Bank,0.030165795294581077,3.0165795294581077
2024-10-30,ICICI Bank,-0.014791375815806695,-1.4791375815806695
2024-10-31,ICICI Bank,-0.015166031175916972,-1.5166031175916972
2024-11-01,ICICI Bank,-0.00034817313737212086,-0.034817313737212086
2024-11-04,ICICI Bank,-0.011302139009703116,-1.1302139009703116
2024-11-05,ICICI Bank,0.015267813193357904,1.5267813193357904
2024-11-06,ICICI Bank,0.004357270338073649,0.4357270338073649
2024-11-07,ICICI Bank,-0.018159571167762456,-1.8159571167762456
2024-11-08,ICICI Bank,-0.0155235739231665,-1.55235739231665
2024-11-11,ICICI Bank,0.008301354072035805,0.8301354072035805
2024-11-12,ICICI Bank,0.0010241174329141955,0.10241174329141955
2024-11-13,ICICI Bank,-0.013300882267026415,-1.3300882267026415
2024-11-14,ICICI Bank,0.0025923005536949706,0.25923005536949706
2024-11-18,ICICI Bank,-0.0027844596871149374,-0.27844596871149374
2024-11-19,ICICI Bank,-0.0034703514846723404,-0.34703514846723404
2024-11-21,ICICI Bank,0.001160845358396223,0.1160845358396223
2024-11-22,ICICI Bank,0.021990313533031047,2.1990313533031047
2024-11-25,ICICI Bank,0.01791791540151233,1.791791540151233
2024-11-26,ICICI Bank,0.00307465221244807,0.307465221244807
2024-11-27,ICICI Bank,-0.0032568697888990528,-0.3256869788899053
2024-11-28,ICICI Bank,-0.011032536923663683,-1.1032536923663683
2024-11-29,ICICI Bank,0.0106892515084136,1.06892515084136
2024-12-02,ICICI Bank,0.0034997332668735837,0.34997332668735837
2024-12-03,ICICI Bank,0.0028743413641207916,0.28743413641207916
2024-12-04,ICICI Bank,0.005846831576474365,0.5846831576474365
2024-12-05,ICICI Bank,0.015538937313291035,1.5538937313291035
2024-12-06,ICICI Bank,-0.005798711613990926,-0.5798711613990926
2024-12-09,ICICI Bank,-0.004854235693140141,-0.4854235693140141
2024-12-10,ICICI Bank,0.00616343733283653,0.616343733283653
2024-12-11,ICICI Bank,-0.0022172136524044594,-0.22172136524044594
2024-12-12,ICICI Bank,0.0013182395974056238,0.13182395974056238
2024-12-13,ICICI Bank,0.011773598992114165,1.1773598992114165
2024-12-16,ICICI Bank,0.0008922065440162275,0.08922065440162275
2024-12-17,ICICI Bank,-0.009174633199441895,-0.9174633199441895
2024-12-18,ICICI Bank,-0.014695339635051874,-1.4695339635051874
2024-12-19,ICICI Bank,-0.020735856670544783,-2.0735856670544783
2024-12-20,ICICI Bank,0.0011655946383417604,0.11655946383417604
2024-12-23,ICICI Bank,0.00651971135534124,0.651971135534124
2024-12-24,ICICI Bank,0.0003470471481916704,0.03470471481916704
2024-12-26,ICICI Bank,7.69779581983876e-05,0.00769779581983876
2024-12-27,ICICI Bank,0.007862334610527322,0.7862334610527322
2024-12-30,ICICI Bank,-0.009865879182446524,-0.9865879182446524
2024-12-31,ICICI Bank,-0.010041317178742237,-1.0041317178742237
2025-01-01,ICICI Bank,0.0015605246026291208,0.15605246026291208
2025-01-02,ICICI Bank,0.005414236021687557,0.5414236021687557
2025-01-03,ICICI Bank,-0.01979703633174812,-1.979703633174812
2025-01-06,ICICI Bank,-0.0007509342060827429,-0.07509342060827429
2025-01-07,ICICI Bank,0.011984821653049371,1.1984821653049371
2025-01-08,ICICI Bank,-0.012116536976960357,-1.2116536976960357
2025-01-09,ICICI Bank,-0.001068173456763244,-0.1068173456763244
2025-01-10,ICICI Bank,-0.009941432316995402,-0.9941432316995402
2025-01-13,ICICI Bank,-0.01608189107921132,-1.608189107921132
2025-01-14,ICICI Bank,0.008578994088809022,0.8578994088809022
2025-01-15,ICICI Bank,-0.0016529567041762006,-0.16529567041762006
2025-01-16,ICICI Bank,0.008762442496032863,0.8762442496032863
2025-01-17,ICICI Bank,-0.01893372644568403,-1.893372644568403
2025-01-20,ICICI Bank,0.00612031803667179,0.612031803667179
2025-01-21,ICICI Bank,-0.02984718281036014,-2.984718281036014
2025-01-22,ICICI Bank,0.003594800083256189,0.3594800083256189
2025-01-23,ICICI Bank,0.0010830609922165557,0.10830609922165557
2025-01-24,ICICI Bank,0.006199315151001583,0.6199315151001583
2025-01-27,ICICI Bank,0.015506055762669169,1.5506055762669169
2025-01-28,ICICI Bank,0.015432236890422724,1.5432236890422724
2025-01-29,ICICI Bank,0.0038095234305288717,0.38095234305288717
2025-01-30,ICICI Bank,0.003155716538735698,0.3155716538735698
2025-01-31,ICICI Bank,-0.0022298440670143194,-0.22298440670143194
2025-02-01,ICICI Bank,0.002195022305696348,0.2195022305696348
2025-02-03,ICICI Bank,-0.0020310467483590777,-0.20310467483590777
2025-02-04,ICICI Bank,0.012130890298564623,1.2130890298564623
2025-02-05,ICICI Bank,-0.0003942931856922849,-0.03942931856922849
2025-02-06,ICICI Bank,0.0037074852098857303,0.370748520988573
2025-02-07,ICICI Bank,-0.012181572891040382,-1.2181572891040382
2025-02-10,ICICI Bank,0.004534820200616574,0.4534820200616574
2025-02-11,ICICI Bank,-0.007801271205466032,-0.7801271205466032
2025-02-12,ICICI Bank,-0.00075840618845191,-0.075840618845191
2025-02-13,ICICI Bank,-0.0023165841042315227,-0.23165841042315227
2025-02-14,ICICI Bank,0.008967821486656424,0.8967821486656424
2025-02-17,ICICI Bank,-0.00710253729550725,-0.710253729550725
2025-02-18,ICICI Bank,-0.006474079884892903,-0.6474079884892903
2025-02-19,ICICI Bank,0.014963253253418074,1.4963253253418074
2025-02-20,ICICI Bank,-0.00927363263129366,-0.927363263129366
2025-02-21,ICICI Bank,-0.013600512413462273,-1.3600512413462273
2025-02-24,ICICI Bank,-0.011841501063063808,-1.1841501063063808
2025-02-25,ICICI Bank,0.004760575802008171,0.4760575802008171
2025-02-27,ICICI Bank,-0.0013887964206850123,-0.13887964206850123
2025-02-28,ICICI Bank,-0.015010829513102175,-1.5010829513102175
2025-03-03,ICICI Bank,0.0017439631707285574,0.17439631707285574
2025-03-04,ICICI Bank,0.0034820598022020643,0.34820598022020643
2025-03-05,ICICI Bank,0.004378722105951693,0.43787221059516934
2025-03-06,ICICI Bank,0.0019331360435945744,0.19331360435945744
2025-03-07,ICICI Bank,-0.002873486251211088,-0.2873486251211088
2025-03-10,ICICI Bank,0.0002469648247733769,0.02469648247733769
2025-03-11,ICICI Bank,0.0251471263067371,2.51471263067371
2025-03-12,ICICI Bank,-0.0011642941686980102,-0.11642941686980102
2025-03-13,ICICI Bank,0.004903733295305912,0.4903733295305912
2025-03-17,ICICI Bank,0.015159505108839566,1.5159505108839566
2025-03-18,ICICI Bank,0.0,0.0
2025-03-19,ICICI Bank,0.03475158426742553,3.475158426742553
2025-03-20,ICICI Bank,0.0065494545317477115,0.6549454531747712
2025-03-21,ICICI Bank,0.01619135405551586,1.619135405551586
2025-03-24,ICICI Bank,0.011205441875285826,1.1205441875285826
2025-03-25,ICICI Bank,-0.010639565901107817,-1.0639565901107817
2025-03-26,ICICI Bank,-0.005804845021033067,-0.5804845021033067
2025-03-27,ICICI Bank,0.0005614206859101412,0.056142068591014116
2025-03-28,ICICI Bank,0.008753192761792539,0.8753192761792539
2025-04-01,ICICI Bank,-0.022175228214878162,-2.217522821487816
2025-04-02,ICICI Bank,0.00970838800583862,0.970838800583862
2025-04-03,ICICI Bank,-0.0012769736693135636,-0.12769736693135636
2025-04-04,ICICI Bank,0.004324813426934915,0.4324813426934915
2025-04-07,ICICI Bank,-0.03575978013190306,-3.5759780131903063
2025-04-08,ICICI Bank,0.009591839330115759,0.9591839330115759
2025-04-09,ICICI Bank,0.0006923435959553803,0.06923435959553803
2025-04-11,ICICI Bank,0.008340997406485195,0.8340997406485195
2025-04-15,ICICI Bank,0.029390404668372394,2.9390404668372394
2025-04-16,ICICI Bank,0.0045919916092633795,0.45919916092633795
2025-04-17,ICICI Bank,0.037083360579238,3.7083360579238
2025-04-21,ICICI Bank,0.002203909611486754,0.2203909611486754
2025-04-22,ICICI Bank,0.004752376628267552,0.47523766282675517
2025-04-23,ICICI Bank,0.005577094015597028,0.5577094015597028
2025-04-24,ICICI Bank,-0.015234529242412864,-1.5234529242412864
2025-04-25,ICICI Bank,0.0014971342732850168,0.14971342732850168
2025-04-28,ICICI Bank,0.01708432631034995,1.708432631034995
2025-04-29,ICICI Bank,0.0006998608439447995,0.06998608439447995
2025-04-30,ICICI Bank,-0.001958257219614845,-0.1958257219614845
2025-05-02,ICICI Bank,0.0021722965213872847,0.21722965213872847
2025-05-05,ICICI Bank,-0.000489396566746847,-0.048939656674684695
2025-05-06,ICICI Bank,0.0015390301749369506,0.15390301749369506
2025-05-07,ICICI Bank,0.00265446045799278,0.265446045799278
2025-05-08,ICICI Bank,6.965564272487512e-05,0.006965564272487512
2025-05-09,ICICI Bank,-0.03246254001571891,-3.246254001571891
2025-05-12,ICICI Bank,0.04291163251478736,4.291163251478736
2025-05-13,ICICI Bank,-0.012357653784269229,-1.235765378426923
2025-05-14,ICICI Bank,-0.0030756520217534167,-0.30756520217534167
2025-05-15,ICICI Bank,0.017248694534003794,1.7248694534003794
2025-05-16,ICICI Bank,0.002205662368634842,0.2205662368634842
2025-05-19,ICICI Bank,-0.003438741372539522,-0.3438741372539522
2025-05-20,ICICI Bank,-0.0074534860198017805,-0.745348601980178
2025-05-21,ICICI Bank,0.004519578601629437,0.4519578601629437
2025-05-22,ICICI Bank,-0.0017997319120717226,-0.17997319120717226
2025-05-23,ICICI Bank,0.005339512313703443,0.5339512313703443
2025-05-26,ICICI Bank,0.007449202090612506,0.7449202090612506
2025-05-27,ICICI Bank,-0.009721977929487924,-0.9721977929487924
2025-05-28,ICICI Bank,0.005116174836402809,0.5116174836402809
2025-05-29,ICICI Bank,0.0018571552784039103,0.18571552784039103
2025-05-30,ICICI Bank,-0.007346289193481237,-0.7346289193481237
2025-06-02,ICICI Bank,0.0032507805416828184,0.32507805416828184
2025-06-03,ICICI Bank,-0.008686698420884098,-0.8686698420884098
2025-06-04,ICICI Bank,-0.004798659553553741,-0.47986595535537413
2025-06-05,ICICI Bank,0.016631704306069972,1.6631704306069972
2025-06-06,ICICI Bank,0.0033681236345242116,0.33681236345242116
2025-06-09,ICICI Bank,-0.01705815656502563,-1.7058156565025628
2025-06-10,ICICI Bank,-0.008293956973374428,-0.8293956973374428
2025-06-11,ICICI Bank,0.0056926315481129475,0.5692631548112947
2025-06-12,ICICI Bank,-0.004053143019272509,-0.40531430192725093
2025-06-13,ICICI Bank,-0.006385073422077503,-0.6385073422077503
2025-06-16,ICICI Bank,0.00762665206679447,0.762665206679447
2025-06-17,ICICI Bank,-0.0025931330137790587,-0.25931330137790587
2025-06-18,ICICI Bank,-0.007448012091143763,-0.7448012091143763
2025-06-19,ICICI Bank,-0.0009201389956100536,-0.09201389956100536
2025-06-20,ICICI Bank,0.01119528533703118,1.119528533703118
2025-06-23,ICICI Bank,-0.004905035508462108,-0.4905035508462108
2025-06-24,ICICI Bank,0.002816680935695315,0.2816680935695315
2025-06-25,ICICI Bank,0.0011937161610562352,0.11937161610562352
2025-06-26,ICICI Bank,0.009328056294600096,0.9328056294600096
2025-06-27,ICICI Bank,0.016051671251746003,1.6051671251746003
2025-06-30,ICICI Bank,-0.011215846680451613,-1.1215846680451613
2025-07-01,ICICI Bank,-0.009544963653943195,-0.9544963653943195
2025-07-02,ICICI Bank,-0.0029329163706924843,-0.29329163706924843
2025-07-03,ICICI Bank,-0.0013307624546881058,-0.13307624546881058
2025-07-04,ICICI Bank,0.011852234252771598,1.1852234252771598
2025-07-07,ICICI Bank,-0.0049211309599296316,-0.49211309599296316
2025-07-08,ICICI Bank,0.004388166681729588,0.43881666817295883
2025-07-09,ICICI Bank,-0.007004052591730869,-0.7004052591730869
2025-07-10,ICICI Bank,-0.0054473730604578385,-0.5447373060457839
2025-07-11,ICICI Bank,-0.0015448450172454997,-0.15448450172454997
2025-07-14,ICICI Bank,0.0007736612489150918,0.07736612489150918
2025-07-15,ICICI Bank,0.0054813560406543615,0.5481356040654362
2025-07-16,ICICI Bank,-0.0030752219045273588,-0.3075221904527359
2025-07-17,ICICI Bank,-0.0053981956327595615,-0.5398195632759561
2025-07-18,ICICI Bank,0.005004553369734044,0.5004553369734044
2025-07-21,ICICI Bank,0.028054467531247296,2.8054467531247296
2025-07-22,ICICI Bank,0.005321305626571071,0.5321305626571071
2025-07-23,ICICI Bank,0.010179094448753201,1.01790944487532
2025-07-24,ICICI Bank,-0.003493146289979987,-0.3493146289979987
2025-07-25,ICICI Bank,-0.004247060917104917,-0.4247060917104917
2025-07-28,ICICI Bank,0.0076502232021946615,0.7650223202194661
2025-07-29,ICICI Bank,-0.0014781898242098856,-0.14781898242098856
2025-07-30,ICICI Bank,-0.0025567739108900422,-0.2556773910890042
2025-07-31,ICICI Bank,-0.000674555532673371,-0.0674555532673371
2025-08-01,ICICI Bank,-0.0066154581758712805,-0.661545817587128
2025-08-04,ICICI Bank,-0.0057080704858827325,-0.5708070485882732
2025-08-05,ICICI Bank,-0.012848578075037143,-1.2848578075037143
2025-08-06,ICICI Bank,-0.0005537730080317216,-0.05537730080317216
2025-08-07,ICICI Bank,-0.0022859230722696022,-0.22859230722696022
2025-08-08,ICICI Bank,-0.00305493807010937,-0.305493807010937
2025-08-11,ICICI Bank,0.00048741969928922657,0.04874196992892266
2025-08-12,ICICI Bank,-0.0025251962674345263,-0.25251962674345263
2025-08-13,ICICI Bank,-0.0008438630088650756,-0.08438630088650756
2025-08-14,ICICI Bank,0.004574900644521929,0.45749006445219287
2025-08-18,ICICI Bank,0.005114495053901047,0.5114495053901047
2025-08-19,ICICI Bank,0.0011850014681662469,0.11850014681662469
2025-08-20,ICICI Bank,-0.003968527410984968,-0.3968527410984968
2025-08-21,ICICI Bank,0.010764703351546778,1.0764703351546778
2025-08-22,ICICI Bank,-0.006638941201889681,-0.6638941201889681
2025-08-25,ICICI Bank,-0.0022278561375354,-0.22278561375354
2025-08-26,ICICI Bank,-0.01158244350649218,-1.158244350649218
2025-08-28,ICICI Bank,-0.012353565256034371,-1.2353565256034371
2025-08-29,ICICI Bank,-0.0009291187124245148,-0.09291187124245148
2025-09-01,ICICI Bank,0.009443376246108581,0.9443376246108581
2025-09-02,ICICI Bank,-0.011906445480868166,-1.1906445480868166
2025-09-03,ICICI Bank,0.002008334242761034,0.2008334242761034
2025-09-04,ICICI Bank,0.006084477752664519,0.6084477752664519
2025-09-05,ICICI Bank,-0.0019209816423766402,-0.19209816423766402
2025-09-08,ICICI Bank,-7.134290603616478e-05,-0.007134290603616478
2025-09-09,ICICI Bank,0.0007128656497046304,0.07128656497046304
2025-09-10,ICICI Bank,0.00014250664541370917,0.014250664541370917
2025-09-11,ICICI Bank,-0.001638286018223134,-0.1638286018223134
2025-09-12,ICICI Bank,0.011486820825514554,1.1486820825514554
2025-09-15,ICICI Bank,0.0011992144281534056,0.11992144281534056
2025-09-16,ICICI Bank,0.00154988713862525,0.154988713862525
2025-09-17,ICICI Bank,-0.0016882009852803304,-0.16882009852803304
2025-09-18,ICICI Bank,0.001761487574001075,0.1761487574001075
2025-09-19,ICICI Bank,-0.013715928375991449,-1.3715928375991449
2025-09-22,ICICI Bank,-0.0004991751232047426,-0.049917512320474255
2025-09-23,ICICI Bank,-0.0051373259063201004,-0.51373259063201
2025-09-24,ICICI Bank,-0.008319695104019198,-0.8319695104019198
2025-09-25,ICICI Bank,-0.004990125425744507,-0.4990125425744507
2025-09-26,ICICI Bank,-0.011775061800240016,-1.1775061800240016
2025-09-29,ICICI Bank,-0.008458332616551045,-0.8458332616551045
2025-09-30,ICICI Bank,-7.414638066127743e-05,-0.007414638066127743
2025-10-01,ICICI Bank,0.01780412178514612,1.780412178514612
2025-10-03,ICICI Bank,-0.004956277272310516,-0.49562772723105164
2025-10-06,ICICI Bank,-0.001318458728779226,-0.1318458728779226
2025-10-07,ICICI Bank,0.009168261764599617,0.9168261764599617
2025-10-08,ICICI Bank,-0.0040700021400815745,-0.40700021400815745
2025-10-09,ICICI Bank,0.004305470175902881,0.43054701759028813
2025-10-10,ICICI Bank,0.0029793605842078907,0.2979360584207891
2025-10-13,ICICI Bank,-0.0006521067542991643,-0.06521067542991643
2025-10-14,ICICI Bank,0.0034072322565121826,0.34072322565121826
2025-10-15,ICICI Bank,0.010331689873028127,1.0331689873028127
2025-10-16,ICICI Bank,0.013515496539897365,1.3515496539897365
2025-10-17,ICICI Bank,0.01361736847435413,1.361736847435413
2025-10-20,ICICI Bank,-0.032228811727195716,-3.2228811727195716
2025-10-21,ICICI Bank,-0.0059700075871318425,-0.5970007587131843
2025-10-23,ICICI Bank,-0.0132416506831885,-1.32416506831885
2025-10-24,ICICI Bank,0.010266168997269176,1.0266168997269176
2025-10-27,ICICI Bank,-7.255333966060817e-05,-0.007255333966060817
2025-10-28,ICICI Bank,-0.0105255548365224,-1.05255548365224
2025-10-29,ICICI Bank,0.0053554706997449575,0.5355470699744957
2025-10-30,ICICI Bank,-0.005837700814689262,-0.5837700814689262
2025-10-31,ICICI Bank,-0.01255137010901397,-1.255137010901397
2025-11-03,ICICI Bank,0.0008175821802771654,0.08175821802771654
2025-11-04,ICICI Bank,-0.00705581714285719,-0.705581714285719
2025-11-06,ICICI Bank,-0.012341985651076581,-1.2341985651076581
2025-11-07,ICICI Bank,0.0171159848480682,1.71159848480682
2025-11-10,ICICI Bank,0.0037230473662404062,0.3723047366240406
2025-11-11,ICICI Bank,0.0076409310334562,0.76409310334562
2025-11-12,ICICI Bank,0.0004417187699663483,0.04417187699663483
2025-11-13,ICICI Bank,0.01986902126669654,1.986902126669654
2025-11-14,ICICI Bank,-0.009308000734386312,-0.9308000734386312
2025-11-17,ICICI Bank,0.004369984684746253,0.4369984684746253
2025-11-18,ICICI Bank,-0.004060941981072319,-0.4060941981072319
2025-11-19,ICICI Bank,0.007062755700877554,0.7062755700877554
2025-11-20,ICICI Bank,-7.22700714770319e-05,-0.0072270071477031905
2025-11-21,ICICI Bank,-0.009761437231621262,-0.9761437231621262
2025-11-24,ICICI Bank,-0.000803135022053203,-0.0803135022053203
2025-11-25,ICICI Bank,-0.007746249668727279,-0.7746249668727279
2025-11-26,ICICI Bank,0.012667508544113248,1.2667508544113248
2025-11-27,ICICI Bank,0.012509050045779624,1.2509050045779624
2025-11-28,ICICI Bank,-0.002442093885728691,-0.2442093885728691
2025-12-01,ICICI Bank,0.0009360093983852291,0.09360093983852291
2025-12-02,ICICI Bank,-0.012301264078151686,-1.2301264078151686
2025-12-03,ICICI Bank,0.013474141858950128,1.3474141858950128
2025-12-04,ICICI Bank,-0.003449614738172402,-0.3449614738172402
2025-12-05,ICICI Bank,0.004182646645853216,0.41826466458532163
2025-12-08,ICICI Bank,-0.0020825682899053843,-0.20825682899053843
2025-12-09,ICICI Bank,-0.010362728725219372,-1.0362728725219372
2025-12-10,ICICI Bank,-0.008435157562706408,-0.8435157562706408
2025-12-11,ICICI Bank,-0.0026400116130178564,-0.26400116130178564
2025-12-12,ICICI Bank,0.0044117567193278084,0.44117567193278084
2025-12-15,ICICI Bank,-0.0005856685051376376,-0.05856685051376376
2025-12-16,ICICI Bank,0.0005860117137421739,0.05860117137421739
2025-12-17,ICICI Bank,-0.009956094237207558,-0.9956094237207558
2025-12-18,ICICI Bank,0.003253524112569517,0.3253524112569517
2025-12-19,ICICI Bank,-0.0019900226683305933,-0.19900226683305933
2025-12-22,ICICI Bank,0.010634405240484757,1.0634405240484757
2025-12-23,ICICI Bank,-0.004019059047245532,-0.40190590472455323
2025-12-24,ICICI Bank,-0.002347649776244465,-0.23476497762444648
2025-12-26,ICICI Bank,-0.006912867917709731,-0.6912867917709731
2025-12-29,ICICI Bank,-0.005257614543818345,-0.5257614543818345
2025-12-30,ICICI Bank,-0.0005956571280272271,-0.059565712802722715
2025-12-31,ICICI Bank,0.00029800607345542574,0.029800607345542574
2026-01-01,ICICI Bank,-0.0036487993291453025,-0.36487993291453025
2026-01-02,ICICI Bank,0.013004469576272104,1.3004469576272104
2026-01-05,ICICI Bank,0.011878358805123668,1.1878358805123668
2026-01-06,ICICI Bank,0.02894636221659752,2.894636221659752
2026-01-07,ICICI Bank,0.01169217848406423,1.169217848406423
2026-01-08,ICICI Bank,0.0051132351854523694,0.5113235185452369
2026-01-09,ICICI Bank,-0.02139373594650673,-2.139373594650673
2026-01-12,ICICI Bank,0.006266385643852956,0.6266385643852956
2026-01-13,ICICI Bank,0.0169132575415063,1.69132575415063
2026-01-14,ICICI Bank,-0.01294368582628791,-1.294368582628791
2026-01-15,ICICI Bank,0.0,0.0
2026-01-16,ICICI Bank,-0.005358088376260062,-0.5358088376260062
2026-01-19,ICICI Bank,-0.02140636813515462,-2.140636813515462
2026-01-20,ICICI Bank,-0.0034766717394878466,-0.34766717394878466
2026-01-21,ICICI Bank,-0.019479646810778295,-1.9479646810778295
2026-01-22,ICICI Bank,-0.002594487025329162,-0.2594487025329162
2026-01-23,ICICI Bank,-0.0015607232409247107,-0.15607232409247107
2026-01-27,ICICI Bank,0.0133988140890835,1.33988140890835
2026-01-28,ICICI Bank,0.004627576314816917,0.4627576314816917
2026-01-29,ICICI Bank,0.011625366960408945,1.1625366960408945
2026-01-30,ICICI Bank,-0.020670756635300158,-2.067075663530016
2026-02-02,ICICI Bank,-0.001623549766056609,-0.1623549766056609
2026-02-03,ICICI Bank,0.027276695526662786,2.7276695526662786
2026-02-04,ICICI Bank,0.013456166433760686,1.3456166433760686
2026-02-05,ICICI Bank,-0.008449319553143098,-0.8449319553143098
2026-02-06,ICICI Bank,0.006874351667523371,0.6874351667523371
2026-02-09,ICICI Bank,-0.006969593452346712,-0.6969593452346712
2026-02-10,ICICI Bank,0.007304945206078495,0.7304945206078495
2026-02-11,ICICI Bank,-0.0002843583727699661,-0.02843583727699661
2026-02-12,ICICI Bank,0.01699736852104028,1.699736852104028
2026-02-13,ICICI Bank,-0.010769219909464223,-1.0769219909464223
2026-02-16,ICICI Bank,-0.0021207804987397605,-0.21207804987397605
2026-02-17,ICICI Bank,-0.0029044698365845445,-0.29044698365845445
2026-02-18,ICICI Bank,0.0004972954422077791,0.04972954422077791
2026-02-19,ICICI Bank,-0.013776349086977557,-1.3776349086977557
2026-02-20,ICICI Bank,0.004104170755059977,0.4104170755059977
2026-02-23,ICICI Bank,0.003513872983457844,0.3513872983457844
2026-02-24,ICICI Bank,-0.010433102537313554,-1.0433102537313554
2026-02-25,ICICI Bank,0.011337361325356232,1.1337361325356232
2026-02-26,ICICI Bank,0.0031417822406680784,0.31417822406680784
2026-02-27,ICICI Bank,-0.018506621467999862,-1.8506621467999862
2026-03-02,ICICI Bank,-0.0035536264514219873,-0.35536264514219873
2026-03-04,ICICI Bank,-0.006259077350968423,-0.6259077350968423
2026-03-05,ICICI Bank,-0.00571266444623697,-0.571266444623697
2026-03-06,ICICI Bank,-0.032557424262248946,-3.2557424262248946
2026-03-09,ICICI Bank,-0.02664839264050245,-2.664839264050245
2026-03-10,ICICI Bank,0.026204656074120036,2.6204656074120036
2026-03-11,ICICI Bank,-0.013186998996644439,-1.318699899664444
2026-03-12,ICICI Bank,-0.021705568913144013,-2.1705568913144013
2026-03-13,ICICI Bank,-0.009237948915631566,-0.9237948915631566
2026-03-16,ICICI Bank,0.014424547993713954,1.4424547993713954
2026-03-17,ICICI Bank,0.012412549507167192,1.2412549507167192
2026-03-18,ICICI Bank,0.0004656706187058379,0.04656706187058379
2026-03-19,ICICI Bank,-0.030404210643703133,-3.0404210643703133
2026-03-20,ICICI Bank,-0.0037596483773592038,-0.3759648377359204
2026-03-23,ICICI Bank,-0.018227097392761182,-1.8227097392761182
2026-03-24,ICICI Bank,0.023309054075455027,2.3309054075455027
2026-03-25,ICICI Bank,0.0067934909600329,0.67934909600329
2026-03-27,ICICI Bank,-0.020560351116284292,-2.0560351116284292
2026-03-30,ICICI Bank,-0.022613058056771163,-2.2613058056771163
2026-04-01,ICICI Bank,0.0056388496415988865,0.5638849641598886
2026-04-02,ICICI Bank,0.0025563915574924323,0.25563915574924323
2026-04-06,ICICI Bank,0.012830972695986542,1.2830972695986542
2026-04-07,ICICI Bank,0.01145032597255935,1.145032597255935
2026-04-08,ICICI Bank,0.05114413288136577,5.114413288136577
2026-04-09,ICICI Bank,-0.02131062531822081,-2.131062531822081
2026-04-10,ICICI Bank,0.03168649951098401,3.168649951098401
2026-04-13,ICICI Bank,0.022089358320372066,2.2089358320372066
2026-04-15,ICICI Bank,-0.0022203635674509226,-0.22203635674509226
2026-04-16,ICICI Bank,-0.001928627716684117,-0.1928627716684117
2026-04-17,ICICI Bank,0.0009662229994376048,0.09662229994376048
2026-04-20,ICICI Bank,0.006979411831912863,0.6979411831912863
2026-04-21,ICICI Bank,0.02374288720000073,2.374288720000073
2026-04-22,ICICI Bank,-0.01498135244099319,-1.498135244099319
2026-04-23,ICICI Bank,-0.014331596895618803,-1.4331596895618803
2026-04-24,ICICI Bank,-0.01617214121220789,-1.6172141212207891
2026-04-27,ICICI Bank,-0.009123856385237494,-0.9123856385237494
2026-04-28,ICICI Bank,-0.016817531622625004,-1.6817531622625004
2026-04-29,ICICI Bank,-0.008513964114992723,-0.8513964114992723
2026-04-30,ICICI Bank,-0.013739184115041936,-1.3739184115041936
2026-05-01,ICICI Bank,0.0,0.0
2026-05-04,ICICI Bank,0.0058572095444628935,0.5857209544462894
2026-05-05,ICICI Bank,-0.015344708889922787,-1.5344708889922787
2026-05-06,ICICI Bank,0.0225365505835049,2.25365505835049
2026-05-07,ICICI Bank,-0.00039080099483967956,-0.039080099483967956
2026-05-08,ICICI Bank,-0.011102336627374032,-1.1102336627374032
2026-05-11,ICICI Bank,0.0012649613776545277,0.12649613776545277
2026-05-12,ICICI Bank,-0.02060953073787042,-2.060953073787042
2026-05-13,ICICI Bank,-0.0037894532492172006,-0.37894532492172006
2026-05-14,ICICI Bank,0.00841690813820084,0.841690813820084
2026-05-15,ICICI Bank,-0.0012038254876876042,-0.12038254876876042
2026-05-18,ICICI Bank,0.005303315207532133,0.5303315207532133
2026-05-19,ICICI Bank,-0.008232735553478587,-0.8232735553478587
2026-05-20,ICICI Bank,-0.0028207309038392747,-0.28207309038392747
2026-05-21,ICICI Bank,0.0044451298224843505,0.44451298224843505
2026-05-22,ICICI Bank,0.01729968906201962,1.7299689062019619
2026-05-25,ICICI Bank,0.021751199545107625,2.1751199545107625
2026-05-26,ICICI Bank,-0.00983137247465371,-0.983137247465371
2026-05-27,ICICI Bank,-0.005003470863179094,-0.5003470863179094
2026-05-28,ICICI Bank,0.0,0.0
2026-05-29,ICICI Bank,-0.01280738948641702,-1.280738948641702
2026-06-01,ICICI Bank,-0.013291974905118242,-1.3291974905118242
2026-06-02,ICICI Bank,-0.0105670686339141,-1.05670686339141
2026-06-03,ICICI Bank,0.012555017646492583,1.2555017646492583
2026-06-04,ICICI Bank,0.00780997491923463,0.780997491923463
2026-06-05,ICICI Bank,0.008308744426129167,0.8308744426129167
2026-06-08,ICICI Bank,-0.009428746880817962,-0.9428746880817962
2026-06-09,ICICI Bank,0.019836810056854892,1.9836810056854892
2026-06-10,ICICI Bank,0.014353007261128425,1.4353007261128425
2026-06-11,ICICI Bank,0.018325185401073085,1.8325185401073085
2026-06-12,ICICI Bank,0.018071406826400516,1.8071406826400516
2026-06-15,ICICI Bank,-0.009844923925420912,-0.9844923925420912
2026-06-16,ICICI Bank,0.005046742733137322,0.5046742733137322
2026-06-17,ICICI Bank,0.001873661225739287,0.1873661225739287
2026-06-18,ICICI Bank,0.004114272138304509,0.4114272138304509
2026-06-19,ICICI Bank,0.0031288878389361674,0.31288878389361674
2026-06-22,ICICI Bank,0.004381754698531193,0.4381754698531193
2026-06-23,ICICI Bank,-0.010425859035861351,-1.0425859035861351
2026-06-24,ICICI Bank,0.02637673960834097,2.637673960834097
2026-06-25,ICICI Bank,0.01011940715833548,1.011940715833548
2026-06-26,ICICI Bank,0.0,0.0
2026-06-29,ICICI Bank,7.204088728474112e-05,0.007204088728474112
2026-06-30,ICICI Bank,-0.008936329935560927,-0.8936329935560927
2026-07-01,ICICI Bank,0.0033450426385743803,0.33450426385743803
2026-07-02,ICICI Bank,0.014639802598416685,1.4639802598416685
2026-07-03,ICICI Bank,0.00814285089995792,0.8142850899957921
2026-07-06,ICICI Bank,0.010981961669627172,1.0981961669627172
2026-07-07,ICICI Bank,-0.008550014006021511,-0.8550014006021511
2026-07-08,ICICI Bank,-0.024104063786509533,-2.4104063786509533
2026-07-09,ICICI Bank,7.240093999949515e-05,0.007240093999949515
2026-07-10,ICICI Bank,0.014847537512027387,1.4847537512027387
2026-07-13,ICICI Bank,0.005923567304255917,0.5923567304255917
2026-07-14,ICICI Bank,-0.0012771074193801413,-0.12771074193801413
2026-07-15,ICICI Bank,0.00603822964528522,0.603822964528522
2026-07-16,ICICI Bank,0.0014122274191163964,0.14122274191163964
2026-07-17,ICICI Bank,0.018403721001933215,1.8403721001933215
2026-07-20,ICICI Bank,0.011008717191209216,1.1008717191209216
2026-07-21,ICICI Bank,0.001986013099357198,0.19860130993571978
2026-07-22,ICICI Bank,-0.01530998154560248,-1.530998154560248
2026-07-23,ICICI Bank,-0.004234015551011994,-0.42340155510119937
2026-07-24,ICICI Bank,-0.0011850014681662469,-0.11850014681662469
2026-07-27,ICICI Bank,0.008932934393476977,0.8932934393476977
2026-07-28,ICICI Bank,-0.010306394707499389,-1.030639470749939
2026-07-29,ICICI Bank,0.004962262730547895,0.4962262730547895
2026-07-30,ICICI Bank,-0.002781829535335012,-0.2781829535335012
2026-07-31,ICICI Bank,0.0010460746745364347,0.10460746745364347
2026-08-03,ICICI Bank,0.02571306376154081,2.571306376154081
2026-08-04,ICICI Bank,-0.0036986468589469412,-0.3698646858946941
2026-08-05,ICICI Bank,-0.003093634040649107,-0.3093634040649107
2020-01-02,Infosys,-0.0029178163974840077,-0.29178163974840077
2020-01-03,Infosys,0.015380278479314669,1.5380278479314669
2020-01-06,Infosys,-0.009584323289926977,-0.9584323289926977
2020-01-07,Infosys,-0.014820280853706902,-1.4820280853706902
2020-01-08,Infosys,-0.013326062173402264,-1.3326062173402264
2020-01-09,Infosys,0.013018615661502864,1.3018615661502864
2020-01-10,Infosys,0.01456949864004109,1.456949864004109
2020-01-13,Infosys,0.0479574782682215,4.79574782682215
2020-01-14,Infosys,0.002714936116915201,0.2714936116915201
2020-01-15,Infosys,-0.010442821161565252,-1.0442821161565252
2020-01-16,Infosys,-0.0007165633926019543,-0.07165633926019543
2020-01-17,Infosys,0.0011083048688020902,0.11083048688020902
2020-01-20,Infosys,0.000781305524010456,0.0781305524010456
2020-01-21,Infosys,-0.007742739705976054,-0.7742739705976054
2020-01-22,Infosys,0.010098327017873832,1.0098327017873832
2020-01-23,Infosys,0.018371696661321435,1.8371696661321435
2020-01-24,Infosys,-0.002039714195757658,-0.2039714195757658
2020-01-27,Infosys,-0.005940759652193095,-0.5940759652193095
2020-01-28,Infosys,-0.00012851777779521179,-0.012851777779521179
2020-01-29,Infosys,0.015038326166318061,1.5038326166318061
2020-01-30,Infosys,-0.011396423741083739,-1.1396423741083739
2020-01-31,Infosys,-0.006084170587672633,-0.6084170587672633
2020-02-03,Infosys,-0.011018994677360339,-1.1018994677360339
2020-02-04,Infosys,0.026648623780769487,2.6648623780769487
2020-02-05,Infosys,-0.0041886006947473575,-0.41886006947473575
2020-02-06,Infosys,-0.01682515295572573,-1.682515295572573
2020-02-07,Infosys,0.0077139128343748364,0.7713912834374836
2020-02-10,Infosys,-0.005274651489572291,-0.5274651489572291
2020-02-11,Infosys,0.0004523812004264549,0.04523812004264549
2020-02-12,Infosys,0.009695811765429996,0.9695811765429996
2020-02-13,Infosys,0.014339531412711715,1.4339531412711715
2020-02-14,Infosys,-0.007320715429972702,-0.7320715429972702
2020-02-17,Infosys,0.0038144127370269842,0.3814412737026984
2020-02-18,Infosys,0.010387037735823057,1.0387037735823057
2020-02-19,Infosys,0.0035103913406282494,0.35103913406282494
2020-02-20,Infosys,-0.004310242835217415,-0.4310242835217415
2020-02-24,Infosys,-0.0014426332919773577,-0.14426332919773577
2020-02-25,Infosys,0.003203837017922151,0.3203837017922151
2020-02-26,Infosys,-0.0196014610453058,-1.9601461045305801
2020-02-27,Infosys,-0.00626014536360886,-0.626014536360886
2020-02-28,Infosys,-0.059330110151251,-5.9330110151251
2020-03-02,Infosys,0.012778518473778089,1.2778518473778089
2020-03-03,Infosys,0.008029219024485945,0.8029219024485945
2020-03-04,Infosys,0.01572924008337151,1.572924008337151
2020-03-05,Infosys,-0.005469218573345369,-0.5469218573345369
2020-03-06,Infosys,-0.020739587147012628,-2.073958714701263
2020-03-09,Infosys,-0.04668781482120177,-4.668781482120177
2020-03-11,Infosys,-0.026190764876892758,-2.619076487689276
2020-03-12,Infosys,-0.07988333998017583,-7.988333998017582
2020-03-13,Infosys,0.017664593691121278,1.7664593691121278
2020-03-16,Infosys,-0.0921612565397707,-9.21612565397707
2020-03-17,Infosys,-0.04835826322704884,-4.835826322704884
2020-03-18,Infosys,-0.037210505678816896,-3.7210505678816896
2020-03-19,Infosys,0.021055246474176892,2.105524647417689
2020-03-20,Infosys,0.07267900119996784,7.267900119996784
2020-03-23,Infosys,-0.10039279124215039,-10.039279124215039
2020-03-24,Infosys,0.12033426955624615,12.033426955624616
2020-03-25,Infosys,0.02780600851187387,2.780600851187387
2020-03-26,Infosys,0.060706144308422916,6.070614430842292
2020-03-27,Infosys,0.015085487173566392,1.5085487173566392
2020-03-30,Infosys,-0.039834738585327156,-3.9834738585327156
2020-03-31,Infosys,0.023615809814598432,2.361580981459843
2020-04-01,Infosys,-0.060327230057092285,-6.0327230057092285
2020-04-03,Infosys,-0.028367587477467482,-2.836758747746748
2020-04-07,Infosys,0.09100229811229665,9.100229811229665
2020-04-08,Infosys,-0.011580670105522106,-1.1580670105522106
2020-04-09,Infosys,0.007362001113118577,0.7362001113118577
2020-04-13,Infosys,0.0018075743157923707,0.18075743157923707
2020-04-15,Infosys,0.002588633398072915,0.2588633398072915
2020-04-16,Infosys,-0.023785119830082135,-2.3785119830082135
2020-04-17,Infosys,0.007854542933487973,0.7854542933487973
2020-04-20,Infosys,0.03904559495598203,3.9045594955982033
2020-04-21,Infosys,-0.030766998911302745,-3.0766998911302745
2020-04-22,Infosys,0.01366107223601376,1.366107223601376
2020-04-23,Infosys,0.058346767897649254,5.834676789764925
2020-04-24,Infosys,-0.03135581378653751,-3.135581378653751
2020-04-27,Infosys,0.010030363056395375,1.0030363056395375
2020-04-28,Infosys,-0.0058681728113670895,-0.586817281136709
2020-04-29,Infosys,0.023989741308532375,2.3989741308532375
2020-04-30,Infosys,0.05757142448011554,5.757142448011554
2020-05-04,Infosys,-0.058420602576914504,-5.84206025769145
2020-05-05,Infosys,0.0,0.0
2020-05-06,Infosys,-0.011577816230227578,-1.1577816230227578
2020-05-07,Infosys,-0.0014267449509226537,-0.14267449509226537
2020-05-08,Infosys,0.013910885470324263,1.3910885470324263
2020-05-11,Infosys,0.012904248702923171,1.2904248702923171
2020-05-12,Infosys,0.006955607486318627,0.6955607486318627
2020-05-13,Infosys,0.009452557702487319,0.9452557702487319
2020-05-14,Infosys,-0.05186212961502257,-5.186212961502257
2020-05-15,Infosys,-0.00888885360515923,-0.888885360515923
2020-05-18,Infosys,0.01778351088920327,1.778351088920327
2020-05-19,Infosys,0.007079466290418557,0.7079466290418557
2020-05-20,Infosys,0.0014207662847058877,0.14207662847058877
2020-05-21,Infosys,0.003957761335156018,0.3957761335156018
2020-05-22,Infosys,0.0299764308194026,2.99764308194026
2020-05-26,Infosys,-0.017043347524593244,-1.7043347524593244
2020-05-27,Infosys,0.036587826201934126,3.6587826201934126
2020-05-28,Infosys,0.0027643902751643967,0.2764390275164397
2020-05-29,Infosys,-0.009886947112454969,-0.9886947112454969
2020-06-01,Infosys,0.012373251926670159,1.237325192667016
2020-06-02,Infosys,0.01222233275284279,1.222233275284279
2020-06-03,Infosys,-0.00925021482794608,-0.9250214827946079
2020-06-04,Infosys,0.008837855026602837,0.8837855026602837
2020-06-05,Infosys,-0.0059344989765908185,-0.5934498976590818
2020-06-08,Infosys,0.024589494979098125,2.4589494979098125
2020-06-09,Infosys,-0.004508490241751595,-0.4508490241751595
2020-06-10,Infosys,-0.0024388504030413705,-0.24388504030413705
2020-06-11,Infosys,-0.016623327785956654,-1.6623327785956654
2020-06-12,Infosys,-0.016904740886048653,-1.6904740886048653
2020-06-15,Infosys,-0.006502389954700316,-0.6502389954700316
2020-06-16,Infosys,0.019853202571828987,1.9853202571828987
2020-06-17,Infosys,0.00349383919722257,0.349383919722257
2020-06-18,Infosys,0.014567093691330246,1.4567093691330246
2020-06-19,Infosys,-0.01169655154708138,-1.169655154708138
2020-06-22,Infosys,-0.002621956652021473,-0.2621956652021473
2020-06-23,Infosys,0.024086950727005618,2.408695072700562
2020-06-24,Infosys,-0.00901938312494055,-0.901938312494055
2020-06-25,Infosys,-0.01911382470078382,-1.9113824700783821
2020-06-26,Infosys,0.06809416168871851,6.809416168871851
2020-06-29,Infosys,-0.021986065071641026,-2.1986065071641026
2020-06-30,Infosys,0.005739762036402807,0.5739762036402807
2020-07-01,Infosys,-0.0055032982238776285,-0.5503298223877628
2020-07-02,Infosys,0.03374785689502424,3.374785689502424
2020-07-03,Infosys,0.008062622079576531,0.8062622079576531
2020-07-06,Infosys,0.0017043853966733913,0.17043853966733913
2020-07-07,Infosys,0.039463178869907134,3.9463178869907134
2020-07-08,Infosys,-0.0244914845192008,-2.44914845192008
2020-07-09,Infosys,0.009035630448518406,0.9035630448518406
2020-07-10,Infosys,0.00019187636677564512,0.019187636677564512
2020-07-13,Infosys,0.019441176405950555,1.9441176405950555
2020-07-14,Infosys,-0.017313828490042926,-1.7313828490042926
2020-07-15,Infosys,0.060900134733193445,6.0900134733193445
2020-07-16,Infosys,0.0963354171269013,9.63354171269013
2020-07-17,Infosys,-0.008616918083166003,-0.8616918083166003
2020-07-20,Infosys,0.03449052177127343,3.449052177127343
2020-07-21,Infosys,0.0026221556404431023,0.26221556404431023
2020-07-22,Infosys,-0.02012271470966176,-2.012271470966176
2020-07-23,Infosys,-0.010839895545391554,-1.0839895545391554
2020-07-24,Infosys,0.01641031318407027,1.6410313184070269
2020-07-27,Infosys,0.02774053750278216,2.774053750278216
2020-07-28,Infosys,0.015182531649334363,1.5182531649334363
2020-07-29,Infosys,-0.009035652078542733,-0.9035652078542733
2020-07-30,Infosys,0.007650740323910332,0.7650740323910332
2020-07-31,Infosys,0.004732533730677391,0.47325337306773907
2020-08-03,Infosys,-0.009420188243678629,-0.9420188243678629
2020-08-04,Infosys,-0.007367783911258918,-0.7367783911258918
2020-08-05,Infosys,-0.005421889939395408,-0.5421889939395408
2020-08-06,Infosys,0.027680646586049518,2.7680646586049518
2020-08-07,Infosys,-0.020548854375484482,-2.054885437548448
2020-08-10,Infosys,0.00047305292380284136,0.047305292380284136
2020-08-11,Infosys,-0.003047991454004473,-0.3047991454004473
2020-08-12,Infosys,0.00685309399224443,0.685309399224443
2020-08-13,Infosys,-0.003926788710473139,-0.3926788710473139
2020-08-14,Infosys,0.002523106460234903,0.2523106460234903
2020-08-17,Infosys,0.004089635328587082,0.40896353285870823
2020-08-18,Infosys,0.01049618898523752,1.049618898523752
2020-08-19,Infosys,-0.008526773680140431,-0.8526773680140431
2020-08-20,Infosys,-0.004326024231855463,-0.4326024231855463
2020-08-21,Infosys,-0.006648365428709613,-0.6648365428709613
2020-08-24,Infosys,-0.001475346835161484,-0.1475346835161484
2020-08-25,Infosys,-0.009816272668363157,-0.9816272668363157
2020-08-26,Infosys,0.013537864189702153,1.3537864189702153
2020-08-27,Infosys,-0.003944154150616108,-0.3944154150616108
2020-08-28,Infosys,-0.012459599060601123,-1.2459599060601123
2020-08-31,Infosys,-0.0071104225620364225,-0.7110422562036423
2020-09-01,Infosys,-0.015561127073607128,-1.5561127073607128
2020-09-02,Infosys,0.010775110623800765,1.0775110623800765
2020-09-03,Infosys,0.012500153028626393,1.2500153028626393
2020-09-04,Infosys,-0.017529946638239702,-1.7529946638239702
2020-09-07,Infosys,0.006419054676777058,0.6419054676777058
2020-09-08,Infosys,0.015404447528545084,1.5404447528545084
2020-09-09,Infosys,-0.012296465811256319,-1.2296465811256319
2020-09-10,Infosys,0.013258057921856192,1.3258057921856192
2020-09-11,Infosys,0.006010313730958838,0.6010313730958838
2020-09-14,Infosys,0.03457746809415885,3.4577468094158847
2020-09-15,Infosys,0.004139494450428494,0.41394944504284936
2020-09-16,Infosys,0.019644831222321857,1.9644831222321857
2020-09-17,Infosys,0.009233732888338286,0.9233732888338286
2020-09-18,Infosys,-0.008753606705914851,-0.8753606705914851
2020-09-21,Infosys,0.007733510753552775,0.7733510753552775
2020-09-22,Infosys,-0.0023765935171542463,-0.23765935171542463
2020-09-23,Infosys,0.012158781954438425,1.2158781954438425
2020-09-24,Infosys,-0.04349104780059765,-4.349104780059765
2020-09-25,Infosys,0.03695906472238475,3.695906472238475
2020-09-28,Infosys,-0.0010380426896383632,-0.10380426896383632
2020-09-29,Infosys,-0.0013855423607576078,-0.13855423607576078
2020-09-30,Infosys,-0.0007434012583682481,-0.07434012583682481
2020-10-01,Infosys,0.009323181224487609,0.9323181224487609
2020-10-05,Infosys,0.03051128414212001,3.051128414212001
2020-10-06,Infosys,0.006722559765284242,0.6722559765284242
2020-10-07,Infosys,0.010230014090300887,1.0230014090300887
2020-10-08,Infosys,0.025455641941096285,2.5455641941096285
2020-10-09,Infosys,0.011977832976988179,1.1977832976988179
2020-10-12,Infosys,0.02285857296587368,2.285857296587368
2020-10-13,Infosys,0.022701184734362556,2.2701184734362556
2020-10-14,Infosys,-0.017964951265824647,-1.7964951265824647
2020-10-15,Infosys,-0.025285956270145293,-2.5285956270145293
2020-10-16,Infosys,0.01736974612290121,1.7369746122901208
2020-10-19,Infosys,-0.0014191199119814035,-0.14191199119814035
2020-10-20,Infosys,0.01030297064556951,1.030297064556951
2020-10-21,Infosys,0.009538480517265358,0.9538480517265358
2020-10-22,Infosys,-0.016806715878252,-1.6806715878251999
2020-10-23,Infosys,0.004879093050767391,0.48790930507673913
2020-10-26,Infosys,-0.008953316849127146,-0.8953316849127146
2020-10-27,Infosys,-0.019416685068210482,-1.9416685068210482
2020-10-28,Infosys,-0.013109063541195787,-1.3109063541195787
2020-10-29,Infosys,-0.0015791816732022568,-0.15791816732022568
2020-10-30,Infosys,-0.013257743629277119,-1.325774362927712
2020-11-02,Infosys,0.011031777511272045,1.1031777511272045
2020-11-03,Infosys,-0.009092716657925104,-0.9092716657925104
2020-11-04,Infosys,0.02955149319056516,2.955149319056516
2020-11-05,Infosys,0.009186724315714434,0.9186724315714434
2020-11-06,Infosys,0.007925750862718628,0.7925750862718628
2020-11-09,Infosys,0.021388738678380204,2.1388738678380204
2020-11-10,Infosys,-0.04003343005863347,-4.003343005863346
2020-11-11,Infosys,0.028825522366102474,2.8825522366102474
2020-11-12,Infosys,-0.004231881592378306,-0.4231881592378306
2020-11-13,Infosys,0.005770523177244691,0.5770523177244691
2020-11-14,Infosys,0.008228108426620473,0.8228108426620473
2020-11-17,Infosys,-0.008601975555930896,-0.8601975555930896
2020-11-18,Infosys,-0.011702577157741811,-1.1702577157741811
2020-11-19,Infosys,-0.01242615865149821,-1.242615865149821
2020-11-20,Infosys,0.006017674881511281,0.6017674881511281
2020-11-23,Infosys,0.03308114090698111,3.308114090698111
2020-11-24,Infosys,0.00017561492878526153,0.017561492878526153
2020-11-25,Infosys,-0.02140261991846837,-2.140261991846837
2020-11-26,Infosys,-0.0021962009805477356,-0.21962009805477356
2020-11-27,Infosys,-0.011857565662150349,-1.185756566215035
2020-12-01,Infosys,0.03440897217272121,3.440897217272121
2020-12-02,Infosys,0.002680500678855946,0.2680500678855946
2020-12-03,Infosys,-0.012665357451354997,-1.2665357451354997
2020-12-04,Infosys,0.007279387028111373,0.7279387028111373
2020-12-07,Infosys,0.007799926248296174,0.7799926248296174
2020-12-08,Infosys,0.008613777000942235,0.8613777000942235
2020-12-09,Infosys,0.018944808247619127,1.8944808247619127
2020-12-10,Infosys,-0.006339428675098735,-0.6339428675098735
2020-12-11,Infosys,-0.0038963582652746798,-0.389635826527468
2020-12-14,Infosys,0.001160722245578949,0.1160722245578949
2020-12-15,Infosys,-0.008544205419551587,-0.8544205419551587
2020-12-16,Infosys,0.0096137730318413,0.96137730318413
2020-12-17,Infosys,-0.005576057848326488,-0.5576057848326488
2020-12-18,Infosys,0.026397718769374245,2.6397718769374245
2020-12-21,Infosys,-0.010505973433915128,-1.0505973433915128
2020-12-22,Infosys,0.03669398495313225,3.6693984953132253
2020-12-23,Infosys,0.026669737170162744,2.6669737170162744
2020-12-24,Infosys,-0.013567209597746821,-1.356720959774682
2020-12-28,Infosys,0.003438481259698367,0.3438481259698367
2020-12-29,Infosys,0.008062524657130199,0.8062524657130199
2020-12-30,Infosys,-0.0027992234463545262,-0.2799223446354526
2020-12-31,Infosys,0.0072184195423292685,0.7218419542329269
2021-01-01,Infosys,0.003702414330622128,0.3702414330622128
2021-01-04,Infosys,0.022055889726620537,2.2055889726620537
2021-01-05,Infosys,0.004308111337010034,0.43081113370100343
2021-01-06,Infosys,-0.009042870032148098,-0.9042870032148098
2021-01-07,Infosys,-0.015560764072664601,-1.5560764072664601
2021-01-08,Infosys,0.03957535642222232,3.957535642222232
2021-01-11,Infosys,0.04885317217986462,4.885317217986462
2021-01-12,Infosys,-0.003233457571974019,-0.3233457571974019
2021-01-13,Infosys,0.011226424817705416,1.1226424817705416
2021-01-14,Infosys,-0.01200296619685548,-1.200296619685548
2021-01-15,Infosys,-0.018643012387465352,-1.8643012387465352
2021-01-18,Infosys,-0.02446180809559606,-2.446180809559606
2021-01-19,Infosys,0.0035061108601330826,0.35061108601330826
2021-01-20,Infosys,0.017316626095758902,1.7316626095758902
2021-01-21,Infosys,0.0001864630373253906,0.01864630373253906
2021-01-22,Infosys,0.0008585429197438543,0.08585429197438543
2021-01-25,Infosys,-0.01174642273365667,-1.174642273365667
2021-01-27,Infosys,-0.018187210334007164,-1.8187210334007164
2021-01-28,Infosys,-0.019062357625770576,-1.9062357625770576
2021-01-29,Infosys,-0.029109559388682982,-2.910955938868298
2021-02-01,Infosys,0.017634298398250925,1.7634298398250925
2021-02-02,Infosys,0.008208316737795762,0.8208316737795762
2021-02-03,Infosys,0.01054109842678641,1.054109842678641
2021-02-04,Infosys,-0.004125876393092587,-0.4125876393092587
2021-02-05,Infosys,-0.005666990007441308,-0.5666990007441308
2021-02-08,Infosys,0.024722973095624212,2.472297309562421
2021-02-09,Infosys,0.0015345250753568962,0.15345250753568962
2021-02-10,Infosys,-0.0069322188829801235,-0.6932218882980123
2021-02-11,Infosys,-0.0029694773005335406,-0.29694773005335406
2021-02-12,Infosys,0.013267536132804958,1.3267536132804958
2021-02-15,Infosys,-0.00011475649558534418,-0.011475649558534418
2021-02-16,Infosys,-0.014698413766388918,-1.4698413766388918
2021-02-17,Infosys,-0.007052032107248363,-0.7052032107248363
2021-02-18,Infosys,0.008701654389021707,0.8701654389021707
2021-02-19,Infosys,-0.0008896012129092634,-0.08896012129092634
2021-02-22,Infosys,-0.02021201585549559,-2.021201585549559
2021-02-23,Infosys,0.0009088731752973089,0.0908873175297309
2021-02-24,Infosys,0.00627802620350737,0.627802620350737
2021-02-25,Infosys,0.00019610731428021388,0.01961073142802139
2021-02-26,Infosys,-0.016672633577193063,-1.6672633577193063
2021-03-01,Infosys,0.010931250238785939,1.093125023878594
2021-03-02,Infosys,0.02959721229109924,2.959721229109924
2021-03-03,Infosys,0.029934898589297543,2.9934898589297543
2021-03-04,Infosys,-0.009824653304438047,-0.9824653304438047
2021-03-05,Infosys,-0.010260447520483273,-1.0260447520483273
2021-03-08,Infosys,0.014468116605669046,1.4468116605669046
2021-03-09,Infosys,0.007336639501783981,0.7336639501783981
2021-03-10,Infosys,0.016796034034897378,1.6796034034897378
2021-03-12,Infosys,0.004897207313038665,0.4897207313038665
2021-03-15,Infosys,-0.0009094431232251621,-0.09094431232251621
2021-03-16,Infosys,0.007571564975050515,0.7571564975050515
2021-03-17,Infosys,0.0021675782860572923,0.21675782860572923
2021-03-18,Infosys,-0.03597684065252771,-3.597684065252771
2021-03-19,Infosys,0.005496924309698059,0.5496924309698059
2021-03-22,Infosys,0.01959884938765044,1.959884938765044
2021-03-23,Infosys,0.0005473195243321793,0.054731952433217934
2021-03-24,Infosys,-0.012977990599640887,-1.2977990599640887
2021-03-25,Infosys,-0.014736762573229645,-1.4736762573229645
2021-03-26,Infosys,0.0017992421727921482,0.17992421727921482
2021-03-30,Infosys,0.03674601874572936,3.674601874572936
2021-03-31,Infosys,-0.012452186426610612,-1.2452186426610612
2021-04-01,Infosys,0.012535986154475598,1.2535986154475598
2021-04-05,Infosys,0.017831441668898718,1.7831441668898718
2021-04-06,Infosys,0.0008156948613937676,0.08156948613937676
2021-04-07,Infosys,0.01357158555069593,1.357158555069593
2021-04-08,Infosys,0.006747034113159023,0.6747034113159023
2021-04-09,Infosys,0.000833459436175632,0.0833459436175632
2021-04-12,Infosys,-0.010617143916620053,-1.0617143916620053
2021-04-13,Infosys,-0.0200596494442542,-2.00596494442542
2021-04-15,Infosys,-0.026053078551742437,-2.6053078551742437
2021-04-16,Infosys,-0.005144134353199936,-0.5144134353199936
2021-04-19,Infosys,0.006500592618297052,0.6500592618297052
2021-04-20,Infosys,-0.008219989629879021,-0.8219989629879021
2021-04-22,Infosys,-0.00018503071142894623,-0.018503071142894623
2021-04-23,Infosys,-0.012804292919760818,-1.2804292919760818
2021-04-26,Infosys,0.007309766518057481,0.7309766518057481
2021-04-27,Infosys,0.0036844558729391963,0.36844558729391963
2021-04-28,Infosys,0.005561707098764135,0.5561707098764135
2021-04-29,Infosys,0.0002580501998530327,0.025805019985303268
2021-04-30,Infosys,-0.0014745801003127612,-0.14745801003127612
2021-05-03,Infosys,-0.0016980935307071565,-0.16980935307071565
2021-05-04,Infosys,-0.016752482397393353,-1.6752482397393353
2021-05-05,Infosys,0.00910196754800574,0.910196754800574
2021-05-06,Infosys,0.014983059166826074,1.4983059166826074
2021-05-07,Infosys,-0.006646545231247858,-0.6646545231247858
2021-05-10,Infosys,-0.009611385350210111,-0.9611385350210111
2021-05-11,Infosys,-0.006644060813080999,-0.6644060813080999
2021-05-12,Infosys,-0.0027430471234521914,-0.27430471234521914
2021-05-14,Infosys,-0.00798787326757533,-0.798787326757533
2021-05-17,Infosys,0.009875325149955483,0.9875325149955483
2021-05-18,Infosys,0.007973452727856989,0.7973452727856989
2021-05-19,Infosys,-0.002238752793947807,-0.2238752793947807
2021-05-20,Infosys,0.0017203413302997461,0.1720341330299746
2021-05-21,Infosys,0.011349286823276517,1.1349286823276517
2021-05-24,Infosys,-0.004762062642182818,-0.4762062642182818
2021-05-25,Infosys,0.010051533986810357,1.0051533986810357
2021-05-26,Infosys,0.02618248981486282,2.618248981486282
2021-05-27,Infosys,0.0035785414049762654,0.35785414049762654
2021-05-28,Infosys,0.0019967161878682305,0.19967161878682305
2021-05-31,Infosys,0.002661721860501176,0.2661721860501176
2021-06-01,Infosys,-0.004699622853631902,-0.4699622853631902
2021-06-02,Infosys,-0.006163464569474919,-0.6163464569474919
2021-06-03,Infosys,0.007978914828545847,0.7978914828545847
2021-06-04,Infosys,-0.0028783190834400507,-0.28783190834400507
2021-06-07,Infosys,0.002886627719090651,0.2886627719090651
2021-06-08,Infosys,0.016766846572955574,1.6766846572955574
2021-06-09,Infosys,0.0016630613501606994,0.16630613501606994
2021-06-10,Infosys,0.006359268517258654,0.6359268517258654
2021-06-11,Infosys,0.015867427261950562,1.5867427261950562
2021-06-14,Infosys,0.01029791618113074,1.029791618113074
2021-06-15,Infosys,0.00827731359121997,0.827731359121997
2021-06-16,Infosys,0.004545806380693795,0.45458063806937954
2021-06-17,Infosys,0.009928350673995556,0.9928350673995556
2021-06-18,Infosys,0.005350185936324747,0.5350185936324747
2021-06-21,Infosys,-0.001995514474285809,-0.19955144742858089
2021-06-22,Infosys,0.0076984286831556226,0.7698428683155623
2021-06-23,Infosys,-0.0057547648984278554,-0.5754764898427855
2021-06-24,Infosys,0.03728854047707664,3.7288540477076637
2021-06-25,Infosys,0.00962021871112051,0.962021871112051
2021-06-28,Infosys,-0.0015244935263557524,-0.15244935263557524
2021-06-29,Infosys,-0.005566838261283902,-0.5566838261283902
2021-06-30,Infosys,0.011355968814888096,1.1355968814888096
2021-07-01,Infosys,-0.012904845713975654,-1.2904845713975654
2021-07-02,Infosys,0.00474236906479697,0.47423690647969696
2021-07-05,Infosys,0.007111847172567964,0.7111847172567964
2021-07-06,Infosys,-0.010608283339187285,-1.0608283339187285
2021-07-07,Infosys,0.0015362934525047223,0.15362934525047223
2021-07-08,Infosys,-0.0024607127987164024,-0.24607127987164024
2021-07-09,Infosys,0.0013776088675589993,0.13776088675589993
2021-07-12,Infosys,-0.009629457651720186,-0.9629457651720186
2021-07-13,Infosys,-0.0018737003032075483,-0.18737003032075483
2021-07-14,Infosys,0.020680238068174095,2.0680238068174095
2021-07-15,Infosys,0.0024732490566332643,0.24732490566332643
2021-07-16,Infosys,-0.016036146405995044,-1.6036146405995044
2021-07-19,Infosys,-0.008840124391936821,-0.8840124391936821
2021-07-20,Infosys,0.005416254016576971,0.5416254016576971
2021-07-22,Infosys,0.025902434053548085,2.5902434053548085
2021-07-23,Infosys,0.00015732294690473658,0.015732294690473658
2021-07-26,Infosys,0.008456562740876583,0.8456562740876583
2021-07-27,Infosys,-0.000841675742148329,-0.0841675742148329
2021-07-28,Infosys,0.0019032368231983732,0.19032368231983732
2021-07-29,Infosys,0.00710031724078819,0.710031724078819
2021-07-30,Infosys,-0.004020001892989233,-0.40200018929892334
2021-08-02,Infosys,0.013070484820721262,1.3070484820721262
2021-08-03,Infosys,0.014495340654507416,1.4495340654507416
2021-08-04,Infosys,-0.0035945381918941477,-0.35945381918941477
2021-08-05,Infosys,0.0026071155328899476,0.26071155328899476
2021-08-06,Infosys,-0.0020259211448633296,-0.20259211448633296
2021-08-09,Infosys,0.007938466754565221,0.7938466754565221
2021-08-10,Infosys,0.008386996691933435,0.8386996691933435
2021-08-11,Infosys,0.00017873868646378632,0.017873868646378632
2021-08-12,Infosys,0.007183108828981988,0.7183108828981988
2021-08-13,Infosys,0.013375934764664255,1.3375934764664255
2021-08-16,Infosys,-0.004555374762678643,-0.45553747626786434
2021-08-17,Infosys,0.021855031043325868,2.1855031043325868
2021-08-18,Infosys,-0.004708094291284826,-0.47080942912848256
2021-08-20,Infosys,-0.0002886439700333643,-0.02886439700333643
2021-08-23,Infosys,0.0033469722614740682,0.3346972261474068
2021-08-24,Infosys,-0.010294702753314677,-1.0294702753314677
2021-08-25,Infosys,0.008542404487405175,0.8542404487405175
2021-08-26,Infosys,-0.004523238894880044,-0.4523238894880044
2021-08-27,Infosys,-0.010939268200679031,-1.093926820067903
2021-08-30,Infosys,-0.006291019741968329,-0.6291019741968329
2021-08-31,Infosys,0.004946928744251844,0.4946928744251844
2021-09-01,Infosys,-0.016818565560949184,-1.6818565560949184
2021-09-02,Infosys,0.006764985141291868,0.6764985141291868
2021-09-03,Infosys,0.006837933775537763,0.6837933775537763
2021-09-06,Infosys,0.01749335697130472,1.7493356971304719
2021-09-07,Infosys,-0.01372519766060043,-1.372519766060043
2021-09-08,Infosys,-0.007851549799913093,-0.7851549799913093
2021-09-09,Infosys,-0.0009745598815894541,-0.0974559881589454
2021-09-13,Infosys,0.00017738815535950359,0.01773881553595036
2021-09-14,Infosys,-0.0033985220662046123,-0.33985220662046123
2021-09-15,Infosys,0.015004706296196435,1.5004706296196435
2021-09-16,Infosys,-0.005375716687839871,-0.5375716687839871
2021-09-17,Infosys,-0.0064326361103826946,-0.6432636110382695
2021-09-20,Infosys,-0.002039869775164349,-0.2039869775164349
2021-09-21,Infosys,0.018129556189534046,1.8129556189534046
2021-09-22,Infosys,-0.0009019544003695534,-0.09019544003695534
2021-09-23,Infosys,0.014939723314753683,1.4939723314753683
2021-09-24,Infosys,0.01222349427407754,1.222349427407754
2021-09-27,Infosys,-0.024208344450993624,-2.4208344450993624
2021-09-28,Infosys,-0.019783284249770605,-1.9783284249770605
2021-09-29,Infosys,0.0030523853390800326,0.30523853390800326
2021-09-30,Infosys,-0.010075355629774352,-1.0075355629774352
2021-10-01,Infosys,-0.005999132236251925,-0.5999132236251925
2021-10-04,Infosys,0.008167508454987704,0.8167508454987704
2021-10-05,Infosys,0.008369334375475379,0.8369334375475379
2021-10-06,Infosys,-0.011371865918770152,-1.1371865918770152
2021-10-07,Infosys,0.010426864554187842,1.0426864554187842
2021-10-08,Infosys,0.019426545310330168,1.9426545310330168
2021-10-11,Infosys,-0.01908529017254268,-1.908529017254268
2021-10-12,Infosys,-0.0034297728318394283,-0.3429772831839428
2021-10-13,Infosys,0.014271481513917772,1.4271481513917772
2021-10-14,Infosys,0.0038323422428565568,0.3832342242856557
2021-10-18,Infosys,0.04452850373010242,4.452850373010242
2021-10-19,Infosys,0.016739733050796346,1.6739733050796346
2021-10-20,Infosys,-0.01086642751167921,-1.086642751167921
2021-10-21,Infosys,-0.02702013985000362,-2.702013985000362
2021-10-22,Infosys,-0.019302518600689433,-1.9302518600689433
2021-10-25,Infosys,-0.00712309708603831,-0.712309708603831
2021-10-26,Infosys,0.00658782702337124,0.658782702337124
2021-10-27,Infosys,0.014820719652449021,1.4820719652449021
2021-10-28,Infosys,-0.014488648735862086,-1.4488648735862086
2021-10-29,Infosys,-0.02121592185163723,-2.121592185163723
2021-11-01,Infosys,0.019367396520710844,1.9367396520710844
2021-11-02,Infosys,-0.0012648143567460801,-0.126481435674608
2021-11-03,Infosys,0.0027092370566879076,0.27092370566879076
2021-11-04,Infosys,0.0036416147756144213,0.3641614775614421
2021-11-08,Infosys,0.016855058497283304,1.6855058497283304
2021-11-09,Infosys,0.0028777618062032495,0.28777618062032495
2021-11-10,Infosys,-0.0013487274986857534,-0.13487274986857534
2021-11-11,Infosys,-0.0039364468370113315,-0.39364468370113315
2021-11-12,Infosys,0.02705825710930654,2.705825710930654
2021-11-15,Infosys,0.0039039957447561946,0.39039957447561946
2021-11-16,Infosys,0.0028817659740487667,0.28817659740487667
2021-11-17,Infosys,-0.0027059841384730055,-0.27059841384730055
2021-11-18,Infosys,-0.004503635216894786,-0.4503635216894786
2021-11-22,Infosys,-0.011239836768395906,-1.1239836768395906
2021-11-23,Infosys,-0.012788419484478841,-1.2788419484478841
2021-11-24,Infosys,-0.02354769875089413,-2.354769875089413
2021-11-25,Infosys,0.015565993881988538,1.5565993881988538
2021-11-26,Infosys,-0.017852925671433595,-1.7852925671433595
2021-11-29,Infosys,0.0027782105187172945,0.27782105187172945
2021-11-30,Infosys,0.009609005454463748,0.9609005454463748
2021-12-01,Infosys,0.0013137502670734769,0.1313750267073477
2021-12-02,Infosys,0.01944701108903879,1.944701108903879
2021-12-03,Infosys,-0.007264277508496453,-0.7264277508496453
2021-12-06,Infosys,-0.02319148348602662,-2.319148348602662
2021-12-07,Infosys,0.009644292600549331,0.9644292600549331
2021-12-08,Infosys,0.024362490074764986,2.4362490074764986
2021-12-09,Infosys,0.005760383816413084,0.5760383816413084
2021-12-10,Infosys,-0.0023816471368239833,-0.23816471368239833
2021-12-13,Infosys,-0.008299124792000678,-0.8299124792000678
2021-12-14,Infosys,0.004299032170319572,0.4299032170319572
2021-12-15,Infosys,-0.010244602988630946,-1.0244602988630946
2021-12-16,Infosys,0.021566045468513373,2.1566045468513373
2021-12-17,Infosys,0.027799784526851168,2.779978452685117
2021-12-20,Infosys,-0.012054781769775702,-1.2054781769775702
2021-12-21,Infosys,0.007059897069360499,0.7059897069360499
2021-12-22,Infosys,0.0072311809239211655,0.7231180923921166
2021-12-23,Infosys,0.01803035319840407,1.803035319840407
2021-12-24,Infosys,0.003176169886125235,0.3176169886125235
2021-12-27,Infosys,0.0014219555937446948,0.14219555937446948
2021-12-28,Infosys,0.011708632363817584,1.1708632363817584
2021-12-29,Infosys,-0.0012976188785556175,-0.12976188785556175
2021-12-30,Infosys,0.003871390699025312,0.3871390699025312
2021-12-31,Infosys,-0.002694128161323639,-0.2694128161323639
2022-01-03,Infosys,0.00566803687152917,0.566803687152917
2022-01-04,Infosys,0.0003686656447745573,0.03686656447745573
2022-01-05,Infosys,-0.028697043868869287,-2.8697043868869287
2022-01-06,Infosys,-0.014555626490362128,-1.4555626490362128
2022-01-07,Infosys,-0.001925416661571755,-0.1925416661571755
2022-01-10,Infosys,0.020090405907732256,2.0090405907732256
2022-01-11,Infosys,0.0026205245372703523,0.26205245372703523
2022-01-12,Infosys,0.011775351943276613,1.1775351943276613
2022-01-13,Infosys,0.010306387949331253,1.0306387949331253
2022-01-14,Infosys,0.01716057593806064,1.716057593806064
2022-01-17,Infosys,0.00526075709654239,0.526075709654239
2022-01-18,Infosys,-0.009667440394252935,-0.9667440394252935
2022-01-19,Infosys,-0.0279577946479026,-2.79577946479026
2022-01-20,Infosys,-0.02321854263046308,-2.321854263046308
2022-01-21,Infosys,-0.02083682951170407,-2.083682951170407
2022-01-24,Infosys,-0.027383917481821674,-2.7383917481821674
2022-01-25,Infosys,-0.008435194476361763,-0.8435194476361763
2022-01-27,Infosys,-0.025288290219239395,-2.5288290219239395
2022-01-28,Infosys,0.004527779773241036,0.45277797732410363
2022-01-31,Infosys,0.029652388888710357,2.9652388888710357
2022-02-01,Infosys,0.02064855095192808,2.064855095192808
2022-02-02,Infosys,0.0084929483355638,0.8492948335563799
2022-02-03,Infosys,-0.027166799311006073,-2.7166799311006073
2022-02-04,Infosys,0.0014666985123896747,0.14666985123896747
2022-02-07,Infosys,-0.014990517723972863,-1.4990517723972863
2022-02-08,Infosys,0.0013410307119119391,0.1341030711911939
2022-02-09,Infosys,0.011646367276172853,1.1646367276172853
2022-02-10,Infosys,0.018591973582192223,1.8591973582192223
2022-02-11,Infosys,-0.02726611998769668,-2.726611998769668
2022-02-14,Infosys,-0.02274385042318061,-2.274385042318061
2022-02-15,Infosys,0.03331960236117659,3.3319602361176592
2022-02-16,Infosys,-0.0028477484748856696,-0.28477484748856696
2022-02-17,Infosys,-0.004903937408494485,-0.49039374084944853
2022-02-18,Infosys,-0.010349140318201666,-1.0349140318201666
2022-02-21,Infosys,0.013913854230402478,1.3913854230402478
2022-02-22,Infosys,0.0021089270070284716,0.21089270070284716
2022-02-23,Infosys,0.004901048655880258,0.4901048655880258
2022-02-24,Infosys,-0.037123091529656205,-3.7123091529656205
2022-02-25,Infosys,0.009802291061710156,0.9802291061710156
2022-02-28,Infosys,0.01239238519721364,1.239238519721364
2022-03-02,Infosys,-0.00746090871547378,-0.746090871547378
2022-03-03,Infosys,0.01060025064527581,1.060025064527581
2022-03-04,Infosys,0.0014235786736709333,0.14235786736709333
2022-03-07,Infosys,0.009603839697869931,0.9603839697869931
2022-03-08,Infosys,0.02204192813093786,2.204192813093786
2022-03-09,Infosys,0.019767328033347686,1.9767328033347686
2022-03-10,Infosys,0.00692082213884726,0.692082213884726
2022-03-11,Infosys,-0.0021358466000763743,-0.21358466000763743
2022-03-14,Infosys,0.037705732755459076,3.7705732755459076
2022-03-15,Infosys,-0.0271855128161419,-2.71855128161419
2022-03-16,Infosys,0.0272384056315369,2.72384056315369
2022-03-17,Infosys,-0.018418491165744677,-1.8418491165744677
2022-03-21,Infosys,-0.0008357393517952616,-0.08357393517952616
2022-03-22,Infosys,0.018537040231584756,1.8537040231584756
2022-03-23,Infosys,-0.007947322673357071,-0.7947322673357071
2022-03-24,Infosys,0.007637045502418172,0.7637045502418172
2022-03-25,Infosys,-0.005379753755986649,-0.5379753755986649
2022-03-28,Infosys,-0.0014120670658566148,-0.14120670658566148
2022-03-29,Infosys,0.006457068810433064,0.6457068810433064
2022-03-30,Infosys,0.009517393383162487,0.9517393383162487
2022-03-31,Infosys,0.001523229912861579,0.1523229912861579
2022-04-01,Infosys,-0.0017306616861300084,-0.17306616861300084
2022-04-04,Infosys,-0.010821831720710162,-1.0821831720710162
2022-04-05,Infosys,-0.011604239244038972,-1.1604239244038972
2022-04-06,Infosys,-0.01732844564119529,-1.732844564119529
2022-04-07,Infosys,-0.009760188385430468,-0.9760188385430468
2022-04-08,Infosys,0.0019878011772311854,0.19878011772311854
2022-04-11,Infosys,-0.02647955795183332,-2.647955795183332
2022-04-12,Infosys,-0.013642442925087317,-1.3642442925087317
2022-04-13,Infosys,0.0035008765745274673,0.3500876574527467
2022-04-18,Infosys,-0.0727173746629618,-7.27173746629618
2022-04-19,Infosys,-0.0366349656295778,-3.66349656295778
2022-04-20,Infosys,0.016453106161592235,1.6453106161592235
2022-04-21,Infosys,0.019588236400728265,1.9588236400728265
2022-04-22,Infosys,-0.02060182388140852,-2.060182388140852
2022-04-25,Infosys,-0.015358316168597952,-1.5358316168597952
2022-04-26,Infosys,0.012747156246504243,1.2747156246504243
2022-04-27,Infosys,-0.01783652002145797,-1.7836520021457969
2022-04-28,Infosys,0.01919099814375902,1.919099814375902
2022-04-29,Infosys,-0.009509535430946126,-0.9509535430946126
2022-05-02,Infosys,-0.016937233340913682,-1.6937233340913682
2022-05-04,Infosys,-0.0035366273520758273,-0.35366273520758273
2022-05-05,Infosys,0.03230115208555229,3.2301152085552287
2022-05-06,Infosys,-0.0266853819341345,-2.66853819341345
2022-05-09,Infosys,0.017824283590814227,1.7824283590814227
2022-05-10,Infosys,-0.011048627460763738,-1.1048627460763738
2022-05-11,Infosys,-0.01690269835956526,-1.690269835956526
2022-05-12,Infosys,-0.011756871960678872,-1.1756871960678872
2022-05-13,Infosys,-0.002916384993756349,-0.2916384993756349
2022-05-16,Infosys,-0.010170161100271913,-1.0170161100271913
2022-05-17,Infosys,0.019709953419656312,1.9709953419656312
2022-05-18,Infosys,-0.006091946619667721,-0.6091946619667721
2022-05-19,Infosys,-0.05436632226829052,-5.436632226829053
2022-05-20,Infosys,0.019619449839671566,1.9619449839671566
2022-05-23,Infosys,0.00910571645342384,0.910571645342384
2022-05-24,Infosys,-0.018659879088698816,-1.8659879088698816
2022-05-25,Infosys,-0.021200532476517098,-2.1200532476517098
2022-05-26,Infosys,0.009571290874853977,0.9571290874853977
2022-05-27,Infosys,0.026265049732520307,2.6265049732520307
2022-05-30,Infosys,0.04478737251343934,4.478737251343934
2022-05-31,Infosys,-0.004765759685860349,-0.4765759685860349
2022-06-01,Infosys,-0.01665987681725989,-1.6659876817259889
2022-06-02,Infosys,0.019918141795324473,1.9918141795324473
2022-06-03,Infosys,0.009084581862832897,0.9084581862832897
2022-06-06,Infosys,0.005487660668055394,0.5487660668055394
2022-06-07,Infosys,-0.015261033207706332,-1.5261033207706332
2022-06-08,Infosys,-0.0044468072837898776,-0.44468072837898776
2022-06-09,Infosys,0.00999990010730678,0.9999900107306781
2022-06-10,Infosys,-0.025214446286915937,-2.5214446286915937
2022-06-13,Infosys,-0.03541432462488625,-3.541432462488625
2022-06-14,Infosys,0.011267179394290228,1.1267179394290228
2022-06-15,Infosys,-0.012738324705324655,-1.2738324705324655
2022-06-16,Infosys,-0.01757841742821087,-1.7578417428210869
2022-06-17,Infosys,-0.007085670815306644,-0.7085670815306644
2022-06-20,Infosys,0.019354381618876593,1.9354381618876593
2022-06-21,Infosys,0.025279869725446158,2.527986972544616
2022-06-22,Infosys,-0.008724544089950936,-0.8724544089950936
2022-06-23,Infosys,0.010575657976539254,1.0575657976539254
2022-06-24,Infosys,-0.00781435814604603,-0.781435814604603
2022-06-27,Infosys,0.02324614847200901,2.324614847200901
2022-06-28,Infosys,0.0037637957601504013,0.37637957601504013
2022-06-29,Infosys,-0.01141789254531611,-1.141789254531611
2022-06-30,Infosys,-0.0009225533382856144,-0.09225533382856144
2022-07-01,Infosys,0.011970792184832213,1.1970792184832213
2022-07-04,Infosys,0.005813124224401944,0.5813124224401944
2022-07-05,Infosys,-0.008098174358614263,-0.8098174358614263
2022-07-06,Infosys,0.010637103922534585,1.0637103922534585
2022-07-07,Infosys,0.004726492067756105,0.4726492067756105
2022-07-08,Infosys,0.010509113163041928,1.0509113163041928
2022-07-11,Infosys,-0.0272706519346545,-2.72706519346545
2022-07-12,Infosys,-0.023453142658408588,-2.345314265840859
2022-07-13,Infosys,0.004066581201285446,0.40665812012854463
2022-07-14,Infosys,-0.010799979024731843,-1.0799979024731843
2022-07-15,Infosys,0.00104982321273428,0.10498232127342799
2022-07-18,Infosys,0.04163298508232982,4.163298508232982
2022-07-19,Infosys,-0.00385929961296283,-0.385929961296283
2022-07-20,Infosys,0.02098855471190042,2.098855471190042
2022-07-21,Infosys,0.01161479592369008,1.161479592369008
2022-07-22,Infosys,-0.017352822458965522,-1.7352822458965522
2022-07-25,Infosys,-0.0017924648577504199,-0.17924648577504199
2022-07-26,Infosys,-0.03488294275242698,-3.488294275242698
2022-07-27,Infosys,0.01371335736310364,1.371335736310364
2022-07-28,Infosys,0.031508124435280616,3.1508124435280616
2022-07-29,Infosys,0.021286277714337,2.1286277714337
2022-08-01,Infosys,0.000871266127449255,0.0871266127449255
2022-08-02,Infosys,-0.004803302221531691,-0.4803302221531691
2022-08-03,Infosys,0.014576437977980916,1.4576437977980916
2022-08-04,Infosys,0.021582346080140757,2.1582346080140757
2022-08-05,Infosys,0.010469281509619455,1.0469281509619455
2022-08-08,Infosys,0.001701065519210676,0.1701065519210676
2022-08-10,Infosys,-0.010466813143082065,-1.0466813143082065
2022-08-11,Infosys,0.010920753996382704,1.0920753996382704
2022-08-12,Infosys,-0.015957187718352306,-1.5957187718352306
2022-08-16,Infosys,0.001474098755130715,0.1474098755130715
2022-08-17,Infosys,0.006138720567017364,0.6138720567017364
2022-08-18,Infosys,-0.014505987912489804,-1.4505987912489804
2022-08-19,Infosys,0.008939025070155537,0.8939025070155537
2022-08-22,Infosys,-0.01343064160453633,-1.343064160453633
2022-08-23,Infosys,-0.021102210412787592,-2.110221041278759
2022-08-24,Infosys,-0.0031771416918920936,-0.31771416918920936
2022-08-25,Infosys,-0.012585095444588523,-1.2585095444588523
2022-08-26,Infosys,0.002239458328526789,0.22394583285267888
2022-08-29,Infosys,-0.039302075426115635,-3.9302075426115635
2022-08-30,Infosys,0.021344228501353202,2.13442285013532
2022-09-01,Infosys,-0.019257076819199415,-1.9257076819199415
2022-09-02,Infosys,-0.007649219347565905,-0.7649219347565905
2022-09-05,Infosys,0.0057122129643023545,0.5712212964302354
2022-09-06,Infosys,-0.004242729148859703,-0.4242729148859703
2022-09-07,Infosys,0.0017523713791622875,0.17523713791622875
2022-09-08,Infosys,0.012520235987021122,1.2520235987021122
2022-09-09,Infosys,0.024222471716295102,2.42224717162951
2022-09-12,Infosys,0.016240505122741444,1.6240505122741444
2022-09-13,Infosys,0.005695905984799632,0.5695905984799632
2022-09-14,Infosys,-0.04501767820750735,-4.501767820750735
2022-09-15,Infosys,-0.028873571708888157,-2.8873571708888157
2022-09-16,Infosys,-0.03890975061266755,-3.890975061266755
2022-09-19,Infosys,0.009622142147514223,0.9622142147514223
2022-09-20,Infosys,-0.0012588864609390793,-0.12588864609390793
2022-09-21,Infosys,-0.008138031919317057,-0.8138031919317057
2022-09-22,Infosys,-0.006752628018260931,-0.6752628018260931
2022-09-23,Infosys,-0.0018274337754983216,-0.18274337754983216
2022-09-26,Infosys,0.010838999336348687,1.0838999336348687
2022-09-27,Infosys,0.009635886971195218,0.9635886971195218
2022-09-28,Infosys,0.0008252657181009315,0.08252657181009315
2022-09-29,Infosys,0.002832232391493328,0.2832232391493328
2022-09-30,Infosys,0.010581513954278865,1.0581513954278865
2022-10-03,Infosys,-0.013937615680371995,-1.3937615680371995
2022-10-04,Infosys,0.025578483439106847,2.5578483439106847
2022-10-06,Infosys,0.018014681485998052,1.8014681485998052
2022-10-07,Infosys,-0.0027145754516412213,-0.2714575451641221
2022-10-10,Infosys,0.007890049877262939,0.7890049877262939
2022-10-11,Infosys,-0.026561448690776257,-2.6561448690776257
2022-10-12,Infosys,0.0034415996380556813,0.3441599638055681
2022-10-13,Infosys,-0.006159507339479786,-0.6159507339479786
2022-10-14,Infosys,0.038277385963803257,3.8277385963803257
2022-10-17,Infosys,0.010649462519596753,1.0649462519596753
2022-10-18,Infosys,0.00922859040835533,0.922859040835533
2022-10-19,Infosys,-0.012136900204550383,-1.2136900204550383
2022-10-20,Infosys,0.010401111840756094,1.0401111840756094
2022-10-21,Infosys,-0.00026652605814281305,-0.026652605814281305
2022-10-24,Infosys,0.011562619126996188,1.1562619126996188
2022-10-25,Infosys,0.005567240199910284,0.5567240199910284
2022-10-27,Infosys,0.00937203797018249,0.937203797018249
2022-10-28,Infosys,-0.0070211828480659655,-0.7021182848065965
2022-10-31,Infosys,0.016124242130426847,1.6124242130426847
2022-11-01,Infosys,0.02298945616119652,2.298945616119652
2022-11-02,Infosys,-0.012523646464404625,-1.2523646464404625
2022-11-03,Infosys,-0.014517558811113718,-1.4517558811113718
2022-11-04,Infosys,-0.010942434250121202,-1.0942434250121202
2022-11-07,Infosys,-0.004326152000648786,-0.43261520006487864
2022-11-09,Infosys,0.002487518656840937,0.2487518656840937
2022-11-10,Infosys,-0.006121122019140612,-0.6121122019140612
2022-11-11,Infosys,0.045374429078224754,4.537442907822475
2022-11-14,Infosys,0.009681054036428494,0.9681054036428494
2022-11-15,Infosys,0.005487958229072332,0.5487958229072332
2022-11-16,Infosys,0.005520706295524702,0.5520706295524702
2022-11-17,Infosys,-0.009608255640752406,-0.9608255640752406
2022-11-18,Infosys,0.003779865758014145,0.3779865758014145
2022-11-21,Infosys,-0.015815228429861494,-1.5815228429861494
2022-11-22,Infosys,0.010744678083676629,1.0744678083676629
2022-11-23,Infosys,-0.001198653479419387,-0.1198653479419387
2022-11-24,Infosys,0.029466586946843787,2.9466586946843787
2022-11-25,Infosys,0.0035894193519103723,0.35894193519103723
2022-11-28,Infosys,-0.007489446960454393,-0.7489446960454393
2022-11-29,Infosys,0.003480438563235877,0.3480438563235877
2022-11-30,Infosys,0.0036217061635031023,0.3621706163503102
2022-12-01,Infosys,0.013547774473012142,1.3547774473012142
2022-12-02,Infosys,-0.011586402956705322,-1.1586402956705322
2022-12-05,Infosys,0.0011294245480641951,0.11294245480641951
2022-12-06,Infosys,-0.01637443447356912,-1.6374434473569122
2022-12-07,Infosys,-0.004588060150969242,-0.4588060150969242
2022-12-08,Infosys,0.009124994219433802,0.9124994219433802
2022-12-09,Infosys,-0.031386023412236064,-3.1386023412236064
2022-12-12,Infosys,-0.014082730092892182,-1.4082730092892182
2022-12-13,Infosys,0.016125851265056834,1.6125851265056834
2022-12-14,Infosys,0.004611493600294114,0.4611493600294114
2022-12-15,Infosys,-0.024629649097023365,-2.4629649097023365
2022-12-16,Infosys,-0.011879200193701145,-1.1879200193701145
2022-12-19,Infosys,-0.009755573771311865,-0.9755573771311865
2022-12-20,Infosys,-3.3197985387478646e-05,-0.0033197985387478646
2022-12-21,Infosys,0.0014926959300987086,0.14926959300987086
2022-12-22,Infosys,0.008280825439583639,0.8280825439583639
2022-12-23,Infosys,-0.016392398362743532,-1.6392398362743532
2022-12-26,Infosys,0.0035401725016628305,0.35401725016628305
2022-12-27,Infosys,0.008286563494101395,0.8286563494101395
2022-12-28,Infosys,-0.0031025575566032693,-0.3102557556603269
2022-12-29,Infosys,0.0049002300730955906,0.49002300730955906
2022-12-30,Infosys,-0.006161368334342776,-0.6161368334342776
2023-01-02,Infosys,0.0104761767373589,1.04761767373589
2023-01-03,Infosys,-0.0009515095935258566,-0.09515095935258566
2023-01-04,Infosys,-0.018225937969721717,-1.8225937969721717
2023-01-05,Infosys,-0.013112316717303174,-1.3112316717303174
2023-01-06,Infosys,-0.01809905408801038,-1.809905408801038
2023-01-09,Infosys,0.024818749202631718,2.481874920263172
2023-01-10,Infosys,-0.009902713334659752,-0.9902713334659752
2023-01-11,Infosys,0.0010206781699588774,0.10206781699588774
2023-01-12,Infosys,0.006355080792773693,0.6355080792773693
2023-01-13,Infosys,0.015568007871942457,1.5568007871942457
2023-01-16,Infosys,0.014531371520555725,1.4531371520555725
2023-01-17,Infosys,0.009177264131475793,0.9177264131475793
2023-01-18,Infosys,0.0038325513362258423,0.38325513362258423
2023-01-19,Infosys,-0.004206134187664912,-0.42061341876649117
2023-01-20,Infosys,-0.008674980745828287,-0.8674980745828287
2023-01-23,Infosys,0.01471594288649647,1.471594288649647
2023-01-24,Infosys,0.002519424498475864,0.2519424498475864
2023-01-25,Infosys,-0.005734962055196746,-0.5734962055196746
2023-01-27,Infosys,-0.015456881397570288,-1.5456881397570288
2023-01-30,Infosys,0.012934815173257341,1.2934815173257341
2023-01-31,Infosys,-0.0032817286793235256,-0.32817286793235256
2023-02-01,Infosys,0.011312106270372269,1.1312106270372269
2023-02-02,Infosys,0.02104956137359415,2.104956137359415
2023-02-03,Infosys,0.009881639271999143,0.9881639271999143
2023-02-06,Infosys,-0.0184756889231652,-1.84756889231652
2023-02-07,Infosys,-0.004745668398467018,-0.4745668398467018
2023-02-08,Infosys,0.01798518448376063,1.798518448376063
2023-02-09,Infosys,0.016661233414152488,1.6661233414152488
2023-02-10,Infosys,-0.0052254697965440355,-0.5225469796544036
2023-02-13,Infosys,-0.025551191696029707,-2.5551191696029707
2023-02-14,Infosys,0.016459989266921715,1.6459989266921715
2023-02-15,Infosys,0.0023850539690473127,0.23850539690473127
2023-02-16,Infosys,0.002974287635888251,0.2974287635888251
2023-02-17,Infosys,-0.011237315245102297,-1.1237315245102297
2023-02-20,Infosys,0.005461388131865252,0.5461388131865252
2023-02-21,Infosys,-0.008131958514988491,-0.8131958514988491
2023-02-22,Infosys,-0.011206050483832053,-1.1206050483832053
2023-02-23,Infosys,-0.007107262371864875,-0.7107262371864875
2023-02-24,Infosys,-3.218224092749189e-05,-0.003218224092749189
2023-02-27,Infosys,-0.02666643164982352,-2.666643164982352
2023-02-28,Infosys,-0.01441057489047326,-1.441057489047326
2023-03-01,Infosys,0.005714115425515587,0.5714115425515587
2023-03-02,Infosys,-0.01597540790644536,-1.597540790644536
2023-03-03,Infosys,0.00485685123520363,0.48568512352036297
2023-03-06,Infosys,0.019029333476487276,1.9029333476487276
2023-03-08,Infosys,-0.009784817368177157,-0.9784817368177157
2023-03-09,Infosys,-0.008240114986653335,-0.8240114986653335
2023-03-10,Infosys,-0.0059781460518314455,-0.5978146051831446
2023-03-13,Infosys,-0.024769868275305473,-2.4769868275305473
2023-03-14,Infosys,-0.010521728715773615,-1.0521728715773615
2023-03-15,Infosys,-0.0002465851310985423,-0.02465851310985423
2023-03-16,Infosys,-0.01095337903036242,-1.095337903036242
2023-03-17,Infosys,0.011822429291074465,1.1822429291074465
2023-03-20,Infosys,-0.012000914643455096,-1.2000914643455096
2023-03-21,Infosys,-0.009226048505755036,-0.9226048505755036
2023-03-22,Infosys,-0.0010427127976471162,-0.10427127976471162
2023-03-23,Infosys,-0.010581113600003134,-1.0581113600003134
2023-03-24,Infosys,0.004437792992622036,0.4437792992622036
2023-03-27,Infosys,0.006011565544157049,0.6011565544157049
2023-03-28,Infosys,-0.008171387972879973,-0.8171387972879973
2023-03-29,Infosys,0.004318894179886845,0.4318894179886845
2023-03-31,Infosys,0.032091422276754544,3.2091422276754544
2023-04-03,Infosys,-0.011975311169634018,-1.1975311169634018
2023-04-05,Infosys,0.009001815938564306,0.9001815938564306
2023-04-06,Infosys,-0.001159259922963063,-0.11592599229630629
2023-04-10,Infosys,0.0040087554171466255,0.40087554171466255
2023-04-11,Infosys,-0.015025055888776784,-1.5025055888776784
2023-04-12,Infosys,0.015751989524203536,1.5751989524203536
2023-04-13,Infosys,-0.027375080174304678,-2.737508017430468
2023-04-17,Infosys,-0.09422680077344292,-9.422680077344292
2023-04-18,Infosys,0.0008343866280275947,0.08343866280275947
2023-04-19,Infosys,-0.021558811064411043,-2.1558811064411043
2023-04-20,Infosys,-0.007141703132042099,-0.7141703132042099
2023-04-21,Infosys,0.0032287971044084873,0.32287971044084873
2023-04-24,Infosys,-0.000855427349167881,-0.0855427349167881
2023-04-25,Infosys,-0.0011416941583648477,-0.11416941583648477
2023-04-26,Infosys,0.0021634388820190864,0.21634388820190864
2023-04-27,Infosys,0.015233563621914747,1.5233563621914747
2023-04-28,Infosys,0.005215557462349807,0.5215557462349807
2023-05-02,Infosys,0.019716504021410453,1.9716504021410453
2023-05-03,Infosys,-0.006497110491115343,-0.6497110491115343
2023-05-04,Infosys,0.0034667288955003706,0.34667288955003706
2023-05-05,Infosys,-0.011346142552839389,-1.1346142552839389
2023-05-08,Infosys,0.005162545335079427,0.5162545335079427
2023-05-09,Infosys,0.004029573701530564,0.40295737015305644
2023-05-10,Infosys,-0.005862900564298945,-0.5862900564298945
2023-05-11,Infosys,-0.005660014822541193,-0.5660014822541193
2023-05-12,Infosys,-0.008677621354409526,-0.8677621354409526
2023-05-15,Infosys,0.01056058173456731,1.056058173456731
2023-05-16,Infosys,0.004728507669925275,0.4728507669925275
2023-05-17,Infosys,-0.013762650000623822,-1.3762650000623822
2023-05-18,Infosys,-0.0007219454401183878,-0.07219454401183878
2023-05-19,Infosys,0.018379037193737346,1.8379037193737346
2023-05-22,Infosys,0.01883521714081926,1.883521714081926
2023-05-23,Infosys,0.005607845661653288,0.5607845661653288
2023-05-24,Infosys,-0.001076823034201757,-0.1076823034201757
2023-05-25,Infosys,0.004389210905364038,0.4389210905364038
2023-05-26,Infosys,0.010043208230393397,1.0043208230393397
2023-05-29,Infosys,-0.0023150150333024477,-0.23150150333024477
2023-05-30,Infosys,0.007189588395934976,0.7189588395934976
2023-05-31,Infosys,-0.004192364565516304,-0.41923645655163044
2023-06-01,Infosys,0.0009102873403219469,0.09102873403219469
2023-06-02,Infosys,-0.002304101399423719,-0.23041013994237192
2023-06-05,Infosys,0.004234079052944706,0.4234079052944706
2023-06-06,Infosys,-0.0195477381197402,-1.95477381197402
2023-06-07,Infosys,0.007779355595672444,0.7779355595672444
2023-06-08,Infosys,-0.0047711367928525705,-0.47711367928525705
2023-06-09,Infosys,-0.013135437964209462,-1.3135437964209462
2023-06-12,Infosys,0.020537913947504594,2.0537913947504594
2023-06-13,Infosys,0.00998497714896085,0.998497714896085
2023-06-14,Infosys,-0.0034102476275365,-0.34102476275365
2023-06-15,Infosys,-0.01045839183304631,-1.045839183304631
2023-06-16,Infosys,0.003769127170790698,0.3769127170790698
2023-06-19,Infosys,0.0018193658688250292,0.18193658688250292
2023-06-20,Infosys,0.007264247151969494,0.7264247151969494
2023-06-21,Infosys,-0.0031072675409442585,-0.31072675409442585
2023-06-22,Infosys,-0.013699246898201456,-1.3699246898201456
2023-06-23,Infosys,-0.012914038887020585,-1.2914038887020585
2023-06-26,Infosys,0.004229189126809141,0.4229189126809141
2023-06-27,Infosys,0.0069273541448995335,0.6927354144899533
2023-06-28,Infosys,0.01110101780396433,1.110101780396433
2023-06-30,Infosys,0.032589871729712394,3.2589871729712394
2023-07-03,Infosys,-0.0013479033351565528,-0.13479033351565528
2023-07-04,Infosys,0.00858526613157995,0.8585266131579949
2023-07-05,Infosys,0.0015983791174920547,0.15983791174920547
2023-07-06,Infosys,-0.0025237073730378645,-0.25237073730378645
2023-07-07,Infosys,-0.01019425332216306,-1.019425332216306
2023-07-10,Infosys,-0.0007893089738629788,-0.07893089738629788
2023-07-11,Infosys,0.014633385524398967,1.4633385524398967
2023-07-12,Infosys,-0.01134509092598679,-1.134509092598679
2023-07-13,Infosys,0.023850643046546383,2.3850643046546383
2023-07-14,Infosys,0.04457550389779108,4.457550389779108
2023-07-17,Infosys,-0.0021039125207495957,-0.21039125207495957
2023-07-18,Infosys,0.0367194330514784,3.67194330514784
2023-07-19,Infosys,-0.00016935905420156772,-0.01693590542015677
2023-07-20,Infosys,-0.01725480692299164,-1.725480692299164
2023-07-21,Infosys,-0.08133839039061608,-8.133839039061607
2023-07-24,Infosys,0.003754873203502207,0.3754873203502207
2023-07-25,Infosys,-0.0014963709040284323,-0.14963709040284323
2023-07-26,Infosys,0.01067739416206348,1.067739416206348
2023-07-27,Infosys,0.003187889937570132,0.3187889937570132
2023-07-28,Infosys,-0.009348544905995904,-0.9348544905995904
2023-07-31,Infosys,0.011339072118512483,1.1339072118512483
2023-08-01,Infosys,0.007007375356339329,0.7007375356339329
2023-08-02,Infosys,-0.0061163188588349016,-0.6116318858834902
2023-08-03,Infosys,0.005490710223426731,0.5490710223426731
2023-08-04,Infosys,0.010298314977649659,1.0298314977649659
2023-08-07,Infosys,0.010628771383728086,1.0628771383728086
2023-08-08,Infosys,-0.0020101574162566527,-0.20101574162566527
2023-08-09,Infosys,0.0030212611736137873,0.30212611736137873
2023-08-10,Infosys,-0.0038009246928083495,-0.38009246928083495
2023-08-11,Infosys,-0.012418200146280589,-1.241820014628059
2023-08-14,Infosys,0.015818044851863444,1.5818044851863444
2023-08-16,Infosys,0.017903840910036273,1.7903840910036273
2023-08-17,Infosys,-0.0048994406733600115,-0.48994406733600115
2023-08-18,Infosys,-0.01611707502920856,-1.611707502920856
2023-08-21,Infosys,0.01195288600876232,1.195288600876232
2023-08-22,Infosys,-0.0011741243164506976,-0.11741243164506976
2023-08-23,Infosys,0.0029919065300909597,0.299190653009096
2023-08-24,Infosys,0.011115492788085879,1.111549278808588
2023-08-25,Infosys,-0.002458663565642727,-0.2458663565642727
2023-08-28,Infosys,-0.0031333905216708313,-0.31333905216708313
2023-08-29,Infosys,0.0014126237609686232,0.14126237609686232
2023-08-30,Infosys,0.012344441579770438,1.2344441579770438
2023-08-31,Infosys,0.0002090518907742478,0.02090518907742478
2023-09-01,Infosys,0.005851855625437885,0.5851855625437885
2023-09-04,Infosys,0.014717469945632944,1.4717469945632944
2023-09-05,Infosys,0.009419257229520417,0.9419257229520417
2023-09-06,Infosys,-0.0009805869549636137,-0.09805869549636137
2023-09-07,Infosys,-0.007614364405863827,-0.7614364405863827
2023-09-08,Infosys,0.002318867052385043,0.2318867052385043
2023-09-11,Infosys,0.004661060356307978,0.4661060356307978
2023-09-12,Infosys,0.016695643259922566,1.6695643259922566
2023-09-13,Infosys,-0.0018319679161143965,-0.18319679161143965
2023-09-14,Infosys,0.005739447769341766,0.5739447769341766
2023-09-15,Infosys,0.0030858283575312395,0.30858283575312395
2023-09-18,Infosys,-0.013098635794368985,-1.3098635794368985
2023-09-20,Infosys,-0.001039115274248048,-0.1039115274248048
2023-09-21,Infosys,0.007716881529193698,0.7716881529193698
2023-09-22,Infosys,-0.0037289139009997196,-0.37289139009997196
2023-09-25,Infosys,-0.014704589879657726,-1.4704589879657726
2023-09-26,Infosys,-0.009157818893033798,-0.9157818893033798
2023-09-27,Infosys,0.004347344812650755,0.4347344812650755
2023-09-28,Infosys,-0.018779725754759724,-1.8779725754759724
2023-09-29,Infosys,-0.002778814529067808,-0.2778814529067808
2023-10-03,Infosys,-0.0010100816543429092,-0.10100816543429092
2023-10-04,Infosys,0.007217418667078812,0.7217418667078812
2023-10-05,Infosys,0.013223869554610745,1.3223869554610745
2023-10-06,Infosys,0.010420725670594155,1.0420725670594155
2023-10-09,Infosys,-0.0021979988347149426,-0.21979988347149426
2023-10-10,Infosys,0.01335199908041429,1.335199908041429
2023-10-11,Infosys,-0.0005015669817621804,-0.05015669817621804
2023-10-12,Infosys,-0.019338829425555426,-1.9338829425555426
2023-10-13,Infosys,-0.023439258904626725,-2.3439258904626725
2023-10-16,Infosys,0.0020963619588307836,0.20963619588307836
2023-10-17,Infosys,0.005787271259078741,0.5787271259078741
2023-10-18,Infosys,-0.0013169847876071117,-0.13169847876071117
2023-10-19,Infosys,-0.0047900757030728824,-0.47900757030728824
2023-10-20,Infosys,-0.004464128196419392,-0.44641281964193924
2023-10-23,Infosys,-0.013031925919930076,-1.3031925919930076
2023-10-25,Infosys,-0.014813386027026976,-1.4813386027026976
2023-10-26,Infosys,-0.007736810194207799,-0.7736810194207799
2023-10-27,Infosys,0.015373864158103157,1.5373864158103157
2023-10-30,Infosys,-0.0023907333245558604,-0.23907333245558604
2023-10-31,Infosys,-0.006281612110500268,-0.6281612110500268
2023-11-01,Infosys,-0.010413596249606916,-1.0413596249606916
2023-11-02,Infosys,0.011815578028066431,1.1815578028066431
2023-11-03,Infosys,0.013794068224859624,1.3794068224859624
2023-11-06,Infosys,0.01025878453186202,1.025878453186202
2023-11-07,Infosys,0.0007126738039138214,0.07126738039138214
2023-11-08,Infosys,-0.00947086801370789,-0.9470868013707889
2023-11-09,Infosys,-0.011646356955474557,-1.1646356955474557
2023-11-10,Infosys,-0.0043278802376355285,-0.43278802376355285
2023-11-13,Infosys,0.003433478471448481,0.3433478471448481
2023-11-15,Infosys,0.02690109935891627,2.690109935891627
2023-11-16,Infosys,0.024388674884220585,2.4388674884220585
2023-11-17,Infosys,-0.005086927811151498,-0.5086927811151498
2023-11-20,Infosys,-0.0006608633185934965,-0.06608633185934965
2023-11-21,Infosys,0.0016705855689178595,0.16705855689178595
2023-11-22,Infosys,0.013064673849857655,1.3064673849857655
2023-11-23,Infosys,-0.0058650597382508,-0.58650597382508
2023-11-24,Infosys,-0.008176735204939778,-0.8176735204939778
2023-11-28,Infosys,0.0036872875664999416,0.36872875664999416
2023-11-29,Infosys,0.011714159559114368,1.1714159559114368
2023-11-30,Infosys,-0.003048752819238776,-0.3048752819238776
2023-12-01,Infosys,-0.0019585196195146537,-0.19585196195146537
2023-12-04,Infosys,0.0082970146453476,0.82970146453476
2023-12-05,Infosys,-0.007101989273428089,-0.7101989273428089
2023-12-06,Infosys,0.013996364341686274,1.3996364341686274
2023-12-07,Infosys,-0.005697711580159637,-0.5697711580159637
2023-12-08,Infosys,0.01722506102204746,1.722506102204746
2023-12-11,Infosys,-0.0017772762874459502,-0.17772762874459502
2023-12-12,Infosys,-0.00836407523431748,-0.8364075234317481
2023-12-13,Infosys,-0.01832601970112857,-1.832601970112857
2023-12-14,Infosys,0.03619748550792412,3.619748550792412
2023-12-15,Infosys,0.05125034517378668,5.125034517378668
2023-12-18,Infosys,-0.008901469026046605,-0.8901469026046605
2023-12-19,Infosys,-0.0038672388282260384,-0.38672388282260384
2023-12-20,Infosys,-0.01405383708514596,-1.405383708514596
2023-12-21,Infosys,-0.00026037362580710877,-0.026037362580710877
2023-12-22,Infosys,0.01751313439804436,1.751313439804436
2023-12-26,Infosys,-0.012124988579321871,-1.2124988579321871
2023-12-27,Infosys,0.014994019242407619,1.499401924240762
2023-12-28,Infosys,-0.0028396988118825073,-0.28396988118825073
2023-12-29,Infosys,-0.0126386753791361,-1.26386753791361
2024-01-01,Infosys,0.005476576325049942,0.5476576325049942
2024-01-02,Infosys,-0.010926025510823556,-1.0926025510823556
2024-01-03,Infosys,-0.02893621223837084,-2.893621223837084
2024-01-04,Infosys,0.015234835862886209,1.523483586288621
2024-01-05,Infosys,0.013122209944325558,1.3122209944325558
2024-01-08,Infosys,-0.006361902674341446,-0.6361902674341446
2024-01-09,Infosys,0.004268510732428288,0.4268510732428288
2024-01-10,Infosys,-0.006146667361910052,-0.6146667361910052
2024-01-11,Infosys,-0.016909046191989408,-1.6909046191989408
2024-01-12,Infosys,0.07934017113444636,7.934017113444636
2024-01-15,Infosys,0.02439929676171171,2.439929676171171
2024-01-16,Infosys,-0.01243865441528258,-1.243865441528258
2024-01-17,Infosys,0.005301601879413864,0.5301601879413864
2024-01-18,Infosys,0.0014632946362607147,0.14632946362607147
2024-01-19,Infosys,0.010105842118161679,1.0105842118161679
2024-01-23,Infosys,-0.010275936772898842,-1.0275936772898842
2024-01-24,Infosys,0.02024771369068823,2.024771369068823
2024-01-25,Infosys,-0.0037602586830270956,-0.37602586830270956
2024-01-29,Infosys,-0.007489064328051631,-0.7489064328051631
2024-01-30,Infosys,-0.0031087929608976106,-0.31087929608976106
2024-01-31,Infosys,0.005722347514822923,0.5722347514822923
2024-02-01,Infosys,-0.0023179615783353036,-0.23179615783353036
2024-02-02,Infosys,0.021906322846908965,2.1906322846908965
2024-02-05,Infosys,-0.0036319255557345498,-0.363192555573455
2024-02-06,Infosys,0.025041477103037613,2.5041477103037613
2024-02-07,Infosys,-0.02064245040921464,-2.064245040921464
2024-02-08,Infosys,-0.000974145188769926,-0.0974145188769926
2024-02-09,Infosys,-0.013444820038360339,-1.344482003836034
2024-02-12,Infosys,0.006439729343466816,0.6439729343466816
2024-02-13,Infosys,0.0026487854464076754,0.26487854464076754
2024-02-14,Infosys,-0.010893325506629026,-1.0893325506629026
2024-02-15,Infosys,0.006091689123435051,0.6091689123435051
2024-02-16,Infosys,0.015092406796300528,1.5092406796300528
2024-02-19,Infosys,-0.001116591661557531,-0.11165916615575311
2024-02-20,Infosys,-0.008530620426044688,-0.8530620426044688
2024-02-21,Infosys,-0.01762352280555257,-1.7623522805552572
2024-02-22,Infosys,0.015583906628579003,1.5583906628579003
2024-02-23,Infosys,-0.0026763602099899586,-0.26763602099899586
2024-02-26,Infosys,-0.009959148477124646,-0.9959148477124646
2024-02-27,Infosys,0.002078043772806293,0.20780437728062928
2024-02-28,Infosys,0.0045985404075250536,0.45985404075250536
2024-02-29,Infosys,0.0015855128322392886,0.15855128322392886
2024-03-01,Infosys,-0.011470124182324848,-1.1470124182324848
2024-03-04,Infosys,-0.010575980381365424,-1.0575980381365424
2024-03-05,Infosys,-0.018751450279796744,-1.8751450279796744
2024-03-06,Infosys,0.006878342390394643,0.6878342390394643
2024-03-07,Infosys,-0.0006801054298536391,-0.06801054298536391
2024-03-11,Infosys,-0.009805591837507288,-0.9805591837507288
2024-03-12,Infosys,0.007715970838951591,0.7715970838951591
2024-03-13,Infosys,-0.0009608582484424977,-0.09608582484424977
2024-03-14,Infosys,0.026002156694243883,2.6002156694243883
2024-03-15,Infosys,-0.011673691082319748,-1.1673691082319748
2024-03-18,Infosys,-0.019185967424494077,-1.9185967424494077
2024-03-19,Infosys,-0.02570755237457556,-2.570755237457556
2024-03-20,Infosys,-0.0041627696373164325,-0.41627696373164325
2024-03-21,Infosys,-0.00016083477336392704,-0.016083477336392704
2024-03-22,Infosys,-0.0294910047119048,-2.94910047119048
2024-03-26,Infosys,-0.01073670838624552,-1.073670838624552
2024-03-27,Infosys,-0.005895583025008921,-0.5895583025008921
2024-03-28,Infosys,0.00956971798433881,0.956971798433881
2024-04-01,Infosys,-0.0017356662300310743,-0.17356662300310743
2024-04-02,Infosys,-0.00842547366494728,-0.8425473664947281
2024-04-03,Infosys,-0.0014835919182473178,-0.14835919182473178
2024-04-04,Infosys,0.0040860291048945285,0.40860291048945285
2024-04-05,Infosys,-0.005112033499656721,-0.5112033499656721
2024-04-08,Infosys,-0.0016225835545899958,-0.16225835545899958
2024-04-09,Infosys,0.01229087663509909,1.229087663509909
2024-04-10,Infosys,0.007994120359654744,0.7994120359654744
2024-04-12,Infosys,-0.014633690066634064,-1.4633690066634064
2024-04-15,Infosys,-0.011180237377859337,-1.1180237377859337
2024-04-16,Infosys,-0.0365766922100903,-3.65766922100903
2024-04-18,Infosys,0.003393493325861252,0.3393493325861252
2024-04-19,Infosys,-0.005636756347907501,-0.5636756347907501
2024-04-22,Infosys,0.015234762327946072,1.5234762327946072
2024-04-23,Infosys,0.0067353387509923035,0.6735338750992304
2024-04-24,Infosys,-0.008076895349792945,-0.8076895349792945
2024-04-25,Infosys,0.005381656649972477,0.5381656649972477
2024-04-26,Infosys,-0.005700386849457506,-0.5700386849457506
2024-04-29,Infosys,0.0031463243657408047,0.31463243657408047
2024-04-30,Infosys,-0.009897119772792506,-0.9897119772792506
2024-05-02,Infosys,-0.004294239516216436,-0.4294239516216436
2024-05-03,Infosys,0.0013080064378603318,0.13080064378603318
2024-05-06,Infosys,0.006778120826045564,0.6778120826045564
2024-05-07,Infosys,0.010554765976117375,1.0554765976117375
2024-05-08,Infosys,-0.009472852798888876,-0.9472852798888876
2024-05-09,Infosys,0.008582572527693788,0.8582572527693788
2024-05-10,Infosys,-0.010176792988385919,-1.0176792988385919
2024-05-13,Infosys,-0.0010176655661091605,-0.10176655661091605
2024-05-14,Infosys,0.0008782782470726502,0.08782782470726502
2024-05-15,Infosys,-0.0033341196004300633,-0.33341196004300633
2024-05-16,Infosys,0.023521953191736777,2.3521953191736777
2024-05-17,Infosys,-0.006226901472135338,-0.6226901472135338
2024-05-21,Infosys,-0.007027697433532154,-0.7027697433532154
2024-05-22,Infosys,0.014398710311806617,1.4398710311806617
2024-05-23,Infosys,0.012097941352281927,1.2097941352281927
2024-05-24,Infosys,-0.004957913512792844,-0.4957913512792844
2024-05-27,Infosys,0.004265919307283372,0.42659193072833723
2024-05-28,Infosys,-0.0029224940392357235,-0.29224940392357235
2024-05-29,Infosys,-0.010974364827134986,-1.0974364827134986
2024-05-30,Infosys,-0.016196364474939884,-1.6196364474939884
2024-05-31,Infosys,0.005323572584158054,0.5323572584158054
2024-06-03,Infosys,-0.0007107523914048341,-0.07107523914048341
2024-06-04,Infosys,-0.008713279000617913,-0.8713279000617913
2024-06-05,Infosys,0.026154256589512093,2.6154256589512093
2024-06-06,Infosys,0.029473666431261814,2.9473666431261814
2024-06-07,Infosys,0.041670724246190005,4.1670724246190005
2024-06-10,Infosys,-0.02207215869700463,-2.207215869700463
2024-06-11,Infosys,-0.0026671709717033254,-0.26671709717033254
2024-06-12,Infosys,-0.007053278744034053,-0.7053278744034053
2024-06-13,Infosys,0.00589138694739999,0.589138694739999
2024-06-14,Infosys,-0.003380244078900918,-0.3380244078900918
2024-06-18,Infosys,0.006246218387639502,0.6246218387639502
2024-06-19,Infosys,0.008777086549538238,0.8777086549538238
2024-06-20,Infosys,0.002679781761089295,0.2679781761089295
2024-06-21,Infosys,0.01141615766459636,1.141615766459636
2024-06-24,Infosys,-0.0036210766197850575,-0.36210766197850575
2024-06-25,Infosys,0.009691353940804115,0.9691353940804115
2024-06-26,Infosys,-0.0008107957876013483,-0.08107957876013483
2024-06-27,Infosys,0.02119169483406491,2.119169483406491
2024-06-28,Infosys,-0.004194857927272033,-0.4194857927272033
2024-07-01,Infosys,0.015350341875290718,1.5350341875290718
2024-07-02,Infosys,0.019015515587712084,1.9015515587712084
2024-07-03,Infosys,0.003917288164378974,0.39172881643789736
2024-07-04,Infosys,0.014286543053500411,1.4286543053500411
2024-07-05,Infosys,-0.0019386265498450017,-0.19386265498450017
2024-07-08,Infosys,0.008619409385409282,0.8619409385409282
2024-07-09,Infosys,-0.0027081927049641408,-0.2708192704964141
2024-07-10,Infosys,-0.005370673488082067,-0.5370673488082067
2024-07-11,Infosys,0.0026997185012618274,0.26997185012618274
2024-07-12,Infosys,0.03572954934608408,3.5729549346084077
2024-07-15,Infosys,-0.002745687269626429,-0.2745687269626429
2024-07-16,Infosys,0.011130295650522815,1.1130295650522815
2024-07-18,Infosys,0.018539479277564386,1.8539479277564386
2024-07-19,Infosys,0.019851507963657644,1.9851507963657644
2024-07-22,Infosys,0.009983484353739414,0.9983484353739414
2024-07-23,Infosys,0.014385472546633693,1.4385472546633693
2024-07-24,Infosys,-0.0016058984512252739,-0.16058984512252739
2024-07-25,Infosys,-0.0049619689541471335,-0.49619689541471335
2024-07-26,Infosys,0.029618895381150923,2.9618895381150923
2024-07-29,Infosys,-0.004151326932374522,-0.41513269323745217
2024-07-30,Infosys,0.0032332545557933745,0.32332545557933745
2024-07-31,Infosys,-0.004741167351612674,-0.4741167351612674
2024-08-01,Infosys,-0.008376815011341465,-0.8376815011341465
2024-08-02,Infosys,-0.016949133532590865,-1.6949133532590865
2024-08-05,Infosys,-0.038051785545695216,-3.8051785545695216
2024-08-06,Infosys,-0.0004567017667042039,-0.04567017667042039
2024-08-07,Infosys,0.02315692704332073,2.315692704332073
2024-08-08,Infosys,-0.027070099705051143,-2.7070099705051143
2024-08-09,Infosys,0.015833403177051064,1.5833403177051064
2024-08-12,Infosys,0.015050140979104842,1.5050140979104842
2024-08-13,Infosys,2.7816777461664444e-05,0.0027816777461664444
2024-08-14,Infosys,0.014353708158679535,1.4353708158679535
2024-08-16,Infosys,0.019580299241674703,1.9580299241674703
2024-08-19,Infosys,0.0031470139205487246,0.31470139205487246
2024-08-20,Infosys,0.0039681550352830275,0.39681550352830275
2024-08-21,Infosys,0.000267123530447666,0.0267123530447666
2024-08-22,Infosys,0.0040316490483414125,0.40316490483414125
2024-08-23,Infosys,-0.009652976059740803,-0.9652976059740803
2024-08-26,Infosys,0.007545272857612195,0.7545272857612195
2024-08-27,Infosys,0.012765445817735088,1.2765445817735088
2024-08-28,Infosys,0.0205252528621509,2.05252528621509
2024-08-29,Infosys,-0.002965301214114646,-0.2965301214114646
2024-08-30,Infosys,0.005353376375917707,0.5353376375917707
2024-09-02,Infosys,0.01070132039386329,1.070132039386329
2024-09-03,Infosys,-0.011835098321953619,-1.1835098321953619
2024-09-04,Infosys,-0.009684605432337956,-0.9684605432337956
2024-09-05,Infosys,0.005565916474302046,0.5565916474302046
2024-09-06,Infosys,-0.01619117490277877,-1.619117490277877
2024-09-09,Infosys,-0.003785763298499112,-0.3785763298499112
2024-09-10,Infosys,0.009315720119196014,0.9315720119196014
2024-09-11,Infosys,-0.0011243206946177642,-0.11243206946177642
2024-09-12,Infosys,0.021097806888130677,2.1097806888130677
2024-09-13,Infosys,-0.0032556538163430737,-0.32556538163430737
2024-09-16,Infosys,0.003163416722522072,0.3163416722522072
2024-09-17,Infosys,0.0011793524688392676,0.11793524688392676
2024-09-18,Infosys,-0.030933922454622342,-3.0933922454622342
2024-09-19,Infosys,0.0010833775904117715,0.10833775904117715
2024-09-20,Infosys,0.0060976450022929285,0.6097645002292928
2024-09-23,Infosys,-0.004880033586602495,-0.48800335866024946
2024-09-24,Infosys,0.001133717516298649,0.1133717516298649
2024-09-25,Infosys,-0.0017381173981303455,-0.17381173981303455
2024-09-26,Infosys,0.0026117498251045923,0.26117498251045923
2024-09-27,Infosys,0.003420593830998797,0.3420593830998797
2024-09-30,Infosys,-0.01633668535114252,-1.6336685351142521
2024-10-01,Infosys,0.015328330494766451,1.5328330494766451
2024-10-03,Infosys,-0.005749954122706513,-0.5749954122706513
2024-10-04,Infosys,0.013071716557958135,1.3071716557958135
2024-10-07,Infosys,0.008419687452904112,0.8419687452904112
2024-10-08,Infosys,0.00736696112400459,0.736696112400459
2024-10-09,Infosys,0.0021554239192540514,0.21554239192540514
2024-10-10,Infosys,-0.017283315468289984,-1.7283315468289984
2024-10-11,Infosys,0.008389768157495148,0.8389768157495148
2024-10-14,Infosys,0.012299120395589558,1.2299120395589558
2024-10-15,Infosys,0.00020425384994648965,0.020425384994648965
2024-10-16,Infosys,-0.020007155709999447,-2.0007155709999447
2024-10-17,Infosys,0.024998649005008255,2.4998649005008255
2024-10-18,Infosys,-0.04496729597214488,-4.496729597214488
2024-10-21,Infosys,-0.014284900978572379,-1.428490097857238
2024-10-22,Infosys,-0.0006207426889078826,-0.062074268890788264
2024-10-23,Infosys,0.01177366271740099,1.177366271740099
2024-10-24,Infosys,-0.005364557775090817,-0.5364557775090817
2024-10-25,Infosys,-0.0006976385180095246,-0.06976385180095246
2024-10-28,Infosys,0.0017721648761943598,0.17721648761943598
2024-10-29,Infosys,-0.00273806279046529,-0.273806279046529
2024-10-30,Infosys,-0.02022510282400558,-2.022510282400558
2024-10-31,Infosys,-0.024887632579733143,-2.4887632579733143
2024-11-01,Infosys,0.00204859606575436,0.204859606575436
2024-11-04,Infosys,0.0015901841585952425,0.15901841585952425
2024-11-05,Infosys,-0.005358232462558399,-0.5358232462558399
2024-11-06,Infosys,0.03961925427230373,3.9619254272303728
2024-11-07,Infosys,-0.011323114306339699,-1.1323114306339699
2024-11-08,Infosys,0.01491914243114012,1.491914243114012
2024-11-11,Infosys,0.016475837407829985,1.6475837407829985
2024-11-12,Infosys,0.004677193181553019,0.4677193181553019
2024-11-13,Infosys,-0.00021402724240426885,-0.021402724240426885
2024-11-14,Infosys,-0.002060599238257299,-0.2060599238257299
2024-11-18,Infosys,-0.02847878914048174,-2.847878914048174
2024-11-19,Infosys,0.007342223637379686,0.7342223637379686
2024-11-21,Infosys,0.005096628283686844,0.5096628283686844
2024-11-22,Infosys,0.037185472082681637,3.7185472082681637
2024-11-25,Infosys,-0.0065974873252845345,-0.6597487325284535
2024-11-26,Infosys,0.018230424955753444,1.8230424955753444
2024-11-27,Infosys,0.0001818450202626387,0.01818450202626387
2024-11-28,Infosys,-0.03525590750421692,-3.525590750421692
2024-11-29,Infosys,0.000646352730300892,0.0646352730300892
2024-12-02,Infosys,0.011814753848985449,1.1814753848985449
2024-12-03,Infosys,0.006543218562434561,0.6543218562434561
2024-12-04,Infosys,-0.001506207856548425,-0.1506207856548425
2024-12-05,Infosys,0.024136494632441607,2.4136494632441607
2024-12-06,Infosys,-0.006434564441505919,-0.6434564441505919
2024-12-09,Infosys,0.0006502285418068521,0.06502285418068521
2024-12-10,Infosys,0.012944189305748255,1.2944189305748255
2024-12-11,Infosys,0.013137914228606551,1.313791422860655
2024-12-12,Infosys,0.0065090751760295,0.65090751760295
2024-12-13,Infosys,0.00639156800010432,0.639156800010432
2024-12-16,Infosys,-0.009826456459751887,-0.9826456459751887
2024-12-17,Infosys,-0.0017423404752994198,-0.17423404752994198
2024-12-18,Infosys,0.0012900674292306569,0.1290067429230657
2024-12-19,Infosys,-0.01664857877717041,-1.6648578777170409
2024-12-20,Infosys,-0.012357448001133253,-1.2357448001133253
2024-12-23,Infosys,0.0011186588705687228,0.11186588705687228
2024-12-24,Infosys,-0.007925021904777063,-0.7925021904777063
2024-12-26,Infosys,-0.000864290341289764,-0.0864290341289764
2024-12-27,Infosys,0.004901904355880227,0.49019043558802267
2024-12-30,Infosys,-0.005608382186727767,-0.5608382186727767
2024-12-31,Infosys,-0.013641193279194996,-1.3641193279194996
2025-01-01,Infosys,0.0013297865982782042,0.13297865982782042
2025-01-02,Infosys,0.04002662316415817,4.002662316415817
2025-01-03,Infosys,-0.009755607124568688,-0.9755607124568688
2025-01-06,Infosys,-0.0004642693721362834,-0.04642693721362834
2025-01-07,Infosys,-0.00361218270654029,-0.361218270654029
2025-01-08,Infosys,0.0011911579795216287,0.11911579795216287
2025-01-09,Infosys,-0.008199062394971146,-0.8199062394971146
2025-01-10,Infosys,0.02589576438158736,2.589576438158736
2025-01-13,Infosys,-0.00241490516047993,-0.241490516047993
2025-01-14,Infosys,-0.011288265819444199,-1.1288265819444199
2025-01-15,Infosys,0.004948270309358849,0.49482703093588487
2025-01-16,Infosys,-0.01087376732774925,-1.087376732774925
2025-01-17,Infosys,-0.058596319700087385,-5.8596319700087385
2025-01-20,Infosys,-0.00118412324274364,-0.11841232427436399
2025-01-21,Infosys,-0.006948808698264863,-0.6948808698264863
2025-01-22,Infosys,0.030960168022237555,3.0960168022237555
2025-01-23,Infosys,0.004847960363089321,0.4847960363089321
2025-01-24,Infosys,0.005360703314142734,0.5360703314142734
2025-01-27,Infosys,-0.028499771190109935,-2.8499771190109935
2025-01-28,Infosys,0.004253565110124535,0.42535651101245353
2025-01-29,Infosys,0.028145835597937152,2.814583559793715
2025-01-30,Infosys,-0.011322294679023126,-1.1322294679023126
2025-01-31,Infosys,0.010672408028637559,1.0672408028637559
2025-02-01,Infosys,-0.015134608251837989,-1.5134608251837989
2025-02-03,Infosys,0.006454843112454034,0.6454843112454034
2025-02-04,Infosys,0.019052207889954653,1.9052207889954653
2025-02-05,Infosys,-0.0009217018037021019,-0.09217018037021019
2025-02-06,Infosys,0.009804705259487845,0.9804705259487845
2025-02-07,Infosys,-0.006264189035658396,-0.6264189035658396
2025-02-10,Infosys,-0.012265917261953141,-1.226591726195314
2025-02-11,Infosys,-0.002472994684980301,-0.24729946849803008
2025-02-12,Infosys,-0.006664352797898676,-0.6664352797898676
2025-02-13,Infosys,-0.010680816693337536,-1.0680816693337536
2025-02-14,Infosys,0.007134120163377222,0.7134120163377222
2025-02-17,Infosys,-0.007595424733935041,-0.7595424733935041
2025-02-18,Infosys,0.005238071043311754,0.5238071043311754
2025-02-19,Infosys,-0.022219797082353332,-2.221979708235333
2025-02-20,Infosys,0.007924684088330913,0.7924684088330913
2025-02-21,Infosys,-0.005561239981550892,-0.5561239981550892
2025-02-24,Infosys,-0.028044049098044144,-2.8044049098044144
2025-02-25,Infosys,0.0020406413419262748,0.20406413419262748
2025-02-27,Infosys,-0.001923315232368994,-0.1923315232368994
2025-02-28,Infosys,-0.043416643038007074,-4.341664303800707
2025-03-03,Infosys,0.012383695296989572,1.2383695296989572
2025-03-04,Infosys,-0.011881035733889322,-1.1881035733889322
2025-03-05,Infosys,0.013741580020455668,1.3741580020455668
2025-03-06,Infosys,0.0025415687954739585,0.25415687954739585
2025-03-07,Infosys,-0.017396557641124688,-1.7396557641124688
2025-03-10,Infosys,0.009163650487507224,0.9163650487507224
2025-03-11,Infosys,-0.02342120334627862,-2.342120334627862
2025-03-12,Infosys,-0.042579498378237046,-4.257949837823705
2025-03-13,Infosys,-0.006914458924843436,-0.6914458924843436
2025-03-17,Infosys,0.006456338399974282,0.6456338399974282
2025-03-18,Infosys,0.0,0.0
2025-03-19,Infosys,-0.002201187468687693,-0.2201187468687693
2025-03-20,Infosys,0.018278726111515597,1.8278726111515597
2025-03-21,Infosys,-0.014236629078047014,-1.4236629078047014
2025-03-24,Infosys,0.00012545567379329547,0.012545567379329547
2025-03-25,Infosys,0.022414085131312378,2.241408513131238
2025-03-26,Infosys,-0.017808336372327704,-1.7808336372327704
2025-03-27,Infosys,0.0025633959010873397,0.256339590108734
2025-03-28,Infosys,-0.020516951097389602,-2.05169510973896
2025-04-01,Infosys,-0.028109431241027272,-2.810943124102727
2025-04-02,Infosys,0.015493017219828209,1.549301721982821
2025-04-03,Infosys,-0.034609683518222134,-3.4609683518222134
2025-04-04,Infosys,-0.029969762535385747,-2.9969762535385747
2025-04-07,Infosys,-0.03781916998136392,-3.781916998136392
2025-04-08,Infosys,0.02294616954347961,2.294616954347961
2025-04-09,Infosys,-0.017567198382385962,-1.7567198382385962
2025-04-11,Infosys,0.0040963148534016725,0.40963148534016725
2025-04-15,Infosys,0.011742217815352785,1.1742217815352785
2025-04-16,Infosys,-0.009046260413802187,-0.9046260413802187
2025-04-17,Infosys,0.004529028882543029,0.4529028882543029
2025-04-21,Infosys,0.022190900249224876,2.2190900249224876
2025-04-22,Infosys,-0.019434897579677313,-1.9434897579677313
2025-04-23,Infosys,0.036617936006624774,3.6617936006624774
2025-04-24,Infosys,-0.002373041041909385,-0.2373041041909385
2025-04-25,Infosys,0.00598066072102843,0.598066072102843
2025-04-28,Infosys,0.0012835923722847031,0.1283592372284703
2025-04-29,Infosys,0.01039072652608608,1.039072652608608
2025-04-30,Infosys,0.0017361575561267717,0.17361575561267717
2025-05-02,Infosys,0.004533080471230244,0.4533080471230244
2025-05-05,Infosys,0.0011281773978861764,0.11281773978861764
2025-05-06,Infosys,0.0019222940402585653,0.19222940402585653
2025-05-07,Infosys,-0.002117050166978607,-0.21170501669786068
2025-05-08,Infosys,0.0020553099109899,0.20553099109898998
2025-05-09,Infosys,-0.0025142747428167356,-0.25142747428167356
2025-05-12,Infosys,0.07913240517681541,7.913240517681541
2025-05-13,Infosys,-0.03583505178723412,-3.583505178723412
2025-05-14,Infosys,0.015172806937768124,1.5172806937768124
2025-05-15,Infosys,0.012936376527643345,1.2936376527643345
2025-05-16,Infosys,-0.014321070207490072,-1.4321070207490072
2025-05-19,Infosys,-0.01893209481908953,-1.8932094819089529
2025-05-20,Infosys,0.0005128531030658134,0.051285310306581344
2025-05-21,Infosys,0.0050622192375520125,0.5062219237552013
2025-05-22,Infosys,-0.01338858124655562,-1.338858124655562
2025-05-23,Infosys,0.011179365705227706,1.1179365705227706
2025-05-26,Infosys,0.010033094359090278,1.0033094359090278
2025-05-27,Infosys,-0.006580095977403055,-0.6580095977403055
2025-05-28,Infosys,0.0010827657468199803,0.10827657468199803
2025-05-29,Infosys,0.008779705559551543,0.8779705559551543
2025-05-30,Infosys,-0.0005756090600607111,-0.05756090600607111
2025-06-02,Infosys,-0.005695232309131937,-0.5695232309131937
2025-06-03,Infosys,-0.006950710778507507,-0.6950710778507507
2025-06-04,Infosys,0.005314308611814145,0.5314308611814145
2025-06-05,Infosys,0.001998493314153027,0.1998493314153027
2025-06-06,Infosys,0.006112073665204276,0.6112073665204276
2025-06-09,Infosys,0.005819158641383382,0.5819158641383382
2025-06-10,Infosys,0.014686236400958341,1.4686236400958341
2025-06-11,Infosys,0.021992391472247963,2.1992391472247963
2025-06-12,Infosys,-0.013794249148698423,-1.3794249148698423
2025-06-13,Infosys,-0.004102943226534594,-0.41029432265345944
2025-06-16,Infosys,0.013607966596709042,1.3607966596709042
2025-06-17,Infosys,0.009915086399086004,0.9915086399086004
2025-06-18,Infosys,-0.004268624038181401,-0.4268624038181401
2025-06-19,Infosys,-0.008879911401724061,-0.8879911401724061
2025-06-20,Infosys,0.002780514600576822,0.2780514600576822
2025-06-23,Infosys,-0.023969441801684144,-2.3969441801684144
2025-06-24,Infosys,-0.0015152157074030947,-0.15152157074030947
2025-06-25,Infosys,0.02105467097223035,2.105467097223035
2025-06-26,Infosys,0.0006812084707270571,0.06812084707270571
2025-06-27,Infosys,-0.0049505218141940865,-0.49505218141940865
2025-06-30,Infosys,-0.0038557206878608863,-0.38557206878608863
2025-07-01,Infosys,0.0031214954024580965,0.31214954024580965
2025-07-02,Infosys,0.0023027092156833184,0.23027092156833184
2025-07-03,Infosys,0.005091572833707092,0.5091572833707092
2025-07-04,Infosys,0.013591168708936285,1.3591168708936285
2025-07-07,Infosys,-0.008350104105224077,-0.8350104105224077
2025-07-08,Infosys,0.007191171922412254,0.7191171922412254
2025-07-09,Infosys,-0.0030512832558889924,-0.30512832558889924
2025-07-10,Infosys,-0.010956668972977535,-1.0956668972977535
2025-07-11,Infosys,-0.012934732804776639,-1.2934732804776639
2025-07-14,Infosys,-0.015424202281163257,-1.5424202281163257
2025-07-15,Infosys,0.00974336078173299,0.974336078173299
2025-07-16,Infosys,0.014064070435026554,1.4064070435026554
2025-07-17,Infosys,-0.015175073130557992,-1.5175073130557992
2025-07-18,Infosys,0.0016419553742212933,0.16419553742212933
2025-07-21,Infosys,-0.0011348073721365592,-0.11348073721365592
2025-07-22,Infosys,-0.008458025565570737,-0.8458025565570737
2025-07-23,Infosys,0.002291656053789337,0.2291656053789337
2025-07-24,Infosys,-0.013972705346624426,-1.3972705346624426
2025-07-25,Infosys,-0.023703702374586855,-2.3703702374586855
2025-07-28,Infosys,0.0001979054105702982,0.01979054105702982
2025-07-29,Infosys,-0.001517197325189068,-0.1517197325189068
2025-07-30,Infosys,0.003501506411481614,0.3501506411481614
2025-07-31,Infosys,-0.006583292960204434,-0.6583292960204434
2025-08-01,Infosys,-0.026110111456710716,-2.6110111456710716
2025-08-04,Infosys,0.007417015227782597,0.7417015227782597
2025-08-05,Infosys,-0.013643940450054126,-1.3643940450054126
2025-08-06,Infosys,-0.01616115371408955,-1.616115371408955
2025-08-07,Infosys,0.00013925052897567625,0.013925052897567625
2025-08-08,Infosys,-0.009604040734449537,-0.9604040734449537
2025-08-11,Infosys,0.003583755173591552,0.3583755173591552
2025-08-12,Infosys,-0.002870827310884727,-0.2870827310884727
2025-08-13,Infosys,0.0017554987816248424,0.17554987816248424
2025-08-14,Infosys,0.01479041315594909,1.479041315594909
2025-08-18,Infosys,-0.008219828188273048,-0.8219828188273048
2025-08-19,Infosys,0.002925123832064891,0.2925123832064891
2025-08-20,Infosys,0.03902776852056866,3.902776852056866
2025-08-21,Infosys,0.00013371289742147852,0.013371289742147852
2025-08-22,Infosys,-0.005947651460804226,-0.5947651460804226
2025-08-25,Infosys,0.029983180470175563,2.9983180470175563
2025-08-26,Infosys,-0.0016317510455677864,-0.16317510455677864
2025-08-28,Infosys,-0.01928603316799038,-1.928603316799038
2025-08-29,Infosys,-0.020332040675054452,-2.0332040675054452
2025-09-01,Infosys,0.020277632310628846,2.0277632310628846
2025-09-02,Infosys,-0.00046682746654724827,-0.04668274665472483
2025-09-03,Infosys,-0.013077949791933219,-1.3077949791933219
2025-09-04,Infosys,-0.010885076798723192,-1.0885076798723192
2025-09-05,Infosys,-0.012576853258592036,-1.2576853258592036
2025-09-08,Infosys,-0.00809915322731558,-0.8099153227315581
2025-09-09,Infosys,0.049829076180726295,4.9829076180726295
2025-09-10,Infosys,0.01881268816286541,1.881268816286541
2025-09-11,Infosys,-0.014941959712930664,-1.4941959712930664
2025-09-12,Infosys,0.010531931659025773,1.0531931659025773
2025-09-15,Infosys,-0.011274218783652867,-1.1274218783652867
2025-09-16,Infosys,0.0019226518761930045,0.19226518761930045
2025-09-17,Infosys,0.007344655915148657,0.7344655915148657
2025-09-18,Infosys,0.01195472450113444,1.195472450113444
2025-09-19,Infosys,-0.0002596364021906217,-0.025963640219062167
2025-09-22,Infosys,-0.0264251730701186,-2.64251730701186
2025-09-23,Infosys,-0.0013337641009982804,-0.13337641009982804
2025-09-24,Infosys,-0.0019365619738304085,-0.19365619738304085
2025-09-25,Infosys,-0.006556827903324791,-0.6556827903324791
2025-09-26,Infosys,-0.024178406698565857,-2.4178406698565857
2025-09-29,Infosys,-0.0049002836454377086,-0.49002836454377086
2025-09-30,Infosys,0.0,0.0
2025-10-01,Infosys,0.002774368840090524,0.2774368840090524
2025-10-03,Infosys,0.0005532335084172946,0.05532335084172946
2025-10-06,Infosys,0.020323525236064288,2.032352523606429
2025-10-07,Infosys,-0.011856395619015192,-1.1856395619015192
2025-10-08,Infosys,0.025025734412872147,2.5025734412872147
2025-10-09,Infosys,0.009565266367886238,0.9565266367886238
2025-10-10,Infosys,0.003710290615941192,0.3710290615941192
2025-10-13,Infosys,-0.014324417147475232,-1.4324417147475232
2025-10-14,Infosys,-0.0022099322892892292,-0.22099322892892292
2025-10-15,Infosys,-0.010403422974573417,-1.0403422974573417
2025-10-16,Infosys,-0.0019669028215346662,-0.19669028215346662
2025-10-17,Infosys,-0.020659234790761594,-2.0659234790761594
2025-10-20,Infosys,0.013739582056557342,1.3739582056557342
2025-10-21,Infosys,0.007871842773240711,0.7871842773240711
2025-10-23,Infosys,0.03810102851639097,3.8101028516390967
2025-10-24,Infosys,-0.0020280904023657342,-0.20280904023657342
2025-10-27,Infosys,0.0013976956201109392,0.13976956201109392
2025-10-28,Infosys,-0.0028580523068583163,-0.28580523068583163
2025-10-29,Infosys,0.006799131223506949,0.6799131223506949
2025-10-30,Infosys,-0.010990478172126061,-1.0990478172126061
2025-10-31,Infosys,-0.007698438797820617,-0.7698438797820617
2025-11-03,Infosys,0.0021587102122944124,0.21587102122944124
2025-11-04,Infosys,-0.011847834929373469,-1.1847834929373469
2025-11-06,Infosys,-0.0008175638856127154,-0.08175638856127154
2025-11-07,Infosys,0.0068863183526914895,0.688631835269149
2025-11-10,Infosys,0.024850994777016355,2.4850994777016355
2025-11-11,Infosys,0.011100136396105631,1.110013639610563
2025-11-12,Infosys,0.013984138460696016,1.3984138460696016
2025-11-13,Infosys,-0.006380099214911006,-0.6380099214911006
2025-11-14,Infosys,-0.02529511684151775,-2.529511684151775
2025-11-17,Infosys,0.003194060436778612,0.3194060436778612
2025-11-18,Infosys,-0.014062095178724365,-1.4062095178724365
2025-11-19,Infosys,0.03680031238369086,3.680031238369086
2025-11-20,Infosys,-0.0029848784769667125,-0.29848784769667125
2025-11-21,Infosys,0.005532043516112584,0.5532043516112584
2025-11-24,Infosys,0.0019417916159578663,0.19417916159578663
2025-11-25,Infosys,-0.011240338961612806,-1.1240338961612806
2025-11-26,Infosys,0.017836172185772492,1.7836172185772492
2025-11-27,Infosys,0.0054560527467264475,0.5456052746726447
2025-11-28,Infosys,-0.004022004505517596,-0.40220045055175957
2025-12-01,Infosys,0.0024998325291267776,0.24998325291267776
2025-12-02,Infosys,-0.0019181223691103755,-0.19181223691103755
2025-12-03,Infosys,0.011338870666792955,1.1338870666792955
2025-12-04,Infosys,0.011971846896486671,1.197184689648667
2025-12-05,Infosys,0.011642478246658872,1.1642478246658872
2025-12-08,Infosys,-0.003341107568014867,-0.3341107568014867
2025-12-09,Infosys,-0.007325620214527873,-0.7325620214527873
2025-12-10,Infosys,-0.008880512717761135,-0.8880512717761135
2025-12-11,Infosys,0.008329126564652345,0.8329126564652345
2025-12-12,Infosys,0.00012510205026106114,0.012510205026106114
2025-12-15,Infosys,0.005381134286299716,0.5381134286299716
2025-12-16,Infosys,-0.00865073871659816,-0.8650738716598161
2025-12-17,Infosys,0.005712833950994423,0.5712833950994423
2025-12-18,Infosys,0.015480693681181323,1.5480693681181323
2025-12-19,Infosys,0.007314899368866756,0.7314899368866756
2025-12-22,Infosys,0.03106121656564742,3.106121656564742
2025-12-23,Infosys,-0.012606480409848464,-1.2606480409848464
2025-12-24,Infosys,-0.002937153174881635,-0.2937153174881635
2025-12-26,Infosys,-0.004388606103427617,-0.4388606103427617
2025-12-29,Infosys,-0.0068836627040668175,-0.6883662704066817
2025-12-30,Infosys,-0.014045114642839751,-1.404511464283975
2025-12-31,Infosys,-0.003823337710604058,-0.3823337710604058
2026-01-01,Infosys,0.008914186384206824,0.8914186384206824
2026-01-02,Infosys,0.006503869946475227,0.6503869946475227
2026-01-05,Infosys,-0.020726690484366816,-2.0726690484366816
2026-01-06,Infosys,0.003610541318017191,0.3610541318017191
2026-01-07,Infosys,0.016623294968570956,1.6623294968570956
2026-01-08,Infosys,-0.01568028785226816,-1.568028785226816
2026-01-09,Infosys,0.0004958170940481121,0.049581709404811214
2026-01-12,Infosys,-0.011275601044485883,-1.1275601044485883
2026-01-13,Infosys,0.0019424539138996888,0.19424539138996888
2026-01-14,Infosys,0.0005003292501839507,0.05003292501839507
2026-01-15,Infosys,0.0,0.0
2026-01-16,Infosys,0.05625706074194747,5.625706074194747
2026-01-19,Infosys,-0.005089435612882887,-0.5089435612882887
2026-01-20,Infosys,-0.013264245798949581,-1.326424579894958
2026-01-21,Infosys,-0.0027126271391266776,-0.27126271391266776
2026-01-22,Infosys,0.005500467292467226,0.5500467292467226
2026-01-23,Infosys,0.004388342235966736,0.43883422359667357
2026-01-27,Infosys,0.007122263951240937,0.7122263951240937
2026-01-28,Infosys,-0.009627351196617062,-0.9627351196617062
2026-01-29,Infosys,-0.004200390561712175,-0.4200390561712175
2026-01-30,Infosys,-0.011147938072588515,-1.1147938072588515
2026-02-02,Infosys,-0.0070689040117084545,-0.7068904011708455
2026-02-03,Infosys,0.01632505107605864,1.6325051076058639
2026-02-04,Infosys,-0.07258454969424133,-7.2584549694241325
2026-02-05,Infosys,-0.010157624300343282,-1.0157624300343282
2026-02-06,Infosys,-0.008617275240571987,-0.8617275240571987
2026-02-09,Infosys,-0.006568907452738859,-0.6568907452738859
2026-02-10,Infosys,0.00040082380453587696,0.040082380453587696
2026-02-11,Infosys,-0.01729204792604755,-1.729204792604755
2026-02-12,Infosys,-0.05835995501934854,-5.835995501934854
2026-02-13,Infosys,-0.012193416726503203,-1.2193416726503203
2026-02-16,Infosys,-0.002556360582020245,-0.2556360582020245
2026-02-17,Infosys,0.018746319078381646,1.8746319078381646
2026-02-18,Infosys,-0.012579114746727016,-1.2579114746727016
2026-02-19,Infosys,-0.0023293707339959724,-0.23293707339959724
2026-02-20,Infosys,-0.012623239952484822,-1.2623239952484822
2026-02-23,Infosys,-0.018991922391850102,-1.8991922391850102
2026-02-24,Infosys,-0.039171447443614005,-3.9171447443614005
2026-02-25,Infosys,0.011446503898235205,1.1446503898235205
2026-02-26,Infosys,-0.0007750868637663721,-0.07750868637663721
2026-02-27,Infosys,0.008533052700256505,0.8533052700256505
2026-03-02,Infosys,-0.008614719162860385,-0.8614719162860385
2026-03-04,Infosys,0.01435332764071684,1.435332764071684
2026-03-05,Infosys,-0.00122374805727965,-0.122374805727965
2026-03-06,Infosys,0.0019911106764523012,0.19911106764523012
2026-03-09,Infosys,0.005044328747412452,0.5044328747412452
2026-03-10,Infosys,-0.014752888477840398,-1.4752888477840398
2026-03-11,Infosys,-0.014896500050198491,-1.4896500050198491
2026-03-12,Infosys,-0.00822689638345464,-0.822689638345464
2026-03-13,Infosys,-0.013825298412313392,-1.3825298412313392
2026-03-16,Infosys,0.0012016614257990277,0.12016614257990277
2026-03-17,Infosys,-0.013522223163531466,-1.3522223163531466
2026-03-18,Infosys,0.027739457555591374,2.7739457555591374
2026-03-19,Infosys,-0.0365400480422573,-3.65400480422573
2026-03-20,Infosys,0.0287515526408455,2.87515526408455
2026-03-23,Infosys,0.0007166536830904846,0.07166536830904846
2026-03-24,Infosys,0.017106994976597623,1.7106994976597623
2026-03-25,Infosys,0.0006257542660850213,0.06257542660850213
2026-03-27,Infosys,-0.007348940821984673,-0.7348940821984673
2026-03-30,Infosys,-0.015042917885841112,-1.5042917885841112
2026-04-01,Infosys,0.02007036954932917,2.007036954932917
2026-04-02,Infosys,0.019675573244817945,1.9675573244817945
2026-04-06,Infosys,0.004151212709408547,0.4151212709408547
2026-04-07,Infosys,0.025417269563083655,2.5417269563083655
2026-04-08,Infosys,0.005076835023299475,0.5076835023299475
2026-04-09,Infosys,-0.010845353978939598,-1.0845353978939598
2026-04-10,Infosys,-0.029363102339199365,-2.9363102339199365
2026-04-13,Infosys,-0.012146981076221142,-1.2146981076221142
2026-04-15,Infosys,0.02232144514134693,2.232144514134693
2026-04-16,Infosys,0.01064880248265676,1.064880248265676
2026-04-17,Infosys,-0.0003789946762072782,-0.03789946762072782
2026-04-20,Infosys,-0.004625790714864464,-0.4625790714864464
2026-04-21,Infosys,0.000457099401685257,0.0457099401685257
2026-04-22,Infosys,-0.033962799554866474,-3.3962799554866474
2026-04-23,Infosys,-0.022071616407382866,-2.2071616407382866
2026-04-24,Infosys,-0.06932132872095875,-6.932132872095876
2026-04-27,Infosys,0.013597868773237654,1.3597868773237654
2026-04-28,Infosys,-0.01555162902773255,-1.555162902773255
2026-04-29,Infosys,0.013366931887263345,1.3366931887263345
2026-04-30,Infosys,0.012248465296620381,1.224846529662038
2026-05-01,Infosys,0.0,0.0
2026-05-04,Infosys,-0.011338667231728716,-1.1338667231728716
2026-05-05,Infosys,0.008301918773358175,0.8301918773358175
2026-05-06,Infosys,-0.009252240255914868,-0.9252240255914868
2026-05-07,Infosys,-0.0038553611830102197,-0.38553611830102197
2026-05-08,Infosys,0.01419110741372065,1.419110741372065
2026-05-11,Infosys,-0.0018656012010918044,-0.18656012010918044
2026-05-12,Infosys,-0.031180925722075647,-3.1180925722075647
2026-05-13,Infosys,-0.015083864686515902,-1.5083864686515902
2026-05-14,Infosys,-0.025019987652072695,-2.5019987652072695
2026-05-15,Infosys,0.021917849407550483,2.1917849407550483
2026-05-18,Infosys,0.021000848686875795,2.1000848686875795
2026-05-19,Infosys,0.04761492564390868,4.761492564390868
2026-05-20,Infosys,-0.0026736616713510797,-0.26736616713510797
2026-05-21,Infosys,-0.010471636857328326,-1.0471636857328326
2026-05-22,Infosys,-0.00567221394352746,-0.567221394352746
2026-05-25,Infosys,-0.005108460549326788,-0.5108460549326788
2026-05-26,Infosys,-0.0006847677595628321,-0.06847677595628321
2026-05-27,Infosys,-0.0066796722140674,-0.66796722140674
2026-05-28,Infosys,0.0,0.0
2026-05-29,Infosys,0.0008620911182357638,0.08620911182357638
2026-06-01,Infosys,0.03583427000602346,3.583427000602346
2026-06-02,Infosys,0.05679838726070363,5.679838726070363
2026-06-03,Infosys,-0.037928963126298454,-3.7928963126298454
2026-06-04,Infosys,-0.01742181461756276,-1.7421814617562759
2026-06-05,Infosys,-0.003163214606722198,-0.3163214606722198
2026-06-08,Infosys,-0.00826732718636769,-0.826732718636769
2026-06-09,Infosys,-0.006146752535401534,-0.6146752535401534
2026-06-10,Infosys,-0.00865576004272095,-0.865576004272095
2026-06-11,Infosys,-0.02680526668413219,-2.680526668413219
2026-06-12,Infosys,0.0016149729656855794,0.16149729656855794
2026-06-15,Infosys,0.016571121099455022,1.6571121099455022
2026-06-16,Infosys,0.007665830456182077,0.7665830456182077
2026-06-17,Infosys,0.012329464748994212,1.2329464748994212
2026-06-18,Infosys,-0.02608616433066724,-2.608616433066724
2026-06-19,Infosys,-0.06749443510947895,-6.749443510947895
2026-06-22,Infosys,0.013315578918501547,1.3315578918501547
2026-06-23,Infosys,-0.03388396354298129,-3.388396354298129
2026-06-24,Infosys,0.026522807211457833,2.6522807211457833
2026-06-25,Infosys,-0.014575075496781498,-1.4575075496781498
2026-06-26,Infosys,0.0,0.0
2026-06-29,Infosys,-0.004321936430111473,-0.43219364301114727
2026-06-30,Infosys,-0.03501488228756977,-3.501488228756977
2026-07-01,Infosys,-0.015093998653126661,-1.5093998653126661
2026-07-02,Infosys,0.05642955172021824,5.642955172021824
2026-07-03,Infosys,0.006052384100345032,0.6052384100345032
2026-07-06,Infosys,-0.0047746373502067785,-0.47746373502067785
2026-07-07,Infosys,0.02840155348593809,2.840155348593809
2026-07-08,Infosys,-0.0023325246184989767,-0.23325246184989767
2026-07-09,Infosys,-0.017301037272255515,-1.7301037272255515
2026-07-10,Infosys,0.01636843392903975,1.636843392903975
2026-07-13,Infosys,0.03239698088570919,3.2396980885709192
2026-07-14,Infosys,-0.00879734390227993,-0.879734390227993
2026-07-15,Infosys,-0.015188924160594919,-1.5188924160594919
2026-07-16,Infosys,0.0056675418649094755,0.5667541864909476
2026-07-17,Infosys,0.013026584689491472,1.3026584689491472
2026-07-20,Infosys,-0.008572753683595558,-0.8572753683595558
2026-07-21,Infosys,-0.012510326456963816,-1.2510326456963816
2026-07-22,Infosys,-0.019934815476537082,-1.9934815476537082
2026-07-23,Infosys,-0.004467209657768034,-0.4467209657768034
2026-07-24,Infosys,-0.006205842895255054,-0.6205842895255054
2026-07-27,Infosys,0.03679500995244189,3.6795009952441893
2026-07-28,Infosys,0.0245552272043974,2.45552272043974
2026-07-29,Infosys,0.045129806111663395,4.5129806111663395
2026-07-30,Infosys,-0.00043267567546156904,-0.043267567546156904
2026-07-31,Infosys,-0.0216431482368602,-2.16431482368602
2026-08-03,Infosys,0.04415540703661214,4.415540703661214
2026-08-04,Infosys,-0.010593220338983023,-1.0593220338983023
2026-08-05,Infosys,0.005567451820128522,0.5567451820128522
2020-01-02,Reliance Industries,0.017024421646347765,1.7024421646347765
2020-01-03,Reliance Industries,0.0012049720161162458,0.12049720161162458
2020-01-06,Reliance Industries,-0.023192294107665323,-2.3192294107665323
2020-01-07,Reliance Industries,0.01538473475956681,1.538473475956681
2020-01-08,Reliance Industries,-0.0075102757549720955,-0.7510275754972096
2020-01-09,Reliance Industries,0.023031408153818766,2.3031408153818766
2020-01-10,Reliance Industries,-0.0002261428782037722,-0.02261428782037722
2020-01-13,Reliance Industries,-0.0025521665517835856,-0.25521665517835856
2020-01-14,Reliance Industries,-0.00926341107123596,-0.9263411071235961
2020-01-15,Reliance Industries,-0.003628950803751807,-0.3628950803751807
2020-01-16,Reliance Industries,0.009220013682865957,0.9220013682865957
2020-01-17,Reliance Industries,0.02802534532352685,2.802534532352685
2020-01-20,Reliance Industries,-0.03077176097038936,-3.077176097038936
2020-01-21,Reliance Industries,0.0010115776398138543,0.10115776398138543
2020-01-22,Reliance Industries,-0.00035859569885321463,-0.03585956988532146
2020-01-23,Reliance Industries,-0.004239079355847997,-0.42390793558479967
2020-01-24,Reliance Industries,-0.003471089797055349,-0.3471089797055349
2020-01-27,Reliance Industries,-0.009858320702833767,-0.9858320702833767
2020-01-28,Reliance Industries,-0.023099367320090214,-2.3099367320090214
2020-01-29,Reliance Industries,0.005503636013290736,0.5503636013290736
2020-01-30,Reliance Industries,-0.02439419955018929,-2.439419955018929
2020-01-31,Reliance Industries,-0.022233954472770767,-2.2233954472770767
2020-02-03,Reliance Industries,-0.018524270619163508,-1.8524270619163508
2020-02-04,Reliance Industries,0.029520011190920847,2.9520011190920847
2020-02-05,Reliance Industries,0.01549335863012935,1.549335863012935
2020-02-06,Reliance Industries,0.006420528886702304,0.6420528886702304
2020-02-07,Reliance Industries,-0.016565854983117245,-1.6565854983117245
2020-02-10,Reliance Industries,0.0013601054660159484,0.13601054660159484
2020-02-11,Reliance Industries,0.011946102378822987,1.1946102378822987
2020-02-12,Reliance Industries,0.012080579845188621,1.2080579845188621
2020-02-13,Reliance Industries,0.002618471429081559,0.2618471429081559
2020-02-14,Reliance Industries,0.009124071811723589,0.9124071811723589
2020-02-17,Reliance Industries,-0.006285493361058769,-0.6285493361058769
2020-02-18,Reliance Industries,-0.0073398202611455465,-0.7339820261145547
2020-02-19,Reliance Industries,0.024806014734193305,2.4806014734193305
2020-02-20,Reliance Industries,-0.011869995796295663,-1.1869995796295663
2020-02-24,Reliance Industries,-0.02759189218532121,-2.759189218532121
2020-02-25,Reliance Industries,-0.01975825660633801,-1.975825660633801
2020-02-26,Reliance Industries,-0.01722685692697401,-1.722685692697401
2020-02-27,Reliance Industries,-0.004130817864716474,-0.4130817864716474
2020-02-28,Reliance Industries,-0.04155110931596018,-4.155110931596018
2020-03-02,Reliance Industries,-0.009407814426078853,-0.9407814426078853
2020-03-03,Reliance Industries,0.020286418675148354,2.0286418675148354
2020-03-04,Reliance Industries,-0.0023458124868838137,-0.23458124868838137
2020-03-05,Reliance Industries,-0.021310510995953602,-2.13105109959536
2020-03-06,Reliance Industries,-0.030622240156558345,-3.0622240156558345
2020-03-09,Reliance Industries,-0.12340675748031749,-12.34067574803175
2020-03-11,Reliance Industries,0.035363270082461096,3.5363270082461096
2020-03-12,Reliance Industries,-0.07849673625868958,-7.849673625868958
2020-03-13,Reliance Industries,0.03979301976834004,3.9793019768340043
2020-03-16,Reliance Industries,-0.0810639293109644,-8.10639293109644
2020-03-17,Reliance Industries,-0.007580992446469592,-0.7580992446469592
2020-03-18,Reliance Industries,-0.0391865507335295,-3.91865507335295
2020-03-19,Reliance Industries,-0.052452162403978764,-5.245216240397877
2020-03-20,Reliance Industries,0.10924041094713943,10.924041094713942
2020-03-23,Reliance Industries,-0.1315388340530267,-13.153883405302668
2020-03-24,Reliance Industries,0.06713415660370226,6.7134156603702255
2020-03-25,Reliance Industries,0.147180406011306,14.7180406011306
2020-03-26,Reliance Industries,-0.014830152137118469,-1.4830152137118469
2020-03-27,Reliance Industries,-0.0005627564020691533,-0.056275640206915334
2020-03-30,Reliance Industries,-0.032986125179903625,-3.2986125179903625
2020-03-31,Reliance Industries,0.08083848384944914,8.083848384944915
2020-04-01,Reliance Industries,-0.02989894760833889,-2.989894760833889
2020-04-03,Reliance Industries,-0.0027766710913684767,-0.27766710913684767
2020-04-07,Reliance Industries,0.11940230153523457,11.940230153523457
2020-04-08,Reliance Industries,-0.01156631544734299,-1.156631544734299
2020-04-09,Reliance Industries,0.023319274615700047,2.3319274615700047
2020-04-13,Reliance Industries,-0.025246871204520294,-2.5246871204520294
2020-04-15,Reliance Industries,-0.03304881010521021,-3.3048810105210213
2020-04-16,Reliance Industries,0.01582806073027876,1.582806073027876
2020-04-17,Reliance Industries,0.047900294575886626,4.790029457588663
2020-04-20,Reliance Industries,0.01617648590354004,1.6176485903540039
2020-04-21,Reliance Industries,-0.005185471379239526,-0.5185471379239526
2020-04-22,Reliance Industries,0.10203230476496006,10.203230476496007
2020-04-23,Reliance Industries,0.00535361555511793,0.535361555511793
2020-04-24,Reliance Industries,0.03362746067484479,3.362746067484479
2020-04-27,Reliance Industries,0.008997864965861968,0.8997864965861968
2020-04-28,Reliance Industries,-0.001119065158295074,-0.11190651582950739
2020-04-29,Reliance Industries,-0.0008402631448876097,-0.08402631448876097
2020-04-30,Reliance Industries,0.027366146043455775,2.7366146043455775
2020-05-04,Reliance Industries,-0.021009680895644145,-2.1009680895644145
2020-05-05,Reliance Industries,0.01773276111284461,1.7732761112844608
2020-05-06,Reliance Industries,6.878453596015355e-05,0.006878453596015355
2020-05-07,Reliance Industries,0.031627262625692154,3.1627262625692154
2020-05-08,Reliance Industries,0.036398097333735,3.6398097333735002
2020-05-11,Reliance Industries,0.009604257379880243,0.9604257379880243
2020-05-12,Reliance Industries,-0.06186583791302769,-6.186583791302769
2020-05-13,Reliance Industries,0.02121678087760892,2.121678087760892
2020-05-14,Reliance Industries,-0.04042912076246197,-4.042912076246196
2020-05-15,Reliance Industries,0.01633075868759737,1.6330758687597369
2020-05-18,Reliance Industries,-0.012779263494634319,-1.2779263494634319
2020-05-19,Reliance Industries,-0.022106477696508198,-2.2106477696508198
2020-05-20,Reliance Industries,0.017602437543771332,1.7602437543771332
2020-05-21,Reliance Industries,0.005266030974914626,0.5266030974914626
2020-05-22,Reliance Industries,-0.006730258323441318,-0.6730258323441318
2020-05-26,Reliance Industries,-0.00523913084510419,-0.523913084510419
2020-05-27,Reliance Industries,0.015097935492286219,1.5097935492286219
2020-05-28,Reliance Industries,0.018470412642174194,1.8470412642174194
2020-05-29,Reliance Industries,-0.005331962975625326,-0.5331962975625326
2020-06-01,Reliance Industries,0.03820670319423192,3.8206703194231917
2020-06-02,Reliance Industries,0.010096399444144755,1.0096399444144755
2020-06-03,Reliance Industries,0.0038744635268077587,0.3874463526807759
2020-06-04,Reliance Industries,0.024746099006943023,2.4746099006943023
2020-06-05,Reliance Industries,0.001202664374731377,0.1202664374731377
2020-06-08,Reliance Industries,-0.007713198900540119,-0.7713198900540119
2020-06-09,Reliance Industries,-0.02061156442234202,-2.061156442234202
2020-06-10,Reliance Industries,0.022769499571146712,2.276949957114671
2020-06-11,Reliance Industries,-0.021912723759681674,-2.1912723759681674
2020-06-12,Reliance Industries,0.03323134310368592,3.3231343103685917
2020-06-15,Reliance Industries,0.016207281183842737,1.6207281183842737
2020-06-16,Reliance Industries,0.0019510669056161944,0.19510669056161944
2020-06-17,Reliance Industries,-0.0014528127525886836,-0.14528127525886836
2020-06-18,Reliance Industries,0.02510300861045156,2.510300861045156
2020-06-19,Reliance Industries,0.06250379751755308,6.250379751755308
2020-06-22,Reliance Industries,-0.0075308715338257,-0.75308715338257
2020-06-23,Reliance Industries,-0.01446056565294318,-1.446056565294318
2020-06-24,Reliance Industries,0.004038524932023169,0.40385249320231686
2020-06-25,Reliance Industries,-0.005758497967092047,-0.5758497967092047
2020-06-26,Reliance Industries,0.013824911745792479,1.3824911745792479
2020-06-29,Reliance Industries,-0.01062204558789337,-1.062204558789337
2020-06-30,Reliance Industries,-0.011055293566898716,-1.1055293566898716
2020-07-01,Reliance Industries,0.019658334244986975,1.9658334244986975
2020-07-02,Reliance Industries,0.017215519613939856,1.7215519613939856
2020-07-03,Reliance Industries,0.01565033611717892,1.565033611717892
2020-07-06,Reliance Industries,0.03574014243172252,3.574014243172252
2020-07-07,Reliance Industries,-0.01530947717716269,-1.530947717716269
2020-07-08,Reliance Industries,-0.013957035013693164,-1.3957035013693164
2020-07-09,Reliance Industries,0.0145996156107695,1.45996156107695
2020-07-10,Reliance Industries,0.02949174326221926,2.949174326221926
2020-07-13,Reliance Industries,0.030323972949894307,3.0323972949894307
2020-07-14,Reliance Industries,-0.009302332407481906,-0.9302332407481906
2020-07-15,Reliance Industries,-0.038080373817930946,-3.8080373817930946
2020-07-16,Reliance Industries,-0.00032538719756480816,-0.032538719756480816
2020-07-17,Reliance Industries,0.03705112193153792,3.7051121931537923
2020-07-20,Reliance Industries,0.004289263711765079,0.4289263711765079
2020-07-21,Reliance Industries,0.026902456574927402,2.6902456574927402
2020-07-22,Reliance Industries,0.01645925917695057,1.645925917695057
2020-07-23,Reliance Industries,0.026846190103605228,2.6846190103605228
2020-07-24,Reliance Industries,0.042934203846665575,4.2934203846665575
2020-07-27,Reliance Industries,0.004682740355509418,0.4682740355509418
2020-07-28,Reliance Industries,0.009971322804250393,0.9971322804250393
2020-07-29,Reliance Industries,-0.03721818226415452,-3.721818226415452
2020-07-30,Reliance Industries,0.005818877833363656,0.5818877833363656
2020-07-31,Reliance Industries,-0.019797580980368656,-1.9797580980368656
2020-08-03,Reliance Industries,-0.02810698026743297,-2.810698026743297
2020-08-04,Reliance Industries,0.07048272345136786,7.048272345136786
2020-08-05,Reliance Industries,-0.011229294724357408,-1.1229294724357408
2020-08-06,Reliance Industries,0.0035973906326283167,0.35973906326283167
2020-08-07,Reliance Industries,0.005787039457271437,0.5787039457271437
2020-08-10,Reliance Industries,-0.01239253038533128,-1.239253038533128
2020-08-11,Reliance Industries,0.006580728510804157,0.6580728510804157
2020-08-12,Reliance Industries,-0.002905808911709218,-0.2905808911709218
2020-08-13,Reliance Industries,-0.0026084913767241424,-0.26084913767241424
2020-08-14,Reliance Industries,-0.0038876659169094774,-0.38876659169094774
2020-08-17,Reliance Industries,-0.010620691225860956,-1.0620691225860956
2020-08-18,Reliance Industries,0.013005933590651386,1.3005933590651386
2020-08-19,Reliance Industries,0.006136352074205709,0.6136352074205709
2020-08-20,Reliance Industries,-0.016185496602843075,-1.6185496602843075
2020-08-21,Reliance Industries,-0.007248253437956653,-0.7248253437956653
2020-08-24,Reliance Industries,0.006676747480548917,0.6676747480548917
2020-08-25,Reliance Industries,-0.006513220760565375,-0.6513220760565375
2020-08-26,Reliance Industries,0.026511601232700244,2.6511601232700244
2020-08-27,Reliance Industries,-0.012492216052148675,-1.2492216052148675
2020-08-28,Reliance Industries,0.0026295652423513616,0.26295652423513616
2020-08-31,Reliance Industries,-0.016752144158403315,-1.6752144158403315
2020-09-01,Reliance Industries,0.0031480363492033536,0.31480363492033536
2020-09-02,Reliance Industries,0.019618974044069315,1.9618974044069315
2020-09-03,Reliance Industries,-0.007565033451584657,-0.7565033451584657
2020-09-04,Reliance Industries,-0.01650018369107531,-1.650018369107531
2020-09-07,Reliance Industries,0.0025995865868311263,0.25995865868311263
2020-09-08,Reliance Industries,0.011739947104170145,1.1739947104170145
2020-09-09,Reliance Industries,0.0257461970789854,2.57461970789854
2020-09-10,Reliance Industries,0.07062719700898645,7.062719700898645
2020-09-11,Reliance Industries,0.0024847428327985366,0.24847428327985366
2020-09-14,Reliance Industries,-0.007414533207944829,-0.7414533207944829
2020-09-15,Reliance Industries,0.007079244572048671,0.7079244572048671
2020-09-16,Reliance Industries,0.002457968207136396,0.24579682071363962
2020-09-17,Reliance Industries,-0.011098659169439418,-1.1098659169439418
2020-09-18,Reliance Industries,0.0030231435492564795,0.30231435492564795
2020-09-21,Reliance Industries,-0.02162026696145014,-2.162026696145014
2020-09-22,Reliance Industries,-0.019815160648956165,-1.9815160648956165
2020-09-23,Reliance Industries,0.008886695624604979,0.8886695624604979
2020-09-24,Reliance Industries,-0.022234091493654407,-2.2234091493654407
2020-09-25,Reliance Industries,0.009398498920958787,0.9398498920958787
2020-09-28,Reliance Industries,0.006608607441556336,0.6608607441556336
2020-09-29,Reliance Industries,0.012994860449403678,1.2994860449403678
2020-09-30,Reliance Industries,-0.0047661220435885054,-0.47661220435885054
2020-10-01,Reliance Industries,-0.004072777513460135,-0.4072777513460135
2020-10-05,Reliance Industries,-0.005864479963887725,-0.5864479963887725
2020-10-06,Reliance Industries,-0.0008362453172096052,-0.08362453172096052
2020-10-07,Reliance Industries,0.021331579827075453,2.1331579827075453
2020-10-08,Reliance Industries,-0.008084307106628219,-0.8084307106628219
2020-10-09,Reliance Industries,-0.002590092823989254,-0.2590092823989254
2020-10-12,Reliance Industries,0.0016117726489932593,0.16117726489932593
2020-10-13,Reliance Industries,0.019512474371466526,1.9512474371466526
2020-10-14,Reliance Industries,0.002981491556907301,0.2981491556907301
2020-10-15,Reliance Industries,-0.03540989336040412,-3.540989336040412
2020-10-16,Reliance Industries,-0.013913487089228793,-1.3913487089228793
2020-10-19,Reliance Industries,0.00018390688581182424,0.018390688581182424
2020-10-20,Reliance Industries,-0.009328125066994986,-0.9328125066994986
2020-10-21,Reliance Industries,-0.014518354670522648,-1.4518354670522648
2020-10-22,Reliance Industries,-0.00830746512804681,-0.8307465128046809
2020-10-23,Reliance Industries,0.0028951516479123196,0.28951516479123196
2020-10-26,Reliance Industries,-0.039729255232378025,-3.9729255232378025
2020-10-27,Reliance Industries,0.0026612739192757306,0.26612739192757306
2020-10-28,Reliance Industries,-0.011329580447060117,-1.1329580447060117
2020-10-29,Reliance Industries,0.007680953589490613,0.7680953589490613
2020-10-30,Reliance Industries,0.013616905784366251,1.361690578436625
2020-11-02,Reliance Industries,-0.0861766778088805,-8.61766778088805
2020-11-03,Reliance Industries,-0.014407835303957617,-1.4407835303957617
2020-11-04,Reliance Industries,0.033938524581777596,3.3938524581777596
2020-11-05,Reliance Industries,0.02184830102697366,2.184830102697366
2020-11-06,Reliance Industries,0.0379283589890409,3.79283589890409
2020-11-09,Reliance Industries,0.01062030908858147,1.062030908858147
2020-11-10,Reliance Industries,0.0165064984025598,1.65064984025598
2020-11-11,Reliance Industries,-0.04190351833263517,-4.190351833263517
2020-11-12,Reliance Industries,-0.008612122636485475,-0.8612122636485475
2020-11-13,Reliance Industries,0.00828281742416559,0.8282817424165589
2020-11-14,Reliance Industries,0.0029553549704424142,0.2955354970442414
2020-11-17,Reliance Industries,-0.004519722270961535,-0.4519722270961535
2020-11-18,Reliance Industries,-0.0030353316951317044,-0.30353316951317044
2020-11-19,Reliance Industries,-0.007070296019054068,-0.7070296019054068
2020-11-20,Reliance Industries,-0.03732603610063179,-3.7326036100631788
2020-11-23,Reliance Industries,0.026954522537115055,2.6954522537115055
2020-11-24,Reliance Industries,0.006843631478209211,0.6843631478209211
2020-11-25,Reliance Industries,-0.008273724318894282,-0.8273724318894282
2020-11-26,Reliance Industries,0.002464306948991579,0.24643069489915792
2020-11-27,Reliance Industries,-0.011676665762411442,-1.1676665762411442
2020-12-01,Reliance Industries,0.013006447269191979,1.3006447269191979
2020-12-02,Reliance Industries,0.0016625453518146482,0.16625453518146482
2020-12-03,Reliance Industries,0.00301301482350258,0.301301482350258
2020-12-04,Reliance Industries,-0.00880829479317069,-0.880829479317069
2020-12-07,Reliance Industries,0.005881543886167462,0.5881543886167462
2020-12-08,Reliance Industries,0.0181544209301443,1.81544209301443
2020-12-09,Reliance Industries,0.016652088427690837,1.6652088427690837
2020-12-10,Reliance Industries,-0.00984245388851579,-0.984245388851579
2020-12-11,Reliance Industries,-0.0005978539650223214,-0.059785396502232135
2020-12-14,Reliance Industries,-0.007229103786916102,-0.7229103786916102
2020-12-15,Reliance Industries,-0.008511938417900433,-0.8511938417900433
2020-12-16,Reliance Industries,0.0011142483306652018,0.11142483306652018
2020-12-17,Reliance Industries,0.004578672566038611,0.4578672566038611
2020-12-18,Reliance Industries,0.0029966285204936494,0.29966285204936494
2020-12-21,Reliance Industries,-0.0260350802000765,-2.60350802000765
2020-12-22,Reliance Industries,-0.0015464580554102048,-0.15464580554102048
2020-12-23,Reliance Industries,0.003691775820837462,0.3691775820837462
2020-12-24,Reliance Industries,0.0258764953196422,2.58764953196422
2020-12-28,Reliance Industries,0.004588443480592952,0.4588443480592952
2020-12-29,Reliance Industries,-0.0066141228824674325,-0.6614122882467433
2020-12-30,Reliance Industries,0.002738569711110417,0.2738569711110417
2020-12-31,Reliance Industries,-0.005111485021018325,-0.5111485021018325
2021-01-01,Reliance Industries,0.0011081707927620421,0.11081707927620421
2021-01-04,Reliance Industries,0.0016854889350155222,0.16854889350155222
2021-01-05,Reliance Industries,-0.012431810344130767,-1.2431810344130767
2021-01-06,Reliance Industries,-0.02637195069526932,-2.637195069526932
2021-01-07,Reliance Industries,-0.0016195062445123476,-0.16195062445123476
2021-01-08,Reliance Industries,0.011799082746417167,1.1799082746417167
2021-01-11,Reliance Industries,-0.01884984351764718,-1.884984351764718
2021-01-12,Reliance Industries,0.031519401332945174,3.1519401332945174
2021-01-13,Reliance Industries,-0.009325356668617779,-0.9325356668617779
2021-01-14,Reliance Industries,0.01124412276131359,1.124412276131359
2021-01-15,Reliance Industries,-0.011807592863658845,-1.1807592863658845
2021-01-18,Reliance Industries,0.024000586859539208,2.400058685953921
2021-01-19,Reliance Industries,0.016356249727778716,1.6356249727778716
2021-01-20,Reliance Industries,0.018994255824033468,1.8994255824033468
2021-01-21,Reliance Industries,0.021755016124296755,2.1755016124296755
2021-01-22,Reliance Industries,-0.023721038087692548,-2.3721038087692548
2021-01-25,Reliance Industries,-0.05298599842522367,-5.298599842522367
2021-01-27,Reliance Industries,-0.02369905190833732,-2.369905190833732
2021-01-28,Reliance Industries,-0.009736250069398822,-0.9736250069398822
2021-01-29,Reliance Industries,-0.01843809096098936,-1.8438090960989362
2021-02-01,Reliance Industries,0.028963942987325186,2.8963942987325186
2021-02-02,Reliance Industries,0.016092494150726555,1.6092494150726555
2021-02-03,Reliance Industries,0.002518439944950268,0.2518439944950268
2021-02-04,Reliance Industries,-0.0032891769205811716,-0.32891769205811716
2021-02-05,Reliance Industries,-0.00028580734954264386,-0.028580734954264386
2021-02-08,Reliance Industries,0.014399051638438909,1.439905163843891
2021-02-09,Reliance Industries,0.002408417757886694,0.2408417757886694
2021-02-10,Reliance Industries,0.009278352724789718,0.9278352724789718
2021-02-11,Reliance Industries,0.04122994826024762,4.122994826024762
2021-02-12,Reliance Industries,-0.006859038754410962,-0.6859038754410962
2021-02-15,Reliance Industries,-0.0044084102837339545,-0.44084102837339545
2021-02-16,Reliance Industries,0.013234359169924215,1.3234359169924215
2021-02-17,Reliance Industries,0.011531981767665567,1.1531981767665567
2021-02-18,Reliance Industries,-0.007464326827293033,-0.7464326827293033
2021-02-19,Reliance Industries,0.006093739004455312,0.6093739004455312
2021-02-22,Reliance Industries,-0.03470656371886194,-3.470656371886194
2021-02-23,Reliance Industries,0.007644068992788577,0.7644068992788577
2021-02-24,Reliance Industries,0.018557430387080576,1.8557430387080576
2021-02-25,Reliance Industries,0.04044160850730405,4.044160850730405
2021-02-26,Reliance Industries,-0.027304363805762955,-2.7304363805762955
2021-03-01,Reliance Industries,0.007622990235236049,0.7622990235236049
2021-03-02,Reliance Industries,0.0020459139982611507,0.20459139982611507
2021-03-03,Reliance Industries,0.04563160023182955,4.563160023182955
2021-03-04,Reliance Industries,-0.011920609918233405,-1.1920609918233405
2021-03-05,Reliance Industries,0.0013098792277181914,0.13098792277181914
2021-03-08,Reliance Industries,0.005691538676822372,0.5691538676822372
2021-03-09,Reliance Industries,-2.2958986239829393e-05,-0.0022958986239829393
2021-03-10,Reliance Industries,-0.004153264873660301,-0.41532648736603006
2021-03-12,Reliance Industries,-0.02032563582803526,-2.032563582803526
2021-03-15,Reliance Industries,-0.013426426870212893,-1.3426426870212893
2021-03-16,Reliance Industries,-0.003935633009403694,-0.3935633009403694
2021-03-17,Reliance Industries,-0.021541533197704577,-2.1541533197704577
2021-03-18,Reliance Industries,-0.022502201960305612,-2.2502201960305612
2021-03-19,Reliance Industries,0.0362848437165455,3.62848437165455
2021-03-22,Reliance Industries,-0.009414050856880074,-0.9414050856880074
2021-03-23,Reliance Industries,0.012170343234483516,1.2170343234483516
2021-03-24,Reliance Industries,-0.019257417760439877,-1.9257417760439877
2021-03-25,Reliance Industries,-0.027279957039333724,-2.7279957039333724
2021-03-26,Reliance Industries,0.0016069749980764936,0.16069749980764936
2021-03-30,Reliance Industries,0.017371484869382448,1.7371484869382448
2021-03-31,Reliance Industries,-0.012910824323853376,-1.2910824323853376
2021-04-01,Reliance Industries,0.009360355141396992,0.9360355141396992
2021-04-05,Reliance Industries,-0.01446683650776559,-1.446683650776559
2021-04-06,Reliance Industries,-0.004165407470804294,-0.41654074708042943
2021-04-07,Reliance Industries,0.009348313387702367,0.9348313387702367
2021-04-08,Reliance Industries,0.0012482842674388372,0.12482842674388372
2021-04-09,Reliance Industries,-0.011618887227828667,-1.1618887227828667
2021-04-12,Reliance Industries,-0.03577109457800065,-3.577109457800065
2021-04-13,Reliance Industries,0.010804999835840823,1.0804999835840823
2021-04-15,Reliance Industries,0.006470625418655063,0.6470625418655063
2021-04-16,Reliance Industries,-0.006274759590539913,-0.6274759590539913
2021-04-19,Reliance Industries,-0.015734123672051403,-1.5734123672051403
2021-04-20,Reliance Industries,-0.0002892750013280265,-0.028927500132802653
2021-04-22,Reliance Industries,0.0027615689245252817,0.27615689245252817
2021-04-23,Reliance Industries,-0.0010753680493256201,-0.10753680493256201
2021-04-26,Reliance Industries,0.01759132485022552,1.759132485022552
2021-04-27,Reliance Industries,0.026214603617317644,2.6214603617317644
2021-04-28,Reliance Industries,0.004349667132993007,0.4349667132993007
2021-04-29,Reliance Industries,0.013393173911324219,1.3393173911324219
2021-04-30,Reliance Industries,-0.01459949793890114,-1.459949793890114
2021-05-03,Reliance Industries,-0.017773903461682727,-1.7773903461682727
2021-05-04,Reliance Industries,-0.021668775707821886,-2.1668775707821886
2021-05-05,Reliance Industries,0.0018262992167319414,0.18262992167319414
2021-05-06,Reliance Industries,0.005676814560771515,0.5676814560771515
2021-05-07,Reliance Industries,0.0003883213118298645,0.03883213118298645
2021-05-10,Reliance Industries,-0.0028730923026230037,-0.2873092302623004
2021-05-11,Reliance Industries,0.0036082074345431536,0.36082074345431536
2021-05-12,Reliance Industries,-0.010345770745790017,-1.0345770745790017
2021-05-14,Reliance Industries,0.012623155016174614,1.2623155016174614
2021-05-17,Reliance Industries,0.011898018420914314,1.1898018420914314
2021-05-18,Reliance Industries,0.014079102125003073,1.4079102125003073
2021-05-19,Reliance Industries,0.004577584766063403,0.4577584766063403
2021-05-20,Reliance Industries,-0.0058336899641382445,-0.5833689964138244
2021-05-21,Reliance Industries,0.008638038852341934,0.8638038852341934
2021-05-24,Reliance Industries,-0.008439201513184003,-0.8439201513184003
2021-05-25,Reliance Industries,-0.011331260899110296,-1.1331260899110296
2021-05-26,Reliance Industries,0.0035146693687571062,0.3514669368757106
2021-05-27,Reliance Industries,0.003071077247957854,0.3071077247957854
2021-05-28,Reliance Industries,0.06006781123386862,6.006781123386862
2021-05-31,Reliance Industries,0.031267889784595715,3.1267889784595715
2021-06-01,Reliance Industries,0.003980959052071631,0.3980959052071631
2021-06-02,Reliance Industries,0.014915415838536505,1.4915415838536505
2021-06-03,Reliance Industries,0.003815979787028523,0.3815979787028523
2021-06-04,Reliance Industries,-0.008666473275977027,-0.8666473275977027
2021-06-07,Reliance Industries,0.016845398641962106,1.6845398641962106
2021-06-08,Reliance Industries,-0.005746623295710962,-0.5746623295710962
2021-06-09,Reliance Industries,-0.017881323724166176,-1.7881323724166176
2021-06-10,Reliance Industries,0.0036782469062406342,0.3678246906240634
2021-06-11,Reliance Industries,0.017345448704443545,1.7345448704443545
2021-06-14,Reliance Industries,0.014346174232771736,1.4346174232771736
2021-06-15,Reliance Industries,0.002271690265900572,0.22716902659005722
2021-06-16,Reliance Industries,-0.0170666499604345,-1.70666499604345
2021-06-17,Reliance Industries,0.0018312865564957814,0.18312865564957814
2021-06-18,Reliance Industries,0.004513344216790394,0.45133442167903937
2021-06-21,Reliance Industries,0.005212018910764282,0.5212018910764282
2021-06-22,Reliance Industries,-0.005140240310767208,-0.5140240310767208
2021-06-23,Reliance Industries,-0.009165366142388276,-0.9165366142388276
2021-06-24,Reliance Industries,-0.023511098691680332,-2.351109869168033
2021-06-25,Reliance Industries,-0.022776826709574594,-2.2776826709574594
2021-06-28,Reliance Industries,-0.0087671872531625,-0.8767187253162501
2021-06-29,Reliance Industries,0.0008630187269702549,0.0863018726970255
2021-06-30,Reliance Industries,0.01094434846762149,1.094434846762149
2021-07-01,Reliance Industries,-0.006016995074096032,-0.6016995074096032
2021-07-02,Reliance Industries,0.014824002189610885,1.4824002189610885
2021-07-05,Reliance Industries,0.00993401795726312,0.9934017957263119
2021-07-06,Reliance Industries,-0.01181289049304357,-1.181289049304357
2021-07-07,Reliance Industries,-0.0069418960981666444,-0.6941896098166644
2021-07-08,Reliance Industries,-0.008269908814434346,-0.8269908814434346
2021-07-09,Reliance Industries,-0.01022644886820645,-1.022644886820645
2021-07-12,Reliance Industries,0.006228219125567813,0.6228219125567813
2021-07-13,Reliance Industries,0.007485344436220398,0.7485344436220398
2021-07-14,Reliance Industries,-0.006524849095535967,-0.6524849095535967
2021-07-15,Reliance Industries,-0.0017496818026244698,-0.17496818026244698
2021-07-16,Reliance Industries,0.014430730126812064,1.4430730126812064
2021-07-19,Reliance Industries,-0.006367154929829089,-0.6367154929829089
2021-07-20,Reliance Industries,-0.0024535996732814036,-0.24535996732814036
2021-07-22,Reliance Industries,0.01284743320688242,1.284743320688242
2021-07-23,Reliance Industries,-0.007073066130448558,-0.7073066130448558
2021-07-26,Reliance Industries,-0.013700873561564797,-1.3700873561564797
2021-07-27,Reliance Industries,-0.010520787446300583,-1.0520787446300583
2021-07-28,Reliance Industries,-0.008588826223914658,-0.8588826223914658
2021-07-29,Reliance Industries,0.007804146133704615,0.7804146133704615
2021-07-30,Reliance Industries,-0.008742179890735002,-0.8742179890735002
2021-08-02,Reliance Industries,0.01827749833296477,1.827749833296477
2021-08-03,Reliance Industries,0.0073581807750970896,0.735818077509709
2021-08-04,Reliance Industries,0.007663836112378419,0.7663836112378419
2021-08-05,Reliance Industries,0.014497886536268378,1.4497886536268378
2021-08-06,Reliance Industries,-0.02117843481054471,-2.117843481054471
2021-08-09,Reliance Industries,-0.005696354778045309,-0.5696354778045309
2021-08-10,Reliance Industries,0.0052475996375696,0.52475996375696
2021-08-11,Reliance Industries,0.014008236031148646,1.4008236031148646
2021-08-12,Reliance Industries,-0.0032115657355169525,-0.32115657355169525
2021-08-13,Reliance Industries,0.01665473483755253,1.6654734837552532
2021-08-16,Reliance Industries,0.012979756029776413,1.2979756029776413
2021-08-17,Reliance Industries,-0.004255770571309325,-0.4255770571309325
2021-08-18,Reliance Industries,0.0038812459414039324,0.38812459414039324
2021-08-20,Reliance Industries,-0.011230536529899915,-1.1230536529899915
2021-08-23,Reliance Industries,0.006563509581609894,0.6563509581609894
2021-08-24,Reliance Industries,0.00987351948622539,0.987351948622539
2021-08-25,Reliance Industries,0.008655005621936773,0.8655005621936773
2021-08-26,Reliance Industries,0.012644153623798893,1.2644153623798893
2021-08-27,Reliance Industries,-0.00136744603578709,-0.136744603578709
2021-08-30,Reliance Industries,0.01923761514847544,1.923761514847544
2021-08-31,Reliance Industries,-0.005329789360864479,-0.5329789360864479
2021-09-01,Reliance Industries,0.003963574761665978,0.3963574761665978
2021-09-02,Reliance Industries,0.012041780249487877,1.2041780249487877
2021-09-03,Reliance Industries,0.04101283214069529,4.101283214069529
2021-09-06,Reliance Industries,0.015532844507936128,1.5532844507936128
2021-09-07,Reliance Industries,0.006307645588253807,0.6307645588253807
2021-09-08,Reliance Industries,-0.00391244722011197,-0.391244722011197
2021-09-09,Reliance Industries,-0.0023649139617607506,-0.23649139617607506
2021-09-13,Reliance Industries,-0.022283266144153657,-2.2283266144153657
2021-09-14,Reliance Industries,-0.0013070550972421602,-0.13070550972421602
2021-09-15,Reliance Industries,0.00415889583460638,0.415889583460638
2021-09-16,Reliance Industries,0.02098124071305607,2.098124071305607
2021-09-17,Reliance Industries,-0.015505431629486588,-1.5505431629486588
2021-09-20,Reliance Industries,0.0015896879983630097,0.15896879983630097
2021-09-21,Reliance Industries,0.004322716776051561,0.43227167760515606
2021-09-22,Reliance Industries,0.010728895794037463,1.0728895794037463
2021-09-23,Reliance Industries,0.024439525334745582,2.443952533474558
2021-09-24,Reliance Industries,-0.002891770496363799,-0.2891770496363799
2021-09-27,Reliance Industries,0.01681635160998618,1.681635160998618
2021-09-28,Reliance Industries,0.00934855428536352,0.934855428536352
2021-09-29,Reliance Industries,-0.007927406257516645,-0.7927406257516645
2021-09-30,Reliance Industries,-0.0034022483199865894,-0.34022483199865894
2021-10-01,Reliance Industries,0.001766414733338939,0.1766414733338939
2021-10-04,Reliance Industries,0.012858174653953336,1.2858174653953336
2021-10-05,Reliance Industries,0.020753803236640556,2.0753803236640556
2021-10-06,Reliance Industries,-0.018913690470041877,-1.8913690470041877
2021-10-07,Reliance Industries,0.004902492381937629,0.49024923819376287
2021-10-08,Reliance Industries,0.03842709614081996,3.842709614081996
2021-10-11,Reliance Industries,-0.006962967357565408,-0.6962967357565408
2021-10-12,Reliance Industries,0.005711259658344625,0.5711259658344625
2021-10-13,Reliance Industries,0.010176950739658741,1.017695073965874
2021-10-14,Reliance Industries,0.0020221854344042445,0.20221854344042445
2021-10-18,Reliance Industries,0.002666452945878639,0.2666452945878639
2021-10-19,Reliance Industries,0.008956084992473246,0.8956084992473246
2021-10-20,Reliance Industries,-0.011512341367278078,-1.1512341367278078
2021-10-21,Reliance Industries,-0.028847515640558985,-2.8847515640558985
2021-10-22,Reliance Industries,0.0018684988321497897,0.18684988321497897
2021-10-25,Reliance Industries,-0.009743598265652853,-0.9743598265652853
2021-10-26,Reliance Industries,0.02277264738150553,2.277264738150553
2021-10-27,Reliance Industries,-0.01264521231093707,-1.264521231093707
2021-10-28,Reliance Industries,-0.010961432645921643,-1.0961432645921643
2021-10-29,Reliance Industries,-0.023993851639692365,-2.3993851639692365
2021-11-01,Reliance Industries,0.0006112479830517881,0.06112479830517881
2021-11-02,Reliance Industries,-0.01457953306751647,-1.457953306751647
2021-11-03,Reliance Industries,-0.00687766759384123,-0.687766759384123
2021-11-04,Reliance Industries,0.006140156969502986,0.6140156969502986
2021-11-08,Reliance Industries,0.0012406848865318398,0.12406848865318398
2021-11-09,Reliance Industries,0.007893788588704487,0.7893788588704487
2021-11-10,Reliance Industries,0.01118297852146899,1.118297852146899
2021-11-11,Reliance Industries,0.0018235043923922056,0.18235043923922056
2021-11-12,Reliance Industries,0.015090593571154498,1.5090593571154498
2021-11-15,Reliance Industries,-0.005900103594286277,-0.5900103594286277
2021-11-16,Reliance Industries,-0.023236848315229985,-2.3236848315229985
2021-11-17,Reliance Industries,-0.021406687565442506,-2.1406687565442506
2021-11-18,Reliance Industries,0.0037741508078645847,0.37741508078645847
2021-11-22,Reliance Industries,-0.044292862363380814,-4.429286236338081
2021-11-23,Reliance Industries,0.009349468674200168,0.9349468674200168
2021-11-24,Reliance Industries,-0.01443918977233749,-1.443918977233749
2021-11-25,Reliance Industries,0.06019800309682877,6.019800309682877
2021-11-26,Reliance Industries,-0.03223090379790439,-3.2230903797904387
2021-11-29,Reliance Industries,0.011978803947236383,1.1978803947236383
2021-11-30,Reliance Industries,-0.014785997028714748,-1.4785997028714748
2021-12-01,Reliance Industries,0.025609192579209905,2.5609192579209905
2021-12-02,Reliance Industries,0.006424772650797772,0.6424772650797772
2021-12-03,Reliance Industries,-0.030046260755386855,-3.0046260755386855
2021-12-06,Reliance Industries,-0.018955522443583006,-1.8955522443583006
2021-12-07,Reliance Industries,0.008147649248844813,0.8147649248844813
2021-12-08,Reliance Industries,0.015219319377924645,1.5219319377924645
2021-12-09,Reliance Industries,0.015859654910868715,1.5859654910868715
2021-12-10,Reliance Industries,0.001017535759678001,0.1017535759678001
2021-12-13,Reliance Industries,-0.020049213839063107,-2.0049213839063107
2021-12-14,Reliance Industries,-0.012242336362086714,-1.2242336362086714
2021-12-15,Reliance Industries,-0.0029199149956647963,-0.29199149956647963
2021-12-16,Reliance Industries,0.012935969308460304,1.2935969308460304
2021-12-17,Reliance Industries,-0.02639452560645028,-2.639452560645028
2021-12-20,Reliance Industries,-0.026960609319904516,-2.6960609319904516
2021-12-21,Reliance Industries,0.014885687708144468,1.4885687708144468
2021-12-22,Reliance Industries,0.023731613040451904,2.3731613040451904
2021-12-23,Reliance Industries,-0.0003590407415557939,-0.03590407415557939
2021-12-24,Reliance Industries,0.003192075112046888,0.3192075112046888
2021-12-27,Reliance Industries,-0.0010747620717350692,-0.10747620717350692
2021-12-28,Reliance Industries,0.011876379224062816,1.1876379224062816
2021-12-29,Reliance Industries,0.0017094455067609982,0.17094455067609982
2021-12-30,Reliance Industries,-0.018064497166480953,-1.8064497166480953
2021-12-31,Reliance Industries,0.003836066289217843,0.3836066289217843
2022-01-03,Reliance Industries,0.015075079490776577,1.5075079490776577
2022-01-04,Reliance Industries,0.022567970533059034,2.2567970533059034
2022-01-05,Reliance Industries,0.004678466576084839,0.4678466576084839
2022-01-06,Reliance Industries,-0.02150133717633973,-2.150133717633973
2022-01-07,Reliance Industries,0.008069530620796517,0.8069530620796517
2022-01-10,Reliance Industries,0.0008209508425256473,0.08209508425256473
2022-01-11,Reliance Industries,0.0071985425151341875,0.7198542515134188
2022-01-12,Reliance Industries,0.026694586534100617,2.6694586534100617
2022-01-13,Reliance Industries,0.0056324290045184355,0.5632429004518436
2022-01-14,Reliance Industries,0.0014594866740118562,0.14594866740118562
2022-01-17,Reliance Industries,0.005218534422041454,0.5218534422041454
2022-01-18,Reliance Industries,-0.01193057125194652,-1.193057125194652
2022-01-19,Reliance Industries,-7.940881367296537e-05,-0.007940881367296537
2022-01-20,Reliance Industries,-0.017508629045989266,-1.7508629045989266
2022-01-21,Reliance Industries,0.00016155190787903173,0.016155190787903173
2022-01-24,Reliance Industries,-0.04033750954606674,-4.033750954606674
2022-01-25,Reliance Industries,-0.0019554036046208756,-0.19554036046208756
2022-01-27,Reliance Industries,-0.014811119304242282,-1.4811119304242282
2022-01-28,Reliance Industries,-0.0009622988198352278,-0.09622988198352278
2022-01-31,Reliance Industries,0.02172657866097305,2.172657866097305
2022-02-01,Reliance Industries,-0.003310103545902221,-0.3310103545902221
2022-02-02,Reliance Industries,0.002038931987143444,0.20389319871434441
2022-02-03,Reliance Industries,-0.012921975816892806,-1.2921975816892806
2022-02-04,Reliance Industries,-0.009117104741027338,-0.9117104741027338
2022-02-07,Reliance Industries,-0.006090756245007878,-0.6090756245007878
2022-02-08,Reliance Industries,0.016809766498064205,1.6809766498064205
2022-02-09,Reliance Industries,0.011650760650635972,1.1650760650635972
2022-02-10,Reliance Industries,-0.001027872649631778,-0.1027872649631778
2022-02-11,Reliance Industries,-0.0019528168126072831,-0.1952816812607283
2022-02-14,Reliance Industries,-0.015927566748771604,-1.5927566748771604
2022-02-15,Reliance Industries,0.03395276792063373,3.395276792063373
2022-02-16,Reliance Industries,-0.0020679210404612736,-0.20679210404612736
2022-02-17,Reliance Industries,0.012660764363950916,1.2660764363950916
2022-02-18,Reliance Industries,-0.007816569061581569,-0.7816569061581569
2022-02-21,Reliance Industries,-0.010105544475646044,-1.0105544475646044
2022-02-22,Reliance Industries,-0.004541933287048883,-0.45419332870488827
2022-02-23,Reliance Industries,-0.006257844304689342,-0.6257844304689342
2022-02-24,Reliance Industries,-0.049830469528904464,-4.983046952890446
2022-02-25,Reliance Industries,0.012501438255039021,1.2501438255039021
2022-02-28,Reliance Industries,0.03310043676367225,3.3100436763672247
2022-03-02,Reliance Industries,0.016528709441820943,1.6528709441820943
2022-03-03,Reliance Industries,-0.008442527650056153,-0.8442527650056153
2022-03-04,Reliance Industries,-0.02217964746103218,-2.217964746103218
2022-03-07,Reliance Industries,-0.036980596159377876,-3.6980596159377876
2022-03-08,Reliance Industries,-0.0018085517734048873,-0.18085517734048873
2022-03-09,Reliance Industries,0.0530531324632586,5.30531324632586
2022-03-10,Reliance Industries,0.016205644194592805,1.6205644194592805
2022-03-11,Reliance Industries,0.002884416164853132,0.2884416164853132
2022-03-14,Reliance Industries,0.008211131176224518,0.8211131176224518
2022-03-15,Reliance Industries,-0.02290335674850108,-2.290335674850108
2022-03-16,Reliance Industries,0.016882087443923943,1.6882087443923943
2022-03-17,Reliance Industries,0.03260052137687808,3.2600521376878078
2022-03-21,Reliance Industries,-0.0057622496948802615,-0.5762249694880262
2022-03-22,Reliance Industries,0.02583692671082849,2.583692671082849
2022-03-23,Reliance Industries,0.0031801652075913456,0.31801652075913456
2022-03-24,Reliance Industries,0.015536446410978177,1.5536446410978177
2022-03-25,Reliance Industries,0.0066701339336388,0.66701339336388
2022-03-28,Reliance Industries,0.0100545186048413,1.00545186048413
2022-03-29,Reliance Industries,0.00022892139680075196,0.022892139680075196
2022-03-30,Reliance Industries,0.01921800795173345,1.9218007951733451
2022-03-31,Reliance Industries,-0.014291365215901575,-1.4291365215901575
2022-04-01,Reliance Industries,0.008008205633486032,0.8008205633486032
2022-04-04,Reliance Industries,0.00295585279047339,0.295585279047339
2022-04-05,Reliance Industries,-0.014134481201108606,-1.4134481201108606
2022-04-06,Reliance Industries,-0.002665587513571932,-0.2665587513571932
2022-04-07,Reliance Industries,-0.017639980608123218,-1.7639980608123218
2022-04-08,Reliance Industries,0.016635248801730063,1.6635248801730063
2022-04-11,Reliance Industries,-0.0020835960883912596,-0.20835960883912596
2022-04-12,Reliance Industries,-0.018829930090292546,-1.8829930090292546
2022-04-13,Reliance Industries,-0.0036705950596668258,-0.3670595059666826
2022-04-18,Reliance Industries,-0.0030567014474414123,-0.3056701447441412
2022-04-19,Reliance Industries,0.03811142415666291,3.811142415666291
2022-04-20,Reliance Industries,0.02940396312821303,2.940396312821303
2022-04-21,Reliance Industries,0.023414196362303796,2.3414196362303796
2022-04-22,Reliance Industries,-0.00837515485685747,-0.837515485685747
2022-04-25,Reliance Industries,-0.023125866550787855,-2.3125866550787855
2022-04-26,Reliance Industries,0.029925790567869592,2.9925790567869592
2022-04-27,Reliance Industries,0.0009727626459143934,0.09727626459143934
2022-04-28,Reliance Industries,0.014937058872261266,1.4937058872261266
2022-04-29,Reliance Industries,-0.010497107718317022,-1.0497107718317022
2022-05-02,Reliance Industries,-0.00351223234574638,-0.351223234574638
2022-05-04,Reliance Industries,-0.031218030005678354,-3.1218030005678354
2022-05-05,Reliance Industries,-0.01958304262477084,-1.9583042624770841
2022-05-06,Reliance Industries,-0.007667876268517948,-0.7667876268517948
2022-05-09,Reliance Industries,-0.039055240616792,-3.9055240616791997
2022-05-10,Reliance Industries,-0.01733314910853423,-1.733314910853423
2022-05-11,Reliance Industries,-0.010243852392508468,-1.0243852392508468
2022-05-12,Reliance Industries,-0.02037315273944429,-2.037315273944429
2022-05-13,Reliance Industries,0.011336138986545619,1.1336138986545619
2022-05-16,Reliance Industries,0.0002473503963271728,0.02473503963271728
2022-05-17,Reliance Industries,0.04200319155232446,4.200319155232446
2022-05-18,Reliance Industries,0.003637607544399124,0.3637607544399124
2022-05-19,Reliance Industries,-0.023046596694644816,-2.3046596694644816
2022-05-20,Reliance Industries,0.05830999165742501,5.830999165742501
2022-05-23,Reliance Industries,-0.006687030539442085,-0.6687030539442085
2022-05-24,Reliance Industries,0.003433173865696748,0.3433173865696748
2022-05-25,Reliance Industries,-0.0014718309989760758,-0.14718309989760758
2022-05-26,Reliance Industries,-0.0095328672183016,-0.9532867218301599
2022-05-27,Reliance Industries,-0.004638435108424099,-0.46384351084240993
2022-05-30,Reliance Industries,0.034833678252843114,3.4833678252843114
2022-05-31,Reliance Industries,-0.012064768876341114,-1.2064768876341114
2022-06-01,Reliance Industries,0.0003227909779461857,0.03227909779461857
2022-06-02,Reliance Industries,0.03447887665278482,3.447887665278482
2022-06-03,Reliance Industries,0.02026210973903786,2.026210973903786
2022-06-06,Reliance Industries,-0.0042992249720226194,-0.42992249720226194
2022-06-07,Reliance Industries,0.0018787641993165405,0.18787641993165405
2022-06-08,Reliance Industries,-0.017563714649198148,-1.7563714649198148
2022-06-09,Reliance Industries,0.027422236729143457,2.7422236729143457
2022-06-10,Reliance Industries,-0.03019179791319726,-3.019179791319726
2022-06-13,Reliance Industries,-0.01891875762670947,-1.891875762670947
2022-06-14,Reliance Industries,-0.013068603691759106,-1.3068603691759106
2022-06-15,Reliance Industries,-0.012099930181863505,-1.2099930181863505
2022-06-16,Reliance Industries,-0.013981433315952252,-1.3981433315952252
2022-06-17,Reliance Industries,0.011718738896129288,1.1718738896129288
2022-06-20,Reliance Industries,-0.018127439335686946,-1.8127439335686946
2022-06-21,Reliance Industries,0.01614214507422873,1.614214507422873
2022-06-22,Reliance Industries,-0.03037809732288843,-3.037809732288843
2022-06-23,Reliance Industries,-0.01622367554714188,-1.622367554714188
2022-06-24,Reliance Industries,0.014239677103359716,1.4239677103359716
2022-06-27,Reliance Industries,-0.002960129668729161,-0.2960129668729161
2022-06-28,Reliance Industries,0.014061435129875788,1.4061435129875788
2022-06-29,Reliance Industries,0.020750151356278,2.0750151356278
2022-06-30,Reliance Industries,0.006007433297747555,0.6007433297747555
2022-07-01,Reliance Industries,-0.07202442202758896,-7.202442202758896
2022-07-04,Reliance Industries,0.0020758625258028296,0.20758625258028296
2022-07-05,Reliance Industries,0.008099549330248479,0.8099549330248479
2022-07-06,Reliance Industries,-0.008794877679634827,-0.8794877679634827
2022-07-07,Reliance Industries,-0.009847134135200775,-0.9847134135200775
2022-07-08,Reliance Industries,0.0013819643327928066,0.13819643327928066
2022-07-11,Reliance Industries,0.013590266274953633,1.3590266274953633
2022-07-12,Reliance Industries,-0.001423487544483959,-0.1423487544483959
2022-07-13,Reliance Industries,-0.01772375418443506,-1.7723754184435059
2022-07-14,Reliance Industries,0.008243785335103615,0.8243785335103615
2022-07-15,Reliance Industries,0.0019397008484784983,0.19397008484784983
2022-07-18,Reliance Industries,0.008514592589026648,0.8514592589026648
2022-07-19,Reliance Industries,0.0061307732124633585,0.6130773212463358
2022-07-20,Reliance Industries,0.027040106573676503,2.7040106573676503
2022-07-21,Reliance Industries,-0.006671878314484236,-0.6671878314484236
2022-07-22,Reliance Industries,0.006757016774871616,0.6757016774871616
2022-07-25,Reliance Industries,-0.03303923158407718,-3.3039231584077178
2022-07-26,Reliance Industries,0.0004546558968636649,0.04546558968636649
2022-07-27,Reliance Industries,-0.0009498579832091236,-0.09498579832091236
2022-07-28,Reliance Industries,0.015666390039089872,1.5666390039089872
2022-07-29,Reliance Industries,0.02130533923437139,2.130533923437139
2022-08-01,Reliance Industries,0.026061614336868377,2.6061614336868377
2022-08-02,Reliance Industries,0.0038059449572014348,0.3805944957201435
2022-08-03,Reliance Industries,0.008395869167717729,0.8395869167717729
2022-08-04,Reliance Industries,-0.013217825621616552,-1.3217825621616552
2022-08-05,Reliance Industries,-0.01473603066859952,-1.473603066859952
2022-08-08,Reliance Industries,0.013082022695388495,1.3082022695388495
2022-08-10,Reliance Industries,0.005979376594372754,0.5979376594372754
2022-08-11,Reliance Industries,0.003330147104022352,0.3330147104022352
2022-08-12,Reliance Industries,0.016170662741185282,1.6170662741185282
2022-08-16,Reliance Industries,0.0069501902350739275,0.6950190235073928
2022-08-17,Reliance Industries,0.005223882948751202,0.5223882948751202
2022-08-18,Reliance Industries,0.0018136191329032325,0.18136191329032325
2022-08-19,Reliance Industries,-0.017829698613499145,-1.7829698613499145
2022-08-22,Reliance Industries,-0.002773740932514701,-0.2773740932514701
2022-08-23,Reliance Industries,0.01542240451035326,1.542240451035326
2022-08-24,Reliance Industries,-0.002663595221220061,-0.2663595221220061
2022-08-25,Reliance Industries,-0.0029169885093265346,-0.29169885093265346
2022-08-26,Reliance Industries,-0.005337957882809108,-0.5337957882809108
2022-08-29,Reliance Industries,-0.0077731058807207765,-0.7773105880720776
2022-08-30,Reliance Industries,0.015514011713304798,1.5514011713304798
2022-09-01,Reliance Industries,-0.02939784287027991,-2.939784287027991
2022-09-02,Reliance Industries,-0.011677963482192633,-1.1677963482192633
2022-09-05,Reliance Industries,0.015530668324494235,1.5530668324494235
2022-09-06,Reliance Industries,0.010526092407071586,1.0526092407071586
2022-09-07,Reliance Industries,-0.005814800933405473,-0.5814800933405473
2022-09-08,Reliance Industries,0.0014136871470593615,0.14136871470593615
2022-09-09,Reliance Industries,-0.006227194834202643,-0.6227194834202643
2022-09-12,Reliance Industries,0.011189895091858082,1.1189895091858082
2022-09-13,Reliance Industries,0.008352285170746487,0.8352285170746487
2022-09-14,Reliance Industries,-0.011985810591931823,-1.1985810591931823
2022-09-15,Reliance Industries,-0.009909809112665258,-0.9909809112665258
2022-09-16,Reliance Industries,-0.0247784508446951,-2.47784508446951
2022-09-19,Reliance Industries,0.0013003267961912979,0.1300326796191298
2022-09-20,Reliance Industries,0.00015984725086881646,0.015984725086881646
2022-09-21,Reliance Industries,0.002757112226821956,0.2757112226821956
2022-09-22,Reliance Industries,-0.00942346327501764,-0.9423463275017641
2022-09-23,Reliance Industries,-0.01874418782570053,-1.8744187825700531
2022-09-26,Reliance Industries,-0.025476669612803593,-2.5476669612803593
2022-09-27,Reliance Industries,0.007950081524665586,0.7950081524665586
2022-09-28,Reliance Industries,-0.026624855672584546,-2.6624855672584546
2022-09-29,Reliance Industries,-0.003065419966566618,-0.3065419966566618
2022-09-30,Reliance Industries,0.02255618510721069,2.255618510721069
2022-10-03,Reliance Industries,-0.0034695675349981636,-0.34695675349981636
2022-10-04,Reliance Industries,0.018442447776423565,1.8442447776423565
2022-10-06,Reliance Industries,0.00368822287904913,0.368822287904913
2022-10-07,Reliance Industries,0.004231787585869062,0.42317875858690623
2022-10-10,Reliance Industries,-0.010915373878338519,-1.091537387833852
2022-10-11,Reliance Industries,-0.01991017235241599,-1.991017235241599
2022-10-12,Reliance Industries,0.007358265042692436,0.7358265042692436
2022-10-13,Reliance Industries,0.0031785911525819,0.31785911525819
2022-10-14,Reliance Industries,-0.0050781549032290485,-0.5078154903229049
2022-10-17,Reliance Industries,0.016050150061503343,1.6050150061503343
2022-10-18,Reliance Industries,0.017643962935655066,1.7643962935655066
2022-10-19,Reliance Industries,0.017399314267928734,1.7399314267928734
2022-10-20,Reliance Industries,0.0026867554653962067,0.26867554653962067
2022-10-21,Reliance Industries,-0.01159733647262462,-1.159733647262462
2022-10-24,Reliance Industries,0.0033379320929181056,0.33379320929181056
2022-10-25,Reliance Industries,-0.015444452111831208,-1.5444452111831208
2022-10-27,Reliance Industries,0.003931914015251614,0.3931914015251614
2022-10-28,Reliance Industries,0.030597914290198425,3.0597914290198425
2022-10-31,Reliance Industries,0.009282847150993367,0.9282847150993367
2022-11-01,Reliance Industries,-0.007746251444183727,-0.7746251444183727
2022-11-02,Reliance Industries,0.00624531572118836,0.624531572118836
2022-11-03,Reliance Industries,0.0037319737090240057,0.37319737090240057
2022-11-04,Reliance Industries,0.014715315390143147,1.4715315390143147
2022-11-07,Reliance Industries,0.005341780160283527,0.5341780160283527
2022-11-09,Reliance Industries,-0.000997440747196321,-0.09974407471963209
2022-11-10,Reliance Industries,-0.012096681843701274,-1.2096681843701274
2022-11-11,Reliance Industries,0.023051517147371747,2.3051517147371747
2022-11-14,Reliance Industries,-0.004844621185349451,-0.48446211853494514
2022-11-15,Reliance Industries,-0.004486532555517231,-0.4486532555517231
2022-11-16,Reliance Industries,-0.0057337964277136555,-0.5733796427713655
2022-11-17,Reliance Industries,0.0025846163667015976,0.25846163667015976
2022-11-18,Reliance Industries,-0.0005387231001509063,-0.05387231001509063
2022-11-21,Reliance Industries,-0.01799696923848415,-1.799696923848415
2022-11-22,Reliance Industries,0.005546946209755266,0.5546946209755266
2022-11-23,Reliance Industries,-0.003118818839136228,-0.3118818839136228
2022-11-24,Reliance Industries,0.008623309810790403,0.8623309810790403
2022-11-25,Reliance Industries,0.014927607167442902,1.4927607167442902
2022-11-28,Reliance Industries,0.03436356674345764,3.436356674345764
2022-11-29,Reliance Industries,0.0017173995223547234,0.17173995223547234
2022-11-30,Reliance Industries,0.007060674714208792,0.7060674714208792
2022-12-01,Reliance Industries,-0.0029472215711636718,-0.2947221571163672
2022-12-02,Reliance Industries,-0.0004223043791612424,-0.04223043791612424
2022-12-05,Reliance Industries,-0.014584094257974245,-1.4584094257974245
2022-12-06,Reliance Industries,0.002889182635420484,0.2889182635420484
2022-12-07,Reliance Industries,-0.014757301409043633,-1.4757301409043633
2022-12-08,Reliance Industries,-0.00047160794490630487,-0.04716079449063049
2022-12-09,Reliance Industries,-0.015155157995265012,-1.5155157995265012
2022-12-12,Reliance Industries,0.0015329269896158237,0.15329269896158237
2022-12-13,Reliance Industries,0.004554115044607121,0.4554115044607121
2022-12-14,Reliance Industries,-0.0036189564874773428,-0.3618956487477343
2022-12-15,Reliance Industries,-0.01420383376559664,-1.420383376559664
2022-12-16,Reliance Industries,-0.004945155988299255,-0.49451559882992546
2022-12-19,Reliance Industries,0.013135309128707418,1.3135309128707418
2022-12-20,Reliance Industries,0.008656258830148866,0.8656258830148866
2022-12-21,Reliance Industries,-0.014226880243719542,-1.4226880243719542
2022-12-22,Reliance Industries,-0.0025923627994067777,-0.25923627994067777
2022-12-23,Reliance Industries,-0.02932731753745743,-2.932731753745743
2022-12-26,Reliance Industries,0.008732246084559137,0.8732246084559137
2022-12-27,Reliance Industries,0.00818132249245318,0.818132249245318
2022-12-28,Reliance Industries,-9.80742503363663e-05,-0.00980742503363663
2022-12-29,Reliance Industries,-0.00045209378971788894,-0.045209378971788894
2022-12-30,Reliance Industries,0.0015333988789087982,0.15333988789087982
2023-01-02,Reliance Industries,0.011267363804524422,1.1267363804524422
2023-01-03,Reliance Industries,-0.007317890964801288,-0.7317890964801288
2023-01-04,Reliance Industries,-0.015056437608598983,-1.5056437608598983
2023-01-05,Reliance Industries,-0.0017866525640224395,-0.17866525640224395
2023-01-06,Reliance Industries,0.009088806927394222,0.9088806927394222
2023-01-09,Reliance Industries,0.023611567044850457,2.3611567044850457
2023-01-10,Reliance Industries,-0.014787479828224814,-1.4787479828224814
2023-01-11,Reliance Industries,-0.012605461151948494,-1.2605461151948494
2023-01-12,Reliance Industries,-0.021594184634968427,-2.1594184634968427
2023-01-13,Reliance Industries,-0.0016184242547558902,-0.16184242547558902
2023-01-16,Reliance Industries,-0.009523356424645746,-0.9523356424645746
2023-01-17,Reliance Industries,0.01419738817827021,1.419738817827021
2023-01-18,Reliance Industries,-0.0016540393804862497,-0.16540393804862497
2023-01-19,Reliance Industries,-0.0010707951478997613,-0.10707951478997613
2023-01-20,Reliance Industries,-0.011892981316416362,-1.1892981316416362
2023-01-23,Reliance Industries,-0.005056011283092077,-0.5056011283092077
2023-01-24,Reliance Industries,-0.00590455764952269,-0.590455764952269
2023-01-25,Reliance Industries,-0.013824847898207038,-1.3824847898207038
2023-01-27,Reliance Industries,-0.018971282106560627,-1.8971282106560627
2023-01-30,Reliance Industries,0.009583506741452474,0.9583506741452474
2023-01-31,Reliance Industries,-0.002500240495312167,-0.2500240495312167
2023-02-01,Reliance Industries,-0.005926391404330045,-0.5926391404330045
2023-02-02,Reliance Industries,-0.005534516041554638,-0.5534516041554638
2023-02-03,Reliance Industries,0.0008809886098366526,0.08809886098366526
2023-02-06,Reliance Industries,-0.007535390486015814,-0.7535390486015814
2023-02-07,Reliance Industries,-0.0024011632508589287,-0.24011632508589287
2023-02-08,Reliance Industries,0.01997063436687796,1.997063436687796
2023-02-09,Reliance Industries,0.0017432481686585621,0.1743248168658562
2023-02-10,Reliance Industries,-0.008234263754815618,-0.8234263754815618
2023-02-13,Reliance Industries,-0.00569167484769717,-0.569167484769717
2023-02-14,Reliance Industries,0.023565001911900918,2.356500191190092
2023-02-15,Reliance Industries,0.022644042844642387,2.2644042844642387
2023-02-16,Reliance Industries,-0.0007812022760469439,-0.07812022760469439
2023-02-17,Reliance Industries,0.00417692897606714,0.417692897606714
2023-02-20,Reliance Industries,-0.010572885290833112,-1.0572885290833112
2023-02-21,Reliance Industries,0.008159324635661491,0.8159324635661491
2023-02-22,Reliance Industries,-0.022677896241544704,-2.2677896241544704
2023-02-23,Reliance Industries,-0.004791965524589492,-0.4791965524589492
2023-02-24,Reliance Industries,0.006842656793154989,0.6842656793154989
2023-02-27,Reliance Industries,-0.006649417543435732,-0.6649417543435732
2023-02-28,Reliance Industries,-0.019131263099029794,-1.9131263099029794
2023-03-01,Reliance Industries,0.009192315708944854,0.9192315708944854
2023-03-02,Reliance Industries,-0.007615283702355313,-0.7615283702355313
2023-03-03,Reliance Industries,0.025515241592925175,2.5515241592925175
2023-03-06,Reliance Industries,0.009767738600485298,0.9767738600485298
2023-03-08,Reliance Industries,0.0035911666601793346,0.35911666601793346
2023-03-09,Reliance Industries,-0.024034585834806,-2.4034585834806
2023-03-10,Reliance Industries,-0.015492204934267395,-1.5492204934267395
2023-03-13,Reliance Industries,-0.016446373137297576,-1.6446373137297576
2023-03-14,Reliance Industries,-0.003742425190302212,-0.3742425190302212
2023-03-15,Reliance Industries,-0.01709197063887602,-1.709197063887602
2023-03-16,Reliance Industries,-0.004984259144008019,-0.49842591440080186
2023-03-17,Reliance Industries,-0.0012578281609042508,-0.12578281609042508
2023-03-20,Reliance Industries,-0.009828599933404125,-0.9828599933404125
2023-03-21,Reliance Industries,0.03109597637477579,3.109597637477579
2023-03-22,Reliance Industries,0.0030399752484182585,0.30399752484182585
2023-03-23,Reliance Industries,-0.01265051589857824,-1.265051589857824
2023-03-24,Reliance Industries,-0.01979705113914032,-1.979705113914032
2023-03-27,Reliance Industries,0.015544862093416212,1.5544862093416212
2023-03-28,Reliance Industries,0.0046703854460703464,0.46703854460703464
2023-03-29,Reliance Industries,-0.0059164240054675465,-0.5916424005467547
2023-03-31,Reliance Industries,0.04311532826024411,4.311532826024411
2023-04-03,Reliance Industries,0.00017148543030742758,0.017148543030742758
2023-04-05,Reliance Industries,-0.002401767103257346,-0.24017671032573462
2023-04-06,Reliance Industries,0.006707157481502746,0.6707157481502746
2023-04-10,Reliance Industries,-0.007089510069890004,-0.7089510069890004
2023-04-11,Reliance Industries,0.004946473579288568,0.49464735792885683
2023-04-12,Reliance Industries,0.004408607207367465,0.44086072073674654
2023-04-13,Reliance Industries,0.0037712966125986735,0.37712966125986735
2023-04-17,Reliance Industries,0.005073142692260113,0.5073142692260113
2023-04-18,Reliance Industries,-0.011446883485348391,-1.1446883485348391
2023-04-19,Reliance Industries,0.004977995211060016,0.49779952110600156
2023-04-20,Reliance Industries,-0.0025298377278542006,-0.25298377278542006
2023-04-21,Reliance Industries,0.0012575349612353737,0.12575349612353737
2023-04-24,Reliance Industries,0.003831567920182355,0.3831567920182355
2023-04-25,Reliance Industries,0.0076546210553574134,0.7654621055357413
2023-04-26,Reliance Industries,-0.005871019378875131,-0.5871019378875131
2023-04-27,Reliance Industries,0.0063289973141367195,0.632899731413672
2023-04-28,Reliance Industries,0.01827899497228458,1.827899497228458
2023-05-02,Reliance Industries,0.008490035395865014,0.8490035395865014
2023-05-03,Reliance Industries,-0.008582429400342595,-0.8582429400342595
2023-05-04,Reliance Industries,0.011528424551509264,1.1528424551509264
2023-05-05,Reliance Industries,-0.0025530981871192404,-0.25530981871192404
2023-05-08,Reliance Industries,0.012347740883046576,1.2347740883046576
2023-05-09,Reliance Industries,0.003094847058455308,0.3094847058455308
2023-05-10,Reliance Industries,0.006876130090669452,0.6876130090669452
2023-05-11,Reliance Industries,-0.0065287424891322665,-0.6528742489132267
2023-05-12,Reliance Industries,0.0016326764032985608,0.16326764032985608
2023-05-15,Reliance Industries,0.001972368032196359,0.19723680321963588
2023-05-16,Reliance Industries,-0.014241085723332603,-1.4241085723332603
2023-05-17,Reliance Industries,-0.005909317981543594,-0.5909317981543594
2023-05-18,Reliance Industries,-0.002152185340360102,-0.2152185340360102
2023-05-19,Reliance Industries,0.003245615516353384,0.3245615516353384
2023-05-22,Reliance Industries,0.00534404085044371,0.534404085044371
2023-05-23,Reliance Industries,-0.00018329017351292887,-0.018329017351292887
2023-05-24,Reliance Industries,-0.005825974844694715,-0.5825974844694715
2023-05-25,Reliance Industries,-0.00012296874513206824,-0.012296874513206824
2023-05-26,Reliance Industries,0.02727533368595325,2.727533368595325
2023-05-29,Reliance Industries,0.0056252692862548415,0.5625269286254841
2023-05-30,Reliance Industries,-0.00025792135636792946,-0.025792135636792946
2023-05-31,Reliance Industries,-0.019861550048852483,-1.9861550048852483
2023-06-01,Reliance Industries,-0.0026923057679711926,-0.26923057679711926
2023-06-02,Reliance Industries,-0.0032679970226491273,-0.32679970226491273
2023-06-05,Reliance Industries,0.008980924057308881,0.8980924057308881
2023-06-06,Reliance Industries,0.0008475992477881,0.08475992477881
2023-06-07,Reliance Industries,0.007582709359632567,0.7582709359632567
2023-06-08,Reliance Industries,0.000600378293168502,0.0600378293168502
2023-06-09,Reliance Industries,-0.007080922370581777,-0.7080922370581777
2023-06-12,Reliance Industries,0.0008863672623622421,0.0886367262362242
2023-06-13,Reliance Industries,0.014773619574645735,1.4773619574645735
2023-06-14,Reliance Industries,0.01229757977585444,1.229757977585444
2023-06-15,Reliance Industries,0.00027434377253854336,0.027434377253854336
2023-06-16,Reliance Industries,0.009735269827714887,0.9735269827714887
2023-06-19,Reliance Industries,-0.009932523380422498,-0.9932523380422498
2023-06-20,Reliance Industries,0.002076989578942534,0.2076989578942534
2023-06-21,Reliance Industries,0.0028157582024113115,0.28157582024113115
2023-06-22,Reliance Industries,-0.011231303118002134,-1.1231303118002134
2023-06-23,Reliance Industries,-0.008183685647468852,-0.8183685647468852
2023-06-26,Reliance Industries,-0.007634819150962424,-0.7634819150962424
2023-06-27,Reliance Industries,0.0003605161118085398,0.03605161118085398
2023-06-28,Reliance Industries,0.01323883876231613,1.323883876231613
2023-06-30,Reliance Industries,0.008203202371324547,0.8203202371324547
2023-07-03,Reliance Industries,0.025664181521793505,2.5664181521793505
2023-07-04,Reliance Industries,-0.010303175395952602,-1.0303175395952602
2023-07-05,Reliance Industries,-0.0016417977358321734,-0.16417977358321734
2023-07-06,Reliance Industries,0.02099055076483536,2.099055076483536
2023-07-07,Reliance Industries,-0.0019516400495678266,-0.19516400495678266
2023-07-10,Reliance Industries,0.03852126693989333,3.852126693989333
2023-07-11,Reliance Industries,0.010840808468737029,1.0840808468737029
2023-07-12,Reliance Industries,0.001103159985405222,0.11031599854052221
2023-07-13,Reliance Industries,-0.008942220765861486,-0.8942220765861486
2023-07-14,Reliance Industries,-0.0008385428862974775,-0.08385428862974775
2023-07-17,Reliance Industries,0.02043284228289588,2.043284228289588
2023-07-18,Reliance Industries,0.008492129504710899,0.8492129504710899
2023-07-19,Reliance Industries,0.007587292727693651,0.7587292727693651
2023-07-20,Reliance Industries,-0.0012108489952477042,-0.12108489952477042
2023-07-21,Reliance Industries,-0.030956057036913398,-3.09560570369134
2023-07-24,Reliance Industries,-0.020226502605910968,-2.0226502605910968
2023-07-25,Reliance Industries,-0.0006431705396791054,-0.06431705396791054
2023-07-26,Reliance Industries,0.016252203718226443,1.6252203718226443
2023-07-27,Reliance Industries,-0.009302483541473006,-0.9302483541473006
2023-07-28,Reliance Industries,0.010049084250100426,1.0049084250100426
2023-07-31,Reliance Industries,0.00846578305599599,0.846578305599599
2023-08-01,Reliance Industries,-0.014141436935268481,-1.414143693526848
2023-08-02,Reliance Industries,-0.010683428437022635,-1.0683428437022635
2023-08-03,Reliance Industries,-0.00420311666495965,-0.42031166649596496
2023-08-04,Reliance Industries,0.013591048729741928,1.3591048729741928
2023-08-07,Reliance Industries,0.0056983164711699175,0.5698316471169917
2023-08-08,Reliance Industries,-0.006022661760666237,-0.6022661760666237
2023-08-09,Reliance Industries,0.006597145826327866,0.6597145826327866
2023-08-10,Reliance Industries,0.004455126124816022,0.44551261248160223
2023-08-11,Reliance Industries,0.004218441604908252,0.4218441604908252
2023-08-14,Reliance Industries,0.01181715648795878,1.181715648795878
2023-08-16,Reliance Industries,-0.0008148037399577923,-0.08148037399577923
2023-08-17,Reliance Industries,-0.014426247503116163,-1.4426247503116163
2023-08-18,Reliance Industries,0.0074073661571323335,0.7407366157132333
2023-08-21,Reliance Industries,-0.010911472024133229,-1.0911472024133229
2023-08-22,Reliance Industries,-0.00023806423577066305,-0.023806423577066305
2023-08-23,Reliance Industries,0.001111361741774175,0.1111361741774175
2023-08-24,Reliance Industries,-0.016810719455414236,-1.6810719455414236
2023-08-25,Reliance Industries,-0.004617271164842673,-0.46172711648426734
2023-08-28,Reliance Industries,-0.009966174806111505,-0.9966174806111505
2023-08-29,Reliance Industries,-0.009575413560518165,-0.9575413560518165
2023-08-30,Reliance Industries,-0.0009503221131553774,-0.09503221131553774
2023-08-31,Reliance Industries,-0.004569849924133895,-0.4569849924133895
2023-09-01,Reliance Industries,0.0023473568753371588,0.23473568753371588
2023-09-04,Reliance Industries,-0.0008082370539206352,-0.08082370539206352
2023-09-05,Reliance Industries,0.005351265864950383,0.5351265864950383
2023-09-06,Reliance Industries,0.0021041352747233066,0.21041352747233066
2023-09-07,Reliance Industries,0.0013587781739694549,0.1358778173969455
2023-09-08,Reliance Industries,0.006661231207662377,0.6661231207662377
2023-09-11,Reliance Industries,0.010783441020392859,1.0783441020392859
2023-09-12,Reliance Industries,-0.014446761148519838,-1.4446761148519838
2023-09-13,Reliance Industries,0.00500238133857267,0.500238133857267
2023-09-14,Reliance Industries,0.0009180559230836938,0.09180559230836938
2023-09-15,Reliance Industries,0.0018545707908423914,0.18545707908423914
2023-09-18,Reliance Industries,-0.008706901786155852,-0.8706901786155852
2023-09-20,Reliance Industries,-0.022286460966342903,-2.2286460966342903
2023-09-21,Reliance Industries,-0.0072833557185788544,-0.7283355718578854
2023-09-22,Reliance Industries,-0.004165271799526971,-0.41652717995269706
2023-09-25,Reliance Industries,-0.0061572107428239375,-0.6157210742823938
2023-09-26,Reliance Industries,0.0008759265877027467,0.08759265877027467
2023-09-27,Reliance Industries,0.011270018876538002,1.1270018876538002
2023-09-28,Reliance Industries,-0.014690430083323935,-1.4690430083323935
2023-09-29,Reliance Industries,0.004669850543399079,0.4669850543399079
2023-10-03,Reliance Industries,-0.011449983136067599,-1.1449983136067599
2023-10-04,Reliance Industries,-0.0017253249067016307,-0.17253249067016307
2023-10-05,Reliance Industries,-2.1567799659449882e-05,-0.0021567799659449882
2023-10-06,Reliance Industries,0.0016853143179538232,0.16853143179538232
2023-10-09,Reliance Industries,-0.008520267132951176,-0.8520267132951176
2023-10-10,Reliance Industries,0.004416294037153712,0.4416294037153712
2023-10-11,Reliance Industries,0.01587672819667274,1.587672819667274
2023-10-12,Reliance Industries,0.0018549403948278087,0.18549403948278087
2023-10-13,Reliance Industries,-4.238323786065479e-05,-0.004238323786065479
2023-10-16,Reliance Industries,-0.002234732526769645,-0.2234732526769645
2023-10-17,Reliance Industries,0.0047781001546882695,0.47781001546882695
2023-10-18,Reliance Industries,-0.013268249757609873,-1.3268249757609873
2023-10-19,Reliance Industries,-0.0076807851937111815,-0.7680785193711182
2023-10-20,Reliance Industries,-0.0030570735150484696,-0.30570735150484696
2023-10-23,Reliance Industries,-0.015614886044486465,-1.5614886044486465
2023-10-25,Reliance Industries,-0.002319640753185026,-0.2319640753185026
2023-10-26,Reliance Industries,-0.013928537075740377,-1.3928537075740377
2023-10-27,Reliance Industries,0.017650942279152648,1.7650942279152648
2023-10-30,Reliance Industries,0.020610937837202137,2.0610937837202137
2023-10-31,Reliance Industries,-0.010637840928906295,-1.0637840928906295
2023-11-01,Reliance Industries,0.0041523504048512905,0.41523504048512905
2023-11-02,Reliance Industries,0.009924151626194977,0.9924151626194977
2023-11-03,Reliance Industries,-0.00021554159244552284,-0.021554159244552284
2023-11-06,Reliance Industries,0.008320058796743801,0.8320058796743801
2023-11-07,Reliance Industries,-0.006498361676779307,-0.6498361676779307
2023-11-08,Reliance Industries,0.005206876862731802,0.5206876862731802
2023-11-09,Reliance Industries,-0.010852309749265876,-1.0852309749265876
2023-11-10,Reliance Industries,0.001882637219176475,0.1882637219176475
2023-11-13,Reliance Industries,-0.0001295783505529391,-0.01295783505529391
2023-11-15,Reliance Industries,0.018080764248393555,1.8080764248393555
2023-11-16,Reliance Industries,0.0018036053022494336,0.18036053022494336
2023-11-17,Reliance Industries,-0.0021814467130196746,-0.21814467130196746
2023-11-20,Reliance Industries,-0.002632123295775446,-0.2632123295775446
2023-11-21,Reliance Industries,0.01257788610447208,1.257788610447208
2023-11-22,Reliance Industries,0.00390938015463238,0.39093801546323803
2023-11-23,Reliance Industries,0.003056745698208463,0.3056745698208463
2023-11-24,Reliance Industries,-0.0006679695304399047,-0.06679695304399047
2023-11-28,Reliance Industries,0.00020890580732335629,0.02089058073233563
2023-11-29,Reliance Industries,0.0026311061615269526,0.26311061615269526
2023-11-30,Reliance Industries,-0.009684546203630351,-0.9684546203630351
2023-12-01,Reliance Industries,0.007087298464498293,0.7087298464498293
2023-12-04,Reliance Industries,0.010817428254289219,1.0817428254289219
2023-12-05,Reliance Industries,0.007251440757797489,0.7251440757797489
2023-12-06,Reliance Industries,0.009578608332192262,0.9578608332192262
2023-12-07,Reliance Industries,-0.0016456922559496823,-0.16456922559496823
2023-12-08,Reliance Industries,-0.0005291549068306978,-0.05291549068306978
2023-12-11,Reliance Industries,0.0014660582020378232,0.14660582020378232
2023-12-12,Reliance Industries,-0.014353491100136284,-1.4353491100136284
2023-12-13,Reliance Industries,0.004083950013251014,0.4083950013251014
2023-12-14,Reliance Industries,0.0124078920146109,1.24078920146109
2023-12-15,Reliance Industries,0.012763098206618473,1.2763098206618473
2023-12-18,Reliance Industries,0.010177841437828183,1.0177841437828183
2023-12-19,Reliance Industries,0.014716492003557846,1.4716492003557846
2023-12-20,Reliance Industries,-0.012098856702907224,-1.2098856702907224
2023-12-21,Reliance Industries,0.014007907416855092,1.4007907416855092
2023-12-22,Reliance Industries,0.0009754957436201028,0.09754957436201028
2023-12-26,Reliance Industries,0.005068173844893886,0.5068173844893886
2023-12-27,Reliance Industries,0.003413499193204217,0.3413499193204217
2023-12-28,Reliance Industries,0.007228914051542468,0.7228914051542468
2023-12-29,Reliance Industries,-0.007906275927161754,-0.7906275927161754
2024-01-01,Reliance Industries,0.002050317565037041,0.2050317565037041
2024-01-02,Reliance Industries,0.008281024461512132,0.8281024461512132
2024-01-03,Reliance Industries,-0.010874114574227378,-1.0874114574227378
2024-01-04,Reliance Industries,0.005167804929185005,0.5167804929185005
2024-01-05,Reliance Industries,0.004255436169599225,0.4255436169599225
2024-01-08,Reliance Industries,-0.00780367992130282,-0.780367992130282
2024-01-09,Reliance Industries,-0.0026475651835438097,-0.26475651835438097
2024-01-10,Reliance Industries,0.026971641696151405,2.6971641696151405
2024-01-11,Reliance Industries,0.026300758847864092,2.630075884786409
2024-01-12,Reliance Industries,0.007960167005252261,0.7960167005252261
2024-01-15,Reliance Industries,0.017071106552575044,1.7071106552575044
2024-01-16,Reliance Industries,-0.013987131296874233,-1.3987131296874233
2024-01-17,Reliance Industries,-0.009493519580024645,-0.9493519580024645
2024-01-18,Reliance Industries,0.004682012239050959,0.4682012239050959
2024-01-19,Reliance Industries,-0.00036549294992371806,-0.036549294992371806
2024-01-23,Reliance Industries,-0.02842879948539434,-2.842879948539434
2024-01-24,Reliance Industries,0.011516085966515988,1.1516085966515988
2024-01-25,Reliance Industries,0.006845933178860397,0.6845933178860397
2024-01-29,Reliance Industries,0.0701919247384617,7.01919247384617
2024-01-30,Reliance Industries,-0.027916800826681687,-2.7916800826681687
2024-01-31,Reliance Industries,0.013497880394033102,1.3497880394033102
2024-02-01,Reliance Industries,1.7492727528489738e-05,0.0017492727528489738
2024-02-02,Reliance Industries,0.021764296027886765,2.1764296027886765
2024-02-05,Reliance Industries,-0.012811219482966152,-1.2811219482966152
2024-02-06,Reliance Industries,-0.007800462687801102,-0.7800462687801102
2024-02-07,Reliance Industries,0.01005047344215071,1.005047344215071
2024-02-08,Reliance Industries,0.005529874015297365,0.5529874015297365
2024-02-09,Reliance Industries,0.0073270508782083965,0.7327050878208397
2024-02-12,Reliance Industries,-0.005750651351443259,-0.5750651351443259
2024-02-13,Reliance Industries,0.00877900877373472,0.877900877373472
2024-02-14,Reliance Industries,0.011108442740284996,1.1108442740284996
2024-02-15,Reliance Industries,-0.0072737286445034854,-0.7273728644503485
2024-02-16,Reliance Industries,-0.006816925896236836,-0.6816925896236836
2024-02-19,Reliance Industries,0.009191572650700364,0.9191572650700364
2024-02-20,Reliance Industries,-0.002018334060143734,-0.20183340601437338
2024-02-21,Reliance Industries,-0.0022602583377943075,-0.22602583377943075
2024-02-22,Reliance Industries,0.009572788452789194,0.9572788452789194
2024-02-23,Reliance Industries,0.008014184592298523,0.8014184592298523
2024-02-26,Reliance Industries,-0.004217955695542952,-0.4217955695542952
2024-02-27,Reliance Industries,-0.001126091609882418,-0.11260916098824181
2024-02-28,Reliance Industries,-0.020210091482814607,-2.0210091482814607
2024-02-29,Reliance Industries,0.0035552200643791387,0.3555220064379139
2024-03-01,Reliance Industries,0.021443669898941753,2.1443669898941753
2024-03-04,Reliance Industries,0.010237097069856427,1.0237097069856427
2024-03-05,Reliance Industries,-0.004776469739736444,-0.4776469739736444
2024-03-06,Reliance Industries,0.0018664767112457348,0.18664767112457348
2024-03-07,Reliance Industries,-0.01601801433765704,-1.6018014337657038
2024-03-11,Reliance Industries,-0.008333812268857876,-0.8333812268857876
2024-03-12,Reliance Industries,0.006017406118389745,0.6017406118389745
2024-03-13,Reliance Industries,-0.029313565099640226,-2.9313565099640226
2024-03-14,Reliance Industries,-0.0004888471763835334,-0.04888471763835334
2024-03-15,Reliance Industries,-0.00925613232791167,-0.925613232791167
2024-03-18,Reliance Industries,0.014983453782571932,1.4983453782571932
2024-03-19,Reliance Industries,-0.009882018608837861,-0.9882018608837861
2024-03-20,Reliance Industries,0.012980250727125275,1.2980250727125275
2024-03-21,Reliance Industries,0.005004247290817165,0.5004247290817165
2024-03-22,Reliance Industries,0.002791288774545597,0.2791288774545597
2024-03-26,Reliance Industries,-0.00924386822134371,-0.924386822134371
2024-03-27,Reliance Industries,0.03556867292553645,3.556867292553645
2024-03-28,Reliance Industries,-0.0046890415903863,-0.46890415903863003
2024-04-01,Reliance Industries,-0.0007233697055262223,-0.07233697055262223
2024-04-02,Reliance Industries,0.0014648439531399493,0.14648439531399493
2024-04-03,Reliance Industries,-0.010323156875859385,-1.0323156875859385
2024-04-04,Reliance Industries,-0.005894875971114488,-0.5894875971114488
2024-04-05,Reliance Industries,-0.0019310925835893666,-0.19310925835893666
2024-04-08,Reliance Industries,0.01772136432895355,1.7721364328953548
2024-04-09,Reliance Industries,-0.01502378854508346,-1.502378854508346
2024-04-10,Reliance Industries,0.010880238122429331,1.088023812242933
2024-04-12,Reliance Industries,-0.008397618186589795,-0.8397618186589795
2024-04-15,Reliance Industries,-0.0015847512239508532,-0.15847512239508532
2024-04-16,Reliance Industries,0.0006315330845154676,0.06315330845154676
2024-04-18,Reliance Industries,-0.0009722404490967174,-0.09722404490967174
2024-04-19,Reliance Industries,0.003960915947892163,0.3960915947892163
2024-04-22,Reliance Industries,0.006615006249704791,0.6615006249704791
2024-04-23,Reliance Industries,-0.013869624014868687,-1.3869624014868687
2024-04-24,Reliance Industries,-0.006270052120062264,-0.6270052120062264
2024-04-25,Reliance Industries,0.006757890722983495,0.6757890722983495
2024-04-26,Reliance Industries,-0.005085633263730904,-0.5085633263730904
2024-04-29,Reliance Industries,0.008588217363141082,0.8588217363141082
2024-04-30,Reliance Industries,0.001348149172575308,0.1348149172575308
2024-05-02,Reliance Industries,-0.0003067085032111283,-0.03067085032111283
2024-05-03,Reliance Industries,-0.022195087536038938,-2.2195087536038938
2024-05-06,Reliance Industries,-0.01009403437528511,-1.009403437528511
2024-05-07,Reliance Industries,-0.012715546989404691,-1.2715546989404691
2024-05-08,Reliance Industries,0.01218370953242398,1.218370953242398
2024-05-09,Reliance Industries,-0.01721850901757882,-1.721850901757882
2024-05-10,Reliance Industries,0.009540092162876768,0.9540092162876768
2024-05-13,Reliance Industries,-0.0033571966468762815,-0.33571966468762815
2024-05-14,Reliance Industries,0.01238691537438319,1.238691537438319
2024-05-15,Reliance Industries,-0.0026760303369275373,-0.26760303369275373
2024-05-16,Reliance Industries,0.006407692056736858,0.6407692056736858
2024-05-17,Reliance Industries,0.007261382286290585,0.7261382286290585
2024-05-21,Reliance Industries,0.0002960990307985245,0.02960990307985245
2024-05-22,Reliance Industries,0.017077129761462695,1.7077129761462695
2024-05-23,Reliance Industries,0.017389650248958333,1.7389650248958333
2024-05-24,Reliance Industries,-0.0039030928284150557,-0.39030928284150557
2024-05-27,Reliance Industries,-0.009457826453420637,-0.9457826453420637
2024-05-28,Reliance Industries,-0.006854253936252164,-0.6854253936252164
2024-05-29,Reliance Industries,-0.01059255978193685,-1.059255978193685
2024-05-30,Reliance Industries,-0.011053153643843294,-1.1053153643843294
2024-05-31,Reliance Industries,0.0038952465246684387,0.38952465246684387
2024-06-03,Reliance Industries,0.05587589380157376,5.587589380157376
2024-06-04,Reliance Industries,-0.07485139657931561,-7.485139657931561
2024-06-05,Reliance Industries,0.016800579588873044,1.6800579588873044
2024-06-06,Reliance Industries,0.0076368018301054,0.76368018301054
2024-06-07,Reliance Industries,0.026788141380951203,2.6788141380951203
2024-06-10,Reliance Industries,0.000986439710732867,0.09864397107328671
2024-06-11,Reliance Industries,-0.01000748777380378,-1.000748777380378
2024-06-12,Reliance Industries,0.0045652186450355625,0.45652186450355625
2024-06-13,Reliance Industries,0.0013155228658845441,0.13155228658845441
2024-06-14,Reliance Industries,0.008394389957355308,0.8394389957355308
2024-06-18,Reliance Industries,0.002351866601805197,0.2351866601805197
2024-06-19,Reliance Industries,-0.015107703626713098,-1.5107703626713098
2024-06-20,Reliance Industries,0.010317629239700032,1.0317629239700032
2024-06-21,Reliance Industries,-0.013231955407036033,-1.3231955407036033
2024-06-24,Reliance Industries,-0.00875050909627828,-0.875050909627828
2024-06-25,Reliance Industries,0.008793131420791411,0.8793131420791411
2024-06-26,Reliance Industries,0.04117521720062789,4.117521720062789
2024-06-27,Reliance Industries,0.010914635166324516,1.0914635166324516
2024-06-28,Reliance Industries,0.02276955960049598,2.276955960049598
2024-07-01,Reliance Industries,-0.003353733270596626,-0.3353733270596626
2024-07-02,Reliance Industries,0.0032208997154759,0.32208997154759
2024-07-03,Reliance Industries,-0.008146097436494082,-0.8146097436494082
2024-07-04,Reliance Industries,0.0010306439714371507,0.10306439714371507
2024-07-05,Reliance Industries,0.02226477856019149,2.226477856019149
2024-07-08,Reliance Industries,0.0077268379751467275,0.7726837975146728
2024-07-09,Reliance Industries,-0.00663697862976842,-0.663697862976842
2024-07-10,Reliance Industries,-0.003804370034202087,-0.3804370034202087
2024-07-11,Reliance Industries,-0.00225658996090794,-0.22565899609079398
2024-07-12,Reliance Industries,0.010169844699170483,1.0169844699170483
2024-07-15,Reliance Industries,0.000313125966622696,0.0313125966622696
2024-07-16,Reliance Industries,-0.013132090988028255,-1.3132090988028255
2024-07-18,Reliance Industries,0.006613799016347954,0.6613799016347954
2024-07-19,Reliance Industries,-0.01986854795816262,-1.986854795816262
2024-07-22,Reliance Industries,-0.03502887038023872,-3.502887038023872
2024-07-23,Reliance Industries,-0.00851276997821282,-0.851276997821282
2024-07-24,Reliance Industries,0.005242268948590256,0.5242268948590256
2024-07-25,Reliance Industries,-0.002206367739850834,-0.2206367739850834
2024-07-26,Reliance Industries,0.011139841643223125,1.1139841643223125
2024-07-29,Reliance Industries,0.007339147452146255,0.7339147452146255
2024-07-30,Reliance Industries,-0.004572067977327232,-0.4572067977327232
2024-07-31,Reliance Industries,-0.005105313731040506,-0.5105313731040506
2024-08-01,Reliance Industries,0.006559685357006018,0.6559685357006018
2024-08-02,Reliance Industries,-0.010542479323588094,-1.0542479323588094
2024-08-05,Reliance Industries,-0.0346822600109854,-3.46822600109854
2024-08-06,Reliance Industries,0.006028402393128296,0.6028402393128296
2024-08-07,Reliance Industries,0.006026472118986215,0.6026472118986215
2024-08-08,Reliance Industries,-0.010718013814954852,-1.0718013814954852
2024-08-09,Reliance Industries,0.017372705828472945,1.7372705828472945
2024-08-12,Reliance Industries,-0.009275692067335806,-0.9275692067335806
2024-08-13,Reliance Industries,0.002053901486653187,0.20539014866531868
2024-08-14,Reliance Industries,-0.0012127813377531549,-0.12127813377531549
2024-08-16,Reliance Industries,0.011184438483602399,1.11844384836024
2024-08-19,Reliance Industries,0.010317737644652603,1.0317737644652603
2024-08-20,Reliance Industries,0.005072557760318563,0.5072557760318563
2024-08-21,Reliance Industries,0.001821661683359288,0.1821661683359288
2024-08-22,Reliance Industries,-0.0003670710938989963,-0.03670710938989963
2024-08-23,Reliance Industries,0.001234922923336823,0.12349229233368231
2024-08-26,Reliance Industries,0.008416767308946804,0.8416767308946804
2024-08-27,Reliance Industries,-0.008032478302011592,-0.8032478302011592
2024-08-28,Reliance Industries,-0.0014329035251872124,-0.14329035251872124
2024-08-29,Reliance Industries,0.015100440192906905,1.5100440192906905
2024-08-30,Reliance Industries,-0.00742968766443719,-0.742968766443719
2024-09-02,Reliance Industries,0.004388480741684075,0.43884807416840754
2024-09-03,Reliance Industries,-0.004699072739482779,-0.4699072739482779
2024-09-04,Reliance Industries,0.0035947909186186955,0.35947909186186955
2024-09-05,Reliance Industries,-0.014245144871990911,-1.4245144871990911
2024-09-06,Reliance Industries,-0.01885502353919355,-1.885502353919355
2024-09-09,Reliance Industries,-0.0016214031264586426,-0.16214031264586426
2024-09-10,Reliance Industries,-0.0006324396587149561,-0.06324396587149561
2024-09-11,Reliance Industries,-0.0068593037362743026,-0.6859303736274303
2024-09-12,Reliance Industries,0.01949710400793836,1.949710400793836
2024-09-13,Reliance Industries,-0.004848599618861527,-0.48485996188615266
2024-09-16,Reliance Industries,-0.0008658534199453838,-0.08658534199453838
2024-09-17,Reliance Industries,0.0006457687627332565,0.06457687627332565
2024-09-18,Reliance Industries,-0.006011048005007624,-0.6011048005007624
2024-09-19,Reliance Industries,0.0042536826716885745,0.42536826716885745
2024-09-20,Reliance Industries,0.011056847089535138,1.1056847089535138
2024-09-23,Reliance Industries,0.005013723772059109,0.5013723772059109
2024-09-24,Reliance Industries,-0.0026785427929117978,-0.2678542792911798
2024-09-25,Reliance Industries,0.0030717162285438526,0.30717162285438526
2024-09-26,Reliance Industries,0.00267751209611089,0.267751209611089
2024-09-27,Reliance Industries,0.01884245948180774,1.8842459481807738
2024-09-30,Reliance Industries,-0.03249960872518631,-3.2499608725186313
2024-10-01,Reliance Industries,-0.007957616967555259,-0.7957616967555259
2024-10-03,Reliance Industries,-0.03949272356471989,-3.949272356471989
2024-10-04,Reliance Industries,-0.01453472549048096,-1.453472549048096
2024-10-07,Reliance Industries,-0.011395360443265057,-1.1395360443265057
2024-10-08,Reliance Industries,0.01942397970975418,1.942397970975418
2024-10-09,Reliance Industries,-0.016280789607546198,-1.6280789607546198
2024-10-10,Reliance Industries,-0.0025826049780599547,-0.25826049780599547
2024-10-11,Reliance Industries,0.0007658406340240731,0.07658406340240731
2024-10-14,Reliance Industries,0.0003097629900348231,0.03097629900348231
2024-10-15,Reliance Industries,-0.020764648005787145,-2.0764648005787145
2024-10-16,Reliance Industries,0.007477475917652132,0.7477475917652132
2024-10-17,Reliance Industries,0.0017355593812362624,0.17355593812362624
2024-10-18,Reliance Industries,0.0021195106263276475,0.21195106263276475
2024-10-21,Reliance Industries,0.007283123146972992,0.7283123146972992
2024-10-22,Reliance Industries,-0.018879541745163153,-1.8879541745163153
2024-10-23,Reliance Industries,-0.0035917690672500058,-0.3591769067250006
2024-10-24,Reliance Industries,0.0009525988259191376,0.09525988259191376
2024-10-25,Reliance Industries,-0.008919403815719762,-0.8919403815719762
2024-10-28,Reliance Industries,0.004895123245520772,0.48951232455207716
2024-10-29,Reliance Industries,0.004234317022260736,0.4234317022260736
2024-10-30,Reliance Industries,0.0029105164135998507,0.29105164135998507
2024-10-31,Reliance Industries,-0.008817616322833066,-0.8817616322833066
2024-11-01,Reliance Industries,0.004954743276563756,0.49547432765637556
2024-11-04,Reliance Industries,-0.027266285564600312,-2.726628556460031
2024-11-05,Reliance Industries,0.0024190894752966763,0.24190894752966763
2024-11-06,Reliance Industries,0.015360331365554813,1.5360331365554813
2024-11-07,Reliance Industries,-0.014863940136967457,-1.4863940136967457
2024-11-08,Reliance Industries,-0.0167731862886642,-1.67731862886642
2024-11-11,Reliance Industries,-0.008607733532774997,-0.8607733532774997
2024-11-12,Reliance Industries,0.0012179914460044294,0.12179914460044294
2024-11-13,Reliance Industries,-0.017421984911027644,-1.7421984911027644
2024-11-14,Reliance Industries,0.012419639147505102,1.2419639147505102
2024-11-18,Reliance Industries,-0.0054039379248916886,-0.5403937924891689
2024-11-19,Reliance Industries,-0.015149758756049403,-1.5149758756049403
2024-11-21,Reliance Industries,-0.015020367381370248,-1.5020367381370248
2024-11-22,Reliance Industries,0.03466896418556509,3.4668964185565088
2024-11-25,Reliance Industries,0.017069586263143144,1.7069586263143144
2024-11-26,Reliance Industries,0.006759889878657832,0.6759889878657832
2024-11-27,Reliance Industries,-0.0019293973968529388,-0.19293973968529388
2024-11-28,Reliance Industries,-0.01732131069906484,-1.732131069906484
2024-11-29,Reliance Industries,0.016839707555085237,1.6839707555085237
2024-12-02,Reliance Industries,0.013117210209329766,1.3117210209329766
2024-12-03,Reliance Industries,0.01080860395911376,1.080860395911376
2024-12-04,Reliance Industries,-0.010844222992581254,-1.0844222992581254
2024-12-05,Reliance Industries,0.010008081942164404,1.0008081942164404
2024-12-06,Reliance Industries,-0.007942161610169252,-0.7942161610169252
2024-12-09,Reliance Industries,-0.012504334774722237,-1.2504334774722237
2024-12-10,Reliance Industries,-0.007952826815636138,-0.7952826815636138
2024-12-11,Reliance Industries,-0.005175666490439101,-0.5175666490439101
2024-12-12,Reliance Industries,-0.011969914156727657,-1.1969914156727657
2024-12-13,Reliance Industries,0.007878642465797059,0.7878642465797059
2024-12-16,Reliance Industries,-0.003574610687712587,-0.3574610687712587
2024-12-17,Reliance Industries,-0.01813443510820112,-1.813443510820112
2024-12-18,Reliance Industries,0.006383925574390714,0.6383925574390714
2024-12-19,Reliance Industries,-0.01819275722362368,-1.819275722362368
2024-12-20,Reliance Industries,-0.020439499828989516,-2.0439499828989516
2024-12-23,Reliance Industries,0.014104307375446101,1.4104307375446101
2024-12-24,Reliance Industries,0.00036817478984829677,0.03681747898482968
2024-12-26,Reliance Industries,-0.005070584497742225,-0.5070584497742225
2024-12-27,Reliance Industries,0.003699048513918557,0.3699048513918557
2024-12-30,Reliance Industries,-0.0084764870077213,-0.8476487007721301
2024-12-31,Reliance Industries,0.003923367267915978,0.3923367267915978
2025-01-01,Reliance Industries,0.004771917014613658,0.4771917014613658
2025-01-02,Reliance Industries,0.016827100720942623,1.6827100720942623
2025-01-03,Reliance Industries,0.0075293538610903266,0.7529353861090327
2025-01-06,Reliance Industries,-0.02649555953674909,-2.649555953674909
2025-01-07,Reliance Industries,0.018760110007393527,1.8760110007393527
2025-01-08,Reliance Industries,0.019865530979382928,1.9865530979382928
2025-01-09,Reliance Industries,-0.008494666485831082,-0.8494666485831082
2025-01-10,Reliance Industries,-0.01024109342998425,-1.024109342998425
2025-01-13,Reliance Industries,-0.0016507150421680716,-0.16507150421680716
2025-01-14,Reliance Industries,-0.0008871995398558319,-0.08871995398558319
2025-01-15,Reliance Industries,0.010857618472363662,1.0857618472363662
2025-01-16,Reliance Industries,0.011380021144143493,1.1380021144143493
2025-01-17,Reliance Industries,0.028346977701285025,2.8346977701285025
2025-01-20,Reliance Industries,0.0023803347179069956,0.23803347179069956
2025-01-21,Reliance Industries,-0.024321110451110406,-2.4321110451110406
2025-01-22,Reliance Industries,0.0026694537639297966,0.26694537639297966
2025-01-23,Reliance Industries,-0.01053167108029096,-1.053167108029096
2025-01-24,Reliance Industries,-0.013730040438697966,-1.3730040438697966
2025-01-27,Reliance Industries,-0.013600401095603454,-1.3600401095603454
2025-01-28,Reliance Industries,0.004107922914950768,0.4107922914950768
2025-01-29,Reliance Industries,0.0008911166028169326,0.08911166028169326
2025-01-30,Reliance Industries,0.01420481101409754,1.420481101409754
2025-01-31,Reliance Industries,0.0096164947627011,0.96164947627011
2025-02-01,Reliance Industries,-0.00039523248984307813,-0.03952324898430781
2025-02-03,Reliance Industries,-0.014787208604033264,-1.4787208604033264
2025-02-04,Reliance Industries,0.03154335209732628,3.1543352097326283
2025-02-05,Reliance Industries,-0.005446621423933262,-0.5446621423933262
2025-02-06,Reliance Industries,0.0026209472919784815,0.26209472919784815
2025-02-07,Reliance Industries,-0.01158756678390982,-1.158756678390982
2025-02-10,Reliance Industries,-0.010302333990412138,-1.0302333990412138
2025-02-11,Reliance Industries,-0.014996213895739241,-1.499621389573924
2025-02-12,Reliance Industries,-0.014819609664862288,-1.4819609664862288
2025-02-13,Reliance Industries,-0.0003700161801112323,-0.03700161801112323
2025-02-14,Reliance Industries,0.0009457331801288049,0.09457331801288049
2025-02-17,Reliance Industries,0.0062847360811397746,0.6284736081139775
2025-02-18,Reliance Industries,0.00040820359558924046,0.040820359558924046
2025-02-19,Reliance Industries,0.0016727408352932294,0.16727408352932294
2025-02-20,Reliance Industries,0.004521637495415787,0.4521637495415787
2025-02-21,Reliance Industries,-0.003933493591583903,-0.3933493591583903
2025-02-24,Reliance Industries,-0.011073436404433479,-1.1073436404433479
2025-02-25,Reliance Industries,-0.008686382129851511,-0.8686382129851511
2025-02-27,Reliance Industries,0.0025746723497552804,0.25746723497552804
2025-02-28,Reliance Industries,-0.005799020532345489,-0.5799020532345489
2025-03-03,Reliance Industries,-0.024039698599903736,-2.4039698599903736
2025-03-04,Reliance Industries,-0.007982883563999676,-0.7982883563999676
2025-03-05,Reliance Industries,0.011790981021192692,1.1790981021192692
2025-03-06,Reliance Industries,0.02892137856724375,2.892137856724375
2025-03-07,Reliance Industries,0.03323425487731768,3.323425487731768
2025-03-10,Reliance Industries,-0.0091214390020945,-0.91214390020945
2025-03-11,Reliance Industries,0.007186637014978459,0.7186637014978459
2025-03-12,Reliance Industries,0.007816969840073407,0.7816969840073407
2025-03-13,Reliance Industries,-0.007279042194173413,-0.7279042194173413
2025-03-17,Reliance Industries,-0.007252200212939597,-0.7252200212939597
2025-03-18,Reliance Industries,0.0,0.0
2025-03-19,Reliance Industries,0.006699817904729732,0.6699817904729732
2025-03-20,Reliance Industries,0.017640128350000284,1.7640128350000284
2025-03-21,Reliance Industries,0.005673147612239138,0.5673147612239138
2025-03-24,Reliance Industries,0.020174727116697655,2.0174727116697655
2025-03-25,Reliance Industries,-0.012787039143588252,-1.2787039143588252
2025-03-26,Reliance Industries,-0.009646421132837424,-0.9646421132837424
2025-03-27,Reliance Industries,0.004045346724523613,0.4045346724523613
2025-03-28,Reliance Industries,-0.002425308203808707,-0.2425308203808707
2025-04-01,Reliance Industries,-0.017645690501992828,-1.7645690501992828
2025-04-02,Reliance Industries,-0.0011575237916060521,-0.11575237916060521
2025-04-03,Reliance Industries,-0.001958242079422967,-0.1958242079422967
2025-04-04,Reliance Industries,-0.035236663910407695,-3.5236663910407695
2025-04-07,Reliance Industries,-0.032373152212439305,-3.2373152212439305
2025-04-08,Reliance Industries,0.014154618272830488,1.4154618272830488
2025-04-09,Reliance Industries,0.0026645384242292014,0.26645384242292014
2025-04-11,Reliance Industries,0.02834600587270697,2.834600587270697
2025-04-15,Reliance Industries,0.01735106601006997,1.735106601006997
2025-04-16,Reliance Industries,-0.0006450607873236258,-0.06450607873236258
2025-04-17,Reliance Industries,0.028403081361119353,2.8403081361119353
2025-04-21,Reliance Industries,0.016477043342625786,1.6477043342625786
2025-04-22,Reliance Industries,-0.0033192768965972785,-0.33192768965972785
2025-04-23,Reliance Industries,0.006815426227561927,0.6815426227561927
2025-04-24,Reliance Industries,0.0012307715038371025,0.12307715038371025
2025-04-25,Reliance Industries,-0.0009219202768825374,-0.09219202768825374
2025-04-28,Reliance Industries,0.052599177762373994,5.259917776237399
2025-04-29,Reliance Industries,0.0225744751242265,2.25744751242265
2025-04-30,Reliance Industries,0.0037865383223170124,0.37865383223170124
2025-05-02,Reliance Industries,0.010533849468939094,1.0533849468939094
2025-05-05,Reliance Industries,0.008099785134819015,0.8099785134819015
2025-05-06,Reliance Industries,-0.007266177649733696,-0.7266177649733696
2025-05-07,Reliance Industries,-0.010486336160832499,-1.04863361608325
2025-05-08,Reliance Industries,0.0007112498232164643,0.07112498232164643
2025-05-09,Reliance Industries,-0.021179777793082,-2.1179777793082
2025-05-12,Reliance Industries,0.043058351107950754,4.305835110795075
2025-05-13,Reliance Industries,-0.014479664614505894,-1.4479664614505894
2025-05-14,Reliance Industries,0.0061453540610170165,0.6145354061017017
2025-05-15,Reliance Industries,0.02092113971943621,2.092113971943621
2025-05-16,Reliance Industries,0.0015128514905287105,0.15128514905287105
2025-05-19,Reliance Industries,-0.010711341598050206,-1.0711341598050206
2025-05-20,Reliance Industries,-0.011243742082533759,-1.1243742082533759
2025-05-21,Reliance Industries,0.003228928433082867,0.3228928433082867
2025-05-22,Reliance Industries,-0.013853833322909237,-1.3853833322909237
2025-05-23,Reliance Industries,0.012345734016484755,1.2345734016484755
2025-05-26,Reliance Industries,0.0056068761250060994,0.5606876125006099
2025-05-27,Reliance Industries,-0.008851440092437768,-0.8851440092437768
2025-05-28,Reliance Industries,-0.006469296318463824,-0.6469296318463824
2025-05-29,Reliance Industries,0.003468121654575773,0.3468121654575773
2025-05-30,Reliance Industries,0.0021864194149390226,0.21864194149390226
2025-06-02,Reliance Industries,-0.0050672635520357945,-0.5067263552035794
2025-06-03,Reliance Industries,-0.005800273178426574,-0.5800273178426574
2025-06-04,Reliance Industries,0.012806787396711927,1.2806787396711927
2025-06-05,Reliance Industries,0.013277120171936607,1.3277120171936607
2025-06-06,Reliance Industries,0.0007626139236709406,0.07626139236709406
2025-06-09,Reliance Industries,0.0036716435351531462,0.3671643535153146
2025-06-10,Reliance Industries,-0.007109403277025583,-0.7109403277025583
2025-06-11,Reliance Industries,0.007229809741173154,0.7229809741173154
2025-06-12,Reliance Industries,-0.005038255784043266,-0.5038255784043266
2025-06-13,Reliance Industries,-0.0095033733687242,-0.95033733687242
2025-06-16,Reliance Industries,0.006933309097606699,0.6933309097606699
2025-06-17,Reliance Industries,-0.004590408089462872,-0.4590408089462872
2025-06-18,Reliance Industries,-0.0007685818469123085,-0.07685818469123085
2025-06-19,Reliance Industries,0.002237695986731625,0.22376959867316248
2025-06-20,Reliance Industries,0.022953917524542122,2.2953917524542122
2025-06-23,Reliance Industries,-0.006411090241396078,-0.6411090241396078
2025-06-24,Reliance Industries,-0.00411860249971141,-0.411860249971141
2025-06-25,Reliance Industries,0.01137306138106009,1.137306138106009
2025-06-26,Reliance Industries,0.01908266081831589,1.9082660818315889
2025-06-27,Reliance Industries,0.0134420860335005,1.34420860335005
2025-06-30,Reliance Industries,-0.009766436377643628,-0.9766436377643628
2025-07-01,Reliance Industries,0.018525947099128137,1.8525947099128137
2025-07-02,Reliance Industries,-0.006281089763032099,-0.6281089763032099
2025-07-03,Reliance Industries,-0.000658344818495471,-0.0658344818495471
2025-07-04,Reliance Industries,0.006259085481400639,0.6259085481400639
2025-07-07,Reliance Industries,0.009297338276263556,0.9297338276263556
2025-07-08,Reliance Industries,-0.002530062867381666,-0.2530062867381666
2025-07-09,Reliance Industries,-0.01209672737504952,-1.209672737504952
2025-07-10,Reliance Industries,-0.001185043006442732,-0.1185043006442732
2025-07-11,Reliance Industries,-0.01450032197239437,-1.450032197239437
2025-07-14,Reliance Industries,-0.007691329035668826,-0.7691329035668826
2025-07-15,Reliance Industries,0.0011458537942672375,0.11458537942672375
2025-07-16,Reliance Industries,0.0001346130302264381,0.013461303022643811
2025-07-17,Reliance Industries,-0.006192692010126066,-0.6192692010126066
2025-07-18,Reliance Industries,-0.00027095061635218354,-0.027095061635218354
2025-07-21,Reliance Industries,-0.03211388916092317,-3.211388916092317
2025-07-22,Reliance Industries,-0.011059745551301958,-1.1059745551301958
2025-07-23,Reliance Industries,0.008352212772528844,0.8352212772528844
2025-07-24,Reliance Industries,-0.015232314313711859,-1.5232314313711859
2025-07-25,Reliance Industries,-0.007983564911071106,-0.7983564911071106
2025-07-28,Reliance Industries,-0.00294607045514228,-0.294607045514228
2025-07-29,Reliance Industries,0.02125974232938521,2.125974232938521
2025-07-30,Reliance Industries,-0.004939664122301846,-0.49396641223018456
2025-07-31,Reliance Industries,-0.014112474038723288,-1.4112474038723288
2025-08-01,Reliance Industries,0.002517666933043783,0.2517666933043783
2025-08-04,Reliance Industries,0.012771749405182442,1.2771749405182442
2025-08-05,Reliance Industries,-0.014027645661354837,-1.4027645661354837
2025-08-06,Reliance Industries,0.0007903961995867625,0.07903961995867625
2025-08-07,Reliance Industries,-0.002441008878437123,-0.2441008878437123
2025-08-08,Reliance Industries,-0.01554635100336188,-1.554635100336188
2025-08-11,Reliance Industries,0.01345223906930193,1.345223906930193
2025-08-12,Reliance Industries,-0.004184030550368867,-0.4184030550368867
2025-08-13,Reliance Industries,0.00159364347911084,0.159364347911084
2025-08-14,Reliance Industries,-0.002396234915443829,-0.2396234915443829
2025-08-18,Reliance Industries,0.005750387752597064,0.5750387752597064
2025-08-19,Reliance Industries,0.0277918481328272,2.77918481328272
2025-08-20,Reliance Industries,-0.004999603624136206,-0.49996036241362063
2025-08-21,Reliance Industries,0.008351050852788644,0.8351050852788644
2025-08-22,Reliance Industries,-0.010948986783200665,-1.0948986783200665
2025-08-25,Reliance Industries,0.002412750251587381,0.2412750251587381
2025-08-26,Reliance Industries,-0.019609227068779322,-1.9609227068779322
2025-08-28,Reliance Industries,0.0007221359781603987,0.07221359781603987
2025-08-29,Reliance Industries,-0.02070862138199292,-2.070862138199292
2025-09-01,Reliance Industries,-0.0024314600515965568,-0.24314600515965568
2025-09-02,Reliance Industries,0.009306434069823899,0.9306434069823899
2025-09-03,Reliance Industries,0.004463939560155561,0.4463939560155561
2025-09-04,Reliance Industries,-0.009689625876550978,-0.9689625876550978
2025-09-05,Reliance Industries,0.011550109855192225,1.1550109855192225
2025-09-08,Reliance Industries,0.0025454506535760313,0.25454506535760313
2025-09-09,Reliance Industries,-0.001668579358936717,-0.1668579358936717
2025-09-10,Reliance Industries,0.0005813609478000359,0.05813609478000359
2025-09-11,Reliance Industries,0.004575245705825681,0.4575245705825681
2025-09-12,Reliance Industries,0.008458009292861446,0.8458009292861446
2025-09-15,Reliance Industries,0.0030823948774383325,0.30823948774383325
2025-09-16,Reliance Industries,0.004287876866437168,0.4287876866437168
2025-09-17,Reliance Industries,0.0060485713051525725,0.6048571305152572
2025-09-18,Reliance Industries,0.0008486758999204369,0.08486758999204369
2025-09-19,Reliance Industries,-0.005370967430211482,-0.5370967430211482
2025-09-22,Reliance Industries,-0.01193697408733907,-1.193697408733907
2025-09-23,Reliance Industries,-0.0005751644315916682,-0.05751644315916682
2025-09-24,Reliance Industries,-0.004892858315176718,-0.4892858315176718
2025-09-25,Reliance Industries,-0.007664448009885971,-0.7664448009885971
2025-09-26,Reliance Industries,0.0037889514205171615,0.37889514205171615
2025-09-29,Reliance Industries,-0.0034843534361621575,-0.34843534361621575
2025-09-30,Reliance Industries,-0.006410272444172027,-0.6410272444172027
2025-10-01,Reliance Industries,0.003445729911237372,0.3445729911237372
2025-10-03,Reliance Industries,-0.0038722179717254335,-0.38722179717254335
2025-10-06,Reliance Industries,0.008508154209957652,0.8508154209957652
2025-10-07,Reliance Industries,0.00712726183001311,0.712726183001311
2025-10-08,Reliance Industries,-0.012565010212474692,-1.2565010212474692
2025-10-09,Reliance Industries,0.007605702038898432,0.7605702038898432
2025-10-10,Reliance Industries,0.0028305316105254885,0.28305316105254885
2025-10-13,Reliance Industries,-0.0048490284679943985,-0.48490284679943985
2025-10-14,Reliance Industries,0.0006545571950453688,0.06545571950453688
2025-10-15,Reliance Industries,-0.001162886150263942,-0.1162886150263942
2025-10-16,Reliance Industries,0.017463421964418302,1.7463421964418302
2025-10-17,Reliance Industries,0.013230393728203227,1.3230393728203227
2025-10-20,Reliance Industries,0.035290716445324666,3.5290716445324666
2025-10-21,Reliance Industries,-0.0010908202546936474,-0.10908202546936474
2025-10-23,Reliance Industries,-0.0114659946029676,-1.14659946029676
2025-10-24,Reliance Industries,0.002209355342217556,0.2209355342217556
2025-10-27,Reliance Industries,0.022389029988648,2.2389029988648
2025-10-28,Reliance Industries,0.0018867452120525652,0.18867452120525652
2025-10-29,Reliance Industries,0.01163483310742941,1.163483310742941
2025-10-30,Reliance Industries,-0.010437403705000348,-1.0437403705000348
2025-10-31,Reliance Industries,-0.0014107318108448341,-0.1410731810844834
2025-11-03,Reliance Industries,-0.0011437600722541408,-0.11437600722541408
2025-11-04,Reliance Industries,-0.0078130381840249,-0.7813038184024901
2025-11-06,Reliance Industries,0.015613345081491259,1.5613345081491259
2025-11-07,Reliance Industries,-0.012098138921255441,-1.2098138921255441
2025-11-10,Reliance Industries,0.007645503023053557,0.7645503023053557
2025-11-11,Reliance Industries,0.0027530023395538894,0.27530023395538894
2025-11-12,Reliance Industries,0.01211992909292925,1.211992909292925
2025-11-13,Reliance Industries,-0.00039690971869799085,-0.039690971869799085
2025-11-14,Reliance Industries,0.005294826136542197,0.5294826136542197
2025-11-17,Reliance Industries,-0.0003949759893837612,-0.03949759893837612
2025-11-18,Reliance Industries,0.0007244356949636099,0.072443569496361
2025-11-19,Reliance Industries,-0.0003290652512906167,-0.03290652512906167
2025-11-20,Reliance Industries,0.019882826481121718,1.9882826481121718
2025-11-21,Reliance Industries,-0.001613860485537244,-0.1613860485537244
2025-11-24,Reliance Industries,-0.006918402716518335,-0.6918402716518335
2025-11-25,Reliance Industries,0.0024740929270772316,0.24740929270772316
2025-11-26,Reliance Industries,0.019614227507197768,1.9614227507197768
2025-11-27,Reliance Industries,-0.004140396168178739,-0.41403961681787393
2025-11-28,Reliance Industries,0.002622519213936192,0.2622519213936192
2025-12-01,Reliance Industries,-0.0008931406081523763,-0.08931406081523763
2025-12-02,Reliance Industries,-0.012642863060538412,-1.2642863060538412
2025-12-03,Reliance Industries,-0.004850269145247221,-0.48502691452472213
2025-12-04,Reliance Industries,-0.002079562098127874,-0.2079562098127874
2025-12-05,Reliance Industries,0.003256017134998901,0.3256017134998901
2025-12-08,Reliance Industries,0.001557889183141814,0.1557889183141814
2025-12-09,Reliance Industries,-0.008814042063944538,-0.8814042063944538
2025-12-10,Reliance Industries,0.004903945359473916,0.4903945359473916
2025-12-11,Reliance Industries,0.005270284298839245,0.5270284298839245
2025-12-12,Reliance Industries,0.007443411420030577,0.7443411420030577
2025-12-15,Reliance Industries,-0.00019279610688960336,-0.019279610688960336
2025-12-16,Reliance Industries,-0.008931955777110256,-0.8931955777110256
2025-12-17,Reliance Industries,0.0013616007284771303,0.13616007284771303
2025-12-18,Reliance Industries,0.0,0.0
2025-12-19,Reliance Industries,0.013403186310904314,1.3403186310904314
2025-12-22,Reliance Industries,0.00658110679344337,0.658110679344337
2025-12-23,Reliance Industries,-0.002983431547231463,-0.2983431547231463
2025-12-24,Reliance Industries,-0.00795817911602592,-0.7958179116025921
2025-12-26,Reliance Industries,0.0006417426942348925,0.06417426942348925
2025-12-29,Reliance Industries,-0.008722386443924313,-0.8722386443924313
2025-12-30,Reliance Industries,-0.0037525936694431383,-0.37525936694431383
2025-12-31,Reliance Industries,0.019872749161595316,1.9872749161595316
2026-01-01,Reliance Industries,0.0033111527772029525,0.33111527772029525
2026-01-02,Reliance Industries,0.010599232824698213,1.0599232824698213
2026-01-05,Reliance Industries,-0.008917991859113128,-0.8917991859113128
2026-01-06,Reliance Industries,-0.04467397667305939,-4.467397667305939
2026-01-07,Reliance Industries,-0.0022552717026890212,-0.22552717026890212
2026-01-08,Reliance Industries,-0.022337423385908717,-2.2337423385908717
2026-01-09,Reliance Industries,0.003196041265173921,0.3196041265173921
2026-01-12,Reliance Industries,0.0053547636931428055,0.5354763693142806
2026-01-13,Reliance Industries,-0.020496171220296455,-2.0496171220296455
2026-01-14,Reliance Industries,0.004129973889475558,0.4129973889475558
2026-01-15,Reliance Industries,0.0,0.0
2026-01-16,Reliance Industries,-0.0006169565104086061,-0.06169565104086061
2026-01-19,Reliance Industries,-0.030386222382269512,-3.038622238226951
2026-01-20,Reliance Industries,-0.013865288327362557,-1.3865288327362557
2026-01-21,Reliance Industries,0.007604056306050433,0.7604056306050433
2026-01-22,Reliance Industries,-0.0014950853130218933,-0.14950853130218933
2026-01-23,Reliance Industries,-0.011693449417618407,-1.1693449417618407
2026-01-27,Reliance Industries,-0.00404010662257559,-0.404010662257559
2026-01-28,Reliance Industries,0.011734823320726173,1.1734823320726173
2026-01-29,Reliance Industries,-0.00408100477061113,-0.40810047706111297
2026-01-30,Reliance Industries,0.0031631999215702145,0.31631999215702145
2026-02-02,Reliance Industries,-0.0035831590207748842,-0.3583159020774884
2026-02-03,Reliance Industries,0.033587393461975035,3.3587393461975035
2026-02-04,Reliance Industries,0.013708276482541581,1.3708276482541581
2026-02-05,Reliance Industries,-0.009198276446980902,-0.9198276446980902
2026-02-06,Reliance Industries,0.0051268004167235315,0.5126800416723531
2026-02-09,Reliance Industries,0.007444133077086468,0.7444133077086468
2026-02-10,Reliance Industries,-0.002121020056346845,-0.2121020056346845
2026-02-11,Reliance Industries,0.0069935003177907795,0.699350031779078
2026-02-12,Reliance Industries,-0.01348130215075427,-1.348130215075427
2026-02-13,Reliance Industries,-0.02022224400288386,-2.022224400288386
2026-02-16,Reliance Industries,0.012327398069824858,1.2327398069824858
2026-02-17,Reliance Industries,-0.009811374982602317,-0.9811374982602317
2026-02-18,Reliance Industries,0.012860184532927255,1.2860184532927255
2026-02-19,Reliance Industries,-0.022063441957186347,-2.2063441957186347
2026-02-20,Reliance Industries,0.007023806447532088,0.7023806447532088
2026-02-23,Reliance Industries,0.006058814721798367,0.6058814721798367
2026-02-24,Reliance Industries,0.0005602723452611258,0.05602723452611258
2026-02-25,Reliance Industries,-0.02120658722132207,-2.120658722132207
2026-02-26,Reliance Industries,0.0059349587935093595,0.593495879350936
2026-02-27,Reliance Industries,-0.009169794935556141,-0.9169794935556141
2026-03-02,Reliance Industries,-0.025755137390645833,-2.5755137390645833
2026-03-04,Reliance Industries,-0.009572822989874274,-0.9572822989874274
2026-03-05,Reliance Industries,0.03301116723536035,3.301116723536035
2026-03-06,Reliance Industries,0.011083904066363504,1.1083904066363504
2026-03-09,Reliance Industries,0.013667380231682458,1.3667380231682458
2026-03-10,Reliance Industries,-0.010674129241834973,-1.0674129241834973
2026-03-11,Reliance Industries,-0.01320281777802923,-1.320281777802923
2026-03-12,Reliance Industries,0.0014386776973818183,0.14386776973818183
2026-03-13,Reliance Industries,-0.008260270305528894,-0.8260270305528894
2026-03-16,Reliance Industries,0.010429502180503425,1.0429502180503425
2026-03-17,Reliance Industries,0.0017919207711702967,0.17919207711702967
2026-03-18,Reliance Industries,0.007512956232144763,0.7512956232144763
2026-03-19,Reliance Industries,-0.016547107763784985,-1.6547107763784985
2026-03-20,Reliance Industries,0.0213749079885428,2.13749079885428
2026-03-23,Reliance Industries,-0.004666257826481779,-0.4666257826481779
2026-03-24,Reliance Industries,0.0028412958929566745,0.28412958929566745
2026-03-25,Reliance Industries,0.0009207592824262978,0.09207592824262978
2026-03-27,Reliance Industries,-0.04599812997457742,-4.599812997457741
2026-03-30,Reliance Industries,-0.003115491227037581,-0.3115491227037581
2026-04-01,Reliance Industries,0.01882573816032962,1.882573816032962
2026-04-02,Reliance Industries,-0.013657577915861752,-1.3657577915861752
2026-04-06,Reliance Industries,-0.03391338056926663,-3.3913380569266627
2026-04-07,Reliance Industries,-7.660557771316245e-05,-0.007660557771316245
2026-04-08,Reliance Industries,0.03311362925154748,3.3113629251547483
2026-04-09,Reliance Industries,-0.013206752133664734,-1.3206752133664734
2026-04-10,Reliance Industries,0.015187987035020889,1.518798703502089
2026-04-13,Reliance Industries,-0.02599616182950437,-2.599616182950437
2026-04-15,Reliance Industries,0.02205158901526394,2.205158901526394
2026-04-16,Reliance Industries,-0.0005951538075245066,-0.059515380752450664
2026-04-17,Reliance Industries,0.016154221932395352,1.6154221932395352
2026-04-20,Reliance Industries,-0.0012453936740434157,-0.12453936740434157
2026-04-21,Reliance Industries,-0.00733514411354752,-0.733514411354752
2026-04-22,Reliance Industries,0.006502548387833373,0.6502548387833373
2026-04-23,Reliance Industries,-0.013728767947403075,-1.3728767947403075
2026-04-24,Reliance Industries,-0.011612322406057696,-1.1612322406057696
2026-04-27,Reliance Industries,0.02861873765675349,2.861873765675349
2026-04-28,Reliance Industries,0.016913139279922884,1.6913139279922884
2026-04-29,Reliance Industries,0.026279801764230504,2.6279801764230504
2026-04-30,Reliance Industries,0.0037884784278527928,0.3788478427852793
2026-05-01,Reliance Industries,0.0,0.0
2026-05-04,Reliance Industries,0.022574711776720546,2.2574711776720546
2026-05-05,Reliance Industries,0.0003417276634201105,0.03417276634201105
2026-05-06,Reliance Industries,-0.017559404857963812,-1.7559404857963812
2026-05-07,Reliance Industries,-0.0011823388612344221,-0.11823388612344221
2026-05-08,Reliance Industries,-0.0006962564559982454,-0.06962564559982454
2026-05-11,Reliance Industries,-0.0327480499097329,-3.27480499097329
2026-05-12,Reliance Industries,-0.017432646312707356,-1.7432646312707356
2026-05-13,Reliance Industries,-0.00381228544543466,-0.381228544543466
2026-05-14,Reliance Industries,0.0022078400297471656,0.22078400297471656
2026-05-15,Reliance Industries,-0.01865176919350786,-1.8651769193507861
2026-05-18,Reliance Industries,-0.0003741258009706261,-0.03741258009706261
2026-05-19,Reliance Industries,-0.009881095096107906,-0.9881095096107906
2026-05-20,Reliance Industries,0.027973085446836077,2.7973085446836077
2026-05-21,Reliance Industries,-0.007428072844503308,-0.7428072844503308
2026-05-22,Reliance Industries,0.0036307001155833074,0.36307001155833074
2026-05-25,Reliance Industries,0.009228523034322533,0.9228523034322533
2026-05-26,Reliance Industries,-0.00782727074955647,-0.782727074955647
2026-05-27,Reliance Industries,-0.004276436694568342,-0.4276436694568342
2026-05-28,Reliance Industries,0.0,0.0
2026-05-29,Reliance Industries,-0.021695675384946322,-2.1695675384946322
2026-06-01,Reliance Industries,-0.0009082506285353897,-0.09082506285353897
2026-06-02,Reliance Industries,-0.004090889791988239,-0.4090889791988239
2026-06-03,Reliance Industries,-0.001064961136754583,-0.1064961136754583
2026-06-04,Reliance Industries,-0.007234252850892964,-0.7234252850892964
2026-06-05,Reliance Industries,-0.005162943225685335,-0.5162943225685335
2026-06-08,Reliance Industries,-0.021456197654434517,-2.1456197654434517
2026-06-09,Reliance Industries,0.0046702304406802675,0.46702304406802675
2026-06-10,Reliance Industries,-0.00819406141179535,-0.819406141179535
2026-06-11,Reliance Industries,0.003336472043979466,0.3336472043979466
2026-06-12,Reliance Industries,0.02375296912114022,2.375296912114022
2026-06-15,Reliance Industries,0.010827532869296164,1.0827532869296164
2026-06-16,Reliance Industries,0.0166794558746175,1.66794558746175
2026-06-17,Reliance Industries,0.002934905328449755,0.2934905328449755
2026-06-18,Reliance Industries,-0.003451621335989863,-0.3451621335989863
2026-06-19,Reliance Industries,-0.014004951380058195,-1.4004951380058195
2026-06-22,Reliance Industries,0.012982054219167649,1.298205421916765
2026-06-23,Reliance Industries,-0.012815680361854542,-1.2815680361854542
2026-06-24,Reliance Industries,0.0031309473737590743,0.31309473737590743
2026-06-25,Reliance Industries,0.00342570042907675,0.342570042907675
2026-06-26,Reliance Industries,0.0,0.0
2026-06-29,Reliance Industries,-0.01297320074551711,-1.297320074551711
2026-06-30,Reliance Industries,-0.005457321741689114,-0.5457321741689114
2026-07-01,Reliance Industries,0.010897268196839782,1.0897268196839782
2026-07-02,Reliance Industries,-0.0034403669724770714,-0.34403669724770714
2026-07-03,Reliance Industries,0.0003835826620637306,0.03835826620637306
2026-07-06,Reliance Industries,0.013266908610525263,1.3266908610525263
2026-07-07,Reliance Industries,-0.009763130203093273,-0.9763130203093273
2026-07-08,Reliance Industries,-0.024839498160781792,-2.483949816078179
2026-07-09,Reliance Industries,0.0030566849591946443,0.30566849591946443
2026-07-10,Reliance Industries,0.02187841766816523,2.187841766816523
2026-07-13,Reliance Industries,-0.008334626095043873,-0.8334626095043873
2026-07-14,Reliance Industries,-0.0030071897144303694,-0.30071897144303694
2026-07-15,Reliance Industries,0.0019334880123742515,0.19334880123742515
2026-07-16,Reliance Industries,0.0008490741689983761,0.0849074168998376
2026-07-17,Reliance Industries,0.023600166714571547,2.3600166714571547
2026-07-20,Reliance Industries,-0.0030891920861791933,-0.3089192086179193
2026-07-21,Reliance Industries,-0.014662553678508772,-1.4662553678508772
2026-07-22,Reliance Industries,-0.011582400975289064,-1.1582400975289064
2026-07-23,Reliance Industries,-0.01272700971968066,-1.272700971968066
2026-07-24,Reliance Industries,0.004559070154642297,0.45590701546422974
2026-07-27,Reliance Industries,0.0015649452269170805,0.15649452269170805
2026-07-28,Reliance Industries,-0.009609413146972612,-0.9609413146972612
2026-07-29,Reliance Industries,0.006468465376690435,0.6468465376690435
2026-07-30,Reliance Industries,0.01332392795258941,1.332392795258941
2026-07-31,Reliance Industries,0.011524498517056836,1.1524498517056836
2026-08-03,Reliance Industries,0.008563962955889792,0.8563962955889792
2026-08-04,Reliance Industries,-0.021303999686078434,-2.1303999686078434
2026-08-05,Reliance Industries,-0.00844374018740146,-0.8443740187401461
2020-01-02,TCS,-0.00459026229213122,-0.459026229213122
2020-01-03,TCS,0.019928883681139542,1.9928883681139542
2020-01-06,TCS,-9.074693791466526e-05,-0.009074693791466526
2020-01-07,TCS,0.0024540015085585676,0.24540015085585676
2020-01-08,TCS,0.02239512730663451,2.239512730663451
2020-01-09,TCS,-0.018135369374901678,-1.8135369374901678
2020-01-10,TCS,-0.0003613944343560105,-0.03613944343560105
2020-01-13,TCS,-0.010480832936045292,-1.0480832936045292
2020-01-14,TCS,0.00755560355403051,0.755560355403051
2020-01-15,TCS,0.009062482321068321,0.9062482321068321
2020-01-16,TCS,0.005343842138985089,0.5343842138985089
2020-01-17,TCS,-0.008799229338079528,-0.8799229338079528
2020-01-20,TCS,-0.021968441829237517,-2.1968441829237517
2020-01-21,TCS,0.00032258105323346165,0.032258105323346165
2020-01-22,TCS,0.01651255437348742,1.651255437348742
2020-01-23,TCS,-0.004972625156360322,-0.4972625156360322
2020-01-24,TCS,-0.0034459313977612815,-0.34459313977612815
2020-01-27,TCS,-0.006481003236506688,-0.6481003236506688
2020-01-28,TCS,0.006684519967722791,0.6684519967722791
2020-01-29,TCS,-0.01334846815099322,-1.334846815099322
2020-01-30,TCS,-0.007774176044737735,-0.7774176044737735
2020-01-31,TCS,-0.027504407320957824,-2.7504407320957824
2020-02-03,TCS,0.011279423652539311,1.127942365253931
2020-02-04,TCS,0.0024968144375410173,0.24968144375410173
2020-02-05,TCS,0.018408288223731306,1.8408288223731306
2020-02-06,TCS,-0.008478685343349612,-0.8478685343349612
2020-02-07,TCS,0.0038523869896485152,0.3852386989648515
2020-02-10,TCS,0.01188874176690069,1.188874176690069
2020-02-11,TCS,-0.003955032124341118,-0.3955032124341118
2020-02-12,TCS,0.008057367357569234,0.8057367357569234
2020-02-13,TCS,0.009765770157670772,0.9765770157670772
2020-02-14,TCS,-0.003535392933765702,-0.3535392933765702
2020-02-17,TCS,0.008721586476045706,0.8721586476045706
2020-02-18,TCS,0.0056736188013688515,0.5673618801368852
2020-02-19,TCS,-0.008755710712910925,-0.8755710712910925
2020-02-20,TCS,-0.018006984675384308,-1.8006984675384308
2020-02-24,TCS,-0.019218488723465654,-1.9218488723465654
2020-02-25,TCS,0.019287690436218252,1.9287690436218252
2020-02-26,TCS,-0.015096126102843166,-1.5096126102843166
2020-02-27,TCS,-0.008523401368330963,-0.8523401368330963
2020-02-28,TCS,-0.05003572018682556,-5.003572018682556
2020-03-02,TCS,0.0005751428162001915,0.05751428162001915
2020-03-03,TCS,0.017438516020576333,1.7438516020576333
2020-03-04,TCS,0.023082222625029125,2.3082222625029125
2020-03-05,TCS,0.020089399259317853,2.0089399259317853
2020-03-06,TCS,-0.004047047546821281,-0.4047047546821281
2020-03-09,TCS,-0.06808576121532428,-6.808576121532428
2020-03-11,TCS,-0.009455671696178225,-0.9455671696178225
2020-03-12,TCS,-0.09410349822546826,-9.410349822546827
2020-03-13,TCS,0.020594732101893554,2.0594732101893554
2020-03-16,TCS,-0.06084218839134081,-6.084218839134081
2020-03-17,TCS,-0.02263649702233439,-2.263649702233439
2020-03-18,TCS,-0.002171059147644261,-0.2171059147644261
2020-03-19,TCS,-0.0036837633279447335,-0.36837633279447335
2020-03-20,TCS,0.09845102796990979,9.845102796990979
2020-03-23,TCS,-0.07107310754900487,-7.107310754900487
2020-03-24,TCS,0.02003362854388757,2.003362854388757
2020-03-25,TCS,0.027684105850459106,2.7684105850459106
2020-03-26,TCS,0.023224327132269185,2.3224327132269185
2020-03-27,TCS,0.018733345582103267,1.8733345582103267
2020-03-30,TCS,-0.025212461877986314,-2.5212461877986314
2020-03-31,TCS,0.026763987526315036,2.6763987526315036
2020-04-01,TCS,-0.06426258331371226,-6.426258331371226
2020-04-03,TCS,-0.03192390075952489,-3.1923900759524892
2020-04-07,TCS,0.07314729828321131,7.3147298283211315
2020-04-08,TCS,-0.039291662259054116,-3.9291662259054116
2020-04-09,TCS,0.035592001583153676,3.5592001583153676
2020-04-13,TCS,-0.0039067865748459996,-0.39067865748459996
2020-04-15,TCS,-0.013699314436296461,-1.3699314436296461
2020-04-16,TCS,-0.01100737592017531,-1.100737592017531
2020-04-17,TCS,0.05253346255729996,5.253346255729996
2020-04-20,TCS,0.006892815814671049,0.6892815814671049
2020-04-21,TCS,-0.04453866152320329,-4.453866152320329
2020-04-22,TCS,0.018329663776324168,1.8329663776324168
2020-04-23,TCS,0.061458016526786396,6.14580165267864
2020-04-24,TCS,-0.031784922123488824,-3.1784922123488824
2020-04-27,TCS,0.009925342703647644,0.9925342703647644
2020-04-28,TCS,0.012223571737792982,1.2223571737792982
2020-04-29,TCS,0.025066875875526362,2.506687587552636
2020-04-30,TCS,0.05709310789180777,5.709310789180777
2020-05-04,TCS,-0.041698698937954304,-4.169869893795431
2020-05-05,TCS,0.00119162487601443,0.11916248760144299
2020-05-06,TCS,-0.015082269550394822,-1.5082269550394822
2020-05-07,TCS,-0.00627757826878661,-0.627757826878661
2020-05-08,TCS,0.0009252153179883926,0.09252153179883926
2020-05-11,TCS,0.022129383047093887,2.2129383047093887
2020-05-12,TCS,0.007337431937279648,0.7337431937279648
2020-05-13,TCS,7.694248197065434e-05,0.007694248197065434
2020-05-14,TCS,-0.02426078499372908,-2.426078499372908
2020-05-15,TCS,-0.00496759458048035,-0.496759458048035
2020-05-18,TCS,0.027841116856744286,2.7841116856744286
2020-05-19,TCS,0.0015676820037608952,0.15676820037608952
2020-05-20,TCS,0.002540062056781922,0.2540062056781922
2020-05-21,TCS,0.019246461883142052,1.9246461883142052
2020-05-22,TCS,0.014639328074960822,1.4639328074960822
2020-05-26,TCS,-0.03828538273693516,-3.828538273693516
2020-05-27,TCS,0.032063881430407726,3.2063881430407726
2020-05-28,TCS,-0.0004988429327824617,-0.04988429327824617
2020-05-29,TCS,-0.015940519728269487,-1.5940519728269487
2020-06-01,TCS,0.036960899945581493,3.6960899945581493
2020-06-02,TCS,0.000928861250957036,0.0928861250957036
2020-06-03,TCS,0.0024496579798674034,0.24496579798674034
2020-06-04,TCS,0.02218805469439289,2.218805469439289
2020-06-05,TCS,-0.020702335886261802,-2.0702335886261802
2020-06-08,TCS,0.011473070390340068,1.1473070390340068
2020-06-09,TCS,0.00014493119006009358,0.014493119006009358
2020-06-10,TCS,0.017712102301082888,1.7712102301082888
2020-06-11,TCS,-0.019490669851181308,-1.9490669851181308
2020-06-12,TCS,-0.013614174881571572,-1.3614174881571572
2020-06-15,TCS,-0.004707214965685602,-0.4707214965685602
2020-06-16,TCS,0.007833250058475238,0.7833250058475238
2020-06-17,TCS,0.0009773706365103774,0.09773706365103774
2020-06-18,TCS,-0.0047368491475469066,-0.47368491475469066
2020-06-19,TCS,0.0031893840404479956,0.31893840404479956
2020-06-22,TCS,-0.00814351095380117,-0.814351095380117
2020-06-23,TCS,0.0036242679438982517,0.36242679438982517
2020-06-24,TCS,0.003390240516287557,0.3390240516287557
2020-06-25,TCS,-0.012780420303852402,-1.2780420303852402
2020-06-26,TCS,0.05096479641057616,5.096479641057616
2020-06-29,TCS,-0.00811765121882635,-0.8117651218826349
2020-06-30,TCS,-0.009278489822941216,-0.9278489822941216
2020-07-01,TCS,0.004754933959364882,0.4754933959364882
2020-07-02,TCS,0.03111767311302871,3.111767311302871
2020-07-03,TCS,0.019701961913386246,1.9701961913386246
2020-07-06,TCS,0.0288909822972907,2.88909822972907
2020-07-07,TCS,0.002960443968857529,0.2960443968857529
2020-07-08,TCS,-0.022467893466494693,-2.2467893466494693
2020-07-09,TCS,-0.006557415638481556,-0.6557415638481556
2020-07-10,TCS,0.00816578937452972,0.8165789374529719
2020-07-13,TCS,-0.0010576318832281606,-0.10576318832281606
2020-07-14,TCS,-0.021643982253599536,-2.1643982253599536
2020-07-15,TCS,0.02852287950854171,2.852287950854171
2020-07-16,TCS,0.002624148103732349,0.2624148103732349
2020-07-17,TCS,-0.015214019042803284,-1.5214019042803284
2020-07-20,TCS,0.003249015043646164,0.3249015043646164
2020-07-21,TCS,0.007767520872757672,0.7767520872757672
2020-07-22,TCS,-0.015325775193550384,-1.5325775193550384
2020-07-23,TCS,-0.009014272044987837,-0.9014272044987837
2020-07-24,TCS,-0.006355884823623148,-0.6355884823623148
2020-07-27,TCS,0.022898012482744923,2.2898012482744923
2020-07-28,TCS,0.046651460648782894,4.665146064878289
2020-07-29,TCS,-0.014590476476990188,-1.4590476476990188
2020-07-30,TCS,0.001515647257765096,0.1515647257765096
2020-07-31,TCS,0.0008336655981513452,0.08336655981513452
2020-08-03,TCS,-0.011944454690668183,-1.1944454690668183
2020-08-04,TCS,-0.0019741911757135133,-0.19741911757135133
2020-08-05,TCS,0.004356204429826871,0.4356204429826871
2020-08-06,TCS,0.02150921708355491,2.150921708355491
2020-08-07,TCS,-0.005524169637937226,-0.5524169637937226
2020-08-10,TCS,-0.005467573433491357,-0.5467573433491357
2020-08-11,TCS,-0.0012702725107227586,-0.12702725107227586
2020-08-12,TCS,-0.009890624488652855,-0.9890624488652855
2020-08-13,TCS,-0.0012847197450770453,-0.12847197450770453
2020-08-14,TCS,-0.005456171757838857,-0.5456171757838857
2020-08-17,TCS,0.005017493083705027,0.5017493083705027
2020-08-18,TCS,0.007255687128578492,0.7255687128578492
2020-08-19,TCS,-0.005793288500334559,-0.5793288500334559
2020-08-20,TCS,-0.0016617875005640048,-0.16617875005640048
2020-08-21,TCS,-0.001886654237712948,-0.1886654237712948
2020-08-24,TCS,-0.0002223304499187062,-0.02223304499187062
2020-08-25,TCS,-0.0024243905201181137,-0.24243905201181137
2020-08-26,TCS,0.004838215771267862,0.4838215771267862
2020-08-27,TCS,-0.002263142633589843,-0.2263142633589843
2020-08-28,TCS,-0.004380698001052008,-0.4380698001052008
2020-08-31,TCS,0.008353352437432848,0.8353352437432848
2020-09-01,TCS,-0.004828747511915754,-0.4828747511915754
2020-09-02,TCS,0.008368972889849946,0.8368972889849946
2020-09-03,TCS,0.015164596968865851,1.516459696886585
2020-09-04,TCS,-0.004652901510519558,-0.4652901510519558
2020-09-07,TCS,0.01671156591486067,1.671156591486067
2020-09-08,TCS,0.009088672348570803,0.9088672348570803
2020-09-09,TCS,-0.008751465545913772,-0.8751465545913772
2020-09-10,TCS,0.0015036423871037652,0.15036423871037652
2020-09-11,TCS,0.01842458186004592,1.8424581860045919
2020-09-14,TCS,0.04940823865089783,4.940823865089783
2020-09-15,TCS,0.0,0.0
2020-09-16,TCS,0.004655888123347385,0.4655888123347385
2020-09-17,TCS,-0.016799776635570973,-1.6799776635570973
2020-09-18,TCS,-0.0044901578614156,-0.44901578614156
2020-09-21,TCS,0.0062860022330029075,0.6286002233002908
2020-09-22,TCS,0.023384509039208634,2.3384509039208634
2020-09-23,TCS,-0.021998068014120298,-2.1998068014120298
2020-09-24,TCS,-0.05479294505522658,-5.479294505522658
2020-09-25,TCS,0.0386101666085954,3.8610166608595398
2020-09-28,TCS,0.0016514522304480472,0.16514522304480472
2020-09-29,TCS,0.025594449884000836,2.5594449884000836
2020-09-30,TCS,0.001566956848947365,0.1566956848947365
2020-10-01,TCS,0.012498903063743017,1.2498903063743017
2020-10-05,TCS,0.07226210846273706,7.226210846273706
2020-10-06,TCS,0.0031417637344415272,0.3141763734441527
2020-10-07,TCS,0.007976013938221005,0.7976013938221005
2020-10-08,TCS,0.03280406835565275,3.280406835565275
2020-10-09,TCS,-0.0045120227719581685,-0.45120227719581685
2020-10-12,TCS,0.006061183430119632,0.6061183430119632
2020-10-13,TCS,-0.0012196252188306778,-0.12196252188306778
2020-10-14,TCS,-0.0017582235564477244,-0.17582235564477244
2020-10-15,TCS,-0.024558766593311132,-2.455876659331113
2020-10-16,TCS,0.008282820715888262,0.8282820715888262
2020-10-19,TCS,-0.018727541481299625,-1.8727541481299625
2020-10-20,TCS,0.010123257986523804,1.0123257986523804
2020-10-21,TCS,-0.023220148714056532,-2.322014871405653
2020-10-22,TCS,-0.001588505019313402,-0.1588505019313402
2020-10-23,TCS,0.005859016292502739,0.5859016292502739
2020-10-26,TCS,0.0005209575655999998,0.052095756559999984
2020-10-27,TCS,-0.021594557520014157,-2.1594557520014157
2020-10-28,TCS,-0.003022506319080187,-0.3022506319080187
2020-10-29,TCS,0.003985054693118384,0.3985054693118384
2020-10-30,TCS,0.012231066685336911,1.223106668533691
2020-11-02,TCS,-0.0226091072345993,-2.26091072345993
2020-11-03,TCS,0.011134368878595868,1.1134368878595868
2020-11-04,TCS,0.007423400654639201,0.7423400654639201
2020-11-05,TCS,0.012268233799291872,1.2268233799291872
2020-11-06,TCS,0.008098528346591305,0.8098528346591305
2020-11-09,TCS,0.00707260747400329,0.707260747400329
2020-11-10,TCS,-0.02823995071141472,-2.823995071141472
2020-11-11,TCS,0.014417346493751149,1.4417346493751149
2020-11-12,TCS,-0.006231968185300696,-0.6231968185300696
2020-11-13,TCS,-0.005316096697881578,-0.5316096697881578
2020-11-14,TCS,0.005080986799040232,0.5080986799040232
2020-11-17,TCS,-0.0016101990814760825,-0.16101990814760825
2020-11-18,TCS,-0.014778627448164827,-1.4778627448164827
2020-11-19,TCS,0.0039023006257004056,0.39023006257004056
2020-11-20,TCS,0.008855360862004336,0.8855360862004336
2020-11-23,TCS,0.024057927572838977,2.4057927572838977
2020-11-24,TCS,-0.0008077506590298267,-0.08077506590298267
2020-11-25,TCS,-0.007622746353458831,-0.7622746353458831
2020-11-26,TCS,0.007144766955003989,0.7144766955003989
2020-11-27,TCS,-0.01505171849147402,-1.505171849147402
2020-12-01,TCS,0.017595472084830366,1.7595472084830366
2020-12-02,TCS,0.008342937200587652,0.8342937200587652
2020-12-03,TCS,-0.014584355861913312,-1.4584355861913312
2020-12-04,TCS,0.006680460182500125,0.6680460182500125
2020-12-07,TCS,0.0037211387441427046,0.37211387441427046
2020-12-08,TCS,0.02177017973136053,2.177017973136053
2020-12-09,TCS,0.004826078890732832,0.4826078890732832
2020-12-10,TCS,-0.009427835793633599,-0.9427835793633599
2020-12-11,TCS,-0.000251459283710731,-0.0251459283710731
2020-12-14,TCS,0.005065189057537278,0.5065189057537278
2020-12-15,TCS,-0.012921223210482058,-1.2921223210482058
2020-12-16,TCS,0.019065542094493626,1.9065542094493626
2020-12-17,TCS,0.00852830596300258,0.852830596300258
2020-12-18,TCS,0.008033159738804807,0.8033159738804807
2020-12-21,TCS,-0.014278286232975002,-1.4278286232975002
2020-12-22,TCS,0.018562891712610607,1.8562891712610607
2020-12-23,TCS,0.012619401128560304,1.2619401128560304
2020-12-24,TCS,0.000206677012865919,0.0206677012865919
2020-12-28,TCS,0.006891449053288312,0.6891449053288312
2020-12-29,TCS,0.0003755913991505544,0.03755913991505544
2020-12-30,TCS,-0.007234386997417852,-0.7234386997417852
2020-12-31,TCS,-0.016000108387422274,-1.6000108387422274
2021-01-01,TCS,0.022879863382511134,2.2879863382511134
2021-01-04,TCS,0.03797470928656099,3.7974709286560993
2021-01-05,TCS,0.01761848414963385,1.761848414963385
2021-01-06,TCS,-0.01341752525051565,-1.341752525051565
2021-01-07,TCS,-0.006128081778630556,-0.6128081778630556
2021-01-08,TCS,0.029049250916946434,2.9049250916946434
2021-01-11,TCS,0.01779915500080831,1.7799155000808309
2021-01-12,TCS,-0.00050350026420376,-0.050350026420376004
2021-01-13,TCS,-0.0050081533998520555,-0.5008153399852056
2021-01-14,TCS,0.03100251062130699,3.100251062130699
2021-01-15,TCS,-0.005337112794199461,-0.5337112794199461
2021-01-18,TCS,-0.003587642019765913,-0.3587642019765913
2021-01-19,TCS,0.012089569376241727,1.2089569376241727
2021-01-20,TCS,0.01475144281080576,1.475144281080576
2021-01-21,TCS,-0.01056283843146999,-1.056283843146999
2021-01-22,TCS,0.008934620025126572,0.8934620025126572
2021-01-25,TCS,-0.0035723787796021478,-0.3572378779602148
2021-01-27,TCS,-0.009190979821964373,-0.9190979821964373
2021-01-28,TCS,-0.019778671831366723,-1.9778671831366723
2021-01-29,TCS,-0.026653812551692635,-2.6653812551692635
2021-02-01,TCS,0.008999359859138023,0.8999359859138023
2021-02-02,TCS,0.02041801608428262,2.041801608428262
2021-02-03,TCS,-0.0010614672969736505,-0.10614672969736505
2021-02-04,TCS,-0.0036247993482561025,-0.36247993482561025
2021-02-05,TCS,-0.009565747839071825,-0.9565747839071825
2021-02-08,TCS,0.01778044742311846,1.7780447423118462
2021-02-09,TCS,-0.011573960126358696,-1.1573960126358696
2021-02-10,TCS,0.011457714337132385,1.1457714337132385
2021-02-11,TCS,-0.002271714933819391,-0.2271714933819391
2021-02-12,TCS,-0.0047412862334609285,-0.47412862334609285
2021-02-15,TCS,-0.015967747658245823,-1.5967747658245823
2021-02-16,TCS,-0.009889047599216383,-0.9889047599216383
2021-02-17,TCS,-0.01148346381392884,-1.148346381392884
2021-02-18,TCS,-0.005125095922285161,-0.5125095922285161
2021-02-19,TCS,0.004742503333379222,0.4742503333379222
2021-02-22,TCS,-0.03691567472840129,-3.6915674728401293
2021-02-23,TCS,0.007351708730552353,0.7351708730552353
2021-02-24,TCS,-0.010771054360803056,-1.0771054360803056
2021-02-25,TCS,0.016010210344502118,1.6010210344502118
2021-02-26,TCS,-0.03371931254545668,-3.371931254545668
2021-03-01,TCS,0.010330509817113587,1.0330509817113587
2021-03-02,TCS,0.028093065393170136,2.8093065393170136
2021-03-03,TCS,0.01754628264526481,1.754628264526481
2021-03-04,TCS,-0.0030727359748075056,-0.30727359748075056
2021-03-05,TCS,-0.013657078115116073,-1.3657078115116073
2021-03-08,TCS,-0.0003654526437733008,-0.03654526437733008
2021-03-09,TCS,0.01463239192050625,1.463239192050625
2021-03-10,TCS,0.006555599538271117,0.6555599538271117
2021-03-12,TCS,-0.004233488689053488,-0.42334886890534884
2021-03-15,TCS,0.0026815450519839246,0.26815450519839246
2021-03-16,TCS,0.014317757344073367,1.4317757344073367
2021-03-17,TCS,0.0009324464989937109,0.09324464989937109
2021-03-18,TCS,-0.024558523382731345,-2.4558523382731345
2021-03-19,TCS,0.00451156161065791,0.45115616106579104
2021-03-22,TCS,0.02604762176066866,2.604762176066866
2021-03-23,TCS,0.004137716233498123,0.4137716233498123
2021-03-24,TCS,-0.006841298201201718,-0.6841298201201718
2021-03-25,TCS,-0.01802238635769038,-1.8022386357690379
2021-03-26,TCS,0.0006360931909770162,0.06360931909770162
2021-03-30,TCS,0.02991715187776456,2.991715187776456
2021-03-31,TCS,0.006110582072549331,0.6110582072549331
2021-04-01,TCS,-0.004043695279478787,-0.4043695279478787
2021-04-05,TCS,0.023349093449761105,2.3349093449761105
2021-04-06,TCS,0.007965624644177272,0.7965624644177272
2021-04-07,TCS,0.0020522420085060666,0.20522420085060666
2021-04-08,TCS,0.014045833782502681,1.4045833782502681
2021-04-09,TCS,0.0014771275589615662,0.14771275589615662
2021-04-12,TCS,-0.02278558743312553,-2.278558743312553
2021-04-13,TCS,-0.043892739126614067,-4.389273912661407
2021-04-15,TCS,0.03701598079565427,3.701598079565427
2021-04-16,TCS,-0.0073938770562959055,-0.7393877056295906
2021-04-19,TCS,-0.010437535122785335,-1.0437535122785335
2021-04-20,TCS,-0.00545548667866369,-0.545548667866369
2021-04-22,TCS,-0.00818905518760027,-0.8189055187600269
2021-04-23,TCS,-0.0029819733950147143,-0.2981973395014714
2021-04-26,TCS,-0.0027978344772069397,-0.27978344772069397
2021-04-27,TCS,0.010062145296074743,1.0062145296074743
2021-04-28,TCS,-0.0025226252327769094,-0.25226252327769094
2021-04-29,TCS,-0.002832684872844937,-0.2832684872844937
2021-04-30,TCS,-0.02555177673612663,-2.555177673612663
2021-05-03,TCS,0.0004445508996329117,0.04445508996329117
2021-05-04,TCS,0.004198430989024615,0.4198430989024615
2021-05-05,TCS,0.015066751589684735,1.5066751589684735
2021-05-06,TCS,0.005087680593826915,0.5087680593826915
2021-05-07,TCS,0.006894143348405546,0.6894143348405546
2021-05-10,TCS,0.004021579843514811,0.4021579843514811
2021-05-11,TCS,-0.007280303283883738,-0.7280303283883738
2021-05-12,TCS,-0.011208470721145725,-1.1208470721145725
2021-05-14,TCS,-0.011691928273030894,-1.1691928273030894
2021-05-17,TCS,0.005980467158722469,0.5980467158722469
2021-05-18,TCS,0.006206026050372904,0.6206026050372904
2021-05-19,TCS,-0.0022016416786246884,-0.22016416786246884
2021-05-20,TCS,-0.007138086357731055,-0.7138086357731055
2021-05-21,TCS,0.0066993696043968765,0.6699369604396876
2021-05-24,TCS,0.00032460805621514766,0.032460805621514766
2021-05-25,TCS,0.015489976144962725,1.5489976144962725
2021-05-26,TCS,0.014289973095332087,1.4289973095332087
2021-05-27,TCS,0.00680707664883351,0.680707664883351
2021-05-28,TCS,-0.011446361510663916,-1.1446361510663916
2021-05-31,TCS,0.004946526196277334,0.49465261962773344
2021-06-01,TCS,-0.0019467965363141326,-0.19467965363141326
2021-06-02,TCS,-0.0074690882759888,-0.74690882759888
2021-06-03,TCS,0.0037707028199089887,0.37707028199089887
2021-06-04,TCS,0.0007959420494652036,0.07959420494652036
2021-06-07,TCS,0.012548806413790636,1.2548806413790636
2021-06-08,TCS,0.005324566561063726,0.5324566561063726
2021-06-09,TCS,3.13326718266449e-05,0.0031332671826644898
2021-06-10,TCS,0.005171577087663026,0.5171577087663026
2021-06-11,TCS,0.01771946016564674,1.7719460165646739
2021-06-14,TCS,0.000778857607829142,0.0778857607829142
2021-06-15,TCS,-0.004150875045035529,-0.4150875045035529
2021-06-16,TCS,0.0035551866239902363,0.35551866239902363
2021-06-17,TCS,0.013254527634609214,1.3254527634609214
2021-06-18,TCS,-0.00616385704795841,-0.616385704795841
2021-06-21,TCS,-0.0073392815226070995,-0.73392815226071
2021-06-22,TCS,0.00858501389043309,0.8585013890433091
2021-06-23,TCS,-0.012056347420472902,-1.2056347420472902
2021-06-24,TCS,0.034402717583502884,3.4402717583502884
2021-06-25,TCS,0.0021340369925348934,0.21340369925348934
2021-06-28,TCS,-0.013029385431324925,-1.3029385431324925
2021-06-29,TCS,0.0012288412536813897,0.12288412536813897
2021-06-30,TCS,0.0014666790203694546,0.14666790203694546
2021-07-01,TCS,-0.0012704892915902377,-0.12704892915902377
2021-07-02,TCS,-0.00480318441079064,-0.48031844107906396
2021-07-05,TCS,-0.0013381258209244073,-0.13381258209244073
2021-07-06,TCS,-0.017675241304542677,-1.7675241304542677
2021-07-07,TCS,0.003877366436770169,0.3877366436770169
2021-07-08,TCS,-0.005022913754393232,-0.5022913754393232
2021-07-09,TCS,-0.01545183683100948,-1.545183683100948
2021-07-12,TCS,-0.004690990071767764,-0.46909900717677644
2021-07-13,TCS,-0.001738215532022247,-0.1738215532022247
2021-07-14,TCS,0.008470463739819856,0.8470463739819856
2021-07-15,TCS,-0.0014340576199042276,-0.14340576199042276
2021-07-16,TCS,-0.0025445078282727573,-0.25445078282727573
2021-07-19,TCS,-0.0031927291562130478,-0.3192729156213048
2021-07-20,TCS,0.006656894420023596,0.6656894420023596
2021-07-22,TCS,0.0032910072744058994,0.32910072744058994
2021-07-23,TCS,-0.0010882195298969055,-0.10882195298969055
2021-07-26,TCS,-0.004762363793753721,-0.4762363793753721
2021-07-27,TCS,-0.0045657717852407576,-0.45657717852407576
2021-07-28,TCS,0.004665297136436264,0.4665297136436264
2021-07-29,TCS,-0.0006252210882485842,-0.06252210882485842
2021-07-30,TCS,-0.00887122369278126,-0.887122369278126
2021-08-02,TCS,0.016401215788210965,1.6401215788210965
2021-08-03,TCS,0.02034563769638198,2.034563769638198
2021-08-04,TCS,-0.003333420029746015,-0.3333420029746015
2021-08-05,TCS,0.0030543376986187365,0.30543376986187365
2021-08-06,TCS,0.00787168755613532,0.7871687556135321
2021-08-09,TCS,0.003897377025098736,0.3897377025098736
2021-08-10,TCS,0.003370776823143462,0.3370776823143462
2021-08-11,TCS,0.0030896142395213655,0.30896142395213655
2021-08-12,TCS,0.002257360245735418,0.2257360245735418
2021-08-13,TCS,0.03331114680855318,3.3311146808553183
2021-08-16,TCS,0.0027574299107586686,0.27574299107586686
2021-08-17,TCS,0.023063888857643544,2.3063888857643544
2021-08-18,TCS,0.0021110668421711054,0.21110668421711054
2021-08-20,TCS,-0.00029512723543689834,-0.029512723543689834
2021-08-23,TCS,0.02188502462580444,2.188502462580444
2021-08-24,TCS,-0.006653014030073678,-0.6653014030073678
2021-08-25,TCS,0.012675818390896154,1.2675818390896154
2021-08-26,TCS,0.003511909214961584,0.3511909214961584
2021-08-27,TCS,0.013154090921511097,1.3154090921511097
2021-08-30,TCS,-0.005067236926925345,-0.5067236926925345
2021-08-31,TCS,0.023005755083439272,2.300575508343927
2021-09-01,TCS,-0.01888308283305773,-1.888308283305773
2021-09-02,TCS,0.032786332121294226,3.2786332121294226
2021-09-03,TCS,0.001381348007549521,0.1381348007549521
2021-09-06,TCS,0.00258976470915262,0.258976470915262
2021-09-07,TCS,-0.009371709504876091,-0.9371709504876091
2021-09-08,TCS,-0.01094103313861694,-1.094103313861694
2021-09-09,TCS,0.00457058307531244,0.457058307531244
2021-09-13,TCS,0.014229400662791436,1.4229400662791436
2021-09-14,TCS,0.010545309728549945,1.0545309728549945
2021-09-15,TCS,0.017666530433325445,1.7666530433325445
2021-09-16,TCS,-0.0129598825616134,-1.29598825616134
2021-09-17,TCS,-0.019329700110428116,-1.9329700110428116
2021-09-20,TCS,-0.0011363990950216118,-0.11363990950216118
2021-09-21,TCS,0.010317729773092976,1.0317729773092976
2021-09-22,TCS,-0.00020727375930940095,-0.020727375930940095
2021-09-23,TCS,0.0018384897154455349,0.18384897154455349
2021-09-24,TCS,0.0005297975532707611,0.052979755327076106
2021-09-27,TCS,-0.00887285834722884,-0.887285834722884
2021-09-28,TCS,-0.01506424236564552,-1.506424236564552
2021-09-29,TCS,0.0033736327454394477,0.33736327454394477
2021-09-30,TCS,-0.004311498104028866,-0.4311498104028866
2021-10-01,TCS,-0.012011503245243693,-1.2011503245243693
2021-10-04,TCS,0.011554343113918009,1.1554343113918009
2021-10-05,TCS,0.01590124798564241,1.5901247985642408
2021-10-06,TCS,-0.005843716329677506,-0.5843716329677506
2021-10-07,TCS,0.021517338399643204,2.1517338399643204
2021-10-08,TCS,0.01098148779840713,1.098148779840713
2021-10-11,TCS,-0.06353459960509256,-6.353459960509255
2021-10-12,TCS,-0.008885957684201862,-0.8885957684201862
2021-10-13,TCS,0.0006431990814255162,0.06431990814255162
2021-10-14,TCS,-0.01007335829586764,-1.007335829586764
2021-10-18,TCS,0.009885219883248642,0.9885219883248642
2021-10-19,TCS,-0.0035643338651172307,-0.35643338651172307
2021-10-20,TCS,-0.006961744175680296,-0.6961744175680296
2021-10-21,TCS,-0.02115640066813773,-2.115640066813773
2021-10-22,TCS,-0.009525688812093924,-0.9525688812093924
2021-10-25,TCS,-0.0016864608285480642,-0.16864608285480642
2021-10-26,TCS,-0.0029631984072497897,-0.29631984072497897
2021-10-27,TCS,0.0020533164770168977,0.20533164770168977
2021-10-28,TCS,-0.019514562193749918,-1.9514562193749918
2021-10-29,TCS,-0.006984616464216664,-0.6984616464216664
2021-11-01,TCS,0.023147458655286668,2.314745865528667
2021-11-02,TCS,0.0022437709294496067,0.22437709294496067
2021-11-03,TCS,0.0023105602263222558,0.23105602263222558
2021-11-04,TCS,0.004695849695540488,0.4695849695540488
2021-11-08,TCS,-0.0016813510736350956,-0.16813510736350956
2021-11-09,TCS,0.0008419712666294377,0.08419712666294377
2021-11-10,TCS,-0.006104237231990495,-0.6104237231990495
2021-11-11,TCS,0.0011194222702317624,0.11194222702317624
2021-11-12,TCS,0.010850717514893526,1.0850717514893526
2021-11-15,TCS,0.0077282192129541905,0.772821921295419
2021-11-16,TCS,0.0008725428993021644,0.08725428993021644
2021-11-17,TCS,-0.009700973094479926,-0.9700973094479926
2021-11-18,TCS,-0.013117860274633797,-1.3117860274633797
2021-11-22,TCS,-0.004977432277665783,-0.4977432277665783
2021-11-23,TCS,0.0016915868051037286,0.16915868051037286
2021-11-24,TCS,-0.006047477479549146,-0.6047477479549146
2021-11-25,TCS,0.0007552490460409622,0.07552490460409622
2021-11-26,TCS,0.00027546478169737654,0.027546478169737654
2021-11-29,TCS,0.01600014518139381,1.600014518139381
2021-11-30,TCS,0.007752537168132401,0.7752537168132401
2021-12-01,TCS,0.013785267625616271,1.378526762561627
2021-12-02,TCS,0.01819573224876314,1.8195732248763141
2021-12-03,TCS,-0.0006727497245514469,-0.06727497245514469
2021-12-06,TCS,-0.028581484947676317,-2.8581484947676317
2021-12-07,TCS,0.013601300323526244,1.3601300323526244
2021-12-08,TCS,0.011828731962312489,1.1828731962312489
2021-12-09,TCS,-0.006934207128453718,-0.6934207128453718
2021-12-10,TCS,0.009731394084467437,0.9731394084467437
2021-12-13,TCS,-0.007465493150460967,-0.7465493150460967
2021-12-14,TCS,0.003920204904083402,0.3920204904083402
2021-12-15,TCS,-0.014749699800455263,-1.4749699800455263
2021-12-16,TCS,0.0031508387139047578,0.3150838713904758
2021-12-17,TCS,0.0007679076775259919,0.07679076775259919
2021-12-20,TCS,-0.007658158966313611,-0.7658158966313611
2021-12-21,TCS,0.014450480264477372,1.4450480264477372
2021-12-22,TCS,0.006221796975616645,0.6221796975616645
2021-12-23,TCS,0.008799814457740807,0.8799814457740807
2021-12-24,TCS,0.002238928732910983,0.2238928732910983
2021-12-27,TCS,0.00686492263704408,0.686492263704408
2021-12-28,TCS,0.0028271961807617707,0.28271961807617707
2021-12-29,TCS,-0.003197085011615086,-0.3197085011615086
2021-12-30,TCS,0.01056935394505154,1.056935394505154
2021-12-31,TCS,0.0012318492493585964,0.12318492493585964
2022-01-03,TCS,0.021239144164386436,2.1239144164386436
2022-01-04,TCS,0.0175498935037548,1.7549893503754799
2022-01-05,TCS,-0.0061265637095690995,-0.61265637095691
2022-01-06,TCS,-0.013856810248445428,-1.3856810248445428
2022-01-07,TCS,0.012094635617128313,1.2094635617128313
2022-01-10,TCS,0.006838145497794379,0.6838145497794379
2022-01-11,TCS,0.00929153475378719,0.929153475378719
2022-01-12,TCS,-0.014300677179946986,-1.4300677179946986
2022-01-13,TCS,0.009844841873617893,0.9844841873617893
2022-01-14,TCS,0.01802256723084028,1.802256723084028
2022-01-17,TCS,0.012852205853297827,1.2852205853297827
2022-01-18,TCS,-0.007103546922932802,-0.7103546922932802
2022-01-19,TCS,-0.01730833885059857,-1.730833885059857
2022-01-20,TCS,-0.022505143839748998,-2.2505143839749
2022-01-21,TCS,0.0018162278864011228,0.18162278864011228
2022-01-24,TCS,-0.016212476003443554,-1.6212476003443554
2022-01-25,TCS,-0.0003845254600179926,-0.03845254600179926
2022-01-27,TCS,-0.03200335428648249,-3.200335428648249
2022-01-28,TCS,0.011180359373955673,1.1180359373955673
2022-01-31,TCS,0.012520142158966241,1.252014215896624
2022-02-01,TCS,0.017236422632715076,1.7236422632715076
2022-02-02,TCS,0.014615948339914642,1.4615948339914642
2022-02-03,TCS,-0.008194561957051816,-0.8194561957051816
2022-02-04,TCS,-0.0025363284407323716,-0.25363284407323716
2022-02-07,TCS,-0.009410325558201094,-0.9410325558201094
2022-02-08,TCS,-0.009407026001287844,-0.9407026001287844
2022-02-09,TCS,0.004567685901786689,0.4567685901786689
2022-02-10,TCS,0.002606035348230895,0.2606035348230895
2022-02-11,TCS,-0.019998101742163987,-1.9998101742163987
2022-02-14,TCS,0.0105008417891157,1.05008417891157
2022-02-15,TCS,0.022510793616748348,2.251079361674835
2022-02-16,TCS,-0.0012310741149156312,-0.12310741149156312
2022-02-17,TCS,-0.007579207866261761,-0.7579207866261761
2022-02-18,TCS,0.0025632584526815716,0.25632584526815716
2022-02-21,TCS,-0.019636683819122758,-1.9636683819122758
2022-02-22,TCS,-0.035758431760365306,-3.5758431760365306
2022-02-23,TCS,-0.006301432045696886,-0.6301432045696886
2022-02-24,TCS,-0.04549932381743482,-4.549932381743482
2022-02-25,TCS,0.035012541315631696,3.5012541315631696
2022-02-28,TCS,0.009500788478197242,0.9500788478197242
2022-03-02,TCS,-0.0022650983644825207,-0.22650983644825207
2022-03-03,TCS,-0.0004934344554170522,-0.04934344554170522
2022-03-04,TCS,-0.005656717817527412,-0.5656717817527412
2022-03-07,TCS,-0.01119363022629749,-1.119363022629749
2022-03-08,TCS,0.03301379223234391,3.301379223234391
2022-03-09,TCS,0.009069779941260459,0.9069779941260459
2022-03-10,TCS,-0.003207190668398696,-0.3207190668398696
2022-03-11,TCS,-0.006020448320135374,-0.6020448320135374
2022-03-14,TCS,0.0121834577396982,1.21834577396982
2022-03-15,TCS,-0.013477910408136617,-1.3477910408136617
2022-03-16,TCS,0.017251264859277082,1.7251264859277082
2022-03-17,TCS,0.004609059083148237,0.4609059083148237
2022-03-21,TCS,-0.012538176382109079,-1.2538176382109079
2022-03-22,TCS,0.020473032470362584,2.0473032470362584
2022-03-23,TCS,0.003093636584217796,0.3093636584217796
2022-03-24,TCS,0.010088082534194465,1.0088082534194465
2022-03-25,TCS,-0.01130717019589944,-1.130717019589944
2022-03-28,TCS,6.752089919115356e-05,0.006752089919115356
2022-03-29,TCS,-0.0006338530706982981,-0.06338530706982981
2022-03-30,TCS,0.007070890116910533,0.7070890116910533
2022-03-31,TCS,0.00225101816587725,0.225101816587725
2022-04-01,TCS,0.005026799113414526,0.5026799113414526
2022-04-04,TCS,0.0030860684265983096,0.30860684265983096
2022-04-05,TCS,0.011789473402778583,1.1789473402778583
2022-04-06,TCS,-0.015584066117609652,-1.5584066117609652
2022-04-07,TCS,-0.018959825998906887,-1.8959825998906887
2022-04-08,TCS,0.00040738361521341915,0.040738361521341915
2022-04-11,TCS,0.002916696929426532,0.2916696929426532
2022-04-12,TCS,-0.001433767725992241,-0.1433767725992241
2022-04-13,TCS,-0.007897386396980788,-0.7897386396980788
2022-04-18,TCS,-0.03656540565182986,-3.6565405651829863
2022-04-19,TCS,-0.015915355149378696,-1.5915355149378696
2022-04-20,TCS,0.02445365512800568,2.445365512800568
2022-04-21,TCS,0.02020070015490072,2.020070015490072
2022-04-22,TCS,-0.004436941080311563,-0.4436941080311563
2022-04-25,TCS,-0.017812909111625586,-1.7812909111625586
2022-04-26,TCS,-0.0005355275072213006,-0.05355275072213006
2022-04-27,TCS,0.0042017138482373095,0.42017138482373095
2022-04-28,TCS,0.006486452399999232,0.6486452399999232
2022-04-29,TCS,-0.010490181625917194,-1.0490181625917194
2022-05-02,TCS,-0.0012123546167255306,-0.12123546167255306
2022-05-04,TCS,-0.01768584935227957,-1.768584935227957
2022-05-05,TCS,0.009670429204155395,0.9670429204155395
2022-05-06,TCS,-0.022997784629872564,-2.2997784629872564
2022-05-09,TCS,0.003641635406073984,0.3641635406073984
2022-05-10,TCS,-0.0018433086085006822,-0.18433086085006822
2022-05-11,TCS,-0.007779009426222783,-0.7779009426222783
2022-05-12,TCS,-0.0009816819719711267,-0.09816819719711267
2022-05-13,TCS,0.0018333645904005103,0.18333645904005103
2022-05-16,TCS,-0.011157006665947877,-1.1157006665947877
2022-05-17,TCS,0.022151417733025314,2.2151417733025314
2022-05-18,TCS,-0.0008113325989884679,-0.08113325989884679
2022-05-19,TCS,-0.05417836189484582,-5.417836189484582
2022-05-20,TCS,0.009518995843369016,0.9518995843369016
2022-05-23,TCS,0.008730442981207398,0.8730442981207398
2022-05-24,TCS,-0.010160078901449099,-1.0160078901449099
2022-05-25,TCS,-0.030113506879189345,-3.0113506879189345
2022-05-26,TCS,0.01872054993130079,1.872054993130079
2022-05-27,TCS,0.010644828310221843,1.0644828310221843
2022-05-30,TCS,0.03494008301413509,3.4940083014135093
2022-05-31,TCS,-0.0032294583294396606,-0.32294583294396606
2022-06-01,TCS,-0.002719665687056838,-0.2719665687056838
2022-06-02,TCS,0.020207617046233972,2.020761704623397
2022-06-03,TCS,0.005010140295141463,0.5010140295141463
2022-06-06,TCS,-0.0026744552694344392,-0.2674455269434439
2022-06-07,TCS,-0.019892227431880904,-1.9892227431880904
2022-06-08,TCS,0.012326259908774562,1.2326259908774562
2022-06-09,TCS,0.006741772064815077,0.6741772064815077
2022-06-10,TCS,-0.019608443073047432,-1.9608443073047432
2022-06-13,TCS,-0.041757295318458065,-4.175729531845807
2022-06-14,TCS,-0.0028109257222078687,-0.2810925722207869
2022-06-15,TCS,-0.0013234851782134571,-0.1323485178213457
2022-06-16,TCS,-0.020054163304122907,-2.0054163304122907
2022-06-17,TCS,-0.016900289575084493,-1.6900289575084493
2022-06-20,TCS,0.007607938202914388,0.7607938202914388
2022-06-21,TCS,0.031984978187917124,3.1984978187917124
2022-06-22,TCS,0.0034245626358888615,0.34245626358888615
2022-06-23,TCS,0.026637288112775215,2.6637288112775215
2022-06-24,TCS,-0.0047450234960537685,-0.47450234960537685
2022-06-27,TCS,0.006559145188624216,0.6559145188624216
2022-06-28,TCS,0.0010408254642095827,0.10408254642095827
2022-06-29,TCS,-0.008333118187057842,-0.8333118187057842
2022-06-30,TCS,-0.007111053632341324,-0.7111053632341324
2022-07-01,TCS,0.014691655128308945,1.4691655128308945
2022-07-04,TCS,-0.024147108865154587,-2.4147108865154587
2022-07-05,TCS,-0.00579575747560801,-0.579575747560801
2022-07-06,TCS,0.013820164388802514,1.3820164388802514
2022-07-07,TCS,0.00831100281955166,0.831100281955166
2022-07-08,TCS,-0.006813000907119893,-0.6813000907119893
2022-07-11,TCS,-0.046440694106236524,-4.644069410623652
2022-07-12,TCS,-0.009345466313525952,-0.9345466313525952
2022-07-13,TCS,-0.01489630303744538,-1.489630303744538
2022-07-14,TCS,-0.010558400575396809,-1.055840057539681
2022-07-15,TCS,-0.0013839069933093695,-0.13839069933093695
2022-07-18,TCS,0.02300830522236419,2.300830522236419
2022-07-19,TCS,0.0035090674149875767,0.35090674149875767
2022-07-20,TCS,0.029454233667101537,2.9454233667101537
2022-07-21,TCS,0.003949754210830214,0.3949754210830214
2022-07-22,TCS,-0.0019827794167066592,-0.19827794167066592
2022-07-25,TCS,-0.0013404008377636556,-0.13404008377636556
2022-07-26,TCS,-0.0160576061485056,-1.6057606148505599
2022-07-27,TCS,0.0234123437093805,2.34123437093805
2022-07-28,TCS,0.02246909898641647,2.246909898641647
2022-07-29,TCS,0.012697278828799119,1.269727882879912
2022-08-01,TCS,-0.0009388563007969308,-0.09388563007969308
2022-08-02,TCS,-0.0021220011932787664,-0.21220011932787664
2022-08-03,TCS,0.014490529581453249,1.4490529581453249
2022-08-04,TCS,0.004626558803341396,0.4626558803341396
2022-08-05,TCS,0.0030104141576781096,0.30104141576781096
2022-08-08,TCS,0.002793471786850077,0.2793471786850077
2022-08-10,TCS,-0.005986117914939859,-0.5986117914939859
2022-08-11,TCS,0.020347196136391466,2.0347196136391466
2022-08-12,TCS,-0.006121245417029408,-0.6121245417029408
2022-08-16,TCS,-0.0026018591908449906,-0.26018591908449906
2022-08-17,TCS,0.002476022880276485,0.2476022880276485
2022-08-18,TCS,-0.005836279612563389,-0.5836279612563389
2022-08-19,TCS,0.001330645187755497,0.1330645187755497
2022-08-22,TCS,-0.009214961389320764,-0.9214961389320764
2022-08-23,TCS,-0.020852301586080868,-2.085230158608087
2022-08-24,TCS,-0.008905008067284115,-0.8905008067284115
2022-08-25,TCS,-0.01141229335174665,-1.141229335174665
2022-08-26,TCS,0.0012429905075865832,0.12429905075865832
2022-08-29,TCS,-0.027822368678195986,-2.7822368678195986
2022-08-30,TCS,0.025091159430351784,2.5091159430351784
2022-09-01,TCS,-0.02474195597461948,-2.474195597461948
2022-09-02,TCS,-0.00041508562536152205,-0.041508562536152205
2022-09-05,TCS,0.000958301309462728,0.0958301309462728
2022-09-06,TCS,-0.0020263178746326993,-0.20263178746326993
2022-09-07,TCS,0.007211192358165919,0.7211192358165919
2022-09-08,TCS,0.006365905935167726,0.6365905935167726
2022-09-09,TCS,0.015143564149335376,1.5143564149335376
2022-09-12,TCS,0.007862955944841543,0.7862955944841543
2022-09-13,TCS,-0.004193827416906104,-0.4193827416906104
2022-09-14,TCS,-0.033737531084508166,-3.3737531084508166
2022-09-15,TCS,-0.0051434404332239,-0.51434404332239
2022-09-16,TCS,-0.030811715427330966,-3.0811715427330966
2022-09-19,TCS,0.006680808490405088,0.6680808490405088
2022-09-20,TCS,0.003796744219018766,0.3796744219018766
2022-09-21,TCS,-0.012860505288621371,-1.286050528862137
2022-09-22,TCS,0.002065939242104964,0.20659392421049638
2022-09-23,TCS,-0.008429357045681152,-0.8429357045681152
2022-09-26,TCS,0.004141389005816398,0.4141389005816398
2022-09-27,TCS,0.007697770692552952,0.7697770692552952
2022-09-28,TCS,0.0060315042603067415,0.6031504260306741
2022-09-29,TCS,-0.012633015483058396,-1.2633015483058396
2022-09-30,TCS,0.002418751012286169,0.24187510122861688
2022-10-03,TCS,-0.006523474907496052,-0.6523474907496052
2022-10-04,TCS,0.0355786108269629,3.5578610826962898
2022-10-06,TCS,0.0034938328895743886,0.34938328895743886
2022-10-07,TCS,-0.011944111940668911,-1.1944111940668911
2022-10-10,TCS,0.017504830547961703,1.7504830547961703
2022-10-11,TCS,-0.015712556586614856,-1.5712556586614856
2022-10-12,TCS,0.010164299801566967,1.0164299801566967
2022-10-13,TCS,0.0008223539272813607,0.08223539272813607
2022-10-14,TCS,-0.0013374618670957128,-0.13374618670957128
2022-10-17,TCS,0.006664220648611385,0.6664220648611385
2022-10-18,TCS,0.010589034612204395,1.0589034612204395
2022-10-19,TCS,-0.007266151355878159,-0.7266151355878159
2022-10-20,TCS,0.011355458227952253,1.1355458227952253
2022-10-21,TCS,-0.006302965442576469,-0.6302965442576469
2022-10-24,TCS,0.0077452662501416025,0.7745266250141603
2022-10-25,TCS,0.0001266312525056712,0.01266312525056712
2022-10-27,TCS,-0.0014864819221992454,-0.14864819221992454
2022-10-28,TCS,0.0018528940252229287,0.18528940252229287
2022-10-31,TCS,0.009452278166718342,0.9452278166718342
2022-11-01,TCS,0.02084147672401948,2.084147672401948
2022-11-02,TCS,-0.005521910706390187,-0.5521910706390187
2022-11-03,TCS,-0.010781483427852123,-1.0781483427852123
2022-11-04,TCS,0.0033212257404140466,0.33212257404140466
2022-11-07,TCS,0.0050658791321676055,0.5065879132167606
2022-11-09,TCS,-0.005457814327870625,-0.5457814327870625
2022-11-10,TCS,-0.003233932502875736,-0.3233932502875736
2022-11-11,TCS,0.034408044177828945,3.4408044177828945
2022-11-14,TCS,0.00589576600775521,0.589576600775521
2022-11-15,TCS,-0.0008693473756161696,-0.08693473756161696
2022-11-16,TCS,0.0068264956569532576,0.6826495656953258
2022-11-17,TCS,-0.0018925909488451964,-0.18925909488451964
2022-11-18,TCS,-0.001657329249440509,-0.1657329249440509
2022-11-21,TCS,-0.017930525049713486,-1.7930525049713486
2022-11-22,TCS,0.00957825945938029,0.9578259459380289
2022-11-23,TCS,-0.0020061350087544616,-0.20061350087544616
2022-11-24,TCS,0.021718174408119184,2.1718174408119184
2022-11-25,TCS,0.0028105679647476567,0.28105679647476567
2022-11-28,TCS,0.0016519019646752398,0.16519019646752398
2022-11-29,TCS,0.0006186962980252453,0.06186962980252453
2022-11-30,TCS,-0.0019278325562060994,-0.19278325562060994
2022-12-01,TCS,0.02502349063251108,2.502349063251108
2022-12-02,TCS,-0.010501494840005732,-1.0501494840005732
2022-12-05,TCS,-0.003852809777925792,-0.3852809777925792
2022-12-06,TCS,-0.011836299919373183,-1.1836299919373183
2022-12-07,TCS,-0.001403084399118737,-0.1403084399118737
2022-12-08,TCS,-0.008889001654932671,-0.8889001654932671
2022-12-09,TCS,-0.017250876053952702,-1.7250876053952702
2022-12-12,TCS,-0.0019134464421542985,-0.19134464421542985
2022-12-13,TCS,0.013890431222424837,1.3890431222424837
2022-12-14,TCS,0.009978715793060866,0.9978715793060866
2022-12-15,TCS,-0.017903045021406494,-1.7903045021406494
2022-12-16,TCS,-0.019621017735231505,-1.9621017735231505
2022-12-19,TCS,-0.011789143911410171,-1.1789143911410171
2022-12-20,TCS,0.01308508963411703,1.308508963411703
2022-12-21,TCS,0.007583496074425655,0.7583496074425655
2022-12-22,TCS,-0.0027077671870457953,-0.27077671870457953
2022-12-23,TCS,-0.009617380157501909,-0.9617380157501909
2022-12-26,TCS,0.007604456175150709,0.7604456175150709
2022-12-27,TCS,0.0020290918438163885,0.20290918438163885
2022-12-28,TCS,-0.0007363111406065714,-0.07363111406065714
2022-12-29,TCS,0.0035767221512796876,0.35767221512796876
2022-12-30,TCS,-0.0036865435742137187,-0.36865435742137187
2023-01-02,TCS,0.0014586808203480572,0.14586808203480572
2023-01-03,TCS,0.015299905585569151,1.5299905585569151
2023-01-04,TCS,0.000996512373807601,0.0996512373807601
2023-01-05,TCS,-0.0010710650089130747,-0.10710650089130747
2023-01-06,TCS,-0.03006526204006843,-3.006526204006843
2023-01-09,TCS,0.03375276814569905,3.3752768145699052
2023-01-10,TCS,-0.01010541204975357,-1.010541204975357
2023-01-11,TCS,0.012871409249286314,1.2871409249286314
2023-01-12,TCS,0.0016971939361183352,0.16971939361183352
2023-01-13,TCS,0.012056313970516985,1.2056313970516985
2023-01-16,TCS,0.010456165972991593,1.0456165972991593
2023-01-17,TCS,0.013301791883884029,1.3301791883884029
2023-01-18,TCS,0.003433724881592548,0.3433724881592548
2023-01-19,TCS,-0.0049852024869909695,-0.49852024869909695
2023-01-20,TCS,-0.0029645452039406273,-0.2964545203940627
2023-01-23,TCS,0.015402312997569334,1.5402312997569334
2023-01-24,TCS,0.006266814191332015,0.6266814191332015
2023-01-25,TCS,-0.0019062127877338408,-0.19062127877338408
2023-01-27,TCS,-0.005452374234396262,-0.5452374234396262
2023-01-30,TCS,0.0066257195364543,0.66257195364543
2023-01-31,TCS,-0.021828136683204824,-2.1828136683204824
2023-02-01,TCS,0.014782608905780315,1.4782608905780315
2023-02-02,TCS,0.015271170412167745,1.5271170412167745
2023-02-03,TCS,0.006328658193586634,0.6328658193586634
2023-02-06,TCS,-0.006418212175234972,-0.6418212175234972
2023-02-07,TCS,0.003641790157822733,0.3641790157822733
2023-02-08,TCS,0.013693149880235511,1.3693149880235511
2023-02-09,TCS,0.005894842013238311,0.5894842013238311
2023-02-10,TCS,-0.000932069842203731,-0.0932069842203731
2023-02-13,TCS,-0.01558993064785874,-1.558993064785874
2023-02-14,TCS,0.0050828059363470235,0.5082805936347023
2023-02-15,TCS,0.005871017859006233,0.5871017859006233
2023-02-16,TCS,0.010623122032771493,1.0623122032771493
2023-02-17,TCS,-0.0159919870124271,-1.59919870124271
2023-02-20,TCS,-0.00395577640872713,-0.39557764087271297
2023-02-21,TCS,-0.010409045366863934,-1.0409045366863934
2023-02-22,TCS,-0.014329222235784478,-1.4329222235784478
2023-02-23,TCS,0.0036013170258148985,0.36013170258148985
2023-02-24,TCS,-0.003910541208759444,-0.3910541208759444
2023-02-27,TCS,-0.02017389771259115,-2.017389771259115
2023-02-28,TCS,-0.005702549095472409,-0.5702549095472409
2023-03-01,TCS,0.021989961058576313,2.1989961058576313
2023-03-02,TCS,-0.018976811783431358,-1.8976811783431358
2023-03-03,TCS,0.006232171077506621,0.6232171077506621
2023-03-06,TCS,0.008886548593266097,0.8886548593266097
2023-03-08,TCS,0.0055013095949130175,0.5501309594913018
2023-03-09,TCS,-0.0157944155747054,-1.57944155747054
2023-03-10,TCS,-0.0017532799103877617,-0.17532799103877617
2023-03-13,TCS,-0.014725316370056474,-1.4725316370056474
2023-03-14,TCS,-0.020414559375792618,-2.041455937579262
2023-03-15,TCS,-0.00499232293393681,-0.499232293393681
2023-03-16,TCS,-0.004345355087735925,-0.4345355087735925
2023-03-17,TCS,-0.0017896428528957342,-0.17896428528957342
2023-03-20,TCS,-0.011323070565879556,-1.1323070565879556
2023-03-21,TCS,-0.011834724406697306,-1.1834724406697306
2023-03-22,TCS,0.007952197624217838,0.7952197624217838
2023-03-23,TCS,-0.00196450123626013,-0.196450123626013
2023-03-24,TCS,-0.0013280900084668978,-0.13280900084668978
2023-03-27,TCS,0.0005767131684284443,0.05767131684284443
2023-03-28,TCS,-0.0020498255694358924,-0.20498255694358924
2023-03-29,TCS,0.0073814883230263195,0.738148832302632
2023-03-31,TCS,0.021345176921207187,2.1345176921207187
2023-04-03,TCS,-0.0018402540963311509,-0.1840254096331151
2023-04-05,TCS,0.01243732450290147,1.243732450290147
2023-04-06,TCS,-0.005895302146134429,-0.5895302146134429
2023-04-10,TCS,0.013257956941375992,1.3257956941375992
2023-04-11,TCS,-0.01519879905810817,-1.519879905810817
2023-04-12,TCS,0.00866565380350659,0.866565380350659
2023-04-13,TCS,-0.016287745666737075,-1.6287745666737075
2023-04-17,TCS,-0.015476065742058509,-1.547606574205851
2023-04-18,TCS,-0.0027871804520964716,-0.27871804520964716
2023-04-19,TCS,-0.013143896825283718,-1.3143896825283718
2023-04-20,TCS,0.004919829588346358,0.49198295883463583
2023-04-21,TCS,0.018052863049192958,1.8052863049192958
2023-04-24,TCS,0.004413412583720744,0.4413412583720744
2023-04-25,TCS,0.00037775755344671147,0.03777575534467115
2023-04-26,TCS,0.006974248332953348,0.6974248332953348
2023-04-27,TCS,-0.0031893150585969865,-0.31893150585969865
2023-04-28,TCS,0.009818439031386239,0.9818439031386239
2023-05-02,TCS,4.6473157927495734e-05,0.004647315792749573
2023-05-03,TCS,-0.012269520025176672,-1.2269520025176672
2023-05-04,TCS,0.012830732024098568,1.2830732024098568
2023-05-05,TCS,0.0031047401446486766,0.31047401446486766
2023-05-08,TCS,0.006159779615247718,0.6159779615247718
2023-05-09,TCS,0.010044261365523166,1.0044261365523166
2023-05-10,TCS,0.0010813369223534597,0.10813369223534597
2023-05-11,TCS,-0.0014148459308589434,-0.14148459308589434
2023-05-12,TCS,-0.0023915586732660143,-0.23915586732660143
2023-05-15,TCS,-0.00587912423407333,-0.587912423407333
2023-05-16,TCS,0.0009522369672902986,0.09522369672902986
2023-05-17,TCS,-0.015177454757178466,-1.5177454757178466
2023-05-18,TCS,-0.0027579305891853867,-0.27579305891853867
2023-05-19,TCS,0.007187913861371298,0.7187913861371298
2023-05-22,TCS,0.023534901727978452,2.3534901727978452
2023-05-23,TCS,-0.0005001225702166989,-0.05001225702166989
2023-05-24,TCS,0.00191082023807021,0.191082023807021
2023-05-25,TCS,-0.002981687441647174,-0.2981687441647174
2023-05-26,TCS,0.010748252414017445,1.0748252414017445
2023-05-29,TCS,-0.002568218168105707,-0.2568218168105707
2023-05-30,TCS,-0.0012500571374376435,-0.12500571374376435
2023-05-31,TCS,-0.0080513492869011,-0.8051349286901099
2023-06-01,TCS,0.010487781649256567,1.0487781649256567
2023-06-02,TCS,-0.005535412895767866,-0.5535412895767866
2023-06-05,TCS,-0.005052004678800626,-0.5052004678800626
2023-06-06,TCS,-0.017209315486952592,-1.7209315486952592
2023-06-07,TCS,0.013179407575326207,1.3179407575326207
2023-06-08,TCS,-0.011740729481273915,-1.1740729481273915
2023-06-09,TCS,-0.008389006762396956,-0.8389006762396956
2023-06-12,TCS,0.011715935538708644,1.1715935538708644
2023-06-13,TCS,-0.000985456702147114,-0.09854567021471139
2023-06-14,TCS,0.0022659421012092285,0.22659421012092285
2023-06-15,TCS,-0.0033311466875395324,-0.33311466875395324
2023-06-16,TCS,-0.012871995673654824,-1.2871995673654824
2023-06-19,TCS,0.011181383724359728,1.1181383724359728
2023-06-20,TCS,0.005388677645557394,0.5388677645557394
2023-06-21,TCS,0.009449633597691465,0.9449633597691465
2023-06-22,TCS,-0.006046379754848008,-0.6046379754848008
2023-06-23,TCS,-0.006839575704505663,-0.6839575704505663
2023-06-26,TCS,-0.008301384699622716,-0.8301384699622716
2023-06-27,TCS,0.0024140374344607807,0.24140374344607807
2023-06-28,TCS,0.005660959736811355,0.5660959736811355
2023-06-30,TCS,0.02699469486672701,2.699469486672701
2023-07-03,TCS,-0.00906967537866421,-0.906967537866421
2023-07-04,TCS,0.011169611985113681,1.116961198511368
2023-07-05,TCS,0.003354545866980807,0.3354545866980807
2023-07-06,TCS,0.0008887129491956802,0.08887129491956802
2023-07-07,TCS,0.0019108909794873785,0.19108909794873785
2023-07-10,TCS,-0.01721103381387823,-1.721103381387823
2023-07-11,TCS,0.00013739238929888486,0.013739238929888486
2023-07-12,TCS,-0.0038197058778877135,-0.38197058778877135
2023-07-13,TCS,0.02474024460737101,2.474024460737101
2023-07-14,TCS,0.05211697606727461,5.211697606727461
2023-07-17,TCS,-0.006529798216620364,-0.6529798216620364
2023-07-18,TCS,0.0014747293304475662,0.14747293304475662
2023-07-19,TCS,-0.007663904504229602,-0.7663904504229602
2023-07-20,TCS,0.0006501433821153313,0.06501433821153313
2023-07-21,TCS,-0.027430506305951563,-2.7430506305951563
2023-07-24,TCS,0.007852579840857077,0.7852579840857077
2023-07-25,TCS,0.0012960940048847291,0.12960940048847291
2023-07-26,TCS,-0.003191874466438427,-0.3191874466438427
2023-07-27,TCS,0.002538150718311316,0.2538150718311316
2023-07-28,TCS,-0.012217141372955265,-1.2217141372955265
2023-07-31,TCS,0.019684654070518892,1.9684654070518892
2023-08-01,TCS,0.00894361463726323,0.8943614637263231
2023-08-02,TCS,-0.003302254945099614,-0.3302254945099614
2023-08-03,TCS,-0.011829183884944916,-1.1829183884944916
2023-08-04,TCS,0.012823655922449495,1.2823655922449495
2023-08-07,TCS,0.011761197452262895,1.1761197452262895
2023-08-08,TCS,-0.0038605785094232292,-0.3860578509423229
2023-08-09,TCS,-0.0023337981121085427,-0.23337981121085427
2023-08-10,TCS,-0.005891850031627177,-0.5891850031627177
2023-08-11,TCS,0.001946616819497704,0.1946616819497704
2023-08-14,TCS,0.0003045969914639013,0.03045969914639013
2023-08-16,TCS,0.0024781924653134446,0.24781924653134446
2023-08-17,TCS,-0.006549089593599566,-0.6549089593599566
2023-08-18,TCS,-0.01998104045197313,-1.998104045197313
2023-08-21,TCS,0.010260832724060975,1.0260832724060975
2023-08-22,TCS,-0.005732521490557918,-0.5732521490557918
2023-08-23,TCS,0.004760361229926513,0.4760361229926513
2023-08-24,TCS,-0.0030897819654815972,-0.3089781965481597
2023-08-25,TCS,-0.001903842963948299,-0.1903842963948299
2023-08-28,TCS,-0.00170064659266278,-0.170064659266278
2023-08-29,TCS,0.0001776624149090189,0.01776624149090189
2023-08-30,TCS,0.004383808951389234,0.4383808951389234
2023-08-31,TCS,-0.010070972079175955,-1.0070972079175955
2023-09-01,TCS,0.006673023446944093,0.6673023446944093
2023-09-04,TCS,0.011629986255744518,1.1629986255744518
2023-09-05,TCS,0.003174042024598478,0.3174042024598478
2023-09-06,TCS,0.00016019162386027297,0.016019162386027297
2023-09-07,TCS,0.007390905774853795,0.7390905774853795
2023-09-08,TCS,-0.003863687684547812,-0.3863687684547812
2023-09-11,TCS,0.01125828572148957,1.125828572148957
2023-09-12,TCS,0.028773351106403666,2.8773351106403666
2023-09-13,TCS,-0.0036163921067550175,-0.36163921067550175
2023-09-14,TCS,-0.0021862539414805315,-0.21862539414805315
2023-09-15,TCS,0.010744181567301503,1.0744181567301503
2023-09-18,TCS,0.0021815986604323268,0.21815986604323268
2023-09-20,TCS,-2.763027395635831e-05,-0.002763027395635831
2023-09-21,TCS,-0.005754237817516494,-0.5754237817516494
2023-09-22,TCS,0.005117943086966781,0.5117943086966781
2023-09-25,TCS,-0.007353488787629869,-0.7353488787629869
2023-09-26,TCS,0.0023901510293014017,0.23901510293014017
2023-09-27,TCS,0.0010038735670581111,0.10038735670581111
2023-09-28,TCS,-0.014640706303598927,-1.4640706303598927
2023-09-29,TCS,-0.0023041581098527386,-0.23041581098527386
2023-10-03,TCS,-0.004180366668680713,-0.4180366668680713
2023-10-04,TCS,0.006801717706037991,0.6801717706037991
2023-10-05,TCS,0.014585645515263534,1.4585645515263534
2023-10-06,TCS,0.008929112442178644,0.8929112442178644
2023-10-09,TCS,0.004680546748923486,0.46805467489234864
2023-10-10,TCS,-0.0025973018273650617,-0.25973018273650617
2023-10-11,TCS,-0.005235809223961052,-0.5235809223961052
2023-10-12,TCS,-0.01865710346448679,-1.865710346448679
2023-10-13,TCS,0.007988783946944578,0.7988783946944578
2023-10-16,TCS,-0.013106277570089864,-1.3106277570089864
2023-10-17,TCS,-0.004823981562933843,-0.48239815629338434
2023-10-18,TCS,-0.005645699909993529,-0.5645699909993529
2023-10-19,TCS,-0.0064976735430005705,-0.649767354300057
2023-10-20,TCS,0.011257066687200057,1.1257066687200057
2023-10-23,TCS,-0.024151881152815968,-2.415188115281597
2023-10-25,TCS,-0.0058795073121720165,-0.5879507312172016
2023-10-26,TCS,-0.015737029266034264,-1.5737029266034264
2023-10-27,TCS,0.004255508918866502,0.4255508918866502
2023-10-30,TCS,0.008236494404603611,0.8236494404603611
2023-10-31,TCS,-0.002900432455428037,-0.2900432455428037
2023-11-01,TCS,-0.01130985565885334,-1.130985565885334
2023-11-02,TCS,0.008842075171314967,0.8842075171314967
2023-11-03,TCS,-0.0027380212860741437,-0.2738021286074144
2023-11-06,TCS,0.008758823920540282,0.8758823920540282
2023-11-07,TCS,-0.002899210488150561,-0.2899210488150561
2023-11-08,TCS,0.0032933388458784574,0.32933388458784574
2023-11-09,TCS,-0.0100840434391265,-1.00840434391265
2023-11-10,TCS,-0.004182528289548126,-0.41825282895481264
2023-11-13,TCS,-0.0005698223068042463,-0.05698223068042463
2023-11-15,TCS,0.021836637353670252,2.183663735367025
2023-11-16,TCS,0.0274798813476842,2.74798813476842
2023-11-17,TCS,0.0013151355458782543,0.13151355458782543
2023-11-20,TCS,0.004896810612466718,0.48968106124667177
2023-11-21,TCS,-0.0026708689694622256,-0.26708689694622256
2023-11-22,TCS,0.005683384887805287,0.5683384887805287
2023-11-23,TCS,-0.00620364145141028,-0.620364145141028
2023-11-24,TCS,-0.014579940508128386,-1.4579940508128386
2023-11-28,TCS,0.003774762727875247,0.3774762727875247
2023-11-29,TCS,0.012564454195746144,1.2564454195746144
2023-11-30,TCS,-0.007442254555153349,-0.7442254555153349
2023-12-01,TCS,0.006895739748695062,0.6895739748695062
2023-12-04,TCS,0.00022785016785986656,0.022785016785986656
2023-12-05,TCS,0.005452098550625006,0.5452098550625006
2023-12-06,TCS,0.02052895467831828,2.052895467831828
2023-12-07,TCS,0.0029965921602934653,0.29965921602934653
2023-12-08,TCS,0.0032642617546383423,0.32642617546383423
2023-12-11,TCS,0.004466730748959202,0.44667307489592023
2023-12-12,TCS,0.008015685078128332,0.8015685078128332
2023-12-13,TCS,-0.0213910450571404,-2.13910450571404
2023-12-14,TCS,0.020508926846272812,2.0508926846272812
2023-12-15,TCS,0.05283259984165545,5.283259984165545
2023-12-18,TCS,-0.00046636269137212416,-0.046636269137212416
2023-12-19,TCS,-0.011142131085385532,-1.1142131085385532
2023-12-20,TCS,-0.009472734124363669,-0.9472734124363669
2023-12-21,TCS,0.001970844700533103,0.1970844700533103
2023-12-22,TCS,0.009637057493012247,0.9637057493012247
2023-12-26,TCS,-0.007439966046692836,-0.7439966046692836
2023-12-27,TCS,0.004123308323387143,0.41233083233871426
2023-12-28,TCS,-0.0029649803145439524,-0.29649803145439524
2023-12-29,TCS,-0.001710612051944227,-0.1710612051944227
2024-01-01,TCS,0.004666167531725218,0.4666167531725218
2024-01-02,TCS,-0.0073209547881604164,-0.7320954788160416
2024-01-03,TCS,-0.024172639151385122,-2.4172639151385122
2024-01-04,TCS,-0.00675828523319999,-0.675828523319999
2024-01-05,TCS,0.01939017807267729,1.9390178072677289
2024-01-08,TCS,-0.01594462290215304,-1.5944622902153038
2024-01-09,TCS,0.0031535256931469746,0.31535256931469746
2024-01-10,TCS,0.006273830135902436,0.6273830135902436
2024-01-11,TCS,0.006059731318646566,0.6059731318646566
2024-01-12,TCS,0.039418661299269075,3.9418661299269075
2024-01-15,TCS,0.005408469636203561,0.5408469636203561
2024-01-16,TCS,-0.010886929026475145,-1.0886929026475145
2024-01-17,TCS,0.006034292849733891,0.6034292849733891
2024-01-18,TCS,0.004633712703072668,0.46337127030726677
2024-01-19,TCS,0.01740363232848341,1.740363232848341
2024-01-23,TCS,-0.021506010846161105,-2.1506010846161105
2024-01-24,TCS,-0.00426354590207112,-0.42635459020711197
2024-01-25,TCS,-0.008199322306478352,-0.8199322306478352
2024-01-29,TCS,-0.0024409101442042225,-0.24409101442042225
2024-01-30,TCS,-0.00011830974118431925,-0.011830974118431925
2024-01-31,TCS,0.004052116895478353,0.40521168954783526
2024-02-01,TCS,0.010010531766611486,1.0010531766611486
2024-02-02,TCS,0.02909858000218213,2.909858000218213
2024-02-05,TCS,0.001764833288672829,0.1764833288672829
2024-02-06,TCS,0.040948334287956634,4.094833428795663
2024-02-07,TCS,-0.012717734832890626,-1.2717734832890626
2024-02-08,TCS,0.012416164091400894,1.2416164091400894
2024-02-09,TCS,-9.658377724974798e-05,-0.009658377724974798
2024-02-12,TCS,-0.003144827660568894,-0.3144827660568894
2024-02-13,TCS,0.006988941349640676,0.6988941349640676
2024-02-14,TCS,-0.011904958282966893,-1.1904958282966893
2024-02-15,TCS,0.0007560416032534878,0.07560416032534878
2024-02-16,TCS,0.0061170862790689284,0.6117086279068928
2024-02-19,TCS,-0.005934655170352854,-0.5934655170352854
2024-02-20,TCS,-0.01782498454886572,-1.7824984548865719
2024-02-21,TCS,-0.009713079584984574,-0.9713079584984574
2024-02-22,TCS,0.02395100883784984,2.395100883784984
2024-02-23,TCS,-0.008563356144931866,-0.8563356144931866
2024-02-26,TCS,-0.01259849324849227,-1.259849324849227
2024-02-27,TCS,0.025830598902514268,2.583059890251427
2024-02-28,TCS,0.003545032048982266,0.3545032048982266
2024-02-29,TCS,-0.005790318658827842,-0.5790318658827842
2024-03-01,TCS,-0.00018321604936311076,-0.018321604936311076
2024-03-04,TCS,-0.0033338731032643842,-0.3333873103264384
2024-03-05,TCS,-0.016810879828693115,-1.6810879828693115
2024-03-06,TCS,0.013010761064222054,1.3010761064222054
2024-03-07,TCS,0.010899694286340855,1.0899694286340855
2024-03-11,TCS,0.003346719003975984,0.3346719003975984
2024-03-12,TCS,0.016956450105676035,1.6956450105676035
2024-03-13,TCS,-0.010316735552488354,-1.0316735552488354
2024-03-14,TCS,0.014123806070790668,1.4123806070790668
2024-03-15,TCS,0.0027689002680750807,0.27689002680750807
2024-03-18,TCS,-0.015820386212201054,-1.5820386212201054
2024-03-19,TCS,-0.04219143987208529,-4.219143987208529
2024-03-20,TCS,-0.0016090649819578973,-0.16090649819578973
2024-03-21,TCS,0.0005160620298008123,0.05160620298008123
2024-03-22,TCS,-0.015618116614602884,-1.5618116614602884
2024-03-26,TCS,-0.00854010474297029,-0.8540104742970289
2024-03-27,TCS,-0.009439111354815677,-0.9439111354815677
2024-03-28,TCS,0.009216634744041885,0.9216634744041885
2024-04-01,TCS,0.010435146370203041,1.0435146370203041
2024-04-02,TCS,-0.008412535372003482,-0.8412535372003482
2024-04-03,TCS,0.016349938482370208,1.6349938482370208
2024-04-04,TCS,0.014186894980440456,1.4186894980440456
2024-04-05,TCS,-0.0060075627029830825,-0.6007562702983082
2024-04-08,TCS,-0.0016836832933919688,-0.16836832933919688
2024-04-09,TCS,-0.0065449348849103695,-0.654493488491037
2024-04-10,TCS,0.00965398535879114,0.965398535879114
2024-04-12,TCS,0.004203603724291405,0.4203603724291405
2024-04-15,TCS,-0.015044802624983533,-1.5044802624983533
2024-04-16,TCS,-0.017355083497787027,-1.7355083497787027
2024-04-18,TCS,-0.0027886415622475624,-0.27886415622475624
2024-04-19,TCS,-0.009269806123260005,-0.9269806123260005
2024-04-22,TCS,0.010036136303515741,1.0036136303515741
2024-04-23,TCS,0.002613526741177319,0.2613526741177319
2024-04-24,TCS,-0.011265496322595436,-1.1265496322595436
2024-04-25,TCS,0.005520750389921947,0.5520750389921947
2024-04-26,TCS,-0.008008520235766592,-0.8008520235766592
2024-04-29,TCS,0.012783625428923306,1.2783625428923306
2024-04-30,TCS,-0.01280303665440441,-1.280303665440441
2024-05-02,TCS,0.011163008449421863,1.1163008449421863
2024-05-03,TCS,-0.0051510738088004215,-0.5151073808800422
2024-05-06,TCS,0.020203407062077128,2.0203407062077128
2024-05-07,TCS,0.014766468901256768,1.4766468901256768
2024-05-08,TCS,-0.0005025493192780672,-0.05025493192780672
2024-05-09,TCS,-0.004211808995812971,-0.4211808995812971
2024-05-10,TCS,-0.01674149709037953,-1.6741497090379531
2024-05-13,TCS,0.013842032578538221,1.3842032578538221
2024-05-14,TCS,-0.011804002682236026,-1.1804002682236026
2024-05-15,TCS,-0.005331641512989593,-0.5331641512989593
2024-05-16,TCS,0.012602421510400807,1.2602421510400807
2024-05-17,TCS,-0.017136874475115582,-1.7136874475115582
2024-05-21,TCS,-0.0036252976141815108,-0.3625297614181511
2024-05-22,TCS,0.003088840144662486,0.3088840144662486
2024-05-23,TCS,0.016036016047151103,1.6036016047151103
2024-05-24,TCS,-0.011288243319815927,-1.1288243319815927
2024-05-27,TCS,-0.0006364665065488051,-0.06364665065488051
2024-05-28,TCS,-0.0018585128446549914,-0.18585128446549914
2024-05-29,TCS,-0.009440331762562648,-0.9440331762562648
2024-05-30,TCS,-0.017759167791243202,-1.7759167791243202
2024-05-31,TCS,-0.017438079733613998,-1.7438079733613998
2024-06-03,TCS,0.008689920867067658,0.8689920867067658
2024-06-04,TCS,0.0032812658491847557,0.3281265849184756
2024-06-05,TCS,0.00846550050292727,0.846550050292727
2024-06-06,TCS,0.022408038794630825,2.2408038794630825
2024-06-07,TCS,0.016590829450016775,1.6590829450016775
2024-06-10,TCS,-0.00905239340968933,-0.905239340968933
2024-06-11,TCS,-0.0017103758936179991,-0.1710375893617999
2024-06-12,TCS,-0.005308876843862387,-0.5308876843862387
2024-06-13,TCS,0.012135725282848009,1.2135725282848009
2024-06-14,TCS,-0.011887049294684648,-1.1887049294684648
2024-06-18,TCS,-0.004423177803609568,-0.4423177803609568
2024-06-19,TCS,-0.003512384027465565,-0.3512384027465565
2024-06-20,TCS,-0.0038009257434169497,-0.38009257434169497
2024-06-21,TCS,0.006204999496478347,0.6204999496478347
2024-06-24,TCS,0.0015876473982350259,0.1587647398235026
2024-06-25,TCS,0.005672311443622791,0.5672311443622791
2024-06-26,TCS,0.004533004783122907,0.4533004783122907
2024-06-27,TCS,0.02030681373779597,2.030681373779597
2024-06-28,TCS,-0.007625506730180143,-0.7625506730180143
2024-07-01,TCS,0.01896690934192713,1.896690934192713
2024-07-02,TCS,0.009853817179775293,0.9853817179775293
2024-07-03,TCS,-0.012981068897537473,-1.2981068897537473
2024-07-04,TCS,0.014047005800581491,1.4047005800581491
2024-07-05,TCS,-0.002275580315886372,-0.2275580315886372
2024-07-08,TCS,-0.004636321217611927,-0.46363212176119273
2024-07-09,TCS,-0.0019283486712962095,-0.19283486712962095
2024-07-10,TCS,-0.019156846307398445,-1.9156846307398445
2024-07-11,TCS,0.003721919599286805,0.3721919599286805
2024-07-12,TCS,0.06632785058026647,6.632785058026647
2024-07-15,TCS,-0.003525372768824586,-0.3525372768824586
2024-07-16,TCS,0.0022186710401168597,0.22186710401168597
2024-07-18,TCS,0.032811093116449364,3.2811093116449364
2024-07-19,TCS,-0.0007317291402264559,-0.07317291402264559
2024-07-22,TCS,-0.003497879888635147,-0.3497879888635147
2024-07-23,TCS,0.0034986350168737523,0.34986350168737523
2024-07-24,TCS,0.0009065310978584318,0.09065310978584318
2024-07-25,TCS,0.0037735070719771002,0.37735070719771
2024-07-26,TCS,0.015118505828324968,1.5118505828324968
2024-07-29,TCS,-0.001538119344119071,-0.1538119344119071
2024-07-30,TCS,-0.003595073674808047,-0.3595073674808047
2024-07-31,TCS,0.004581615603715061,0.4581615603715061
2024-08-01,TCS,0.0026792058606361913,0.2679205860636191
2024-08-02,TCS,-0.02593757853182943,-2.593757853182943
2024-08-05,TCS,-0.02988516678012043,-2.988516678012043
2024-08-06,TCS,0.0038869800776775154,0.38869800776775154
2024-08-07,TCS,0.007012313379874291,0.7012313379874291
2024-08-08,TCS,-0.006642235126227414,-0.6642235126227414
2024-08-09,TCS,0.013468837705868264,1.3468837705868264
2024-08-12,TCS,-0.007827261112963946,-0.7827261112963946
2024-08-13,TCS,0.0003100287537576296,0.03100287537576296
2024-08-14,TCS,0.023421768080078564,2.3421768080078564
2024-08-16,TCS,0.02812401252104202,2.812401252104202
2024-08-19,TCS,0.016745869379195977,1.6745869379195977
2024-08-20,TCS,0.007416193258799941,0.7416193258799941
2024-08-21,TCS,0.006234317912335419,0.6234317912335419
2024-08-22,TCS,-0.010875139185407834,-1.0875139185407834
2024-08-23,TCS,-0.008463197070288087,-0.8463197070288087
2024-08-26,TCS,0.008635981206409404,0.8635981206409404
2024-08-27,TCS,-0.0011770907601876823,-0.11770907601876823
2024-08-28,TCS,0.0019790108451758215,0.19790108451758215
2024-08-29,TCS,0.0012759901345200664,0.12759901345200664
2024-08-30,TCS,0.009298081674388614,0.9298081674388614
2024-09-02,TCS,-0.0071810301696751955,-0.7181030169675195
2024-09-03,TCS,-0.0019242584083861702,-0.19242584083861702
2024-09-04,TCS,-0.0073355508133153835,-0.7335550813315384
2024-09-05,TCS,-0.000736500147077046,-0.0736500147077046
2024-09-06,TCS,-0.004289808540258067,-0.42898085402580666
2024-09-09,TCS,-0.0016154614483846474,-0.16154614483846474
2024-09-10,TCS,0.013102642722599978,1.3102642722599978
2024-09-11,TCS,-0.006322488291871875,-0.6322488291871875
2024-09-12,TCS,0.008561490341586708,0.8561490341586708
2024-09-13,TCS,0.0010845867117361685,0.10845867117361685
2024-09-16,TCS,-0.0020673488569269427,-0.20673488569269427
2024-09-17,TCS,-0.0016839721854048362,-0.16839721854048362
2024-09-18,TCS,-0.03540008816078155,-3.540008816078155
2024-09-19,TCS,-0.011504398881236777,-1.1504398881236777
2024-09-20,TCS,-0.0026184333721315234,-0.26184333721315234
2024-09-23,TCS,-0.00382751052241892,-0.382751052241892
2024-09-24,TCS,0.0006558936110274693,0.06558936110274693
2024-09-25,TCS,0.000807671053938197,0.0807671053938197
2024-09-26,TCS,0.004152325497763343,0.4152325497763343
2024-09-27,TCS,0.0037740857458030685,0.37740857458030685
2024-09-30,TCS,-0.009329937316980397,-0.9329937316980397
2024-10-01,TCS,0.00454502136486945,0.45450213648694504
2024-10-03,TCS,-0.01286198127571847,-1.286198127571847
2024-10-04,TCS,0.0046070629960983656,0.46070629960983656
2024-10-07,TCS,0.004844314393155136,0.4844314393155136
2024-10-08,TCS,-0.004586950867706996,-0.4586950867706996
2024-10-09,TCS,-7.049539231362978e-05,-0.007049539231362978
2024-10-10,TCS,-0.006007792483512131,-0.6007792483512131
2024-10-11,TCS,-0.0184981962546098,-1.84981962546098
2024-10-14,TCS,-0.003024668292219479,-0.3024668292219479
2024-10-15,TCS,-0.004798579471064879,-0.4798579471064879
2024-10-16,TCS,-0.0053074758888623785,-0.5307475888862379
2024-10-17,TCS,0.0034309701511692214,0.34309701511692214
2024-10-18,TCS,0.005867161883388317,0.5867161883388317
2024-10-21,TCS,-0.010477635070064606,-1.0477635070064606
2024-10-22,TCS,-0.015772577165963253,-1.5772577165963253
2024-10-23,TCS,0.012638601717509745,1.2638601717509745
2024-10-24,TCS,-0.004512883592204253,-0.4512883592204253
2024-10-25,TCS,0.0023840164625554827,0.23840164625554827
2024-10-28,TCS,0.00820692008173185,0.820692008173185
2024-10-29,TCS,-0.0038133519029368568,-0.3813351902936857
2024-10-30,TCS,0.0023065212857751316,0.23065212857751316
2024-10-31,TCS,-0.028447907007280726,-2.8447907007280726
2024-11-01,TCS,0.003968818595753376,0.3968818595753376
2024-11-04,TCS,-0.005032505642627916,-0.5032505642627916
2024-11-05,TCS,0.0018164137863081464,0.18164137863081464
2024-11-06,TCS,0.042378488159369176,4.237848815936918
2024-11-07,TCS,0.0027176492498632854,0.27176492498632854
2024-11-08,TCS,-0.0009394673215235017,-0.09394673215235017
2024-11-11,TCS,0.012466664041236308,1.2466664041236308
2024-11-12,TCS,-0.0003096114984428855,-0.03096114984428855
2024-11-13,TCS,-0.011209234039108895,-1.1209234039108895
2024-11-14,TCS,-0.0010722943138083973,-0.10722943138083973
2024-11-18,TCS,-0.0304878210709415,-3.04878210709415
2024-11-19,TCS,0.0049881786329475375,0.49881786329475375
2024-11-21,TCS,0.008243489165324469,0.8243489165324469
2024-11-22,TCS,0.04216939083916227,4.216939083916227
2024-11-25,TCS,0.01660943346947308,1.6609433469473078
2024-11-26,TCS,0.00871344561002263,0.871344561002263
2024-11-27,TCS,-0.004629339377064223,-0.4629339377064223
2024-11-28,TCS,-0.020230469970980436,-2.0230469970980436
2024-11-29,TCS,0.006113102084049693,0.6113102084049693
2024-12-02,TCS,0.0013581447375834443,0.13581447375834443
2024-12-03,TCS,0.00610302494053494,0.610302494053494
2024-12-04,TCS,0.01200388381195272,1.200388381195272
2024-12-05,TCS,0.025181207407229067,2.5181207407229067
2024-12-06,TCS,-0.004155245027916976,-0.4155245027916976
2024-12-09,TCS,0.0014959028960415122,0.14959028960415122
2024-12-10,TCS,-0.004402459583572216,-0.4402459583572216
2024-12-11,TCS,-0.001150398860530255,-0.11503988605302551
2024-12-12,TCS,0.006211208809088431,0.6211208809088431
2024-12-13,TCS,0.004253761686958679,0.4253761686958679
2024-12-16,TCS,-0.013120552000215668,-1.3120552000215668
2024-12-17,TCS,-0.01963689272336755,-1.963689272336755
2024-12-18,TCS,0.004470507110678312,0.44705071106783123
2024-12-19,TCS,-0.017468542695583067,-1.7468542695583067
2024-12-20,TCS,-0.02378338255988366,-2.378338255988366
2024-12-23,TCS,-0.0028775168607891866,-0.28775168607891866
2024-12-24,TCS,0.005098428511458808,0.5098428511458808
2024-12-26,TCS,-0.0024883956615586733,-0.24883956615586733
2024-12-27,TCS,-0.0010193705556588162,-0.10193705556588162
2024-12-30,TCS,-0.0014526313404314983,-0.14526313404314983
2024-12-31,TCS,-0.015389065532589119,-1.538906553258912
2025-01-01,TCS,0.004310425678462737,0.4310425678462737
2025-01-02,TCS,0.015392122428659727,1.5392122428659727
2025-01-03,TCS,-0.018164390033735933,-1.8164390033735933
2025-01-06,TCS,-0.0011951442565076853,-0.11951442565076853
2025-01-07,TCS,-0.01628805766704744,-1.628805766704744
2025-01-08,TCS,0.019884203766022956,1.9884203766022956
2025-01-09,TCS,-0.016928700928474316,-1.6928700928474316
2025-01-10,TCS,0.056154627763302045,5.6154627763302045
2025-01-13,TCS,0.005966233419695044,0.5966233419695044
2025-01-14,TCS,-0.013527984382009084,-1.3527984382009084
2025-01-15,TCS,0.003909800436379118,0.39098004363791183
2025-01-16,TCS,-0.010189366269286682,-1.0189366269286682
2025-01-17,TCS,-0.0014526508369335778,-0.14526508369335778
2025-01-20,TCS,-0.011274499799625914,-1.1274499799625914
2025-01-21,TCS,-0.010287476558184405,-1.0287476558184405
2025-01-22,TCS,0.02991936301694431,2.991936301694431
2025-01-23,TCS,-0.0026823733669275596,-0.26823733669275596
2025-01-24,TCS,0.0016643590584561885,0.16643590584561885
2025-01-27,TCS,-0.021000214363175895,-2.1000214363175895
2025-01-28,TCS,-0.006112873278393716,-0.6112873278393716
2025-01-29,TCS,0.014726559896861557,1.4726559896861557
2025-01-30,TCS,6.102710501298958e-05,0.006102710501298958
2025-01-31,TCS,0.0030121818865904704,0.30121818865904704
2025-02-01,TCS,-0.00954432503145286,-0.954432503145286
2025-02-03,TCS,-0.0011047903296657058,-0.11047903296657058
2025-02-04,TCS,0.009437987996584907,0.9437987996584907
2025-02-05,TCS,-0.0038835474755907207,-0.38835474755907207
2025-02-06,TCS,-0.002041016510407223,-0.2041016510407223
2025-02-07,TCS,-0.013067116605695706,-1.3067116605695706
2025-02-10,TCS,0.0018736601142224085,0.18736601142224085
2025-02-11,TCS,-0.018182023381350554,-1.8182023381350554
2025-02-12,TCS,-0.003380821872614792,-0.3380821872614792
2025-02-13,TCS,-0.010126174469354265,-1.0126174469354265
2025-02-14,TCS,0.0063169424044919875,0.6316942404491988
2025-02-17,TCS,-0.0077131279259818886,-0.7713127925981889
2025-02-18,TCS,-0.00801647980291953,-0.8016479802919529
2025-02-19,TCS,-0.023004142545348993,-2.3004142545348993
2025-02-20,TCS,-0.0012421020911326242,-0.12421020911326242
2025-02-21,TCS,0.0017462817445790257,0.17462817445790257
2025-02-24,TCS,-0.02916006748586597,-2.916006748586597
2025-02-25,TCS,-0.012528493026758625,-1.2528493026758625
2025-02-27,TCS,-0.004683814839673506,-0.4683814839673506
2025-02-28,TCS,-0.03579191114878355,-3.579191114878355
2025-03-03,TCS,0.0028135303964813563,0.2813530396481356
2025-03-04,TCS,0.011164993955129043,1.1164993955129043
2025-03-05,TCS,0.004246779169305048,0.42467791693050483
2025-03-06,TCS,0.015378920383402939,1.5378920383402939
2025-03-07,TCS,0.002665616153132211,0.2665616153132211
2025-03-10,TCS,-0.00596763147450341,-0.596763147450341
2025-03-11,TCS,-0.003997572543844585,-0.3997572543844585
2025-03-12,TCS,-0.019327034427992218,-1.9327034427992218
2025-03-13,TCS,0.0013832779738274237,0.13832779738274237
2025-03-17,TCS,-0.0038023153772219764,-0.38023153772219764
2025-03-18,TCS,0.0,0.0
2025-03-19,TCS,-0.00017147172637288488,-0.017147172637288488
2025-03-20,TCS,0.018886912005049883,1.8886912005049883
2025-03-21,TCS,0.00419591472992753,0.419591472992753
2025-03-24,TCS,0.014211407080877203,1.4211407080877203
2025-03-25,TCS,0.007936152716872424,0.7936152716872424
2025-03-26,TCS,-0.006000903868859875,-0.6000903868859875
2025-03-27,TCS,0.0042356138900270235,0.42356138900270235
2025-03-28,TCS,-0.012338609955317659,-1.2338609955317659
2025-04-01,TCS,-0.015348588342733338,-1.5348588342733338
2025-04-02,TCS,-0.0019291697762918725,-0.19291697762918725
2025-04-03,TCS,-0.03972973991792372,-3.9729739917923723
2025-04-04,TCS,-0.030486364534045185,-3.0486364534045185
2025-04-07,TCS,-0.0076832584261861125,-0.7683258426186113
2025-04-08,TCS,0.0057726843103904635,0.5772684310390463
2025-04-09,TCS,-0.014075483488343532,-1.4075483488343532
2025-04-11,TCS,-0.004651009383682236,-0.46510093836822364
2025-04-15,TCS,0.005167880030116034,0.5167880030116034
2025-04-16,TCS,0.007881313851329397,0.7881313851329397
2025-04-17,TCS,0.007666756614974624,0.7666756614974624
2025-04-21,TCS,0.006881204439008526,0.6881204439008526
2025-04-22,TCS,-0.002167680787693027,-0.2167680787693027
2025-04-23,TCS,0.029749050608481875,2.9749050608481875
2025-04-24,TCS,-0.003340248031649007,-0.3340248031649007
2025-04-25,TCS,0.013640656997484513,1.3640656997484513
2025-04-28,TCS,-0.001305023020991336,-0.1305023020991336
2025-04-29,TCS,0.008421561727608218,0.8421561727608218
2025-04-30,TCS,-0.005413945646761009,-0.5413945646761009
2025-05-02,TCS,-0.006572628939780056,-0.6572628939780056
2025-05-05,TCS,0.006791069449955556,0.6791069449955556
2025-05-06,TCS,0.001650118535203804,0.1650118535203804
2025-05-07,TCS,-0.004306347385682252,-0.4306347385682252
2025-05-08,TCS,0.0011028921986198092,0.11028921986198092
2025-05-09,TCS,-0.002493383294540852,-0.24933832945408518
2025-05-12,TCS,0.052349921670025834,5.234992167002583
2025-05-13,TCS,-0.029112777289091674,-2.9112777289091674
2025-05-14,TCS,0.009587450582935642,0.9587450582935642
2025-05-15,TCS,0.008791940681147858,0.8791940681147858
2025-05-16,TCS,-0.005195582122992648,-0.5195582122992648
2025-05-19,TCS,-0.0119338704462858,-1.19338704462858
2025-05-20,TCS,-0.005825803216890857,-0.5825803216890857
2025-05-21,TCS,0.007860960733237388,0.7860960733237388
2025-05-22,TCS,-0.013840934780896208,-1.3840934780896208
2025-05-23,TCS,0.010813951732284499,1.08139517322845
2025-05-26,TCS,0.006458813492202786,0.6458813492202786
2025-05-27,TCS,-0.01091231471430576,-1.091231471430576
2025-05-28,TCS,-0.0002858271451326999,-0.02858271451326999
2025-05-29,TCS,0.00011443713927472565,0.011443713927472565
2025-05-30,TCS,-0.00991979205582183,-0.991979205582183
2025-06-02,TCS,-0.003926646412971024,-0.39266464129710243
2025-06-03,TCS,-0.01292843840097413,-1.292843840097413
2025-06-04,TCS,0.0016888792870091152,0.16888792870091152
2025-06-05,TCS,-0.0028985981908249414,-0.28985981908249414
2025-06-06,TCS,0.0038858463479001237,0.3885846347900124
2025-06-09,TCS,0.011140089772700312,1.1140089772700312
2025-06-10,TCS,0.011981571630630405,1.1981571630630405
2025-06-11,TCS,0.002598981214099627,0.2598981214099627
2025-06-12,TCS,-0.010858544605813925,-1.0858544605813925
2025-06-13,TCS,0.00334862812337966,0.334862812337966
2025-06-16,TCS,0.01468507121546847,1.468507121546847
2025-06-17,TCS,0.005434217457872315,0.5434217457872315
2025-06-18,TCS,-0.018177740536456488,-1.8177740536456488
2025-06-19,TCS,-0.007938686910979875,-0.7938686910979875
2025-06-20,TCS,0.003417023089365312,0.3417023089365312
2025-06-23,TCS,-0.01225365954508606,-1.225365954508606
2025-06-24,TCS,-0.0009430110946462289,-0.09430110946462289
2025-06-25,TCS,0.016045342175286192,1.6045342175286192
2025-06-26,TCS,-0.0008709283322785311,-0.0870928332278531
2025-06-27,TCS,-0.00020326279032223393,-0.020326279032223393
2025-06-30,TCS,0.006073469450702307,0.6073469450702307
2025-07-01,TCS,-0.009329875869420357,-0.9329875869420357
2025-07-02,TCS,-0.001865947554398395,-0.1865947554398395
2025-07-03,TCS,-0.0065725765249750046,-0.6572576524975005
2025-07-04,TCS,0.005586894366741424,0.5586894366741424
2025-07-07,TCS,-0.0023685998917164497,-0.23685998917164497
2025-07-08,TCS,-0.0016121058176178371,-0.1612105817617837
2025-07-09,TCS,-0.006576135505813485,-0.6576135505813485
2025-07-10,TCS,-0.0005319469787221642,-0.05319469787221642
2025-07-11,TCS,-0.034299381881318314,-3.4299381881318314
2025-07-14,TCS,-0.01325775211844682,-1.325775211844682
2025-07-15,TCS,0.009184892270926115,0.9184892270926115
2025-07-16,TCS,-0.002529811857402642,-0.2529811857402642
2025-07-17,TCS,-0.007392324544070017,-0.7392324544070017
2025-07-18,TCS,-0.00601404711784026,-0.601404711784026
2025-07-21,TCS,-0.009937466166931697,-0.9937466166931697
2025-07-22,TCS,0.00044322304714761174,0.044322304714761174
2025-07-23,TCS,0.006171631355441187,0.6171631355441187
2025-07-24,TCS,-0.009782544013329786,-0.9782544013329786
2025-07-25,TCS,-0.003875521606194532,-0.3875521606194532
2025-07-28,TCS,-0.018017741880684168,-1.8017741880684168
2025-07-29,TCS,-0.007566666107903908,-0.7566666107903908
2025-07-30,TCS,-0.0007853754259282697,-0.07853754259282697
2025-07-31,TCS,-0.005501699264810811,-0.5501699264810811
2025-08-01,TCS,-0.011130167453644368,-1.1130167453644368
2025-08-04,TCS,0.023776251013969407,2.3776251013969407
2025-08-05,TCS,-0.0034153189635308667,-0.3415318963530867
2025-08-06,TCS,-0.010313685420270557,-1.0313685420270557
2025-08-07,TCS,0.004847865231157877,0.48478652311578774
2025-08-08,TCS,-0.0034789107724645385,-0.34789107724645385
2025-08-11,TCS,0.0014491633416022776,0.14491633416022776
2025-08-12,TCS,-0.001775865191787962,-0.1775865191787962
2025-08-13,TCS,0.00026354056954080995,0.026354056954080995
2025-08-14,TCS,-0.0045780831377887354,-0.45780831377887354
2025-08-18,TCS,-0.003672664182046592,-0.3672664182046592
2025-08-19,TCS,0.001660492596477825,0.1660492596477825
2025-08-20,TCS,0.027319156161141667,2.7319156161141667
2025-08-21,TCS,0.0012909906137301697,0.12909906137301697
2025-08-22,TCS,-0.015664345109293154,-1.5664345109293154
2025-08-25,TCS,0.02835630652979515,2.835630652979515
2025-08-26,TCS,0.005285492455895158,0.5285492455895158
2025-08-28,TCS,-0.020112755265213056,-2.0112755265213056
2025-08-29,TCS,-0.0029090831382656557,-0.29090831382656557
2025-09-01,TCS,0.009044600730373498,0.9044600730373498
2025-09-02,TCS,-0.0003533193928069167,-0.03533193928069167
2025-09-03,TCS,-0.004499406867393585,-0.4499406867393585
2025-09-04,TCS,-0.0005812833811073004,-0.05812833811073004
2025-09-05,TCS,-0.015311569141781889,-1.5311569141781889
2025-09-08,TCS,-0.009611973400784235,-0.9611973400784235
2025-09-09,TCS,0.01006961795403205,1.006961795403205
2025-09-10,TCS,0.01987283884701596,1.9872838847015961
2025-09-11,TCS,0.004565922950080958,0.45659229500809584
2025-09-12,TCS,0.0029446548938527606,0.29446548938527606
2025-09-15,TCS,-0.006861481464229602,-0.6861481464229602
2025-09-16,TCS,0.010861479408571295,1.0861479408571295
2025-09-17,TCS,0.008614993733036203,0.8614993733036203
2025-09-18,TCS,0.0012292231002259957,0.12292231002259957
2025-09-19,TCS,-0.002361056125370631,-0.23610561253706308
2025-09-22,TCS,-0.03010211863451462,-3.010211863451462
2025-09-23,TCS,-0.0037088267412744846,-0.37088267412744846
2025-09-24,TCS,-0.008816614599009842,-0.8816614599009842
2025-09-25,TCS,-0.0256967971611336,-2.56967971611336
2025-09-26,TCS,-0.019713108950485947,-1.9713108950485947
2025-09-29,TCS,-0.0010349597111234399,-0.10349597111234399
2025-09-30,TCS,-0.0026587389735029943,-0.2658738973502994
2025-10-01,TCS,0.008932306558979475,0.8932306558979475
2025-10-03,TCS,-0.004220737605155289,-0.4220737605155289
2025-10-06,TCS,0.02980805122839847,2.980805122839847
2025-10-07,TCS,-0.004919080898000305,-0.49190808980003053
2025-10-08,TCS,0.017991173847499597,1.7991173847499597
2025-10-09,TCS,0.01139670730243525,1.139670730243525
2025-10-10,TCS,-0.010909009670644343,-1.0909009670644343
2025-10-13,TCS,-0.006967619767011546,-0.6967619767011546
2025-10-14,TCS,-0.015595857384468781,-1.559585738446878
2025-10-15,TCS,0.006950726128025275,0.6950726128025275
2025-10-16,TCS,0.00030307905458437645,0.030307905458437645
2025-10-17,TCS,-0.002861365990575071,-0.2861365990575071
2025-10-20,TCS,0.017892137809134345,1.7892137809134345
2025-10-21,TCS,-0.0028189684853908714,-0.28189684853908714
2025-10-23,TCS,0.022117213767940624,2.2117213767940624
2025-10-24,TCS,-0.0032539302042934315,-0.32539302042934315
2025-10-27,TCS,0.007084031677260905,0.7084031677260905
2025-10-28,TCS,-0.008752225441310713,-0.8752225441310713
2025-10-29,TCS,-9.808810217004638e-05,-0.009808810217004638
2025-10-30,TCS,-0.007293366961630965,-0.7293366961630965
2025-10-31,TCS,0.00747865325484498,0.747865325484498
2025-11-03,TCS,-0.01347283922236231,-1.347283922236231
2025-11-04,TCS,-0.008817200292025706,-0.8817200292025706
2025-11-06,TCS,0.006922583068709409,0.6922583068709409
2025-11-07,TCS,-0.006343575521699063,-0.6343575521699063
2025-11-10,TCS,0.011163724407185827,1.1163724407185827
2025-11-11,TCS,0.0072061766750126655,0.7206176675012665
2025-11-12,TCS,0.02783063238573047,2.783063238573047
2025-11-13,TCS,-0.008333836198424094,-0.8333836198424094
2025-11-14,TCS,9.657842384180881e-05,0.009657842384180881
2025-11-17,TCS,-0.0012234260644071737,-0.12234260644071737
2025-11-18,TCS,-0.0048674423270759215,-0.48674423270759215
2025-11-19,TCS,0.019629993190572126,1.9629993190572126
2025-11-20,TCS,-0.0009211881153695645,-0.09211881153695645
2025-11-21,TCS,0.0018441555261188292,0.18441555261188292
2025-11-24,TCS,-0.002983507287500964,-0.2983507287500964
2025-11-25,TCS,-0.007003693667537614,-0.7003693667537614
2025-11-26,TCS,0.01400994107168696,1.400994107168696
2025-11-27,TCS,-0.008315086480391476,-0.8315086480391476
2025-11-28,TCS,0.00028688096265372387,0.028688096265372387
2025-12-01,TCS,-0.0013068234025789272,-0.13068234025789272
2025-12-02,TCS,0.000734104633679733,0.0734104633679733
2025-12-03,TCS,0.014127610935919632,1.4127610935919632
2025-12-04,TCS,0.015471658461697624,1.5471658461697624
2025-12-05,TCS,0.0027870934985261275,0.27870934985261275
2025-12-08,TCS,-0.0005249365186679178,-0.05249365186679178
2025-12-09,TCS,-0.008713122039908594,-0.8713122039908594
2025-12-10,TCS,-0.005953268794251287,-0.5953268794251287
2025-12-11,TCS,0.0008465275767657321,0.08465275767657321
2025-12-12,TCS,0.008960189870690138,0.8960189870690138
2025-12-15,TCS,0.0030119655029656744,0.30119655029656744
2025-12-16,TCS,-0.00777034188672987,-0.777034188672987
2025-12-17,TCS,0.003962427599463858,0.3962427599463858
2025-12-18,TCS,0.01957861346253953,1.957861346253953
2025-12-19,TCS,0.0003656956761814989,0.03656956761814989
2025-12-22,TCS,0.013071311218222137,1.3071311218222137
2025-12-23,TCS,-0.004481384353624107,-0.4481384353624107
2025-12-24,TCS,0.0027190580197862246,0.27190580197862246
2025-12-26,TCS,-0.011750455999179898,-1.1750455999179898
2025-12-29,TCS,-0.008689167121902486,-0.8689167121902486
2025-12-30,TCS,-0.0014454228976116257,-0.14454228976116257
2025-12-31,TCS,-0.01250463662079171,-1.250463662079171
2026-01-01,TCS,0.0066121841967967665,0.6612184196796766
2026-01-02,TCS,0.007219463689806416,0.7219463689806416
2026-01-05,TCS,-0.010643835128568035,-1.0643835128568035
2026-01-06,TCS,0.012344133767710597,1.2344133767710597
2026-01-07,TCS,0.012224348743963276,1.2224348743963276
2026-01-08,TCS,-0.027825026827415944,-2.7825026827415944
2026-01-09,TCS,0.0012172749140475503,0.12172749140475503
2026-01-12,TCS,0.009913447560935262,0.9913447560935262
2026-01-13,TCS,0.008766403821825142,0.8766403821825142
2026-01-14,TCS,-0.023102788646099826,-2.3102788646099826
2026-01-15,TCS,0.0,0.0
2026-01-16,TCS,0.022707640360314585,2.2707640360314585
2026-01-19,TCS,-0.013440520237555598,-1.3440520237555598
2026-01-20,TCS,-0.019376657928196983,-1.9376657928196983
2026-01-21,TCS,0.006543522779421718,0.6543522779421718
2026-01-22,TCS,0.008902767314289628,0.8902767314289628
2026-01-23,TCS,0.0038407873898465006,0.38407873898465006
2026-01-27,TCS,-0.0014229047381563165,-0.14229047381563165
2026-01-28,TCS,0.01333130274311678,1.333130274311678
2026-01-29,TCS,-0.017405808436043002,-1.7405808436043002
2026-01-30,TCS,-0.006519531136254586,-0.6519531136254586
2026-02-02,TCS,0.014629230792389425,1.4629230792389425
2026-02-03,TCS,0.017573142208165082,1.7573142208165082
2026-02-04,TCS,-0.07013294661283864,-7.013294661283864
2026-02-05,TCS,-0.0025341201112869527,-0.25341201112869527
2026-02-06,TCS,-0.0166806367148169,-1.6680636714816899
2026-02-09,TCS,0.0022437183793835302,0.22437183793835302
2026-02-10,TCS,0.012346539613439234,1.2346539613439234
2026-02-11,TCS,-0.025062001849009752,-2.506200184900975
2026-02-12,TCS,-0.05488356709752973,-5.488356709752972
2026-02-13,TCS,-0.02105379533767593,-2.105379533767593
2026-02-16,TCS,0.005348876067843733,0.5348876067843733
2026-02-17,TCS,0.0039901524882470785,0.39901524882470785
2026-02-18,TCS,-0.00827994796042042,-0.827994796042042
2026-02-19,TCS,-0.006308225011023683,-0.6308225011023683
2026-02-20,TCS,0.00309943481932895,0.309943481932895
2026-02-23,TCS,-0.003685433022402429,-0.3685433022402429
2026-02-24,TCS,-0.038336540696323196,-3.8336540696323196
2026-02-25,TCS,0.021603163841764195,2.1603163841764195
2026-02-26,TCS,0.006997994530261842,0.6997994530261842
2026-02-27,TCS,-0.003890128422069261,-0.3890128422069261
2026-03-02,TCS,-0.009061943817042617,-0.9061943817042617
2026-03-04,TCS,-0.009833497332849994,-0.9833497332849994
2026-03-05,TCS,-0.0034779042081746203,-0.34779042081746203
2026-03-06,TCS,-0.00822084259439626,-0.822084259439626
2026-03-09,TCS,-0.011808053466025537,-1.1808053466025537
2026-03-10,TCS,-0.005657880034987017,-0.5657880034987017
2026-03-11,TCS,-0.01917960685790865,-1.9179606857908649
2026-03-12,TCS,-0.009128131281324947,-0.9128131281324947
2026-03-13,TCS,-0.01306087680065715,-1.306087680065715
2026-03-16,TCS,-0.0005393155904525049,-0.05393155904525049
2026-03-17,TCS,-0.007263879508167981,-0.7263879508167981
2026-03-18,TCS,0.02052941937722852,2.052941937722852
2026-03-19,TCS,-0.03474276110078034,-3.474276110078034
2026-03-20,TCS,0.014685991154442357,1.4685991154442357
2026-03-23,TCS,-0.00284454234206033,-0.284454234206033
2026-03-24,TCS,0.006292524089351659,0.6292524089351659
2026-03-25,TCS,-0.00892120996380008,-0.8921209963800081
2026-03-27,TCS,0.00521581510323732,0.521581510323732
2026-03-30,TCS,-0.012930025669942169,-1.293002566994217
2026-04-01,TCS,0.020899680038055868,2.089968003805587
2026-04-02,TCS,0.01764796861977236,1.7647968619772358
2026-04-06,TCS,0.009466713706658192,0.9466713706658192
2026-04-07,TCS,0.02663818437456622,2.663818437456622
2026-04-08,TCS,0.0076383117206269,0.76383117206269
2026-04-09,TCS,0.011644243478057925,1.1644243478057925
2026-04-10,TCS,-0.024990327347917396,-2.4990327347917396
2026-04-13,TCS,-0.020480827820098302,-2.04808278200983
2026-04-15,TCS,0.033284643798282776,3.3284643798282776
2026-04-16,TCS,0.008610934412301985,0.8610934412301985
2026-04-17,TCS,0.0017851704847950955,0.17851704847950955
2026-04-20,TCS,-0.000735965737691413,-0.0735965737691413
2026-04-21,TCS,0.011978571828847429,1.1978571828847429
2026-04-22,TCS,-0.02758100689484666,-2.758100689484666
2026-04-23,TCS,-0.006578677830816226,-0.6578677830816226
2026-04-24,TCS,-0.04952810595747359,-4.9528105957473585
2026-04-27,TCS,0.021152340197958308,2.115234019795831
2026-04-28,TCS,-0.001184876037325644,-0.1184876037325644
2026-04-29,TCS,0.012271440290016145,1.2271440290016145
2026-04-30,TCS,-0.00032323788850752155,-0.032323788850752155
2026-05-01,TCS,0.0,0.0
2026-05-04,TCS,-0.017219717952895564,-1.7219717952895564
2026-05-05,TCS,-0.0016452438055449825,-0.16452438055449825
2026-05-06,TCS,0.003336911744250326,0.3336911744250326
2026-05-07,TCS,-0.013960673993727801,-1.3960673993727801
2026-05-08,TCS,-0.002914948045045218,-0.2914948045045218
2026-05-11,TCS,-0.0006264875051644747,-0.06264875051644747
2026-05-12,TCS,-0.038697715313190106,-3.8697715313190106
2026-05-13,TCS,-0.011954948318025238,-1.1954948318025238
2026-05-14,TCS,-0.011791653995296691,-1.1791653995296691
2026-05-15,TCS,0.008014133517786348,0.8014133517786348
2026-05-18,TCS,0.008480562885712306,0.8480562885712306
2026-05-19,TCS,0.019227567093740072,1.9227567093740072
2026-05-20,TCS,0.0001287286537901,0.012872865379010001
2026-05-21,TCS,-8.584369114617019e-05,-0.008584369114617019
2026-05-22,TCS,-0.004253957488008608,-0.42539574880086084
2026-05-25,TCS,0.009578768467982224,0.9578768467982224
2026-05-26,TCS,-0.013863695533430809,-1.3863695533430809
2026-05-27,TCS,0.0035147038427931765,0.35147038427931765
2026-05-28,TCS,0.0,0.0
2026-05-29,TCS,-0.011076119411967511,-1.107611941196751
2026-06-01,TCS,0.0170436861551837,1.7043686155183702
2026-06-02,TCS,0.06507358393714768,6.507358393714768
2026-06-03,TCS,-0.08386122221554515,-8.386122221554515
2026-06-04,TCS,-0.0003122011517167067,-0.03122011517167067
2026-06-05,TCS,-0.018786335800248022,-1.8786335800248022
2026-06-08,TCS,-0.02160170492476765,-2.160170492476765
2026-06-09,TCS,-0.00018587231222533251,-0.01858723122253325
2026-06-10,TCS,0.0013481386260374428,0.13481386260374428
2026-06-11,TCS,-0.008496096254216212,-0.8496096254216212
2026-06-12,TCS,0.012080851356331301,1.2080851356331301
2026-06-15,TCS,0.00027757530025041,0.027757530025041
2026-06-16,TCS,0.01711383174475789,1.711383174475789
2026-06-17,TCS,0.01091405793354494,1.091405793354494
2026-06-18,TCS,-0.008861877462246093,-0.8861877462246093
2026-06-19,TCS,-0.03553761041857817,-3.553761041857817
2026-06-22,TCS,0.0013176169639199653,0.13176169639199653
2026-06-23,TCS,-0.03205189512667539,-3.205189512667539
2026-06-24,TCS,0.02398523787326501,2.398523787326501
2026-06-25,TCS,-0.006780534579050257,-0.6780534579050257
2026-06-26,TCS,0.0,0.0
2026-06-29,TCS,0.0015276973068651944,0.15276973068651944
2026-06-30,TCS,-0.03165066334040867,-3.165066334040867
2026-07-01,TCS,-0.02407086139105219,-2.407086139105219
2026-07-02,TCS,0.04312527526027221,4.312527526027221
2026-07-03,TCS,0.012281675910466694,1.2281675910466694
2026-07-06,TCS,-0.017148252342576664,-1.7148252342576664
2026-07-07,TCS,0.018711109987005425,1.8711109987005425
2026-07-08,TCS,-0.018415158181329327,-1.8415158181329327
2026-07-09,TCS,-0.003888235901543191,-0.3888235901543191
2026-07-10,TCS,0.009514461356034731,0.9514461356034731
2026-07-13,TCS,0.05437418749512801,5.437418749512801
2026-07-14,TCS,0.008755444513198984,0.8755444513198984
2026-07-15,TCS,0.0002740809142187661,0.027408091421876613
2026-07-16,TCS,0.0053901192633447614,0.5390119263344761
2026-07-17,TCS,0.030895047705588263,3.0895047705588263
2026-07-20,TCS,-0.007888894818752767,-0.7888894818752767
2026-07-21,TCS,-0.013326817421950632,-1.3326817421950632
2026-07-22,TCS,-0.005762932000062393,-0.5762932000062393
2026-07-23,TCS,0.015668094348857187,1.5668094348857187
2026-07-24,TCS,0.00508277095757248,0.508277095757248
2026-07-27,TCS,0.01832056422550954,1.832056422550954
2026-07-28,TCS,0.04460702996497412,4.460702996497412
2026-07-29,TCS,0.020266929798269384,2.0266929798269384
2026-07-30,TCS,-0.006049230866255084,-0.6049230866255084
2026-07-31,TCS,-0.027222612814641778,-2.722261281464178
2026-08-03,TCS,0.04569658820302136,4.569658820302136
2026-08-04,TCS,-0.005538242892144218,-0.5538242892144218
2026-08-05,TCS,-0.019105691056910623,-1.9105691056910623
2020-01-02,NIFTY 50,0.008183886337984836,0.8183886337984836
2020-01-03,NIFTY 50,-0.004522789386603554,-0.4522789386603554
2020-01-06,NIFTY 50,-0.019105853072941215,-1.9105853072941215
2020-01-07,NIFTY 50,0.004994592001242859,0.4994592001242859
2020-01-08,NIFTY 50,-0.0022899444111396106,-0.22899444111396106
2020-01-09,NIFTY 50,0.015845758122611686,1.5845758122611686
2020-01-10,NIFTY 50,0.0033480474426501594,0.33480474426501594
2020-01-13,NIFTY 50,0.0059354808073293075,0.5935480807329307
2020-01-14,NIFTY 50,0.0026562202609821117,0.2656220260982112
2020-01-15,NIFTY 50,-0.0015369308543056182,-0.15369308543056182
2020-01-16,NIFTY 50,0.000988406301843714,0.09884063018437139
2020-01-17,NIFTY 50,-0.000254978804985595,-0.0254978804985595
2020-01-20,NIFTY 50,-0.010346193941151438,-1.0346193941151438
2020-01-21,NIFTY 50,-0.004474618385662321,-0.4474618385662321
2020-01-22,NIFTY 50,-0.005172555189302153,-0.5172555189302153
2020-01-23,NIFTY 50,0.0060667236352978104,0.606672363529781
2020-01-24,NIFTY 50,0.005574584704263197,0.5574584704263197
2020-01-27,NIFTY 50,-0.010552527912150667,-1.0552527912150667
2020-01-28,NIFTY 50,-0.005214967844912932,-0.5214967844912932
2020-01-29,NIFTY 50,0.006113256399948197,0.6113256399948197
2020-01-30,NIFTY 50,-0.0077249841553650445,-0.7724984155365044
2020-01-31,NIFTY 50,-0.006123414854723341,-0.6123414854723341
2020-02-03,NIFTY 50,-0.021250384719316173,-2.1250384719316173
2020-02-04,NIFTY 50,0.02321082268667074,2.321082268667074
2020-02-05,NIFTY 50,0.009140500467834434,0.9140500467834434
2020-02-06,NIFTY 50,0.004036661230167438,0.40366612301674376
2020-02-07,NIFTY 50,-0.0032625431230384194,-0.32625431230384194
2020-02-10,NIFTY 50,-0.005525514763038308,-0.5525514763038308
2020-02-11,NIFTY 50,0.006350030388978967,0.6350030388978967
2020-02-12,NIFTY 50,0.0077056964194832656,0.7705696419483266
2020-02-13,NIFTY 50,-0.0021759994314084485,-0.21759994314084485
2020-02-14,NIFTY 50,-0.005026854435148831,-0.5026854435148831
2020-02-17,NIFTY 50,-0.00558473346026378,-0.558473346026378
2020-02-18,NIFTY 50,-0.004424762618648104,-0.44247626186481037
2020-02-19,NIFTY 50,0.011123651500938081,1.112365150093808
2020-02-20,NIFTY 50,-0.003715252459506435,-0.3715252459506435
2020-02-24,NIFTY 50,-0.02081386879900149,-2.081386879900149
2020-02-25,NIFTY 50,-0.002662856861702312,-0.2662856861702312
2020-02-26,NIFTY 50,-0.010120477938589723,-1.0120477938589723
2020-02-27,NIFTY 50,-0.003870376787472707,-0.3870376787472707
2020-02-28,NIFTY 50,-0.03709607866493836,-3.709607866493836
2020-03-02,NIFTY 50,-0.006159751824491688,-0.6159751824491688
2020-03-03,NIFTY 50,0.015319647408546855,1.5319647408546855
2020-03-04,NIFTY 50,-0.004626950146523701,-0.46269501465237006
2020-03-05,NIFTY 50,0.0015998577904186018,0.15998577904186018
2020-03-06,NIFTY 50,-0.024806975302821943,-2.4806975302821943
2020-03-09,NIFTY 50,-0.048956043335951605,-4.895604333595161
2020-03-11,NIFTY 50,0.0006649981756232659,0.06649981756232659
2020-03-12,NIFTY 50,-0.08301938801064712,-8.301938801064711
2020-03-13,NIFTY 50,0.03806507612689369,3.8065076126893693
2020-03-16,NIFTY 50,-0.07612100106679087,-7.612100106679087
2020-03-17,NIFTY 50,-0.02504518409052825,-2.504518409052825
2020-03-18,NIFTY 50,-0.05556454027271507,-5.556454027271506
2020-03-19,NIFTY 50,-0.024247781753128472,-2.4247781753128472
2020-03-20,NIFTY 50,0.058329146858465686,5.832914685846569
2020-03-23,NIFTY 50,-0.12980466070471242,-12.980466070471241
2020-03-24,NIFTY 50,0.02507142402516349,2.507142402516349
2020-03-25,NIFTY 50,0.06624746894667499,6.624746894667499
2020-03-26,NIFTY 50,0.038904356430389475,3.8904356430389475
2020-03-27,NIFTY 50,0.0021755381634551707,0.21755381634551707
2020-03-30,NIFTY 50,-0.04378053643081892,-4.378053643081891
2020-03-31,NIFTY 50,0.03823772271336057,3.8237722713360567
2020-04-01,NIFTY 50,-0.04000467509668226,-4.000467509668226
2020-04-03,NIFTY 50,-0.020596574186770744,-2.0596574186770744
2020-04-07,NIFTY 50,0.08763210467115035,8.763210467115034
2020-04-08,NIFTY 50,-0.004941902407507137,-0.4941902407507137
2020-04-09,NIFTY 50,0.04150883161880259,4.150883161880259
2020-04-13,NIFTY 50,-0.01295567073707915,-1.295567073707915
2020-04-15,NIFTY 50,-0.007621853562688519,-0.7621853562688519
2020-04-16,NIFTY 50,0.007562771164790316,0.7562771164790316
2020-04-17,NIFTY 50,0.03046328187687486,3.046328187687486
2020-04-20,NIFTY 50,-0.0005288143766692954,-0.05288143766692954
2020-04-21,NIFTY 50,-0.030274667144095657,-3.0274667144095657
2020-04-22,NIFTY 50,0.02291941778872575,2.291941778872575
2020-04-23,NIFTY 50,0.01377995587701486,1.377995587701486
2020-04-24,NIFTY 50,-0.017124941572334906,-1.7124941572334906
2020-04-27,NIFTY 50,0.013971358975458648,1.3971358975458648
2020-04-28,NIFTY 50,0.010622430648890235,1.0622430648890235
2020-04-29,NIFTY 50,0.018383013524196468,1.8383013524196468
2020-04-30,NIFTY 50,0.03208830345213909,3.208830345213909
2020-05-04,NIFTY 50,-0.05744483901313502,-5.744483901313502
2020-05-05,NIFTY 50,-0.009458265521601117,-0.9458265521601117
2020-05-06,NIFTY 50,0.007093593467121684,0.7093593467121684
2020-05-07,NIFTY 50,-0.007750119504051356,-0.7750119504051356
2020-05-08,NIFTY 50,0.0057016970693835045,0.5701697069383505
2020-05-11,NIFTY 50,-0.0013294930214019507,-0.13294930214019507
2020-05-12,NIFTY 50,-0.004616242718351149,-0.4616242718351149
2020-05-13,NIFTY 50,0.02033371253039773,2.033371253039773
2020-05-14,NIFTY 50,-0.025661909373274727,-2.5661909373274727
2020-05-15,NIFTY 50,-0.0006453627874545287,-0.06453627874545287
2020-05-18,NIFTY 50,-0.034322509703259896,-3.4322509703259896
2020-05-19,NIFTY 50,0.00632982284022332,0.632982284022332
2020-05-20,NIFTY 50,0.021111396826158035,2.1111396826158035
2020-05-21,NIFTY 50,0.004378754451001221,0.4378754451001221
2020-05-22,NIFTY 50,-0.0073575840768702605,-0.735758407687026
2020-05-26,NIFTY 50,-0.0011284338094974533,-0.11284338094974533
2020-05-27,NIFTY 50,0.03166450477176164,3.1664504771761637
2020-05-28,NIFTY 50,0.018803043536468778,1.8803043536468778
2020-05-29,NIFTY 50,0.009504662651105722,0.9504662651105722
2020-06-01,NIFTY 50,0.025662097319460564,2.5662097319460564
2020-06-02,NIFTY 50,0.015565527970742954,1.5565527970742954
2020-06-03,NIFTY 50,0.008262288035990828,0.8262288035990828
2020-06-04,NIFTY 50,-0.003225168681009971,-0.3225168681009971
2020-06-05,NIFTY 50,0.011272276241460544,1.1272276241460544
2020-06-08,NIFTY 50,0.002494520758722585,0.24945207587225848
2020-06-09,NIFTY 50,-0.011881032349997822,-1.1881032349997822
2020-06-10,NIFTY 50,0.006917728526201428,0.6917728526201428
2020-06-11,NIFTY 50,-0.021169158460066062,-2.116915846006606
2020-06-12,NIFTY 50,0.00716020911179549,0.716020911179549
2020-06-15,NIFTY 50,-0.015963279394844432,-1.5963279394844432
2020-06-16,NIFTY 50,0.010220386061458031,1.022038606145803
2020-06-17,NIFTY 50,-0.0033134566648174157,-0.3313456664817416
2020-06-18,NIFTY 50,0.021303187551898528,2.130318755189853
2020-06-19,NIFTY 50,0.015136275444292302,1.5136275444292302
2020-06-22,NIFTY 50,0.006520616350433883,0.6520616350433883
2020-06-23,NIFTY 50,0.015497691991291696,1.5497691991291696
2020-06-24,NIFTY 50,-0.015824677233549855,-1.5824677233549855
2020-06-25,NIFTY 50,-0.001591357298992957,-0.1591357298992957
2020-06-26,NIFTY 50,0.00914574014738645,0.914574014738645
2020-06-29,NIFTY 50,-0.006799538608783573,-0.6799538608783573
2020-06-30,NIFTY 50,-0.0009988732845714887,-0.09988732845714887
2020-07-01,NIFTY 50,0.012419817334717198,1.2419817334717198
2020-07-02,NIFTY 50,0.011663452514898642,1.1663452514898642
2020-07-03,NIFTY 50,0.005273976044848361,0.5273976044848361
2020-07-06,NIFTY 50,0.014735139974255018,1.4735139974255018
2020-07-07,NIFTY 50,0.003344590235981215,0.3344590235981215
2020-07-08,NIFTY 50,-0.00869476207364206,-0.8694762073642059
2020-07-09,NIFTY 50,0.010060032721901813,1.0060032721901813
2020-07-10,NIFTY 50,-0.004198511095439339,-0.4198511095439339
2020-07-13,NIFTY 50,0.003217889149241815,0.3217889149241815
2020-07-14,NIFTY 50,-0.01808349601540049,-1.808349601540049
2020-07-15,NIFTY 50,0.0010229309240368245,0.10229309240368245
2020-07-16,NIFTY 50,0.011466161662100571,1.1466161662100571
2020-07-17,NIFTY 50,0.01506059125586967,1.506059125586967
2020-07-20,NIFTY 50,0.011053321760931656,1.1053321760931656
2020-07-21,NIFTY 50,0.012706156865764484,1.2706156865764484
2020-07-22,NIFTY 50,-0.0026563094918139463,-0.2656309491813946
2020-07-23,NIFTY 50,0.007442159858846331,0.7442159858846331
2020-07-24,NIFTY 50,-0.0018991484351116306,-0.18991484351116306
2020-07-27,NIFTY 50,-0.005569925698846956,-0.5569925698846956
2020-07-28,NIFTY 50,0.0151592736988444,1.51592736988444
2020-07-29,NIFTY 50,-0.008645614328603224,-0.8645614328603224
2020-07-30,NIFTY 50,-0.008988714680747911,-0.8988714680747911
2020-07-31,NIFTY 50,-0.002585102372305803,-0.2585102372305803
2020-08-03,NIFTY 50,-0.016422215545293994,-1.6422215545293994
2020-08-04,NIFTY 50,0.018697932161379383,1.8697932161379383
2020-08-05,NIFTY 50,0.0005768586219327965,0.05768586219327965
2020-08-06,NIFTY 50,0.008872554668374333,0.8872554668374333
2020-08-07,NIFTY 50,0.0012410024488720417,0.12410024488720417
2020-08-10,NIFTY 50,0.005002705259437024,0.5002705259437024
2020-08-11,NIFTY 50,0.004644978776729314,0.4644978776729314
2020-08-12,NIFTY 50,-0.0012452735151247118,-0.12452735151247118
2020-08-13,NIFTY 50,-0.0007030344733010008,-0.07030344733010008
2020-08-14,NIFTY 50,-0.010800437378868932,-1.0800437378868932
2020-08-17,NIFTY 50,0.0061457110453491115,0.6145711045349112
2020-08-18,NIFTY 50,0.012292057935075373,1.2292057935075373
2020-08-19,NIFTY 50,0.002024600213507588,0.2024600213507588
2020-08-20,NIFTY 50,-0.008432399987605033,-0.8432399987605033
2020-08-21,NIFTY 50,0.005250916093857194,0.5250916093857194
2020-08-24,NIFTY 50,0.008341006471886514,0.8341006471886514
2020-08-25,NIFTY 50,0.0005058064691958464,0.05058064691958464
2020-08-26,NIFTY 50,0.0067423225064831005,0.67423225064831
2020-08-27,NIFTY 50,0.0008355606212675504,0.08355606212675504
2020-08-28,NIFTY 50,0.007643195654994939,0.7643195654994939
2020-08-31,NIFTY 50,-0.022330747801946216,-2.2330747801946216
2020-09-01,NIFTY 50,0.007266739846322645,0.7266739846322645
2020-09-02,NIFTY 50,0.005645038251127943,0.5645038251127943
2020-09-03,NIFTY 50,-0.0006545127600779965,-0.06545127600779965
2020-09-04,NIFTY 50,-0.016794744948559814,-1.6794744948559814
2020-09-07,NIFTY 50,0.0018705202595032944,0.18705202595032944
2020-09-08,NIFTY 50,-0.0033201259317187093,-0.33201259317187093
2020-09-09,NIFTY 50,-0.003476927967516641,-0.3476927967516641
2020-09-10,NIFTY 50,0.015184429863450921,1.5184429863450921
2020-09-11,NIFTY 50,0.0013276149365679668,0.13276149365679668
2020-09-14,NIFTY 50,-0.0021283524468515003,-0.21283524468515003
2020-09-15,NIFTY 50,0.007145947910690342,0.7145947910690342
2020-09-16,NIFTY 50,0.0071820376506051,0.71820376506051
2020-09-17,NIFTY 50,-0.007622027291120936,-0.7622027291120936
2020-09-18,NIFTY 50,-0.0009681588767627147,-0.09681588767627147
2020-09-21,NIFTY 50,-0.02211225483867385,-2.211225483867385
2020-09-22,NIFTY 50,-0.00861286032635733,-0.861286032635733
2020-09-23,NIFTY 50,-0.0019545871070447696,-0.19545871070447696
2020-09-24,NIFTY 50,-0.029312272096516434,-2.9312272096516434
2020-09-25,NIFTY 50,0.022645788482354545,2.2645788482354545
2020-09-28,NIFTY 50,0.016044868187371275,1.6044868187371275
2020-09-29,NIFTY 50,-0.0004586409458945395,-0.04586409458945395
2020-09-30,NIFTY 50,0.002241001317642377,0.2241001317642377
2020-10-01,NIFTY 50,0.015061092732783665,1.5061092732783665
2020-10-05,NIFTY 50,0.0075676439490797165,0.7567643949079716
2020-10-06,NIFTY 50,0.013826475474619793,1.3826475474619793
2020-10-07,NIFTY 50,0.006555187284725372,0.6555187284725372
2020-10-08,NIFTY 50,0.008156676606839941,0.8156676606839941
2020-10-09,NIFTY 50,0.0067260903253916204,0.672609032539162
2020-10-12,NIFTY 50,0.0014058853909966196,0.14058853909966196
2020-10-13,NIFTY 50,0.0002975290843887368,0.029752908438873682
2020-10-14,NIFTY 50,0.0030625333853533387,0.3062533385353339
2020-10-15,NIFTY 50,-0.02428360085835335,-2.428360085835335
2020-10-16,NIFTY 50,0.007028949362235082,0.7028949362235082
2020-10-19,NIFTY 50,0.009402769621849272,0.9402769621849272
2020-10-20,NIFTY 50,0.002000328507897331,0.2000328507897331
2020-10-21,NIFTY 50,0.0034337457642519276,0.34337457642519276
2020-10-22,NIFTY 50,-0.0034512817819539743,-0.34512817819539743
2020-10-23,NIFTY 50,0.0028495402835257977,0.28495402835257977
2020-10-26,NIFTY 50,-0.013629073304543216,-1.3629073304543216
2020-10-27,NIFTY 50,0.010337608346965288,1.0337608346965288
2020-10-28,NIFTY 50,-0.013440608945763599,-1.34406089457636
2020-10-29,NIFTY 50,-0.005012942184360991,-0.5012942184360991
2020-10-30,NIFTY 50,-0.002433373422367602,-0.24333734223676018
2020-11-02,NIFTY 50,0.002297636149117599,0.2297636149117599
2020-11-03,NIFTY 50,0.01237019016319918,1.237019016319918
2020-11-04,NIFTY 50,0.008041647267956087,0.8041647267956087
2020-11-05,NIFTY 50,0.017785598915690537,1.7785598915690537
2020-11-06,NIFTY 50,0.011819014571289532,1.1819014571289532
2020-11-09,NIFTY 50,0.016104635537461442,1.6104635537461442
2020-11-10,NIFTY 50,0.01364650710436388,1.364650710436388
2020-11-11,NIFTY 50,0.009346041508720315,0.9346041508720315
2020-11-12,NIFTY 50,-0.004576821525331454,-0.45768215253314537
2020-11-13,NIFTY 50,0.002296970330761372,0.2296970330761372
2020-11-14,NIFTY 50,0.0,0.0
2020-11-17,NIFTY 50,0.012126619808373373,1.2126619808373373
2020-11-18,NIFTY 50,0.004975051165572175,0.4975051165572175
2020-11-19,NIFTY 50,-0.01287266861341374,-1.287266861341374
2020-11-20,NIFTY 50,0.00683930941371913,0.683930941371913
2020-11-23,NIFTY 50,0.005241475198302092,0.5241475198302092
2020-11-24,NIFTY 50,0.0099563448098976,0.9956344809897599
2020-11-25,NIFTY 50,-0.015070680468092346,-1.5070680468092346
2020-11-26,NIFTY 50,0.010001213639976747,1.0001213639976747
2020-11-27,NIFTY 50,-0.001389836350773832,-0.1389836350773832
2020-12-01,NIFTY 50,0.010802694687318537,1.0802694687318537
2020-12-02,NIFTY 50,0.0003585458429504751,0.03585458429504751
2020-12-03,NIFTY 50,0.0015365849299400214,0.15365849299400214
2020-12-04,NIFTY 50,0.009490662358873525,0.9490662358873525
2020-12-07,NIFTY 50,0.007331133249439903,0.7331133249439903
2020-12-08,NIFTY 50,0.002785331809333158,0.2785331809333158
2020-12-09,NIFTY 50,0.010165752285866914,1.0165752285866914
2020-12-10,NIFTY 50,-0.0037548548058806697,-0.37548548058806697
2020-12-11,NIFTY 50,0.002637558535026452,0.2637558535026452
2020-12-14,NIFTY 50,0.0032781762806703973,0.32781762806703973
2020-12-15,NIFTY 50,0.0007153791977927426,0.07153791977927426
2020-12-16,NIFTY 50,0.008464907059269056,0.8464907059269056
2020-12-17,NIFTY 50,0.004238929390550483,0.4238929390550483
2020-12-18,NIFTY 50,0.0014445849987885229,0.1444584998788523
2020-12-21,NIFTY 50,-0.0314049525779333,-3.14049525779333
2020-12-22,NIFTY 50,0.010346283876607965,1.0346283876607965
2020-12-23,NIFTY 50,0.010010159185716239,1.0010159185716239
2020-12-24,NIFTY 50,0.01089253037474136,1.089253037474136
2020-12-28,NIFTY 50,0.009015051389166695,0.9015051389166695
2020-12-29,NIFTY 50,0.004281594241144937,0.4281594241144937
2020-12-30,NIFTY 50,0.003542094606974411,0.3542094606974411
2020-12-31,NIFTY 50,-1.4318125132972703e-05,-0.0014318125132972703
2021-01-01,NIFTY 50,0.0026284263414808606,0.26284263414808606
2021-01-04,NIFTY 50,0.00816067272711063,0.8160672727110629
2021-01-05,NIFTY 50,0.004712380865514287,0.47123808655142874
2021-01-06,NIFTY 50,-0.0037501320469031096,-0.37501320469031096
2021-01-07,NIFTY 50,-0.0006291696120880319,-0.06291696120880319
2021-01-08,NIFTY 50,0.014847223590326086,1.4847223590326086
2021-01-11,NIFTY 50,0.009583718134137165,0.9583718134137165
2021-01-12,NIFTY 50,0.005433314024232416,0.5433314024232416
2021-01-13,NIFTY 50,9.609083312889233e-05,0.009609083312889233
2021-01-14,NIFTY 50,0.002111247340323086,0.21112473403230858
2021-01-15,NIFTY 50,-0.011092344158201595,-1.1092344158201595
2021-01-18,NIFTY 50,-0.010558650142566628,-1.0558650142566628
2021-01-19,NIFTY 50,0.016794730817062842,1.6794730817062842
2021-01-20,NIFTY 50,0.008508265623863087,0.8508265623863087
2021-01-21,NIFTY 50,-0.0037112802046228577,-0.37112802046228577
2021-01-22,NIFTY 50,-0.014972171647596122,-1.4972171647596122
2021-01-25,NIFTY 50,-0.009254169343308138,-0.9254169343308138
2021-01-27,NIFTY 50,-0.019060488041877988,-1.9060488041877988
2021-01-28,NIFTY 50,-0.010735650281904374,-1.0735650281904374
2021-01-29,NIFTY 50,-0.013240422354072856,-1.3240422354072856
2021-02-01,NIFTY 50,0.047423511101338356,4.742351110133836
2021-02-02,NIFTY 50,0.02567357148195737,2.567357148195737
2021-02-03,NIFTY 50,0.009701122671723184,0.9701122671723184
2021-02-04,NIFTY 50,0.0071467580293813615,0.7146758029381362
2021-02-05,NIFTY 50,0.0019199973566108586,0.19199973566108586
2021-02-08,NIFTY 50,0.01283480273296811,1.283480273296811
2021-02-09,NIFTY 50,-0.0004300136336804483,-0.04300136336804483
2021-02-10,NIFTY 50,-0.00018530340410816137,-0.018530340410816137
2021-02-11,NIFTY 50,0.004421924647502795,0.4421924647502795
2021-02-12,NIFTY 50,-0.0006590524229219685,-0.06590524229219685
2021-02-15,NIFTY 50,0.00998465984153385,0.9984659841533849
2021-02-16,NIFTY 50,-8.162092525865194e-05,-0.008162092525865194
2021-02-17,NIFTY 50,-0.006827318687430917,-0.6827318687430917
2021-02-18,NIFTY 50,-0.005914312869584326,-0.5914312869584326
2021-02-19,NIFTY 50,-0.009074717063029758,-0.9074717063029758
2021-02-22,NIFTY 50,-0.020428174591586412,-2.042817459158641
2021-02-23,NIFTY 50,0.0021872625461001327,0.21872625461001327
2021-02-24,NIFTY 50,0.01864318245786234,1.864318245786234
2021-02-25,NIFTY 50,0.007699213013950157,0.7699213013950157
2021-02-26,NIFTY 50,-0.03763569324758598,-3.7635693247585977
2021-03-01,NIFTY 50,0.015995389118723446,1.5995389118723446
2021-03-02,NIFTY 50,0.010672985341787733,1.0672985341787733
2021-03-03,NIFTY 50,0.021884698711632122,2.1884698711632122
2021-03-04,NIFTY 50,-0.010812930524138231,-1.0812930524138231
2021-03-05,NIFTY 50,-0.009459104528952489,-0.9459104528952489
2021-03-08,NIFTY 50,0.0012117060677612201,0.12117060677612201
2021-03-09,NIFTY 50,0.00950777560179139,0.9507775601791391
2021-03-10,NIFTY 50,0.005060099883821945,0.5060099883821945
2021-03-12,NIFTY 50,-0.009479506235763657,-0.9479506235763657
2021-03-15,NIFTY 50,-0.006749419963093084,-0.6749419963093084
2021-03-16,NIFTY 50,-0.001275984104457617,-0.1275984104457617
2021-03-17,NIFTY 50,-0.012685759862868795,-1.2685759862868795
2021-03-18,NIFTY 50,-0.011102973071742905,-1.1102973071742905
2021-03-19,NIFTY 50,0.012786942826028547,1.2786942826028547
2021-03-22,NIFTY 50,-0.000515437423697751,-0.0515437423697751
2021-03-23,NIFTY 50,0.00531673999743143,0.531673999743143
2021-03-24,NIFTY 50,-0.017911176994211853,-1.7911176994211853
2021-03-25,NIFTY 50,-0.015430189146808937,-1.5430189146808937
2021-03-26,NIFTY 50,0.012733031929623273,1.2733031929623273
2021-03-30,NIFTY 50,0.02328481586755049,2.328481586755049
2021-03-31,NIFTY 50,-0.010400699094332388,-1.0400699094332388
2021-04-01,NIFTY 50,0.012024574166918489,1.202457416691849
2021-04-05,NIFTY 50,-0.015439860548026041,-1.543986054802604
2021-04-06,NIFTY 50,0.003122067245233451,0.3122067245233451
2021-04-07,NIFTY 50,0.009231436965811968,0.9231436965811968
2021-04-08,NIFTY 50,0.0036945688638336804,0.36945688638336804
2021-04-09,NIFTY 50,-0.0026187118170183377,-0.26187118170183377
2021-04-12,NIFTY 50,-0.03532558930400764,-3.5325589304007643
2021-04-13,NIFTY 50,0.013556195506029933,1.3556195506029933
2021-04-15,NIFTY 50,0.005284484560774683,0.5284484560774683
2021-04-16,NIFTY 50,0.002496282165007191,0.2496282165007191
2021-04-19,NIFTY 50,-0.017676978554819645,-1.7676978554819645
2021-04-20,NIFTY 50,-0.004390823034999047,-0.43908230349990474
2021-04-22,NIFTY 50,0.007676757575422188,0.7676757575422188
2021-04-23,NIFTY 50,-0.004498133053794207,-0.44981330537942066
2021-04-26,NIFTY 50,0.010016518287169873,1.0016518287169873
2021-04-27,NIFTY 50,0.011601643402658013,1.1601643402658013
2021-04-28,NIFTY 50,0.014433855260107098,1.4433855260107098
2021-04-29,NIFTY 50,0.0020418099664161193,0.20418099664161193
2021-04-30,NIFTY 50,-0.017710812045177438,-1.7710812045177438
2021-05-03,NIFTY 50,0.00020851346320172048,0.02085134632017205
2021-05-04,NIFTY 50,-0.00940610742344028,-0.940610742344028
2021-05-05,NIFTY 50,0.0083709591539336,0.8370959153933599
2021-05-06,NIFTY 50,0.0073164109749706,0.73164109749706
2021-05-07,NIFTY 50,0.006679247748155426,0.6679247748155426
2021-05-10,NIFTY 50,0.008041422748121585,0.8041422748121585
2021-05-11,NIFTY 50,-0.006130201191218876,-0.6130201191218876
2021-05-12,NIFTY 50,-0.0103866808073666,-1.03866808073666
2021-05-14,NIFTY 50,-0.0012724250884564858,-0.12724250884564858
2021-05-17,NIFTY 50,0.01671576048197254,1.6715760481972541
2021-05-18,NIFTY 50,0.012393443335275034,1.2393443335275034
2021-05-19,NIFTY 50,-0.005159432408138875,-0.5159432408138875
2021-05-20,NIFTY 50,-0.00825677606093067,-0.8256776060930671
2021-05-21,NIFTY 50,0.01806313567497475,1.806313567497475
2021-05-24,NIFTY 50,0.001476108604989923,0.1476108604989923
2021-05-25,NIFTY 50,0.0007073438653115716,0.07073438653115716
2021-05-26,NIFTY 50,0.006115021504864648,0.6115021504864648
2021-05-27,NIFTY 50,0.002378821196545866,0.2378821196545866
2021-05-28,NIFTY 50,0.006376433707514062,0.6376433707514062
2021-05-31,NIFTY 50,0.009533088035724946,0.9533088035724946
2021-06-01,NIFTY 50,-0.0005101904286871628,-0.05101904286871628
2021-06-02,NIFTY 50,8.67158252806366e-05,0.00867158252806366
2021-06-03,NIFTY 50,0.0073284506253876724,0.7328450625387672
2021-06-04,NIFTY 50,-0.001281017305247989,-0.1281017305247989
2021-06-07,NIFTY 50,0.0051945814919991395,0.519458149199914
2021-06-08,NIFTY 50,-0.0007333060957773752,-0.07333060957773752
2021-06-09,NIFTY 50,-0.006654976944212576,-0.6654976944212576
2021-06-10,NIFTY 50,0.0065492869160790335,0.6549286916079033
2021-06-11,NIFTY 50,0.003914130633349666,0.3914130633349666
2021-06-14,NIFTY 50,0.0007911718082738162,0.07911718082738162
2021-06-15,NIFTY 50,0.003630213545097627,0.3630213545097627
2021-06-16,NIFTY 50,-0.006408632752808119,-0.6408632752808119
2021-06-17,NIFTY 50,-0.0048295020472909345,-0.48295020472909345
2021-06-18,NIFTY 50,-0.000513069646403852,-0.0513069646403852
2021-06-21,NIFTY 50,0.004026588209654625,0.40265882096546246
2021-06-22,NIFTY 50,0.0016670371193598932,0.16670371193598932
2021-06-23,NIFTY 50,-0.005439749231269109,-0.5439749231269109
2021-06-24,NIFTY 50,0.006597840798329813,0.6597840798329813
2021-06-25,NIFTY 50,0.0044266891189239654,0.44266891189239654
2021-06-28,NIFTY 50,-0.0028782098242977616,-0.28782098242977616
2021-06-29,NIFTY 50,-0.0041891404314852165,-0.41891404314852165
2021-06-30,NIFTY 50,-0.0017112919035373597,-0.17112919035373597
2021-07-01,NIFTY 50,-0.002639697229908089,-0.2639697229908089
2021-07-02,NIFTY 50,0.002691338986766656,0.2691338986766656
2021-07-05,NIFTY 50,0.007133188273225066,0.7133188273225066
2021-07-06,NIFTY 50,-0.0010167521731027085,-0.10167521731027085
2021-07-07,NIFTY 50,0.0038816171589777237,0.3881617158977724
2021-07-08,NIFTY 50,-0.0095562557277451,-0.95562557277451
2021-07-09,NIFTY 50,-0.0024224839292732447,-0.24224839292732447
2021-07-12,NIFTY 50,0.00017844744498685117,0.017844744498685117
2021-07-13,NIFTY 50,0.007630985495128417,0.7630985495128417
2021-07-14,NIFTY 50,0.0026308921169333477,0.26308921169333477
2021-07-15,NIFTY 50,0.004431072328003882,0.4431072328003882
2021-07-16,NIFTY 50,-5.0225736783704455e-05,-0.0050225736783704455
2021-07-19,NIFTY 50,-0.010738912280361723,-1.0738912280361723
2021-07-20,NIFTY 50,-0.0076369809214345,-0.76369809214345
2021-07-22,NIFTY 50,0.012279233123449584,1.2279233123449584
2021-07-23,NIFTY 50,0.002022238326785386,0.2022238326785386
2021-07-26,NIFTY 50,-0.0019929055322251976,-0.19929055322251976
2021-07-27,NIFTY 50,-0.004929081202650898,-0.4929081202650898
2021-07-28,NIFTY 50,-0.002352898858342667,-0.2352898858342667
2021-07-29,NIFTY 50,0.004395444954646832,0.4395444954646832
2021-07-30,NIFTY 50,-0.000976039499086867,-0.0976039499086867
2021-08-02,NIFTY 50,0.007746000136419795,0.7746000136419795
2021-08-03,NIFTY 50,0.015460955882416139,1.5460955882416139
2021-08-04,NIFTY 50,0.007938242467802281,0.7938242467802281
2021-08-05,NIFTY 50,0.0022018725316477195,0.22018725316477195
2021-08-06,NIFTY 50,-0.003461233501561467,-0.3461233501561467
2021-08-09,NIFTY 50,0.0012347307242392969,0.12347307242392969
2021-08-10,NIFTY 50,0.0013439090538649445,0.13439090538649445
2021-08-11,NIFTY 50,0.00013208706805212245,0.013208706805212245
2021-08-12,NIFTY 50,0.005045395484346349,0.5045395484346349
2021-08-13,NIFTY 50,0.010064482340847336,1.0064482340847336
2021-08-16,NIFTY 50,0.002054024277023725,0.2054024277023725
2021-08-17,NIFTY 50,0.0031122785775283823,0.31122785775283823
2021-08-18,NIFTY 50,-0.00275360231817956,-0.275360231817956
2021-08-20,NIFTY 50,-0.007142898400624986,-0.7142898400624986
2021-08-23,NIFTY 50,0.0027931806783987323,0.27931806783987323
2021-08-24,NIFTY 50,0.007768362083601765,0.7768362083601765
2021-08-25,NIFTY 50,0.0006045728309951315,0.06045728309951315
2021-08-26,NIFTY 50,0.00013525983096518424,0.013525983096518424
2021-08-27,NIFTY 50,0.004105261588480014,0.41052615884800137
2021-08-30,NIFTY 50,0.013519836521704187,1.3519836521704187
2021-08-31,NIFTY 50,0.011880446175423387,1.1880446175423387
2021-09-01,NIFTY 50,-0.00326573477436376,-0.326573477436376
2021-09-02,NIFTY 50,0.009246783727399066,0.9246783727399066
2021-09-03,NIFTY 50,0.005190230833697296,0.5190230833697296
2021-09-06,NIFTY 50,0.0031287476677577253,0.31287476677577253
2021-09-07,NIFTY 50,-0.0009035189246697772,-0.09035189246697772
2021-09-08,NIFTY 50,-0.0004953092983268625,-0.049530929832686255
2021-09-09,NIFTY 50,0.0009075978909154347,0.09075978909154347
2021-09-13,NIFTY 50,-0.000803098507419775,-0.0803098507419775
2021-09-14,NIFTY 50,0.001423151293159064,0.1423151293159064
2021-09-15,NIFTY 50,0.00802354538262362,0.802354538262362
2021-09-16,NIFTY 50,0.006281634763507293,0.6281634763507293
2021-09-17,NIFTY 50,-0.002515647600612625,-0.2515647600612625
2021-09-20,NIFTY 50,-0.010705054879733056,-1.0705054879733056
2021-09-21,NIFTY 50,0.00949017386246398,0.949017386246398
2021-09-22,NIFTY 50,-0.0008740239935656202,-0.08740239935656202
2021-09-23,NIFTY 50,0.015746528367181822,1.5746528367181822
2021-09-24,NIFTY 50,0.0016972499684944076,0.16972499684944076
2021-09-27,NIFTY 50,0.00010644538279747096,0.010644538279747096
2021-09-28,NIFTY 50,-0.0059646824901542495,-0.596468249015425
2021-09-29,NIFTY 50,-0.0021015082285871234,-0.21015082285871234
2021-09-30,NIFTY 50,-0.005259376020738893,-0.5259376020738893
2021-10-01,NIFTY 50,-0.004886983449795879,-0.48869834497958786
2021-10-04,NIFTY 50,0.009080467581137563,0.9080467581137563
2021-10-05,NIFTY 50,0.007407660919946268,0.7407660919946268
2021-10-06,NIFTY 50,-0.009892144870289554,-0.9892144870289554
2021-10-07,NIFTY 50,0.008180302016037588,0.8180302016037588
2021-10-08,NIFTY 50,0.005893622760496431,0.5893622760496431
2021-10-11,NIFTY 50,0.0028359561343596074,0.28359561343596074
2021-10-12,NIFTY 50,0.0025632525445875576,0.25632525445875576
2021-10-13,NIFTY 50,0.00943759784921161,0.943759784921161
2021-10-14,NIFTY 50,0.009734787740718787,0.9734787740718787
2021-10-18,NIFTY 50,0.007552396132719963,0.7552396132719963
2021-10-19,NIFTY 50,-0.003155307734996393,-0.3155307734996393
2021-10-20,NIFTY 50,-0.008260625212080042,-0.8260625212080042
2021-10-21,NIFTY 50,-0.004844908296702255,-0.4844908296702255
2021-10-22,NIFTY 50,-0.003476668084567369,-0.3476668084567369
2021-10-25,NIFTY 50,0.000579633328010587,0.0579633328010587
2021-10-26,NIFTY 50,0.007889480889700096,0.7889480889700096
2021-10-27,NIFTY 50,-0.0031448386638428527,-0.31448386638428527
2021-10-28,NIFTY 50,-0.0194223384240636,-1.94223384240636
2021-10-29,NIFTY 50,-0.010393515763905459,-1.0393515763905459
2021-11-01,NIFTY 50,0.014599655057507821,1.459965505750782
2021-11-02,NIFTY 50,-0.002270048271341696,-0.22700482713416958
2021-11-03,NIFTY 50,-0.0033400508475575075,-0.33400508475575075
2021-11-04,NIFTY 50,0.004913376165984751,0.4913376165984751
2021-11-08,NIFTY 50,0.008469704042186388,0.8469704042186388
2021-11-09,NIFTY 50,-0.001344921435271762,-0.1344921435271762
2021-11-10,NIFTY 50,-0.0014991358050348014,-0.14991358050348014
2021-11-11,NIFTY 50,-0.007970140510272006,-0.7970140510272006
2021-11-12,NIFTY 50,0.012820606684330382,1.2820606684330382
2021-11-15,NIFTY 50,0.0003700663573213969,0.03700663573213969
2021-11-16,NIFTY 50,-0.006087981951756416,-0.6087981951756416
2021-11-17,NIFTY 50,-0.005586294529162039,-0.5586294529162039
2021-11-18,NIFTY 50,-0.007478195643460861,-0.7478195643460861
2021-11-22,NIFTY 50,-0.019603372100156835,-1.9603372100156835
2021-11-23,NIFTY 50,0.004983697932798847,0.49836979327988473
2021-11-24,NIFTY 50,-0.0050446817378146935,-0.5044681737814694
2021-11-25,NIFTY 50,0.006959452503032093,0.6959452503032093
2021-11-26,NIFTY 50,-0.029071254187753914,-2.9071254187753914
2021-11-29,NIFTY 50,0.0016151341742889347,0.16151341742889347
2021-11-30,NIFTY 50,-0.004148599194972014,-0.41485991949720136
2021-12-01,NIFTY 50,0.01081664117042136,1.081664117042136
2021-12-02,NIFTY 50,0.013674571102433752,1.3674571102433752
2021-12-03,NIFTY 50,-0.01177768586739425,-1.177768586739425
2021-12-06,NIFTY 50,-0.01654091957599968,-1.654091957599968
2021-12-07,NIFTY 50,0.015636548581649423,1.5636548581649423
2021-12-08,NIFTY 50,0.017060948527881648,1.7060948527881648
2021-12-09,NIFTY 50,0.002696066593683266,0.2696066593683266
2021-12-10,NIFTY 50,-0.00031677089480919296,-0.031677089480919296
2021-12-13,NIFTY 50,-0.008169055116863166,-0.8169055116863166
2021-12-14,NIFTY 50,-0.002495911181322197,-0.24959111813221968
2021-12-15,NIFTY 50,-0.005974060321640162,-0.5974060321640162
2021-12-16,NIFTY 50,0.0015678167505297491,0.1567816750529749
2021-12-17,NIFTY 50,-0.01525945397337003,-1.525945397337003
2021-12-20,NIFTY 50,-0.021842546279377872,-2.1842546279377872
2021-12-21,NIFTY 50,0.00942870544420904,0.942870544420904
2021-12-22,NIFTY 50,0.011007170994593363,1.1007170994593363
2021-12-23,NIFTY 50,0.006909306212627531,0.6909306212627531
2021-12-24,NIFTY 50,-0.004032754879180422,-0.40327548791804224
2021-12-27,NIFTY 50,0.004851870910828504,0.4851870910828504
2021-12-28,NIFTY 50,0.008603409174043453,0.8603409174043453
2021-12-29,NIFTY 50,-0.0011402602889762914,-0.11402602889762914
2021-12-30,NIFTY 50,-0.0005606259494814747,-0.05606259494814747
2021-12-31,NIFTY 50,0.008724831757606522,0.8724831757606522
2022-01-03,NIFTY 50,0.015653315812207858,1.5653315812207858
2022-01-04,NIFTY 50,0.01018687423526421,1.018687423526421
2022-01-05,NIFTY 50,0.0067395852346920915,0.6739585234692091
2022-01-06,NIFTY 50,-0.010005417462796928,-1.0005417462796928
2022-01-07,NIFTY 50,0.003764183651131514,0.3764183651131514
2022-01-10,NIFTY 50,0.010700318921871732,1.0700318921871732
2022-01-11,NIFTY 50,0.002913311252602302,0.2913311252602302
2022-01-12,NIFTY 50,0.008673115731830494,0.8673115731830494
2022-01-13,NIFTY 50,0.0024956237305924223,0.24956237305924223
2022-01-14,NIFTY 50,-0.00011232356375068253,-0.011232356375068253
2022-01-17,NIFTY 50,0.0028675682661627455,0.28675682661627455
2022-01-18,NIFTY 50,-0.010653690567923424,-1.0653690567923424
2022-01-19,NIFTY 50,-0.00964224043394124,-0.964224043394124
2022-01-20,NIFTY 50,-0.010112406160797005,-1.0112406160797005
2022-01-21,NIFTY 50,-0.007875745304668613,-0.7875745304668613
2022-01-24,NIFTY 50,-0.02656790518738339,-2.656790518738339
2022-01-25,NIFTY 50,0.007513491221694313,0.7513491221694313
2022-01-27,NIFTY 50,-0.00971173291462768,-0.971173291462768
2022-01-28,NIFTY 50,-0.0004793161771092791,-0.04793161771092791
2022-01-31,NIFTY 50,0.0139107178709299,1.39107178709299
2022-02-01,NIFTY 50,0.013667938611870323,1.3667938611870323
2022-02-02,NIFTY 50,0.011557838585399605,1.1557838585399605
2022-02-03,NIFTY 50,-0.012362248664229525,-1.2362248664229525
2022-02-04,NIFTY 50,-0.0024998826581151823,-0.24998826581151823
2022-02-07,NIFTY 50,-0.017281112927623465,-1.7281112927623465
2022-02-08,NIFTY 50,0.0030876976246183574,0.30876976246183574
2022-02-09,NIFTY 50,0.01141215233034587,1.141215233034587
2022-02-10,NIFTY 50,0.008133901085124018,0.8133901085124018
2022-02-11,NIFTY 50,-0.01312629691281364,-1.312629691281364
2022-02-14,NIFTY 50,-0.03061622289529342,-3.061622289529342
2022-02-15,NIFTY 50,0.03025912638397754,3.025912638397754
2022-02-16,NIFTY 50,-0.0017432697608654735,-0.17432697608654735
2022-02-17,NIFTY 50,-0.001016014719190439,-0.1016014719190439
2022-02-18,NIFTY 50,-0.0016353356196504576,-0.16353356196504576
2022-02-21,NIFTY 50,-0.004031556958107085,-0.40315569581070854
2022-02-22,NIFTY 50,-0.006651566067580439,-0.6651566067580439
2022-02-23,NIFTY 50,-0.0016937094155936583,-0.16937094155936583
2022-02-24,NIFTY 50,-0.04778103847083648,-4.778103847083647
2022-02-25,NIFTY 50,0.025261660109649586,2.5261660109649586
2022-02-28,NIFTY 50,0.008134034290366632,0.8134034290366632
2022-03-02,NIFTY 50,-0.011191633122935585,-1.1191633122935585
2022-03-03,NIFTY 50,-0.00649757722841704,-0.649757722841704
2022-03-04,NIFTY 50,-0.015317032007332254,-1.5317032007332254
2022-03-07,NIFTY 50,-0.02352668473994779,-2.352668473994779
2022-03-08,NIFTY 50,0.009474776509483585,0.9474776509483585
2022-03-09,NIFTY 50,0.020726290088294297,2.0726290088294297
2022-03-10,NIFTY 50,0.01526738719047449,1.526738719047449
2022-03-11,NIFTY 50,0.0021421537513466316,0.21421537513466316
2022-03-14,NIFTY 50,0.014482565042708062,1.4482565042708062
2022-03-15,NIFTY 50,-0.012346456503312231,-1.234645650331223
2022-03-16,NIFTY 50,0.018745100484606647,1.8745100484606647
2022-03-17,NIFTY 50,0.018361988356508263,1.8361988356508263
2022-03-21,NIFTY 50,-0.009802202470463706,-0.9802202470463706
2022-03-22,NIFTY 50,0.011561223252155806,1.1561223252155806
2022-03-23,NIFTY 50,-0.0040339354552280104,-0.40339354552280104
2022-03-24,NIFTY 50,-0.0013278937068936791,-0.1327893706893679
2022-03-25,NIFTY 50,-0.004049875890900112,-0.4049875890900112
2022-03-28,NIFTY 50,0.004022619949862971,0.4022619949862971
2022-03-29,NIFTY 50,0.005998187274997013,0.5998187274997013
2022-03-30,NIFTY 50,0.009982465582194733,0.9982465582194733
2022-03-31,NIFTY 50,-0.001914477162001882,-0.1914477162001882
2022-04-01,NIFTY 50,0.011777965258592316,1.1777965258592316
2022-04-04,NIFTY 50,0.021671841339984343,2.1671841339984343
2022-04-05,NIFTY 50,-0.005317557796472028,-0.5317557796472028
2022-04-06,NIFTY 50,-0.008339180323571727,-0.8339180323571727
2022-04-07,NIFTY 50,-0.00943974110495216,-0.943974110495216
2022-04-08,NIFTY 50,0.008208759390795572,0.8208759390795572
2022-04-11,NIFTY 50,-0.006151497975913078,-0.6151497975913078
2022-04-12,NIFTY 50,-0.008183810641252287,-0.8183810641252287
2022-04-13,NIFTY 50,-0.0031174816283502382,-0.3117481628350238
2022-04-18,NIFTY 50,-0.017281188010147552,-1.7281188010147552
2022-04-19,NIFTY 50,-0.012519178806467801,-1.2519178806467801
2022-04-20,NIFTY 50,0.010490244596548015,1.0490244596548015
2022-04-21,NIFTY 50,0.014941678252146096,1.4941678252146096
2022-04-22,NIFTY 50,-0.012686452605167986,-1.2686452605167986
2022-04-25,NIFTY 50,-0.012695122564301942,-1.2695122564301942
2022-04-26,NIFTY 50,0.014560121616207233,1.4560121616207233
2022-04-27,NIFTY 50,-0.009441443610115341,-0.9441443610115341
2022-04-28,NIFTY 50,0.012128508890934642,1.2128508890934642
2022-04-29,NIFTY 50,-0.008263240381694681,-0.8263240381694681
2022-05-02,NIFTY 50,-0.0019559171203674675,-0.19559171203674675
2022-05-04,NIFTY 50,-0.022936183451936376,-2.2936183451936376
2022-05-05,NIFTY 50,0.00030284821366977077,0.030284821366977077
2022-05-06,NIFTY 50,-0.0162684216398562,-1.62684216398562
2022-05-09,NIFTY 50,-0.006666182687180999,-0.6666182687180999
2022-05-10,NIFTY 50,-0.003790968888092272,-0.3790968888092272
2022-05-11,NIFTY 50,-0.0044919933245182175,-0.44919933245182175
2022-05-12,NIFTY 50,-0.022211752141785834,-2.2211752141785834
2022-05-13,NIFTY 50,-0.0016352232651188903,-0.16352232651188903
2022-05-16,NIFTY 50,0.0038112305721171857,0.3811230572117186
2022-05-17,NIFTY 50,0.026321935902047233,2.6321935902047233
2022-05-18,NIFTY 50,-0.0011685620062508173,-0.11685620062508173
2022-05-19,NIFTY 50,-0.026532725334179386,-2.6532725334179386
2022-05-20,NIFTY 50,0.028891038794289337,2.8891038794289337
2022-05-23,NIFTY 50,-0.0031630222318707046,-0.31630222318707046
2022-05-24,NIFTY 50,-0.005522754266735541,-0.5522754266735541
2022-05-25,NIFTY 50,-0.006161219184365629,-0.6161219184365629
2022-05-26,NIFTY 50,0.009007387318995308,0.9007387318995308
2022-05-27,NIFTY 50,0.011273847198922216,1.1273847198922216
2022-05-30,NIFTY 50,0.018893205092962884,1.8893205092962884
2022-05-31,NIFTY 50,-0.004612433983534836,-0.4612433983534836
2022-06-01,NIFTY 50,-0.0037264067061659745,-0.37264067061659745
2022-06-02,NIFTY 50,0.006370004993115463,0.6370004993115463
2022-06-03,NIFTY 50,-0.002628050201467391,-0.2628050201467391
2022-06-06,NIFTY 50,-0.0008893953501298846,-0.08893953501298846
2022-06-07,NIFTY 50,-0.009245946006475991,-0.9245946006475991
2022-06-08,NIFTY 50,-0.0036609606157923524,-0.36609606157923524
2022-06-09,NIFTY 50,0.00744972774168895,0.744972774168895
2022-06-10,NIFTY 50,-0.016767698414100085,-1.6767698414100085
2022-06-13,NIFTY 50,-0.026379749115209128,-2.637974911520913
2022-06-14,NIFTY 50,-0.00268160945598539,-0.268160945598539
2022-06-15,NIFTY 50,-0.0025393443813560568,-0.2539344381356057
2022-06-16,NIFTY 50,-0.021128447854290244,-2.1128447854290244
2022-06-17,NIFTY 50,-0.00436829362663993,-0.43682936266399297
2022-06-20,NIFTY 50,0.0037042135956451006,0.37042135956451006
2022-06-21,NIFTY 50,0.018804337854487096,1.8804337854487096
2022-06-22,NIFTY 50,-0.014419265085317434,-1.4419265085317434
2022-06-23,NIFTY 50,0.009300447519609234,0.9300447519609234
2022-06-24,NIFTY 50,0.009166472588529428,0.9166472588529428
2022-06-27,NIFTY 50,0.008458990377725017,0.8458990377725017
2022-06-28,NIFTY 50,0.0011464333961117568,0.11464333961117568
2022-06-29,NIFTY 50,-0.0032239710103227903,-0.32239710103227903
2022-06-30,NIFTY 50,-0.001193081241402827,-0.11930812414028269
2022-07-01,NIFTY 50,-0.0017870563085186086,-0.17870563085186086
2022-07-04,NIFTY 50,0.005288188249805481,0.5288188249805481
2022-07-05,NIFTY 50,-0.0015471713984448465,-0.15471713984448465
2022-07-06,NIFTY 50,0.011318189707300252,1.1318189707300252
2022-07-07,NIFTY 50,0.00894949203151052,0.894949203151052
2022-07-08,NIFTY 50,0.005436047866567373,0.5436047866567373
2022-07-11,NIFTY 50,-0.00028356592763323363,-0.028356592763323363
2022-07-12,NIFTY 50,-0.0097249750439381,-0.97249750439381
2022-07-13,NIFTY 50,-0.005707292501522909,-0.5707292501522909
2022-07-14,NIFTY 50,-0.0017536552323109689,-0.1753655232310969
2022-07-15,NIFTY 50,0.0069359576863876615,0.6935957686387662
2022-07-18,NIFTY 50,0.014287304158276504,1.4287304158276504
2022-07-19,NIFTY 50,0.003811764271124396,0.3811764271124396
2022-07-20,NIFTY 50,0.01103388850696918,1.103388850696918
2022-07-21,NIFTY 50,0.005108719746296009,0.5108719746296009
2022-07-22,NIFTY 50,0.006877295960614926,0.6877295960614926
2022-07-25,NIFTY 50,-0.005290199311757782,-0.5290199311757782
2022-07-26,NIFTY 50,-0.00884795806776506,-0.884795806776506
2022-07-27,NIFTY 50,0.0095821774414373,0.9582177441437301
2022-07-28,NIFTY 50,0.017293731123692924,1.7293731123692924
2022-07-29,NIFTY 50,0.013505953826479233,1.3505953826479233
2022-08-01,NIFTY 50,0.010595531668439406,1.0595531668439406
2022-08-02,NIFTY 50,0.000311327663805816,0.0311327663805816
2022-08-03,NIFTY 50,0.002461808358865669,0.24618083588656692
2022-08-04,NIFTY 50,-0.0003537116074355806,-0.03537116074355806
2022-08-05,NIFTY 50,0.0008917270739845495,0.08917270739845495
2022-08-08,NIFTY 50,0.007334364671648164,0.7334364671648164
2022-08-10,NIFTY 50,0.0005506610997998429,0.05506610997998429
2022-08-11,NIFTY 50,0.007085929368824795,0.7085929368824795
2022-08-12,NIFTY 50,0.0022170219505635025,0.22170219505635025
2022-08-16,NIFTY 50,0.007181519343531395,0.7181519343531395
2022-08-17,NIFTY 50,0.006675923198833145,0.6675923198833145
2022-08-18,NIFTY 50,0.0006826699360520383,0.06826699360520383
2022-08-19,NIFTY 50,-0.011029475746944017,-1.1029475746944017
2022-08-22,NIFTY 50,-0.0150773300473388,-1.50773300473388
2022-08-23,NIFTY 50,0.00496268217550444,0.49626821755044404
2022-08-24,NIFTY 50,0.001561611079505143,0.1561611079505143
2022-08-25,NIFTY 50,-0.004686182219266755,-0.46861822192667546
2022-08-26,NIFTY 50,0.002080255529346653,0.2080255529346653
2022-08-29,NIFTY 50,-0.014009988924553851,-1.4009988924553851
2022-08-30,NIFTY 50,0.02578426378902554,2.578426378902554
2022-09-01,NIFTY 50,-0.012190795272107646,-1.2190795272107646
2022-09-02,NIFTY 50,-0.0001910505934481499,-0.01910505934481499
2022-09-05,NIFTY 50,0.007203850071011875,0.7203850071011875
2022-09-06,NIFTY 50,-0.0005774531254664206,-0.05774531254664206
2022-09-07,NIFTY 50,-0.0017671004916441913,-0.17671004916441913
2022-09-08,NIFTY 50,0.009892512965589573,0.9892512965589573
2022-09-09,NIFTY 50,0.0019439347917691308,0.19439347917691308
2022-09-12,NIFTY 50,0.005775695663245095,0.5775695663245095
2022-09-13,NIFTY 50,0.007454201929980142,0.7454201929980142
2022-09-14,NIFTY 50,-0.0036690976717561608,-0.3669097671756161
2022-09-15,NIFTY 50,-0.007017960667916379,-0.7017960667916379
2022-09-16,NIFTY 50,-0.019384853148544656,-1.9384853148544656
2022-09-19,NIFTY 50,0.0052136885924867205,0.521368859248672
2022-09-20,NIFTY 50,0.011008809885230342,1.1008809885230342
2022-09-21,NIFTY 50,-0.005495005437451739,-0.5495005437451739
2022-09-22,NIFTY 50,-0.004997577656902563,-0.4997577656902563
2022-09-23,NIFTY 50,-0.017155677232420508,-1.7155677232420508
2022-09-26,NIFTY 50,-0.017951321762256445,-1.7951321762256445
2022-09-27,NIFTY 50,-0.0005230508522044985,-0.052305085220449854
2022-09-28,NIFTY 50,-0.00874917846539458,-0.874917846539458
2022-09-29,NIFTY 50,-0.0024023347691036756,-0.24023347691036756
2022-09-30,NIFTY 50,0.01642575596626905,1.642575596626905
2022-10-03,NIFTY 50,-0.012109264448790458,-1.2109264448790458
2022-10-04,NIFTY 50,0.02291367093271912,2.291367093271912
2022-10-06,NIFTY 50,0.0033286441360573793,0.33286441360573793
2022-10-07,NIFTY 50,-0.0009895331040011834,-0.09895331040011834
2022-10-10,NIFTY 50,-0.00425364584114718,-0.425364584114718
2022-10-11,NIFTY 50,-0.014932383199930399,-1.49323831999304
2022-10-12,NIFTY 50,0.008246145339619648,0.8246145339619648
2022-10-13,NIFTY 50,-0.006380083772817624,-0.6380083772817624
2022-10-14,NIFTY 50,0.010070888003887335,1.0070888003887335
2022-10-17,NIFTY 50,0.007337586960815656,0.7337586960815656
2022-10-18,NIFTY 50,0.010117285874136073,1.0117285874136073
2022-10-19,NIFTY 50,0.0014468379208691928,0.14468379208691928
2022-10-20,NIFTY 50,0.0029521745492440132,0.2952174549244013
2022-10-21,NIFTY 50,0.0007032337856462956,0.07032337856462956
2022-10-24,NIFTY 50,0.008787356376761757,0.8787356376761757
2022-10-25,NIFTY 50,-0.004196122026705051,-0.41961220267050514
2022-10-27,NIFTY 50,0.004564907874966551,0.45649078749665506
2022-10-28,NIFTY 50,0.002810605244745412,0.2810605244745412
2022-10-31,NIFTY 50,0.012672230395564199,1.26722303955642
2022-11-01,NIFTY 50,0.007395053222392978,0.7395053222392978
2022-11-02,NIFTY 50,-0.003447197631545107,-0.3447197631545107
2022-11-03,NIFTY 50,-0.0016673473084335422,-0.16673473084335422
2022-11-04,NIFTY 50,0.003570168155688336,0.3570168155688336
2022-11-07,NIFTY 50,0.004727586225111935,0.4727586225111935
2022-11-09,NIFTY 50,-0.002516139235956394,-0.2516139235956394
2022-11-10,NIFTY 50,-0.007093725904609771,-0.7093725904609771
2022-11-11,NIFTY 50,0.017833173247033374,1.7833173247033374
2022-11-14,NIFTY 50,-0.0011198455015547504,-0.11198455015547504
2022-11-15,NIFTY 50,0.004050924260950772,0.40509242609507723
2022-11-16,NIFTY 50,0.0003396111515991951,0.03396111515991951
2022-11-17,NIFTY 50,-0.00357149639481924,-0.357149639481924
2022-11-18,NIFTY 50,-0.00197613371355454,-0.19761337135545398
2022-11-21,NIFTY 50,-0.008067729540576885,-0.8067729540576885
2022-11-22,NIFTY 50,0.00463933015368867,0.463933015368867
2022-11-23,NIFTY 50,0.0012634580983039712,0.12634580983039712
2022-11-24,NIFTY 50,0.011870949889830174,1.1870949889830174
2022-11-25,NIFTY 50,0.0015500019600884762,0.15500019600884762
2022-11-28,NIFTY 50,0.0027008413120686026,0.27008413120686026
2022-11-29,NIFTY 50,0.00297912654375021,0.297912654375021
2022-11-30,NIFTY 50,0.007535634625419174,0.7535634625419174
2022-12-01,NIFTY 50,0.002886735334004964,0.2886735334004964
2022-12-02,NIFTY 50,-0.006187396179402005,-0.6187396179402005
2022-12-05,NIFTY 50,0.00026482378562620035,0.026482378562620035
2022-12-06,NIFTY 50,-0.0031175136590962937,-0.3117513659096294
2022-12-07,NIFTY 50,-0.004411902750398933,-0.4411902750398933
2022-12-08,NIFTY 50,0.002631912360927746,0.2631912360927746
2022-12-09,NIFTY 50,-0.006058782405979346,-0.6058782405979346
2022-12-12,NIFTY 50,2.977743269738653e-05,0.002977743269738653
2022-12-13,NIFTY 50,0.0059927938646799905,0.599279386467999
2022-12-14,NIFTY 50,0.002810661073194387,0.2810661073194387
2022-12-15,NIFTY 50,-0.013150934355333654,-1.3150934355333654
2022-12-16,NIFTY 50,-0.00792295301794177,-0.792295301794177
2022-12-19,NIFTY 50,0.008289956688926514,0.8289956688926514
2022-12-20,NIFTY 50,-0.0019081205394395617,-0.19081205394395617
2022-12-21,NIFTY 50,-0.01012771964355863,-1.012771964355863
2022-12-22,NIFTY 50,-0.003942502735851727,-0.39425027358517273
2022-12-23,NIFTY 50,-0.01768316025411787,-1.768316025411787
2022-12-26,NIFTY 50,0.011669632893506865,1.1669632893506865
2022-12-27,NIFTY 50,0.006533654614990558,0.6533654614990558
2022-12-28,NIFTY 50,-0.0005405150382313817,-0.05405150382313817
2022-12-29,NIFTY 50,0.00377983170092433,0.377983170092433
2022-12-30,NIFTY 50,-0.00471107793689185,-0.471107793689185
2023-01-02,NIFTY 50,0.005089583355357918,0.5089583355357918
2023-01-03,NIFTY 50,0.00192892762485819,0.192892762485819
2023-01-04,NIFTY 50,-0.010399069487028845,-1.0399069487028845
2023-01-05,NIFTY 50,-0.0028154392892826285,-0.28154392892826285
2023-01-06,NIFTY 50,-0.007375503705446151,-0.7375503705446151
2023-01-09,NIFTY 50,0.013536251708490266,1.3536251708490266
2023-01-10,NIFTY 50,-0.010333504750958511,-1.033350475095851
2023-01-11,NIFTY 50,-0.0010299775022909463,-0.10299775022909463
2023-01-12,NIFTY 50,-0.00209547554088918,-0.209547554088918
2023-01-13,NIFTY 50,0.005510095918388247,0.5510095918388247
2023-01-16,NIFTY 50,-0.003438847072569362,-0.3438847072569362
2023-01-17,NIFTY 50,0.008854568511824201,0.8854568511824201
2023-01-18,NIFTY 50,0.006206556323560042,0.6206556323560042
2023-01-19,NIFTY 50,-0.003165367099256078,-0.3165367099256078
2023-01-20,NIFTY 50,-0.004428975305189153,-0.44289753051891534
2023-01-23,NIFTY 50,0.005042276095628795,0.5042276095628795
2023-01-24,NIFTY 50,-1.3798013043020418e-05,-0.0013798013043020418
2023-01-25,NIFTY 50,-0.01249297962501228,-1.249297962501228
2023-01-27,NIFTY 50,-0.016074246906178757,-1.6074246906178757
2023-01-30,NIFTY 50,0.0025334426073457816,0.25334426073457816
2023-01-31,NIFTY 50,0.0007479862801675896,0.07479862801675896
2023-02-01,NIFTY 50,-0.0025959245256645946,-0.25959245256645946
2023-02-02,NIFTY 50,-0.0003349392530399564,-0.03349392530399564
2023-02-03,NIFTY 50,0.013835596307890219,1.3835596307890219
2023-02-06,NIFTY 50,-0.005010133160870178,-0.5010133160870178
2023-02-07,NIFTY 50,-0.0024261514654264627,-0.24261514654264627
2023-02-08,NIFTY 50,0.008475536424681795,0.8475536424681795
2023-02-09,NIFTY 50,0.0012170079483646568,0.12170079483646568
2023-02-10,NIFTY 50,-0.0020649578680046465,-0.20649578680046465
2023-02-13,NIFTY 50,-0.00479375070002519,-0.479375070002519
2023-02-14,NIFTY 50,0.0089443537049958,0.89443537049958
2023-02-15,NIFTY 50,0.004796470794436125,0.4796470794436125
2023-02-16,NIFTY 50,0.0011101336008929596,0.11101336008929596
2023-02-17,NIFTY 50,-0.005081567689351307,-0.5081567689351307
2023-02-20,NIFTY 50,-0.005550518480140765,-0.5550518480140765
2023-02-21,NIFTY 50,-0.001003126492992057,-0.10031264929920569
2023-02-22,NIFTY 50,-0.015280363131582653,-1.5280363131582653
2023-02-23,NIFTY 50,-0.002452434977984641,-0.2452434977984641
2023-02-24,NIFTY 50,-0.002595429723749043,-0.2595429723749043
2023-02-27,NIFTY 50,-0.004185411445805309,-0.41854114458053093
2023-02-28,NIFTY 50,-0.0051027157362857345,-0.5102715736285734
2023-03-01,NIFTY 50,0.008492348770636093,0.8492348770636093
2023-03-02,NIFTY 50,-0.007392168719804415,-0.7392168719804415
2023-03-03,NIFTY 50,0.015728598629827895,1.5728598629827895
2023-03-06,NIFTY 50,0.006655523618366965,0.6655523618366965
2023-03-08,NIFTY 50,0.0024250512391459367,0.24250512391459367
2023-03-09,NIFTY 50,-0.009282249899975281,-0.9282249899975281
2023-03-10,NIFTY 50,-0.010045664635585094,-1.0045664635585094
2023-03-13,NIFTY 50,-0.014851035931626178,-1.4851035931626178
2023-03-14,NIFTY 50,-0.006470680525861194,-0.6470680525861194
2023-03-15,NIFTY 50,-0.004174683738684903,-0.41746837386849034
2023-03-16,NIFTY 50,0.0007924286811309411,0.07924286811309411
2023-03-17,NIFTY 50,0.006738129621978839,0.6738129621978839
2023-03-20,NIFTY 50,-0.0065292432199922645,-0.6529243219992265
2023-03-21,NIFTY 50,0.007010642946744028,0.7010642946744028
2023-03-22,NIFTY 50,0.0025953757489405316,0.25953757489405316
2023-03-23,NIFTY 50,-0.004372693304643627,-0.43726933046436267
2023-03-24,NIFTY 50,-0.007720933328590696,-0.7720933328590696
2023-03-27,NIFTY 50,0.0023988383407489433,0.23988383407489433
2023-03-28,NIFTY 50,-0.002001683861354908,-0.20016838613549082
2023-03-29,NIFTY 50,0.007609856589321451,0.7609856589321451
2023-03-31,NIFTY 50,0.016337198944623932,1.6337198944623932
2023-04-03,NIFTY 50,0.002206297973761151,0.2206297973761151
2023-04-05,NIFTY 50,0.009138954817361267,0.9138954817361267
2023-04-06,NIFTY 50,0.002397874785437182,0.23978747854371818
2023-04-10,NIFTY 50,0.0014148632219350699,0.14148632219350699
2023-04-11,NIFTY 50,0.005574768321964241,0.5574768321964241
2023-04-12,NIFTY 50,0.005083967961446945,0.5083967961446945
2023-04-13,NIFTY 50,0.0008757724412713497,0.08757724412713497
2023-04-17,NIFTY 50,-0.006795512150830185,-0.6795512150830185
2023-04-18,NIFTY 50,-0.0026373533282438855,-0.26373533282438855
2023-04-19,NIFTY 50,-0.002344283016240789,-0.2344283016240789
2023-04-20,NIFTY 50,0.0003234746363958152,0.03234746363958152
2023-04-21,NIFTY 50,-2.260708945023282e-05,-0.002260708945023282
2023-04-24,NIFTY 50,0.006771973756565242,0.6771973756565242
2023-04-25,NIFTY 50,0.0014568576938982503,0.14568576938982503
2023-04-26,NIFTY 50,0.0024958627615121465,0.24958627615121465
2023-04-27,NIFTY 50,0.005695152810193838,0.5695152810193838
2023-04-28,NIFTY 50,0.008370013603697934,0.8370013603697934
2023-05-02,NIFTY 50,0.004575166931912511,0.4575166931912511
2023-05-03,NIFTY 50,-0.00318502836487633,-0.318502836487633
2023-05-04,NIFTY 50,0.009173717607303677,0.9173717607303677
2023-05-05,NIFTY 50,-0.010232406865540389,-1.0232406865540389
2023-05-08,NIFTY 50,0.010814123118324304,1.0814123118324304
2023-05-09,NIFTY 50,8.480038171931881e-05,0.00848003817193188
2023-05-10,NIFTY 50,0.0026908205008338015,0.26908205008338015
2023-05-11,NIFTY 50,-0.0009882342854272697,-0.09882342854272697
2023-05-12,NIFTY 50,0.0009728797753729701,0.09728797753729701
2023-05-15,NIFTY 50,0.004589120522186851,0.45891205221868514
2023-05-16,NIFTY 50,-0.006106338807060685,-0.6106338807060685
2023-05-17,NIFTY 50,-0.005728269488420423,-0.5728269488420423
2023-05-18,NIFTY 50,-0.002849053652701161,-0.2849053652701161
2023-05-19,NIFTY 50,0.0040513721791914925,0.40513721791914925
2023-05-22,NIFTY 50,0.006097761825706316,0.6097761825706316
2023-05-23,NIFTY 50,0.001834600568861644,0.1834600568861644
2023-05-24,NIFTY 50,-0.0034117947119577385,-0.34117947119577385
2023-05-25,NIFTY 50,0.001955111686716471,0.19551116867164708
2023-05-26,NIFTY 50,0.009726420827874671,0.9726420827874671
2023-05-29,NIFTY 50,0.005367798508963517,0.5367798508963517
2023-05-30,NIFTY 50,0.0018925684396833287,0.18925684396833287
2023-05-31,NIFTY 50,-0.0053370195013254795,-0.533701950132548
2023-06-01,NIFTY 50,-0.0025169624936233204,-0.25169624936233204
2023-06-02,NIFTY 50,0.002507044360454902,0.2507044360454902
2023-06-05,NIFTY 50,0.003223787573137793,0.3223787573137793
2023-06-06,NIFTY 50,0.00027699431442118616,0.027699431442118616
2023-06-07,NIFTY 50,0.006849851638528914,0.6849851638528914
2023-06-08,NIFTY 50,-0.0049048192636628185,-0.49048192636628185
2023-06-09,NIFTY 50,-0.00381819725413457,-0.381819725413457
2023-06-12,NIFTY 50,0.0020524046550352004,0.20524046550352004
2023-06-13,NIFTY 50,0.0061635024393194016,0.6163502439319402
2023-06-14,NIFTY 50,0.0021238341844009856,0.21238341844009856
2023-06-15,NIFTY 50,-0.0036149041015322014,-0.36149041015322014
2023-06-16,NIFTY 50,0.0073790483520230765,0.7379048352023077
2023-06-19,NIFTY 50,-0.0037475183921172883,-0.37475183921172883
2023-06-20,NIFTY 50,0.003265717567498605,0.3265717567498605
2023-06-21,NIFTY 50,0.0021337637466720683,0.21337637466720683
2023-06-22,NIFTY 50,-0.004539443817404343,-0.4539443817404343
2023-06-23,NIFTY 50,-0.005633615236065759,-0.5633615236065759
2023-06-26,NIFTY 50,0.0013768299134766515,0.13768299134766515
2023-06-27,NIFTY 50,0.00675190341711196,0.675190341711196
2023-06-28,NIFTY 50,0.00822107281232487,0.822107281232487
2023-06-30,NIFTY 50,0.01143527476356887,1.143527476356887
2023-07-03,NIFTY 50,0.00695709243369369,0.695709243369369
2023-07-04,NIFTY 50,0.003438946519135566,0.3438946519135566
2023-07-05,NIFTY 50,0.0004899685388621844,0.04899685388621844
2023-07-06,NIFTY 50,0.00509321758125636,0.509321758125636
2023-07-07,NIFTY 50,-0.00848835445771845,-0.848835445771845
2023-07-10,NIFTY 50,0.0012466303397029588,0.12466303397029588
2023-07-11,NIFTY 50,0.004313930032438185,0.43139300324381846
2023-07-12,NIFTY 50,-0.002834429471475497,-0.2834429471475497
2023-07-13,NIFTY 50,0.0015192303855748879,0.1519230385574888
2023-07-14,NIFTY 50,0.007765114931427508,0.7765114931427508
2023-07-17,NIFTY 50,0.007511013251041421,0.7511013251041421
2023-07-18,NIFTY 50,0.001917706853032497,0.1917706853032497
2023-07-19,NIFTY 50,0.004248282371482448,0.4248282371482448
2023-07-20,NIFTY 50,0.007361412439498949,0.7361412439498949
2023-07-21,NIFTY 50,-0.011719737128305097,-1.1719737128305097
2023-07-24,NIFTY 50,-0.0036794322929856182,-0.3679432292985618
2023-07-25,NIFTY 50,0.0004193703428323481,0.04193703428323481
2023-07-26,NIFTY 50,0.004964339187534694,0.4964339187534694
2023-07-27,NIFTY 50,-0.0059863783008722304,-0.598637830087223
2023-07-28,NIFTY 50,-0.0007044597937843067,-0.07044597937843067
2023-07-31,NIFTY 50,0.005484562836559181,0.5484562836559181
2023-08-01,NIFTY 50,-0.0010251191770254131,-0.10251191770254131
2023-08-02,NIFTY 50,-0.010489749274959825,-1.0489749274959825
2023-08-03,NIFTY 50,-0.007420685416911321,-0.7420685416911321
2023-08-04,NIFTY 50,0.006983389270114548,0.6983389270114548
2023-08-07,NIFTY 50,0.004114401867602702,0.41144018676027017
2023-08-08,NIFTY 50,-0.0013497354646058168,-0.13497354646058168
2023-08-09,NIFTY 50,0.003152707884763739,0.3152707884763739
2023-08-10,NIFTY 50,-0.004556268458015711,-0.4556268458015711
2023-08-11,NIFTY 50,-0.005874136161590715,-0.5874136161590715
2023-08-14,NIFTY 50,0.00032169565781225984,0.032169565781225984
2023-08-16,NIFTY 50,0.0015667570139761278,0.15667570139761278
2023-08-17,NIFTY 50,-0.005124582584125403,-0.5124582584125403
2023-08-18,NIFTY 50,-0.0028452826260957353,-0.28452826260957353
2023-08-21,NIFTY 50,0.0043215209131937105,0.43215209131937105
2023-08-22,NIFTY 50,0.00014693555773015454,0.014693555773015454
2023-08-23,NIFTY 50,0.0024515199000461063,0.24515199000461063
2023-08-24,NIFTY 50,-0.002946964680621278,-0.2946964680621278
2023-08-25,NIFTY 50,-0.006236153774081932,-0.6236153774081932
2023-08-28,NIFTY 50,0.002089194238900971,0.2089194238900971
2023-08-29,NIFTY 50,0.0018957584743610756,0.18957584743610756
2023-08-30,NIFTY 50,0.0002480956863764039,0.02480956863764039
2023-08-31,NIFTY 50,-0.004840350603388277,-0.4840350603388277
2023-09-01,NIFTY 50,0.009426710188917609,0.9426710188917609
2023-09-04,NIFTY 50,0.004810833701642592,0.48108337016425917
2023-09-05,NIFTY 50,0.0023605960187407238,0.23605960187407238
2023-09-06,NIFTY 50,0.0018467726478093027,0.18467726478093027
2023-09-07,NIFTY 50,0.005915032360780392,0.5915032360780392
2023-09-08,NIFTY 50,0.004709190366575022,0.47091903665750223
2023-09-11,NIFTY 50,0.008900143420050854,0.8900143420050854
2023-09-12,NIFTY 50,-0.0001575482868895195,-0.01575482868895195
2023-09-13,NIFTY 50,0.003841345269944396,0.3841345269944396
2023-09-14,NIFTY 50,0.001649208239910216,0.1649208239910216
2023-09-15,NIFTY 50,0.004439613877174287,0.44396138771742866
2023-09-18,NIFTY 50,-0.002924316846098174,-0.2924316846098174
2023-09-20,NIFTY 50,-0.011518249945432046,-1.1518249945432046
2023-09-21,NIFTY 50,-0.007991939166498319,-0.7991939166498319
2023-09-22,NIFTY 50,-0.003449417659114995,-0.3449417659114995
2023-09-25,NIFTY 50,1.5288066889551644e-05,0.0015288066889551644
2023-09-26,NIFTY 50,-0.0005007261720755274,-0.05007261720755274
2023-09-27,NIFTY 50,0.002631619198663282,0.2631619198663282
2023-09-28,NIFTY 50,-0.009783629666773708,-0.9783629666773708
2023-09-29,NIFTY 50,0.005877516917168757,0.5877516917168757
2023-10-03,NIFTY 50,-0.005578424654468894,-0.5578424654468894
2023-10-04,NIFTY 50,-0.004744307271330683,-0.47443072713306833
2023-10-05,NIFTY 50,0.005641584105285702,0.5641584105285702
2023-10-06,NIFTY 50,0.0055127073660514725,0.5512707366051472
2023-10-09,NIFTY 50,-0.00718194675884698,-0.718194675884698
2023-10-10,NIFTY 50,0.00909680297624016,0.9096802976240159
2023-10-11,NIFTY 50,0.006170692128707245,0.6170692128707245
2023-10-12,NIFTY 50,-0.0008757409120068171,-0.08757409120068171
2023-10-13,NIFTY 50,-0.0021698099802970328,-0.21698099802970328
2023-10-16,NIFTY 50,-0.0009772027556287366,-0.09772027556287366
2023-10-17,NIFTY 50,0.004041709427698992,0.4041709427698992
2023-10-18,NIFTY 50,-0.007086812741337156,-0.7086812741337156
2023-10-19,NIFTY 50,-0.0023588102112444,-0.23588102112443998
2023-10-20,NIFTY 50,-0.004180896084593599,-0.41808960845935994
2023-10-23,NIFTY 50,-0.013350307425555652,-1.3350307425555652
2023-10-25,NIFTY 50,-0.008277236732921023,-0.8277236732921023
2023-10-26,NIFTY 50,-0.013853064912347501,-1.3853064912347501
2023-10-27,NIFTY 50,0.010075700327460302,1.0075700327460302
2023-10-30,NIFTY 50,0.004916740769664862,0.49167407696648624
2023-10-31,NIFTY 50,-0.0032026069828995363,-0.3202606982899536
2023-11-01,NIFTY 50,-0.004740624572936891,-0.4740624572936891
2023-11-02,NIFTY 50,0.007588523257266999,0.7588523257266999
2023-11-03,NIFTY 50,0.005087980838331285,0.5087980838331285
2023-11-06,NIFTY 50,0.00941990339899168,0.941990339899168
2023-11-07,NIFTY 50,-0.000260191958478706,-0.026019195847870602
2023-11-08,NIFTY 50,0.0018962926582819506,0.18962926582819506
2023-11-09,NIFTY 50,-0.002478937369815082,-0.24789373698150818
2023-11-10,NIFTY 50,0.001549283945833313,0.1549283945833313
2023-11-13,NIFTY 50,0.0009369804014345284,0.09369804014345284
2023-11-15,NIFTY 50,0.011926753508604282,1.1926753508604282
2023-11-16,NIFTY 50,0.004561522280999375,0.4561522280999375
2023-11-17,NIFTY 50,-0.0016897597201204206,-0.16897597201204206
2023-11-20,NIFTY 50,-0.0019157289123818977,-0.19157289123818977
2023-11-21,NIFTY 50,0.0045394734754240496,0.45394734754240496
2023-11-22,NIFTY 50,0.0014380348265852216,0.14380348265852216
2023-11-23,NIFTY 50,-0.0004971574875239915,-0.04971574875239915
2023-11-24,NIFTY 50,-0.00036868908443588033,-0.03686890844358803
2023-11-28,NIFTY 50,0.004799264638990497,0.4799264638990497
2023-11-29,NIFTY 50,0.010402389113554511,1.040238911355451
2023-11-30,NIFTY 50,0.0018187545137213768,0.18187545137213768
2023-12-01,NIFTY 50,0.0066929416105065975,0.6692941610506598
2023-12-04,NIFTY 50,0.020668169003769332,2.066816900376933
2023-12-05,NIFTY 50,0.008135565760247543,0.8135565760247543
2023-12-06,NIFTY 50,0.003960643244200535,0.39606432442005346
2023-12-07,NIFTY 50,-0.0017455990623970186,-0.17455990623970186
2023-12-08,NIFTY 50,0.003265370504707432,0.3265370504707432
2023-12-11,NIFTY 50,0.001320935183362959,0.1320935183362959
2023-12-12,NIFTY 50,-0.004319607014175553,-0.43196070141755527
2023-12-13,NIFTY 50,0.0009542158562574343,0.09542158562574343
2023-12-14,NIFTY 50,0.012250087289956912,1.2250087289956912
2023-12-15,NIFTY 50,0.012932779200891975,1.2932779200891975
2023-12-18,NIFTY 50,-0.0017710126840955187,-0.17710126840955187
2023-12-19,NIFTY 50,0.0016083748565725031,0.1608374856572503
2023-12-20,NIFTY 50,-0.01412146609423337,-1.412146609423337
2023-12-21,NIFTY 50,0.004959794076523361,0.49597940765233606
2023-12-22,NIFTY 50,0.004438926556610712,0.44389265566107117
2023-12-26,NIFTY 50,0.004306875934107168,0.43068759341071683
2023-12-27,NIFTY 50,0.0099527499207277,0.9952749920727699
2023-12-28,NIFTY 50,0.005723881307796219,0.5723881307796219
2023-12-29,NIFTY 50,-0.0021717930740454694,-0.21717930740454694
2024-01-01,NIFTY 50,0.00048317180721269004,0.048317180721269004
2024-01-02,NIFTY 50,-0.003500136051024061,-0.3500136051024061
2024-01-03,NIFTY 50,-0.00685186637566948,-0.685186637566948
2024-01-04,NIFTY 50,0.006564470186349425,0.6564470186349425
2024-01-05,NIFTY 50,0.002410182228605562,0.24101822286055619
2024-01-08,NIFTY 50,-0.00911070868564301,-0.911070868564301
2024-01-09,NIFTY 50,0.0014804820050666745,0.14804820050666745
2024-01-10,NIFTY 50,0.0034277152411805734,0.34277152411805734
2024-01-11,NIFTY 50,0.0013183031833516878,0.13183031833516878
2024-01-12,NIFTY 50,0.011426492637705898,1.1426492637705898
2024-01-15,NIFTY 50,0.009267074694848665,0.9267074694848665
2024-01-16,NIFTY 50,-0.0029482333845447517,-0.29482333845447517
2024-01-17,NIFTY 50,-0.020894393512082443,-2.0894393512082443
2024-01-18,NIFTY 50,-0.0050852715087356115,-0.5085271508735612
2024-01-19,NIFTY 50,0.00746195718645537,0.746195718645537
2024-01-23,NIFTY 50,-0.01774084294273448,-1.774084294273448
2024-01-24,NIFTY 50,0.010129971071150878,1.0129971071150878
2024-01-25,NIFTY 50,-0.004724053755400193,-0.47240537554001927
2024-01-29,NIFTY 50,0.018030591452244726,1.8030591452244726
2024-01-30,NIFTY 50,-0.009913698102483215,-0.9913698102483215
2024-01-31,NIFTY 50,0.009460025419002926,0.9460025419002926
2024-02-01,NIFTY 50,-0.0013003033741542103,-0.13003033741542103
2024-02-02,NIFTY 50,0.007205988175093214,0.7205988175093214
2024-02-05,NIFTY 50,-0.0037568550808078083,-0.37568550808078083
2024-02-06,NIFTY 50,0.007243402101531293,0.7243402101531293
2024-02-07,NIFTY 50,5.014315737827957e-05,0.005014315737827957
2024-02-08,NIFTY 50,-0.009692017110872975,-0.9692017110872975
2024-02-09,NIFTY 50,0.0029722318898448563,0.29722318898448563
2024-02-12,NIFTY 50,-0.0076414194307357075,-0.7641419430735708
2024-02-13,NIFTY 50,0.005884480011507653,0.5884480011507653
2024-02-14,NIFTY 50,0.004451992284961959,0.44519922849619586
2024-02-15,NIFTY 50,0.0032371361888359207,0.32371361888359207
2024-02-16,NIFTY 50,0.005930843022260657,0.5930843022260657
2024-02-19,NIFTY 50,0.0037000088082788096,0.37000088082788096
2024-02-20,NIFTY 50,0.0033766555730090353,0.33766555730090353
2024-02-21,NIFTY 50,-0.006392700010330099,-0.6392700010330099
2024-02-22,NIFTY 50,0.0073633218581414805,0.736332185814148
2024-02-23,NIFTY 50,-0.0002137959201901074,-0.02137959201901074
2024-02-26,NIFTY 50,-0.004080928508836235,-0.40809285088362346
2024-02-27,NIFTY 50,0.003448994348646428,0.3448994348646428
2024-02-28,NIFTY 50,-0.011135927809948543,-1.1135927809948543
2024-02-29,NIFTY 50,0.0014418556686905948,0.14418556686905948
2024-03-01,NIFTY 50,0.016192168700068565,1.6192168700068565
2024-03-04,NIFTY 50,0.0029925402887358565,0.29925402887358565
2024-03-05,NIFTY 50,-0.00220029050703785,-0.22002905070378498
2024-03-06,NIFTY 50,0.005266971542034149,0.5266971542034149
2024-03-07,NIFTY 50,0.0008676673462120199,0.08676673462120199
2024-03-11,NIFTY 50,-0.007153178801771132,-0.7153178801771132
2024-03-12,NIFTY 50,0.0001365188668460693,0.013651886684606929
2024-03-13,NIFTY 50,-0.015132725270416536,-1.5132725270416536
2024-03-14,NIFTY 50,0.006771215952804832,0.6771215952804832
2024-03-15,NIFTY 50,-0.005567468627318717,-0.5567468627318717
2024-03-18,NIFTY 50,0.0014688778023679294,0.14688778023679294
2024-03-19,NIFTY 50,-0.010802196640288697,-1.0802196640288697
2024-03-20,NIFTY 50,0.0009923428906801757,0.09923428906801757
2024-03-21,NIFTY 50,0.0079146856998078,0.79146856998078
2024-03-22,NIFTY 50,0.0038524885010076115,0.38524885010076115
2024-03-26,NIFTY 50,-0.00416580634029895,-0.416580634029895
2024-03-27,NIFTY 50,0.005405716783151604,0.5405716783151604
2024-03-28,NIFTY 50,0.009187001078543977,0.9187001078543977
2024-04-01,NIFTY 50,0.006050979178091831,0.6050979178091831
2024-04-02,NIFTY 50,-0.0003872860275131451,-0.03872860275131451
2024-04-03,NIFTY 50,-0.0008306302403686683,-0.08306302403686683
2024-04-04,NIFTY 50,0.003565912488363576,0.3565912488363576
2024-04-05,NIFTY 50,-4.224679746289706e-05,-0.004224679746289706
2024-04-08,NIFTY 50,0.006778164752814453,0.6778164752814453
2024-04-09,NIFTY 50,-0.0010390218270411866,-0.10390218270411866
2024-04-10,NIFTY 50,0.0049044741142307835,0.49044741142307835
2024-04-12,NIFTY 50,-0.010301592814249916,-1.0301592814249916
2024-04-15,NIFTY 50,-0.010963897188301042,-1.0963897188301042
2024-04-16,NIFTY 50,-0.005594325260972033,-0.5594325260972033
2024-04-18,NIFTY 50,-0.0068652458503182245,-0.6865245850318225
2024-04-19,NIFTY 50,0.0068717686886063944,0.6871768688606394
2024-04-22,NIFTY 50,0.008551965982977361,0.8551965982977361
2024-04-23,NIFTY 50,0.0014147135985376202,0.14147135985376202
2024-04-24,NIFTY 50,0.0015379287654238016,0.15379287654238016
2024-04-25,NIFTY 50,0.0074969296067168845,0.7496929606716884
2024-04-26,NIFTY 50,-0.006663626980883297,-0.6663626980883297
2024-04-29,NIFTY 50,0.00996662256880243,0.996662256880243
2024-04-30,NIFTY 50,-0.00170251731563964,-0.170251731563964
2024-05-02,NIFTY 50,0.0019177127972140884,0.19177127972140884
2024-05-03,NIFTY 50,-0.007609859296553445,-0.7609859296553445
2024-05-06,NIFTY 50,-0.0014749338156797576,-0.14749338156797576
2024-05-07,NIFTY 50,-0.006246985595782073,-0.6246985595782073
2024-05-08,NIFTY 50,0.0,0.0
2024-05-09,NIFTY 50,-0.01546911781190452,-1.546911781190452
2024-05-10,NIFTY 50,0.0044494691449390444,0.44494691449390444
2024-05-13,NIFTY 50,0.0022149680905385605,0.22149680905385605
2024-05-14,NIFTY 50,0.005148324587705533,0.5148324587705533
2024-05-15,NIFTY 50,-0.0007786004689536163,-0.07786004689536163
2024-05-16,NIFTY 50,0.009157377676264788,0.9157377676264788
2024-05-17,NIFTY 50,0.0027785403439750667,0.27785403439750667
2024-05-21,NIFTY 50,0.002802051667603722,0.2802051667603722
2024-05-22,NIFTY 50,0.0030516154749500313,0.3051615474950031
2024-05-23,NIFTY 50,0.01636661960848307,1.6366619608483068
2024-05-24,NIFTY 50,-0.0004593757337192361,-0.04593757337192361
2024-05-27,NIFTY 50,-0.0010737589261899938,-0.10737589261899938
2024-05-28,NIFTY 50,-0.0019317094176221072,-0.19317094176221072
2024-05-29,NIFTY 50,-0.008015115627261094,-0.8015115627261094
2024-05-30,NIFTY 50,-0.009515599658179275,-0.9515599658179275
2024-05-31,NIFTY 50,0.0018697799732139142,0.18697799732139142
2024-06-03,NIFTY 50,0.03254231769535276,3.2542317695352763
2024-06-04,NIFTY 50,-0.05929359941641077,-5.929359941641077
2024-06-05,NIFTY 50,0.033624236760035675,3.3624236760035675
2024-06-06,NIFTY 50,0.008888049244237806,0.8888049244237806
2024-06-07,NIFTY 50,0.020539931466807104,2.0539931466807104
2024-06-10,NIFTY 50,-0.0013289382574128705,-0.13289382574128705
2024-06-11,NIFTY 50,0.0002429314342191624,0.02429314342191624
2024-06-12,NIFTY 50,0.002497312914139238,0.2497312914139238
2024-06-13,NIFTY 50,0.0032564994745150067,0.32564994745150067
2024-06-14,NIFTY 50,0.0028505279152657437,0.28505279152657437
2024-06-18,NIFTY 50,0.003933450786960613,0.3933450786960613
2024-06-19,NIFTY 50,-0.0017786131162043084,-0.17786131162043084
2024-06-20,NIFTY 50,0.0021687361796223215,0.21687361796223215
2024-06-21,NIFTY 50,-0.00279629951309035,-0.279629951309035
2024-06-24,NIFTY 50,0.00156375661610908,0.156375661610908
2024-06-25,NIFTY 50,0.007793879853915442,0.7793879853915442
2024-06-26,NIFTY 50,0.006218040121837909,0.6218040121837909
2024-06-27,NIFTY 50,0.007361040898544724,0.7361040898544724
2024-06-28,NIFTY 50,-0.0014099020825968367,-0.14099020825968367
2024-07-01,NIFTY 50,0.005470484349075377,0.5470484349075377
2024-07-02,NIFTY 50,-0.0007497161563467802,-0.07497161563467802
2024-07-03,NIFTY 50,0.006742306607722792,0.6742306607722792
2024-07-04,NIFTY 50,0.0006444070008029268,0.06444070008029268
2024-07-05,NIFTY 50,0.0008928929498506211,0.0892892949850621
2024-07-08,NIFTY 50,-0.00013562113637344275,-0.013562113637344275
2024-07-09,NIFTY 50,0.004631820986013446,0.4631820986013446
2024-07-10,NIFTY 50,-0.004450911197766749,-0.4450911197766749
2024-07-11,NIFTY 50,-0.0003494426502141934,-0.03494426502141934
2024-07-12,NIFTY 50,0.007657573644356042,0.7657573644356042
2024-07-15,NIFTY 50,0.003450669707641296,0.3450669707641296
2024-07-16,NIFTY 50,0.0010697158254551198,0.10697158254551198
2024-07-18,NIFTY 50,0.007632129743428306,0.7632129743428306
2024-07-19,NIFTY 50,-0.010884676251089243,-1.0884676251089243
2024-07-22,NIFTY 50,-0.0008825762723847497,-0.08825762723847497
2024-07-23,NIFTY 50,-0.0012321559717249908,-0.12321559717249908
2024-07-24,NIFTY 50,-0.002677831825905974,-0.2677831825905974
2024-07-25,NIFTY 50,-0.0003031269840456652,-0.030312698404566518
2024-07-26,NIFTY 50,0.01756732976027453,1.756732976027453
2024-07-29,NIFTY 50,5.03324972633834e-05,0.00503324972633834
2024-07-30,NIFTY 50,0.0008536433743000504,0.08536433743000504
2024-07-31,NIFTY 50,0.00377553501085659,0.377553501085659
2024-08-01,NIFTY 50,0.0023946791656728195,0.23946791656728195
2024-08-02,NIFTY 50,-0.011722935491954689,-1.172293549195469
2024-08-05,NIFTY 50,-0.02678645789462286,-2.678645789462286
2024-08-06,NIFTY 50,-0.0026209626510589334,-0.26209626510589334
2024-08-07,NIFTY 50,0.012710162480444431,1.2710162480444431
2024-08-08,NIFTY 50,-0.007428747813561065,-0.7428747813561065
2024-08-09,NIFTY 50,0.010386864037815746,1.0386864037815746
2024-08-12,NIFTY 50,-0.0008412844977941925,-0.08412844977941925
2024-08-13,NIFTY 50,-0.008543146999630324,-0.8543146999630324
2024-08-14,NIFTY 50,0.00019677699987563635,0.019677699987563635
2024-08-16,NIFTY 50,0.016459762490292462,1.6459762490292462
2024-08-19,NIFTY 50,0.0012835584110202358,0.12835584110202358
2024-08-20,NIFTY 50,0.005135759339910173,0.5135759339910173
2024-08-21,NIFTY 50,0.0028887826964991703,0.28887826964991703
2024-08-22,NIFTY 50,0.001667357653657442,0.1667357653657442
2024-08-23,NIFTY 50,0.00046955607782672715,0.046955607782672715
2024-08-26,NIFTY 50,0.007551387144671073,0.7551387144671073
2024-08-27,NIFTY 50,0.0002858944102370753,0.02858944102370753
2024-08-28,NIFTY 50,0.0013830024432652799,0.138300244326528
2024-08-29,NIFTY 50,0.00397565940632294,0.397565940632294
2024-08-30,NIFTY 50,0.003337760073577778,0.3337760073577778
2024-09-02,NIFTY 50,0.001695950113232314,0.1695950113232314
2024-09-03,NIFTY 50,4.550829989491412e-05,0.004550829989491412
2024-09-04,NIFTY 50,-0.0032100820170585243,-0.3210082017058524
2024-09-05,NIFTY 50,-0.0021270784221717465,-0.21270784221717465
2024-09-06,NIFTY 50,-0.011650350298901935,-1.1650350298901935
2024-09-09,NIFTY 50,0.003390048695012693,0.3390048695012693
2024-09-10,NIFTY 50,0.0041986500501236534,0.41986500501236534
2024-09-11,NIFTY 50,-0.004897963449619458,-0.4897963449619458
2024-09-12,NIFTY 50,0.01887963282727112,1.887963282727112
2024-09-13,NIFTY 50,-0.0012761636040355961,-0.12761636040355961
2024-09-16,NIFTY 50,0.0010746751326089488,0.10746751326089488
2024-09-17,NIFTY 50,0.0013709866056039743,0.13709866056039743
2024-09-18,NIFTY 50,-0.0016129951842196455,-0.16129951842196455
2024-09-19,NIFTY 50,0.0015072376499098983,0.15072376499098983
2024-09-20,NIFTY 50,0.014760441377741573,1.4760441377741573
2024-09-23,NIFTY 50,0.005742385099666292,0.5742385099666292
2024-09-24,NIFTY 50,5.2030021699067674e-05,0.0052030021699067674
2024-09-25,NIFTY 50,0.0024575565157058943,0.24575565157058943
2024-09-26,NIFTY 50,0.008148714241454025,0.8148714241454025
2024-09-27,NIFTY 50,-0.0014152231703233875,-0.14152231703233875
2024-09-30,NIFTY 50,-0.014060900852023384,-1.4060900852023384
2024-10-01,NIFTY 50,-0.0005404401234794243,-0.05404401234794243
2024-10-03,NIFTY 50,-0.021196375260987388,-2.119637526098739
2024-10-04,NIFTY 50,-0.009326695880144675,-0.9326695880144675
2024-10-07,NIFTY 50,-0.008748875168602677,-0.8748875168602677
2024-10-08,NIFTY 50,0.00876764730346924,0.8767647303469239
2024-10-09,NIFTY 50,-0.0012473907279866303,-0.12473907279866303
2024-10-10,NIFTY 50,0.0006604768849507447,0.06604768849507447
2024-10-11,NIFTY 50,-0.0013680536120755926,-0.13680536120755926
2024-10-14,NIFTY 50,0.006557345754428789,0.6557345754428789
2024-10-15,NIFTY 50,-0.0028096049048969007,-0.2809604904896901
2024-10-16,NIFTY 50,-0.0034340754096676696,-0.34340754096676696
2024-10-17,NIFTY 50,-0.008868227322834543,-0.8868227322834543
2024-10-18,NIFTY 50,0.004210173941240125,0.4210173941240125
2024-10-21,NIFTY 50,-0.00293518237799828,-0.293518237799828
2024-10-22,NIFTY 50,-0.012469180337869368,-1.2469180337869368
2024-10-23,NIFTY 50,-0.001495564743491773,-0.1495564743491773
2024-10-24,NIFTY 50,-0.0014773427748562273,-0.14773427748562273
2024-10-25,NIFTY 50,-0.008959220549493163,-0.8959220549493163
2024-10-28,NIFTY 50,0.0065485676346082045,0.6548567634608204
2024-10-29,NIFTY 50,0.0052466588480091225,0.5246658848009123
2024-10-30,NIFTY 50,-0.005149825253829232,-0.5149825253829232
2024-10-31,NIFTY 50,-0.005566773640794054,-0.5566773640794054
2024-11-01,NIFTY 50,0.004090004961616156,0.4090004961616156
2024-11-04,NIFTY 50,-0.0127137736646451,-1.27137736646451
2024-11-05,NIFTY 50,0.00908305881860727,0.908305881860727
2024-11-06,NIFTY 50,0.011181870759630508,1.1181870759630508
2024-11-07,NIFTY 50,-0.011628025706147627,-1.1628025706147627
2024-11-08,NIFTY 50,-0.002113709312467793,-0.2113709312467793
2024-11-11,NIFTY 50,-0.00028567088740283353,-0.028567088740283353
2024-11-12,NIFTY 50,-0.010680930776533315,-1.0680930776533315
2024-11-13,NIFTY 50,-0.013582562322921432,-1.3582562322921432
2024-11-14,NIFTY 50,-0.0011185324376894457,-0.11185324376894457
2024-11-18,NIFTY 50,-0.0033527151631265184,-0.33527151631265184
2024-11-19,NIFTY 50,0.002758581406631766,0.2758581406631766
2024-11-21,NIFTY 50,-0.007168807933116472,-0.7168807933116472
2024-11-22,NIFTY 50,0.023869464111237804,2.3869464111237804
2024-11-25,NIFTY 50,0.013161295867362366,1.3161295867362366
2024-11-26,NIFTY 50,-0.0011312238174179257,-0.11312238174179257
2024-11-27,NIFTY 50,0.003323085437806128,0.3323085437806128
2024-11-28,NIFTY 50,-0.014861029054492936,-1.4861029054492936
2024-11-29,NIFTY 50,0.009072001940535257,0.9072001940535257
2024-12-02,NIFTY 50,0.006006820004948565,0.6006820004948565
2024-12-03,NIFTY 50,0.007460011144599932,0.7460011144599932
2024-12-04,NIFTY 50,0.00042109681465385407,0.04210968146538541
2024-12-05,NIFTY 50,0.009847825562885104,0.9847825562885104
2024-12-06,NIFTY 50,-0.0012384293961259507,-0.12384293961259507
2024-12-09,NIFTY 50,-0.0023827399277279726,-0.23827399277279726
2024-12-10,NIFTY 50,-0.0003635086213900074,-0.03635086213900074
2024-12-11,NIFTY 50,0.0012901233029631864,0.12901233029631864
2024-12-12,NIFTY 50,-0.003778196379659149,-0.3778196379659149
2024-12-13,NIFTY 50,0.008945547808588916,0.8945547808588916
2024-12-16,NIFTY 50,-0.004039468921733236,-0.4039468921733236
2024-12-17,NIFTY 50,-0.013468730047733413,-1.3468730047733413
2024-12-18,NIFTY 50,-0.005635699812006956,-0.5635699812006956
2024-12-19,NIFTY 50,-0.010213311567061067,-1.0213311567061067
2024-12-20,NIFTY 50,-0.01520556915080562,-1.520556915080562
2024-12-23,NIFTY 50,0.0070354729729729115,0.7035472972972912
2024-12-24,NIFTY 50,-0.0010861087115143775,-0.10861087115143775
2024-12-26,NIFTY 50,0.0009503186263191132,0.09503186263191132
2024-12-27,NIFTY 50,0.002661079652128029,0.2661079652128029
2024-12-30,NIFTY 50,-0.007075847935867907,-0.7075847935867907
2024-12-31,NIFTY 50,-4.212721278373799e-06,-0.0004212721278373799
2025-01-01,NIFTY 50,0.004148887118253564,0.41488871182535636
2025-01-02,NIFTY 50,0.018774033191665485,1.8774033191665485
2025-01-03,NIFTY 50,-0.007602755327609123,-0.7602755327609123
2025-01-06,NIFTY 50,-0.016192595996625703,-1.6192595996625703
2025-01-07,NIFTY 50,0.0038892874268343647,0.38892874268343647
2025-01-08,NIFTY 50,-0.0007993610384197103,-0.07993610384197103
2025-01-09,NIFTY 50,-0.006857594959147506,-0.6857594959147506
2025-01-10,NIFTY 50,-0.004037999702463213,-0.4037999702463213
2025-01-13,NIFTY 50,-0.014747275302477436,-1.4747275302477436
2025-01-14,NIFTY 50,0.003902874499386977,0.3902874499386977
2025-01-15,NIFTY 50,0.0016028803979861728,0.16028803979861728
2025-01-16,NIFTY 50,0.004247650725383689,0.4247650725383689
2025-01-17,NIFTY 50,-0.004658651792672774,-0.46586517926727744
2025-01-20,NIFTY 50,0.006100485537167577,0.6100485537167577
2025-01-21,NIFTY 50,-0.013711845677293555,-1.3711845677293555
2025-01-22,NIFTY 50,0.0056764909144164655,0.5676490914416465
2025-01-23,NIFTY 50,0.0021593282262408753,0.21593282262408753
2025-01-24,NIFTY 50,-0.004876047658393667,-0.48760476583936674
2025-01-27,NIFTY 50,-0.011391241935562957,-1.1391241935562957
2025-01-28,NIFTY 50,0.005611229817278129,0.5611229817278129
2025-01-29,NIFTY 50,0.008966649288351114,0.8966649288351114
2025-01-30,NIFTY 50,0.003730087599762788,0.3730087599762788
2025-01-31,NIFTY 50,0.011135740150325812,1.1135740150325812
2025-02-01,NIFTY 50,-0.0011166221250199504,-0.11166221250199504
2025-02-03,NIFTY 50,-0.005157091976693451,-0.5157091976693451
2025-02-04,NIFTY 50,0.016189306820631133,1.6189306820631133
2025-02-05,NIFTY 50,-0.001809207062143936,-0.1809207062143936
2025-02-06,NIFTY 50,-0.003922602634608197,-0.39226026346081966
2025-02-07,NIFTY 50,-0.0018387386257991967,-0.18387386257991967
2025-02-10,NIFTY 50,-0.007570033692307909,-0.7570033692307909
2025-02-11,NIFTY 50,-0.013249684936046169,-1.3249684936046169
2025-02-12,NIFTY 50,-0.0011507892904301098,-0.11507892904301098
2025-02-13,NIFTY 50,-0.0006009745771905495,-0.06009745771905495
2025-02-14,NIFTY 50,-0.004435266153706374,-0.4435266153706374
2025-02-17,NIFTY 50,0.0013192755977626813,0.13192755977626813
2025-02-18,NIFTY 50,-0.0006184463402948426,-0.06184463402948426
2025-02-19,NIFTY 50,-0.0005404326900405598,-0.05404326900405598
2025-02-20,NIFTY 50,-0.0008612081186238907,-0.08612081186238907
2025-02-21,NIFTY 50,-0.005117148798882476,-0.5117148798882476
2025-02-24,NIFTY 50,-0.010640105330068539,-1.0640105330068539
2025-02-25,NIFTY 50,-0.00025711604818956513,-0.025711604818956513
2025-02-27,NIFTY 50,-0.00011087678764998277,-0.011087678764998277
2025-02-28,NIFTY 50,-0.018644959666695105,-1.8644959666695105
2025-03-03,NIFTY 50,-0.00024400049223838316,-0.024400049223838316
2025-03-04,NIFTY 50,-0.0016569416451024388,-0.16569416451024388
2025-03-05,NIFTY 50,0.011531695069225467,1.1531695069225467
2025-03-06,NIFTY 50,0.009284847776867,0.9284847776867
2025-03-07,NIFTY 50,0.00034601398645017767,0.03460139864501777
2025-03-10,NIFTY 50,-0.004088203913091726,-0.4088203913091726
2025-03-11,NIFTY 50,0.0016740474556060647,0.16740474556060647
2025-03-12,NIFTY 50,-0.0012179087892316698,-0.12179087892316698
2025-03-13,NIFTY 50,-0.003262089461738671,-0.3262089461738671
2025-03-17,NIFTY 50,0.004980568336268254,0.4980568336268254
2025-03-18,NIFTY 50,0.01446329899483545,1.446329899483545
2025-03-19,NIFTY 50,0.0032100316461272094,0.32100316461272094
2025-03-20,NIFTY 50,0.012356195589090069,1.2356195589090069
2025-03-21,NIFTY 50,0.0068885519512889015,0.6888551951288902
2025-03-24,NIFTY 50,0.013188177230298859,1.3188177230298859
2025-03-25,NIFTY 50,0.00043539728764163677,0.04353972876416368
2025-03-26,NIFTY 50,-0.007681079328545448,-0.7681079328545448
2025-03-27,NIFTY 50,0.004474827877002596,0.4474827877002596
2025-03-28,NIFTY 50,-0.0030773044101545244,-0.30773044101545244
2025-04-01,NIFTY 50,-0.015036571865236992,-1.5036571865236992
2025-04-02,NIFTY 50,0.0071938424586863725,0.7193842458686373
2025-04-03,NIFTY 50,-0.0035251486188494496,-0.35251486188494496
2025-04-04,NIFTY 50,-0.014866619775066536,-1.4866619775066536
2025-04-07,NIFTY 50,-0.03243254628305536,-3.2432546283055363
2025-04-08,NIFTY 50,0.016887318902814252,1.6887318902814252
2025-04-09,NIFTY 50,-0.006065856008070525,-0.6065856008070525
2025-04-11,NIFTY 50,0.019170387409190415,1.9170387409190415
2025-04-15,NIFTY 50,0.02190239778210845,2.190239778210845
2025-04-16,NIFTY 50,0.004657316201027051,0.4657316201027051
2025-04-17,NIFTY 50,0.017683476937954135,1.7683476937954135
2025-04-21,NIFTY 50,0.011483498464016417,1.1483498464016417
2025-04-22,NIFTY 50,0.0017284255654137493,0.17284255654137493
2025-04-23,NIFTY 50,0.006690840652122221,0.6690840652122221
2025-04-24,NIFTY 50,-0.0033807460922566923,-0.33807460922566923
2025-04-25,NIFTY 50,-0.00855166336268387,-0.855166336268387
2025-04-28,NIFTY 50,0.012028211882747275,1.2028211882747275
2025-04-29,NIFTY 50,0.0003061930965739812,0.03061930965739812
2025-04-30,NIFTY 50,-7.191007773188485e-05,-0.007191007773188485
2025-05-02,NIFTY 50,0.0005136803511647248,0.05136803511647248
2025-05-05,NIFTY 50,0.004700890697612925,0.4700890697612925
2025-05-06,NIFTY 50,-0.0033338898599493128,-0.3333889859949313
2025-05-07,NIFTY 50,0.0014274549954715887,0.14274549954715887
2025-05-08,NIFTY 50,-0.005758880297096702,-0.5758880297096702
2025-05-09,NIFTY 50,-0.0109501096942064,-1.09501096942064
2025-05-12,NIFTY 50,0.038183073090219954,3.8183073090219954
2025-05-13,NIFTY 50,-0.01389583907654357,-1.389583907654357
2025-05-14,NIFTY 50,0.0036027960647213586,0.36027960647213586
2025-05-15,NIFTY 50,0.01602143814146184,1.6021438141461841
2025-05-16,NIFTY 50,-0.0016877607536591732,-0.16877607536591732
2025-05-19,NIFTY 50,-0.0029717088137536374,-0.29717088137536374
2025-05-20,NIFTY 50,-0.010484831354666824,-1.0484831354666824
2025-05-21,NIFTY 50,0.00524831270888626,0.524831270888626
2025-05-22,NIFTY 50,-0.008211272774042211,-0.8211272774042211
2025-05-23,NIFTY 50,0.009892488718005854,0.9892488718005854
2025-05-26,NIFTY 50,0.005954979456279652,0.5954979456279652
2025-05-27,NIFTY 50,-0.0069977248703164685,-0.6997724870316469
2025-05-28,NIFTY 50,-0.0029706520659956714,-0.29706520659956714
2025-05-29,NIFTY 50,0.003278479228775888,0.3278479228775888
2025-05-30,NIFTY 50,-0.00333823496911434,-0.333823496911434
2025-06-02,NIFTY 50,-0.0013777230725331435,-0.13777230725331435
2025-06-03,NIFTY 50,-0.007043833380258491,-0.7043833380258491
2025-06-04,NIFTY 50,0.003165904807986175,0.3165904807986175
2025-06-05,NIFTY 50,0.005308696762106768,0.5308696762106768
2025-06-06,NIFTY 50,0.01018752395450262,1.018752395450262
2025-06-09,NIFTY 50,0.004005448710087123,0.4005448710087123
2025-06-10,NIFTY 50,4.18584595869298e-05,0.00418584595869298
2025-06-11,NIFTY 50,0.0014798446727146697,0.14798446727146697
2025-06-12,NIFTY 50,-0.010071084662786611,-1.0071084662786611
2025-06-13,NIFTY 50,-0.006814458847919758,-0.6814458847919758
2025-06-16,NIFTY 50,0.00921979376770854,0.921979376770854
2025-06-17,NIFTY 50,-0.0037319707924959866,-0.37319707924959866
2025-06-18,NIFTY 50,-0.0016637405234334324,-0.16637405234334324
2025-06-19,NIFTY 50,-0.0007577278241026608,-0.07577278241026608
2025-06-20,NIFTY 50,0.01287247095983779,1.287247095983779
2025-06-23,NIFTY 50,-0.0055948454872697395,-0.559484548726974
2025-06-24,NIFTY 50,0.0029012296868362597,0.29012296868362597
2025-06-25,NIFTY 50,0.008001820520425307,0.8001820520425307
2025-06-26,NIFTY 50,0.012052010814129765,1.2052010814129765
2025-06-27,NIFTY 50,0.003475704773181043,0.3475704773181043
2025-06-30,NIFTY 50,-0.004709842354665206,-0.4709842354665206
2025-07-01,NIFTY 50,0.0009699396772837598,0.09699396772837598
2025-07-02,NIFTY 50,-0.0034610085397696055,-0.34610085397696055
2025-07-03,NIFTY 50,-0.00188971251922454,-0.188971251922454
2025-07-04,NIFTY 50,0.0021924250859925998,0.21924250859925998
2025-07-07,NIFTY 50,1.1813410706551508e-05,0.0011813410706551508
2025-07-08,NIFTY 50,0.0024036171315751087,0.24036171315751087
2025-07-09,NIFTY 50,-0.00181801902732881,-0.181801902732881
2025-07-10,NIFTY 50,-0.004743646446198069,-0.4743646446198069
2025-07-11,NIFTY 50,-0.008100901810276007,-0.8100901810276007
2025-07-14,NIFTY 50,-0.002685854157148504,-0.2685854157148504
2025-07-15,NIFTY 50,0.004525103218794291,0.4525103218794291
2025-07-16,NIFTY 50,0.0006449487413033861,0.06449487413033861
2025-07-17,NIFTY 50,-0.003990217351728331,-0.3990217351728331
2025-07-18,NIFTY 50,-0.0056965580472427835,-0.5696558047242783
2025-07-21,NIFTY 50,0.004898144302865282,0.48981443028652816
2025-07-22,NIFTY 50,-0.0011876443882732346,-0.11876443882732346
2025-07-23,NIFTY 50,0.006344544590244583,0.6344544590244583
2025-07-24,NIFTY 50,-0.006256994627491075,-0.6256994627491075
2025-07-25,NIFTY 50,-0.008981674037030651,-0.8981674037030651
2025-07-28,NIFTY 50,-0.006284962329387578,-0.6284962329387578
2025-07-29,NIFTY 50,0.005680474234370125,0.5680474234370125
2025-07-30,NIFTY 50,0.001367835124523431,0.1367835124523431
2025-07-31,NIFTY 50,-0.0034882717656889994,-0.34882717656889994
2025-08-01,NIFTY 50,-0.008195943742782208,-0.8195943742782208
2025-08-04,NIFTY 50,0.006407415043054421,0.6407415043054421
2025-08-05,NIFTY 50,-0.0029608040671041946,-0.29608040671041946
2025-08-06,NIFTY 50,-0.003056914228121266,-0.3056914228121266
2025-08-07,NIFTY 50,0.0008932609229541644,0.08932609229541644
2025-08-08,NIFTY 50,-0.009466912735407229,-0.9466912735407229
2025-08-11,NIFTY 50,0.009101804471857822,0.9101804471857822
2025-08-12,NIFTY 50,-0.003971941790719136,-0.39719417907191357
2025-08-13,NIFTY 50,0.005388453516712133,0.5388453516712133
2025-08-14,NIFTY 50,0.00048543816407109475,0.048543816407109475
2025-08-18,NIFTY 50,0.009973019276634965,0.9973019276634965
2025-08-19,NIFTY 50,0.004168564680625764,0.41685646806257637
2025-08-20,NIFTY 50,0.0027981813736617234,0.27981813736617234
2025-08-21,NIFTY 50,0.0013252889742787488,0.13252889742787488
2025-08-22,NIFTY 50,-0.008517482060098724,-0.8517482060098724
2025-08-25,NIFTY 50,0.003926417350905487,0.39264173509054867
2025-08-26,NIFTY 50,-0.010241179872034878,-1.0241179872034878
2025-08-28,NIFTY 50,-0.008544430103923584,-0.8544430103923584
2025-08-29,NIFTY 50,-0.0030223697933294824,-0.30223697933294824
2025-09-01,NIFTY 50,0.008114070174605414,0.8114070174605414
2025-09-02,NIFTY 50,-0.0018457290617897026,-0.18457290617897026
2025-09-03,NIFTY 50,0.0055107151470170646,0.5510715147017065
2025-09-04,NIFTY 50,0.0007788776228048189,0.07788776228048189
2025-09-05,NIFTY 50,0.00027084730671167456,0.027084730671167456
2025-09-08,NIFTY 50,0.0012994782193525012,0.12994782193525012
2025-09-09,NIFTY 50,0.003852930178235292,0.3852930178235292
2025-09-10,NIFTY 50,0.0042020862308871365,0.42020862308871365
2025-09-11,NIFTY 50,0.0012974116602184615,0.12974116602184615
2025-09-12,NIFTY 50,0.004339045410009845,0.4339045410009845
2025-09-15,NIFTY 50,-0.0017838966811339896,-0.17838966811339896
2025-09-16,NIFTY 50,0.006777256391098607,0.6777256391098607
2025-09-17,NIFTY 50,0.003611475529465391,0.3611475529465391
2025-09-18,NIFTY 50,0.0036853015416349333,0.36853015416349333
2025-09-19,NIFTY 50,-0.0037976065391384095,-0.37976065391384095
2025-09-22,NIFTY 50,-0.004923635718664832,-0.49236357186648316
2025-09-23,NIFTY 50,-0.0013034343973540308,-0.13034343973540308
2025-09-24,NIFTY 50,-0.00447365300760838,-0.447365300760838
2025-09-25,NIFTY 50,-0.006626948212322681,-0.6626948212322681
2025-09-26,NIFTY 50,-0.009487437927231501,-0.9487437927231501
2025-09-29,NIFTY 50,-0.0008030448049409777,-0.08030448049409777
2025-09-30,NIFTY 50,-0.0009661407544825362,-0.09661407544825362
2025-10-01,NIFTY 50,0.009150390492475902,0.9150390492475902
2025-10-03,NIFTY 50,0.0023332467769816567,0.23332467769816567
2025-10-06,NIFTY 50,0.007367178791287232,0.7367178791287232
2025-10-07,NIFTY 50,0.0012222193924698033,0.12222193924698033
2025-10-08,NIFTY 50,-0.0024752925801897474,-0.24752925801897474
2025-10-09,NIFTY 50,0.005416017571936882,0.5416017571936882
2025-10-10,NIFTY 50,0.0041120501676790155,0.41120501676790155
2025-10-13,NIFTY 50,-0.0022938183927065925,-0.22938183927065925
2025-10-14,NIFTY 50,-0.003244479132464395,-0.3244479132464395
2025-10-15,NIFTY 50,0.007080820872521931,0.7080820872521931
2025-10-16,NIFTY 50,0.010336228211479837,1.0336228211479837
2025-10-17,NIFTY 50,0.004867983737610659,0.48679837376106594
2025-10-20,NIFTY 50,0.005184813729964155,0.5184813729964155
2025-10-21,NIFTY 50,0.0009847568259027106,0.09847568259027106
2025-10-23,NIFTY 50,0.0008814076368377499,0.08814076368377499
2025-10-24,NIFTY 50,-0.0037174505259611745,-0.37174505259611745
2025-10-27,NIFTY 50,0.006625291500029773,0.6625291500029773
2025-10-28,NIFTY 50,-0.001149638146805021,-0.1149638146805021
2025-10-29,NIFTY 50,0.0045381040946781415,0.45381040946781415
2025-10-30,NIFTY 50,-0.0067571756478100875,-0.6757175647810088
2025-10-31,NIFTY 50,-0.006018660837397216,-0.6018660837397216
2025-11-03,NIFTY 50,0.0016036793506921665,0.16036793506921665
2025-11-04,NIFTY 50,-0.006431586779760301,-0.6431586779760301
2025-11-06,NIFTY 50,-0.0034359080045569534,-0.34359080045569534
2025-11-07,NIFTY 50,-0.0006820322478444663,-0.06820322478444663
2025-11-10,NIFTY 50,0.0032185728871263475,0.32185728871263475
2025-11-11,NIFTY 50,0.0047156471705849246,0.47156471705849246
2025-11-12,NIFTY 50,0.0070384090258497345,0.7038409025849734
2025-11-13,NIFTY 50,0.00012944949620363744,0.012944949620363744
2025-11-14,NIFTY 50,0.001194026471448284,0.1194026471448284
2025-11-17,NIFTY 50,0.0039906690408659795,0.39906690408659795
2025-11-18,NIFTY 50,-0.003974806902018679,-0.39748069020186794
2025-11-19,NIFTY 50,0.005503640675154298,0.5503640675154298
2025-11-20,NIFTY 50,0.005354541588221684,0.5354541588221684
2025-11-21,NIFTY 50,-0.0047342428227803435,-0.47342428227803435
2025-11-24,NIFTY 50,-0.004167936312968079,-0.4167936312968079
2025-11-25,NIFTY 50,-0.002877529180069005,-0.2877529180069005
2025-11-26,NIFTY 50,0.012381783530362567,1.2381783530362567
2025-11-27,NIFTY 50,0.0003911422381892571,0.03911422381892571
2025-11-28,NIFTY 50,-0.0004806903583736144,-0.04806903583736144
2025-12-01,NIFTY 50,-0.0010380212747401751,-0.10380212747401751
2025-12-02,NIFTY 50,-0.005484113396941881,-0.5484113396941881
2025-12-03,NIFTY 50,-0.0017746951904364927,-0.17746951904364927
2025-12-04,NIFTY 50,0.0018375278996383138,0.18375278996383138
2025-12-05,NIFTY 50,0.005865433091659877,0.5865433091659877
2025-12-08,NIFTY 50,-0.00862653945989178,-0.862653945989178
2025-12-09,NIFTY 50,-0.004657081109092687,-0.46570811090926867
2025-12-10,NIFTY 50,-0.0031598875909956137,-0.31598875909956137
2025-12-11,NIFTY 50,0.0054565875164998,0.54565875164998
2025-12-12,NIFTY 50,0.005729990019651465,0.5729990019651465
2025-12-15,NIFTY 50,-0.0007543469807149705,-0.07543469807149705
2025-12-16,NIFTY 50,-0.006424068837574293,-0.6424068837574293
2025-12-17,NIFTY 50,-0.001606677033445636,-0.1606677033445636
2025-12-18,NIFTY 50,-0.00011619552256891819,-0.011619552256891819
2025-12-19,NIFTY 50,0.005843362036054733,0.5843362036054733
2025-12-22,NIFTY 50,0.00793332910611566,0.7933329106115661
2025-12-23,NIFTY 50,0.00018148889399149937,0.018148889399149937
2025-12-24,NIFTY 50,-0.0013389838361685946,-0.13389838361685946
2025-12-26,NIFTY 50,-0.0038175521330050532,-0.3817552133005053
2025-12-29,NIFTY 50,-0.003847631310177624,-0.3847631310177624
2025-12-30,NIFTY 50,-0.00012527898855285713,-0.012527898855285713
2025-12-31,NIFTY 50,0.0073538342244390265,0.7353834224439026
2026-01-01,NIFTY 50,0.0006487344669803274,0.06487344669803274
2026-01-02,NIFTY 50,0.006960765170238581,0.6960765170238581
2026-01-05,NIFTY 50,-0.0029720587604740167,-0.2972058760474017
2026-01-06,NIFTY 50,-0.0027276473171363724,-0.27276473171363724
2026-01-07,NIFTY 50,-0.001449622016468255,-0.1449622016468255
2026-01-08,NIFTY 50,-0.010095364158449915,-1.0095364158449915
2026-01-09,NIFTY 50,-0.007479613285493514,-0.7479613285493514
2026-01-12,NIFTY 50,0.004164153963733375,0.41641539637333747
2026-01-13,NIFTY 50,-0.002246942885392733,-0.2246942885392733
2026-01-14,NIFTY 50,-0.00259211846006413,-0.259211846006413
2026-01-15,NIFTY 50,0.0,0.0
2026-01-16,NIFTY 50,0.0011201764399650926,0.11201764399650926
2026-01-19,NIFTY 50,-0.004236324757381116,-0.4236324757381116
2026-01-20,NIFTY 50,-0.013796877137441155,-1.3796877137441155
2026-01-21,NIFTY 50,-0.0029723570791637677,-0.29723570791637677
2026-01-22,NIFTY 50,0.00526285960946038,0.526285960946038
2026-01-23,NIFTY 50,-0.009539381186706164,-0.9539381186706164
2026-01-27,NIFTY 50,0.005060152863462841,0.5060152863462841
2026-01-28,NIFTY 50,0.006647346488174222,0.6647346488174222
2026-01-29,NIFTY 50,0.0030048195489833507,0.30048195489833507
2026-01-30,NIFTY 50,-0.003865234077404689,-0.3865234077404689
2026-02-02,NIFTY 50,-0.00917235522852089,-0.917235522852089
2026-02-03,NIFTY 50,0.025475932330218942,2.547593233021894
2026-02-04,NIFTY 50,0.0018831648283172964,0.18831648283172964
2026-02-05,NIFTY 50,-0.00516756745616076,-0.516756745616076
2026-02-06,NIFTY 50,0.0019849016468285186,0.19849016468285186
2026-02-09,NIFTY 50,0.006756581098813275,0.6756581098813275
2026-02-10,NIFTY 50,0.0026229876069705504,0.26229876069705504
2026-02-11,NIFTY 50,0.0007209990483325601,0.07209990483325601
2026-02-12,NIFTY 50,-0.00565042923620962,-0.565042923620962
2026-02-13,NIFTY 50,-0.01302348257655217,-1.302348257655217
2026-02-16,NIFTY 50,0.008309432803093486,0.8309432803093486
2026-02-17,NIFTY 50,0.00166066292063749,0.166066292063749
2026-02-18,NIFTY 50,0.003652002197183979,0.3652002197183979
2026-02-19,NIFTY 50,-0.014136684522350174,-1.4136684522350174
2026-02-20,NIFTY 50,0.004592550680687868,0.4592550680687868
2026-02-23,NIFTY 50,0.00554333479982394,0.554333479982394
2026-02-24,NIFTY 50,-0.011214156627970318,-1.1214156627970318
2026-02-25,NIFTY 50,0.002275335490801167,0.2275335490801167
2026-02-26,NIFTY 50,0.0005513894339252978,0.05513894339252978
2026-02-27,NIFTY 50,-0.012468368500212268,-1.2468368500212268
2026-03-02,NIFTY 50,-0.012429227421638323,-1.2429227421638323
2026-03-04,NIFTY 50,-0.015491187895474101,-1.5491187895474101
2026-03-05,NIFTY 50,0.011658274570576665,1.1658274570576665
2026-03-06,NIFTY 50,-0.012737318930444053,-1.2737318930444053
2026-03-09,NIFTY 50,-0.017275692308183932,-1.7275692308183932
2026-03-10,NIFTY 50,0.009719840791548862,0.9719840791548862
2026-03-11,NIFTY 50,-0.01627056774308744,-1.6270567743087438
2026-03-12,NIFTY 50,-0.009540396930332928,-0.9540396930332928
2026-03-13,NIFTY 50,-0.02064586811222946,-2.064586811222946
2026-03-16,NIFTY 50,0.011131271353117311,1.1131271353117311
2026-03-17,NIFTY 50,0.007362598835607637,0.7362598835607637
2026-03-18,NIFTY 50,0.008339304375208911,0.8339304375208911
2026-03-19,NIFTY 50,-0.03262077926216955,-3.2620779262169552
2026-03-20,NIFTY 50,0.004884308965338757,0.4884308965338757
2026-03-23,NIFTY 50,-0.026037751600726855,-2.6037751600726855
2026-03-24,NIFTY 50,0.017756683156527453,1.7756683156527453
2026-03-25,NIFTY 50,0.01719805962740728,1.719805962740728
2026-03-27,NIFTY 50,-0.02088905112938999,-2.088905112938999
2026-03-30,NIFTY 50,-0.02139385559374285,-2.139385559374285
2026-04-01,NIFTY 50,0.015583438293735208,1.5583438293735208
2026-04-02,NIFTY 50,0.0014858954897207788,0.14858954897207788
2026-04-06,NIFTY 50,0.01123362266767347,1.123362266767347
2026-04-07,NIFTY 50,0.0067658785769486585,0.6765878576948658
2026-04-08,NIFTY 50,0.03778379295615997,3.7783792956159967
2026-04-09,NIFTY 50,-0.009261439434677166,-0.9261439434677166
2026-04-10,NIFTY 50,0.011587753764504383,1.1587753764504383
2026-04-13,NIFTY 50,-0.008646321593950623,-0.8646321593950623
2026-04-15,NIFTY 50,0.016300637062472756,1.6300637062472756
2026-04-16,NIFTY 50,-0.0014258739785333319,-0.1425873978533332
2026-04-17,NIFTY 50,0.006480241406387144,0.6480241406387144
2026-04-20,NIFTY 50,0.00046394992773279853,0.04639499277327985
2026-04-21,NIFTY 50,0.008690798564113589,0.8690798564113589
2026-04-22,NIFTY 50,-0.00807678861823835,-0.8076788618238351
2026-04-23,NIFTY 50,-0.008411190019346093,-0.8411190019346093
2026-04-24,NIFTY 50,-0.011380506539678703,-1.1380506539678703
2026-04-27,NIFTY 50,0.008149234824183171,0.8149234824183171
2026-04-28,NIFTY 50,-0.004026115924964935,-0.4026115924964935
2026-04-29,NIFTY 50,0.007582657634449097,0.7582657634449097
2026-04-30,NIFTY 50,-0.007449012061355398,-0.7449012061355398
2026-05-01,NIFTY 50,0.0,0.0
2026-05-04,NIFTY 50,0.005073434414612388,0.5073434414612388
2026-05-05,NIFTY 50,-0.0035863394542201554,-0.35863394542201554
2026-05-06,NIFTY 50,0.01240589643353629,1.240589643353629
2026-05-07,NIFTY 50,-0.00017668148029703623,-0.017668148029703623
2026-05-08,NIFTY 50,-0.006186630612244115,-0.6186630612244115
2026-05-11,NIFTY 50,-0.014903149402549887,-1.4903149402549887
2026-05-12,NIFTY 50,-0.018319683541890175,-1.8319683541890175
2026-05-13,NIFTY 50,0.0014135784059419176,0.14135784059419176
2026-05-14,NIFTY 50,0.011831236369372666,1.1831236369372666
2026-05-15,NIFTY 50,-0.0019459851637491088,-0.19459851637491088
2026-05-18,NIFTY 50,0.0002727692071817778,0.027276920718177777
2026-05-19,NIFTY 50,-0.0013509212410769411,-0.1350921241076941
2026-05-20,NIFTY 50,0.0017359640951817301,0.173596409518173
2026-05-21,NIFTY 50,-0.00018178203854768427,-0.018178203854768427
2026-05-22,NIFTY 50,0.002731024474358801,0.2731024474358801
2026-05-25,NIFTY 50,0.01317064277657587,1.317064277657587
2026-05-26,NIFTY 50,-0.004910181295375682,-0.4910181295375682
2026-05-27,NIFTY 50,-0.00027385257567613674,-0.027385257567613674
2026-05-28,NIFTY 50,0.0,0.0
2026-05-29,NIFTY 50,-0.015033175629577955,-1.5033175629577955
2026-06-01,NIFTY 50,-0.007013425513053284,-0.7013425513053284
2026-06-02,NIFTY 50,0.00431736306319519,0.431736306319519
2026-06-03,NIFTY 50,-0.0033193946094914883,-0.33193946094914883
2026-06-04,NIFTY 50,0.00046788683297016576,0.046788683297016576
2026-06-05,NIFTY 50,-0.0021289028843615165,-0.21289028843615165
2026-06-08,NIFTY 50,-0.010429338627102713,-1.0429338627102713
2026-06-09,NIFTY 50,0.005150698844224255,0.5150698844224255
2026-06-10,NIFTY 50,-0.0011681556778996294,-0.11681556778996294
2026-06-11,NIFTY 50,-0.0022980713363744965,-0.22980713363744965
2026-06-12,NIFTY 50,0.019916620139797336,1.9916620139797336
2026-06-15,NIFTY 50,0.009778646829145199,0.9778646829145199
2026-06-16,NIFTY 50,0.005669932287180934,0.5669932287180934
2026-06-17,NIFTY 50,0.004024687267071059,0.4024687267071059
2026-06-18,NIFTY 50,0.0034169978003351087,0.34169978003351087
2026-06-19,NIFTY 50,-0.006409317718677587,-0.6409317718677587
2026-06-22,NIFTY 50,0.0037396580495980825,0.37396580495980825
2026-06-23,NIFTY 50,-0.011567105067506356,-1.1567105067506356
2026-06-24,NIFTY 50,0.008292056551520766,0.8292056551520766
2026-06-25,NIFTY 50,0.0014299437722400388,0.14299437722400388
2026-06-26,NIFTY 50,0.0,0.0
2026-06-29,NIFTY 50,-0.004562271366810755,-0.4562271366810755
2026-06-30,NIFTY 50,-0.0033616954637991636,-0.33616954637991636
2026-07-01,NIFTY 50,0.0058703208311072785,0.5870320831107279
2026-07-02,NIFTY 50,0.007075342557701703,0.7075342557701703
2026-07-03,NIFTY 50,0.003935786500487426,0.3935786500487426
2026-07-06,NIFTY 50,0.006571669412775316,0.6571669412775316
2026-07-07,NIFTY 50,-0.0012955357222089736,-0.12955357222089736
2026-07-08,NIFTY 50,-0.02117524515827318,-2.117524515827318
2026-07-09,NIFTY 50,0.0033812004144717633,0.33812004144717633
2026-07-10,NIFTY 50,0.01018660596494203,1.018660596494203
2026-07-13,NIFTY 50,0.0001693570555851842,0.01693570555851842
2026-07-14,NIFTY 50,-0.006565165369047166,-0.6565165369047166
2026-07-15,NIFTY 50,0.0010996658451518648,0.10996658451518648
2026-07-16,NIFTY 50,-0.00023880225097083763,-0.023880225097083763
2026-07-17,NIFTY 50,0.010865014643113069,1.086501464311307
2026-07-20,NIFTY 50,-0.003936861885253551,-0.3936861885253551
2026-07-21,NIFTY 50,-0.002095871495760848,-0.20958714957608482
2026-07-22,NIFTY 50,-0.0079151479856997,-0.79151479856997
2026-07-23,NIFTY 50,-0.0052779242850445884,-0.5277924285044588
2026-07-24,NIFTY 50,-0.004279518395644999,-0.4279518395644999
2026-07-27,NIFTY 50,0.009613989195766948,0.9613989195766948
2026-07-28,NIFTY 50,-0.0004417249460887396,-0.04417249460887396
2026-07-29,NIFTY 50,0.011042140877174367,1.1042140877174367
2026-07-30,NIFTY 50,0.0027608503860552247,0.27608503860552247
2026-07-31,NIFTY 50,0.0027326071386892803,0.27326071386892803
2026-08-03,NIFTY 50,0.01602311299947612,1.602311299947612
2026-08-04,NIFTY 50,-0.006434102501316152,-0.6434102501316152
2026-08-05,NIFTY 50,0.00039610154196334513,0.03961015419633451
