Date,Asset,Adjusted Close
2020-01-01,HDFC Bank,595.67724609375
2020-01-02,HDFC Bank,599.4741821289062
2020-01-03,HDFC Bank,590.9252319335938
2020-01-06,HDFC Bank,578.13671875
2020-01-07,HDFC Bank,587.291259765625
2020-01-08,HDFC Bank,585.75390625
2020-01-09,HDFC Bank,592.3228759765625
2020-01-10,HDFC Bank,597.5872802734375
2020-01-13,HDFC Bank,599.124755859375
2020-01-14,HDFC Bank,600.7553100585938
2020-01-15,HDFC Bank,598.3094482421875
2020-01-16,HDFC Bank,599.8933715820312
2020-01-17,HDFC Bank,595.467529296875
2020-01-20,HDFC Bank,584.6357421875
2020-01-21,HDFC Bank,579.720703125
2020-01-22,HDFC Bank,578.0901489257812
2020-01-23,HDFC Bank,579.9536743164062
2020-01-24,HDFC Bank,579.8138427734375
2020-01-27,HDFC Bank,565.2084350585938
2020-01-28,HDFC Bank,569.8673706054688
2020-01-29,HDFC Bank,575.7608032226562
2020-01-30,HDFC Bank,571.1951293945312
2020-01-31,HDFC Bank,571.3116455078125
2020-02-03,HDFC Bank,555.7044677734375
2020-02-04,HDFC Bank,572.942138671875
2020-02-05,HDFC Bank,579.8604736328125
2020-02-06,HDFC Bank,577.6010131835938
2020-02-07,HDFC Bank,578.7191162109375
2020-02-10,HDFC Bank,577.8338623046875
2020-02-11,HDFC Bank,577.9735717773438
2020-02-12,HDFC Bank,581.8870849609375
2020-02-13,HDFC Bank,578.346435546875
2020-02-14,HDFC Bank,568.0736083984375
2020-02-17,HDFC Bank,567.0487060546875
2020-02-18,HDFC Bank,565.2318115234375
2020-02-19,HDFC Bank,571.7308959960938
2020-02-20,HDFC Bank,567.025390625
2020-02-24,HDFC Bank,563.6943969726562
2020-02-25,HDFC Bank,559.1986694335938
2020-02-26,HDFC Bank,558.7094116210938
2020-02-27,HDFC Bank,558.8026733398438
2020-02-28,HDFC Bank,548.6463012695312
2020-03-02,HDFC Bank,549.5548095703125
2020-03-03,HDFC Bank,550.579833984375
2020-03-04,HDFC Bank,535.22900390625
2020-03-05,HDFC Bank,536.3936767578125
2020-03-06,HDFC Bank,528.7298583984375
2020-03-09,HDFC Bank,515.8716430664062
2020-03-11,HDFC Bank,518.89990234375
2020-03-12,HDFC Bank,475.8056640625
2020-03-13,HDFC Bank,498.4010009765625
2020-03-16,HDFC Bank,465.6494445800781
2020-03-17,HDFC Bank,454.28192138671875
2020-03-18,HDFC Bank,408.5322570800781
2020-03-19,HDFC Bank,417.22100830078125
2020-03-20,HDFC Bank,411.30426025390625
2020-03-23,HDFC Bank,359.4515686035156
2020-03-24,HDFC Bank,357.6578674316406
2020-03-25,HDFC Bank,399.14471435546875
2020-03-26,HDFC Bank,419.8066101074219
2020-03-27,HDFC Bank,421.3673095703125
2020-03-30,HDFC Bank,387.45111083984375
2020-03-31,HDFC Bank,401.5440368652344
2020-04-01,HDFC Bank,386.519287109375
2020-04-03,HDFC Bank,379.1584167480469
2020-04-07,HDFC Bank,417.47723388671875
2020-04-08,HDFC Bank,414.12286376953125
2020-04-09,HDFC Bank,430.9645080566406
2020-04-13,HDFC Bank,417.12774658203125
2020-04-15,HDFC Bank,402.1962585449219
2020-04-16,HDFC Bank,409.8600158691406
2020-04-17,HDFC Bank,424.0927734375
2020-04-20,HDFC Bank,440.1889343261719
2020-04-21,HDFC Bank,429.3805236816406
2020-04-22,HDFC Bank,432.61834716796875
2020-04-23,HDFC Bank,444.8943786621094
2020-04-24,HDFC Bank,437.0209655761719
2020-04-27,HDFC Bank,433.130859375
2020-04-28,HDFC Bank,433.9228515625
2020-04-29,HDFC Bank,455.2136535644531
2020-04-30,HDFC Bank,466.7209777832031
2020-05-04,HDFC Bank,430.0094299316406
2020-05-05,HDFC Bank,424.6285095214844
2020-05-06,HDFC Bank,440.91107177734375
2020-05-07,HDFC Bank,430.9411926269531
2020-05-08,HDFC Bank,432.8280334472656
2020-05-11,HDFC Bank,426.65509033203125
2020-05-12,HDFC Bank,420.0162658691406
2020-05-13,HDFC Bank,432.17578125
2020-05-14,HDFC Bank,416.359130859375
2020-05-15,HDFC Bank,413.7734069824219
2020-05-18,HDFC Bank,389.780517578125
2020-05-19,HDFC Bank,386.9851989746094
2020-05-20,HDFC Bank,399.3077697753906
2020-05-21,HDFC Bank,400.4491882324219
2020-05-22,HDFC Bank,390.805419921875
2020-05-26,HDFC Bank,397.1181640625
2020-05-27,HDFC Bank,420.99462890625
2020-05-28,HDFC Bank,440.37530517578125
2020-05-29,HDFC Bank,443.35693359375
2020-06-01,HDFC Bank,460.12872314453125
2020-06-02,HDFC Bank,466.34820556640625
2020-06-03,HDFC Bank,476.248291015625
2020-06-04,HDFC Bank,466.6744079589844
2020-06-05,HDFC Bank,481.4195251464844
2020-06-08,HDFC Bank,473.2899475097656
2020-06-09,HDFC Bank,459.96563720703125
2020-06-10,HDFC Bank,462.08538818359375
2020-06-11,HDFC Bank,451.2536926269531
2020-06-12,HDFC Bank,457.84588623046875
2020-06-15,HDFC Bank,442.5183410644531
2020-06-16,HDFC Bank,461.4099426269531
2020-06-17,HDFC Bank,456.2153015136719
2020-06-18,HDFC Bank,475.1767578125
2020-06-19,HDFC Bank,481.4195251464844
2020-06-22,HDFC Bank,479.2764892578125
2020-06-23,HDFC Bank,485.58917236328125
2020-06-24,HDFC Bank,481.0235900878906
2020-06-25,HDFC Bank,479.2764892578125
2020-06-26,HDFC Bank,492.181396484375
2020-06-29,HDFC Bank,501.3128356933594
2020-06-30,HDFC Bank,496.560791015625
2020-07-01,HDFC Bank,505.29595947265625
2020-07-02,HDFC Bank,507.5323181152344
2020-07-03,HDFC Bank,500.33441162109375
2020-07-06,HDFC Bank,513.8683471679688
2020-07-07,HDFC Bank,514.869873046875
2020-07-08,HDFC Bank,517.29248046875
2020-07-09,HDFC Bank,524.0942993164062
2020-07-10,HDFC Bank,514.8466186523438
2020-07-13,HDFC Bank,503.2694091796875
2020-07-14,HDFC Bank,493.2995300292969
2020-07-15,HDFC Bank,490.64398193359375
2020-07-16,HDFC Bank,495.02337646484375
2020-07-17,HDFC Bank,511.7485046386719
2020-07-20,HDFC Bank,527.8679809570312
2020-07-21,HDFC Bank,530.4303588867188
2020-07-22,HDFC Bank,524.7466430664062
2020-07-23,HDFC Bank,526.6334228515625
2020-07-24,HDFC Bank,521.3689575195312
2020-07-27,HDFC Bank,502.9200439453125
2020-07-28,HDFC Bank,506.2510986328125
2020-07-29,HDFC Bank,495.9783935546875
2020-07-30,HDFC Bank,489.47930908203125
2020-07-31,HDFC Bank,481.1633605957031
2020-08-03,HDFC Bank,466.8141174316406
2020-08-04,HDFC Bank,485.286376953125
2020-08-05,HDFC Bank,478.7174377441406
2020-08-06,HDFC Bank,484.84375
2020-08-07,HDFC Bank,486.311279296875
2020-08-10,HDFC Bank,489.47930908203125
2020-08-11,HDFC Bank,496.9334411621094
2020-08-12,HDFC Bank,495.55914306640625
2020-08-13,HDFC Bank,493.39276123046875
2020-08-14,HDFC Bank,481.9320373535156
2020-08-17,HDFC Bank,481.1400451660156
2020-08-18,HDFC Bank,492.2047424316406
2020-08-19,HDFC Bank,496.9101867675781
2020-08-20,HDFC Bank,493.3694152832031
2020-08-21,HDFC Bank,505.78515625
2020-08-24,HDFC Bank,520.4139404296875
2020-08-25,HDFC Bank,521.6484985351562
2020-08-26,HDFC Bank,521.0661010742188
2020-08-27,HDFC Bank,518.1077270507812
2020-08-28,HDFC Bank,519.2259521484375
2020-08-31,HDFC Bank,519.8549194335938
2020-09-01,HDFC Bank,525.189208984375
2020-09-02,HDFC Bank,528.3804931640625
2020-09-03,HDFC Bank,526.866455078125
2020-09-04,HDFC Bank,521.462158203125
2020-09-07,HDFC Bank,517.3624267578125
2020-09-08,HDFC Bank,518.2708740234375
2020-09-09,HDFC Bank,510.8399963378906
2020-09-10,HDFC Bank,508.068115234375
2020-09-11,HDFC Bank,502.5240478515625
2020-09-14,HDFC Bank,492.8802185058594
2020-09-15,HDFC Bank,498.72711181640625
2020-09-16,HDFC Bank,509.5122985839844
2020-09-17,HDFC Bank,504.83013916015625
2020-09-18,HDFC Bank,492.57745361328125
2020-09-21,HDFC Bank,488.85040283203125
2020-09-22,HDFC Bank,482.3746337890625
2020-09-23,HDFC Bank,487.89532470703125
2020-09-24,HDFC Bank,480.0451965332031
2020-09-25,HDFC Bank,486.3812255859375
2020-09-28,HDFC Bank,491.1331787109375
2020-09-29,HDFC Bank,495.02337646484375
2020-09-30,HDFC Bank,502.5007629394531
2020-10-01,HDFC Bank,515.70849609375
2020-10-05,HDFC Bank,519.1560668945312
2020-10-06,HDFC Bank,533.0160522460938
2020-10-07,HDFC Bank,541.4718017578125
2020-10-08,HDFC Bank,555.2386474609375
2020-10-09,HDFC Bank,574.6892700195312
2020-10-12,HDFC Bank,565.418212890625
2020-10-13,HDFC Bank,558.3367309570312
2020-10-14,HDFC Bank,564.41650390625
2020-10-15,HDFC Bank,544.73291015625
2020-10-16,HDFC Bank,558.7560424804688
2020-10-19,HDFC Bank,560.7127075195312
2020-10-20,HDFC Bank,570.2167358398438
2020-10-21,HDFC Bank,580.8155517578125
2020-10-22,HDFC Bank,574.57275390625
2020-10-23,HDFC Bank,575.7374267578125
2020-10-26,HDFC Bank,564.1369018554688
2020-10-27,HDFC Bank,574.4795532226562
2020-10-28,HDFC Bank,563.5313110351562
2020-10-29,HDFC Bank,553.0955810546875
2020-10-30,HDFC Bank,551.3951416015625
2020-11-02,HDFC Bank,566.16357421875
2020-11-03,HDFC Bank,581.3978271484375
2020-11-04,HDFC Bank,585.8004150390625
2020-11-05,HDFC Bank,591.2979736328125
2020-11-06,HDFC Bank,609.2111206054688
2020-11-09,HDFC Bank,624.53857421875
2020-11-10,HDFC Bank,649.2770385742188
2020-11-11,HDFC Bank,647.5531616210938
2020-11-12,HDFC Bank,639.05078125
2020-11-13,HDFC Bank,633.0410766601562
2020-11-14,HDFC Bank,638.1190185546875
2020-11-17,HDFC Bank,656.1720581054688
2020-11-18,HDFC Bank,656.28857421875
2020-11-19,HDFC Bank,640.2854614257812
2020-11-20,HDFC Bank,653.9359130859375
2020-11-23,HDFC Bank,649.7196044921875
2020-11-24,HDFC Bank,670.0320434570312
2020-11-25,HDFC Bank,653.539794921875
2020-11-26,HDFC Bank,664.651123046875
2020-11-27,HDFC Bank,671.2666015625
2020-12-01,HDFC Bank,667.7492065429688
2020-12-02,HDFC Bank,655.4732055664062
2020-12-03,HDFC Bank,641.6132202148438
2020-12-04,HDFC Bank,645.5265502929688
2020-12-07,HDFC Bank,639.3070678710938
2020-12-08,HDFC Bank,641.1939697265625
2020-12-09,HDFC Bank,655.5896606445312
2020-12-10,HDFC Bank,645.6431274414062
2020-12-11,HDFC Bank,644.22216796875
2020-12-14,HDFC Bank,639.2605590820312
2020-12-15,HDFC Bank,648.1822509765625
2020-12-16,HDFC Bank,657.22021484375
2020-12-17,HDFC Bank,671.7092895507812
2020-12-18,HDFC Bank,657.5230712890625
2020-12-21,HDFC Bank,639.4934692382812
2020-12-22,HDFC Bank,639.7030639648438
2020-12-23,HDFC Bank,640.89111328125
2020-12-24,HDFC Bank,650.88427734375
2020-12-28,HDFC Bank,658.2218627929688
2020-12-29,HDFC Bank,664.9072875976562
2020-12-30,HDFC Bank,667.3765258789062
2020-12-31,HDFC Bank,669.1468505859375
2021-01-01,HDFC Bank,663.90576171875
2021-01-04,HDFC Bank,659.6895141601562
2021-01-05,HDFC Bank,664.6744384765625
2021-01-06,HDFC Bank,661.8091430664062
2021-01-07,HDFC Bank,659.8059692382812
2021-01-08,HDFC Bank,666.9804077148438
2021-01-11,HDFC Bank,676.2049560546875
2021-01-12,HDFC Bank,689.9717407226562
2021-01-13,HDFC Bank,685.1499633789062
2021-01-14,HDFC Bank,684.2647705078125
2021-01-15,HDFC Bank,683.286376953125
2021-01-18,HDFC Bank,690.9501342773438
2021-01-19,HDFC Bank,700.6173095703125
2021-01-20,HDFC Bank,695.0964965820312
2021-01-21,HDFC Bank,687.0833740234375
2021-01-22,HDFC Bank,672.5245361328125
2021-01-25,HDFC Bank,681.5160522460938
2021-01-27,HDFC Bank,656.707763671875
2021-01-28,HDFC Bank,638.934326171875
2021-01-29,HDFC Bank,647.8095092773438
2021-02-01,HDFC Bank,687.9918212890625
2021-02-02,HDFC Bank,727.0327758789062
2021-02-03,HDFC Bank,733.671630859375
2021-02-04,HDFC Bank,735.6748046875
2021-02-05,HDFC Bank,744.2936401367188
2021-02-08,HDFC Bank,747.857666015625
2021-02-09,HDFC Bank,750.9325561523438
2021-02-10,HDFC Bank,736.9094848632812
2021-02-11,HDFC Bank,732.5301513671875
2021-02-12,HDFC Bank,737.002685546875
2021-02-15,HDFC Bank,753.1455078125
2021-02-16,HDFC Bank,757.82763671875
2021-02-17,HDFC Bank,739.122314453125
2021-02-18,HDFC Bank,724.1210327148438
2021-02-19,HDFC Bank,717.0394897460938
2021-02-22,HDFC Bank,721.1859130859375
2021-02-23,HDFC Bank,712.4039916992188
2021-02-24,HDFC Bank,748.4166870117188
2021-02-25,HDFC Bank,748.3934326171875
2021-02-26,HDFC Bank,714.849853515625
2021-03-01,HDFC Bank,726.2640991210938
2021-03-02,HDFC Bank,730.5966796875
2021-03-03,HDFC Bank,739.2854614257812
2021-03-04,HDFC Bank,723.0726928710938
2021-03-05,HDFC Bank,712.800048828125
2021-03-08,HDFC Bank,707.9082641601562
2021-03-09,HDFC Bank,727.9412231445312
2021-03-10,HDFC Bank,724.7965087890625
2021-03-12,HDFC Bank,723.026123046875
2021-03-15,HDFC Bank,712.171142578125
2021-03-16,HDFC Bank,704.4840698242188
2021-03-17,HDFC Bank,696.6571655273438
2021-03-18,HDFC Bank,694.630615234375
2021-03-19,HDFC Bank,697.6588745117188
2021-03-22,HDFC Bank,684.4511108398438
2021-03-23,HDFC Bank,698.8934326171875
2021-03-24,HDFC Bank,688.9468383789062
2021-03-25,HDFC Bank,681.7489624023438
2021-03-26,HDFC Bank,694.7704467773438
2021-03-30,HDFC Bank,723.8414306640625
2021-03-31,HDFC Bank,695.8651733398438
2021-04-01,HDFC Bank,692.6506958007812
2021-04-05,HDFC Bank,675.3430786132812
2021-04-06,HDFC Bank,670.9871215820312
2021-04-07,HDFC Bank,674.2249145507812
2021-04-08,HDFC Bank,667.5162963867188
2021-04-09,HDFC Bank,662.3682861328125
2021-04-12,HDFC Bank,636.884521484375
2021-04-13,HDFC Bank,652.3984375
2021-04-15,HDFC Bank,666.25830078125
2021-04-16,HDFC Bank,665.5828857421875
2021-04-19,HDFC Bank,658.0123291015625
2021-04-20,HDFC Bank,648.2286987304688
2021-04-22,HDFC Bank,662.7176513671875
2021-04-23,HDFC Bank,658.82763671875
2021-04-26,HDFC Bank,654.4716186523438
2021-04-27,HDFC Bank,670.2649536132812
2021-04-28,HDFC Bank,688.01513671875
2021-04-29,HDFC Bank,686.0118408203125
2021-04-30,HDFC Bank,657.9656982421875
2021-05-03,HDFC Bank,658.9673461914062
2021-05-04,HDFC Bank,646.8078002929688
2021-05-05,HDFC Bank,653.4465942382812
2021-05-06,HDFC Bank,652.6546630859375
2021-05-07,HDFC Bank,659.1070556640625
2021-05-10,HDFC Bank,661.4830322265625
2021-05-11,HDFC Bank,653.8892211914062
2021-05-12,HDFC Bank,652.0023193359375
2021-05-14,HDFC Bank,646.1090087890625
2021-05-17,HDFC Bank,670.9871215820312
2021-05-18,HDFC Bank,687.9684448242188
2021-05-19,HDFC Bank,679.349609375
2021-05-20,HDFC Bank,667.5162963867188
2021-05-21,HDFC Bank,697.5657348632812
2021-05-24,HDFC Bank,703.4590454101562
2021-05-25,HDFC Bank,689.0167236328125
2021-05-26,HDFC Bank,688.131591796875
2021-05-27,HDFC Bank,690.740478515625
2021-05-28,HDFC Bank,700.4308471679688
2021-05-31,HDFC Bank,706.2078247070312
2021-06-01,HDFC Bank,704.2743530273438
2021-06-02,HDFC Bank,700.6871337890625
2021-06-03,HDFC Bank,708.3975219726562
2021-06-04,HDFC Bank,699.26611328125
2021-06-07,HDFC Bank,698.753662109375
2021-06-08,HDFC Bank,690.9268798828125
2021-06-09,HDFC Bank,689.6456909179688
2021-06-10,HDFC Bank,689.9951782226562
2021-06-11,HDFC Bank,692.4641723632812
2021-06-14,HDFC Bank,689.2496948242188
2021-06-15,HDFC Bank,694.2811889648438
2021-06-16,HDFC Bank,691.64892578125
2021-06-17,HDFC Bank,683.0302124023438
2021-06-18,HDFC Bank,689.4127197265625
2021-06-21,HDFC Bank,693.55908203125
2021-06-22,HDFC Bank,691.2762451171875
2021-06-23,HDFC Bank,692.068359375
2021-06-24,HDFC Bank,701.7353515625
2021-06-25,HDFC Bank,705.8583984375
2021-06-28,HDFC Bank,702.7136840820312
2021-06-29,HDFC Bank,702.8073120117188
2021-06-30,HDFC Bank,700.865478515625
2021-07-01,HDFC Bank,695.6484375
2021-07-02,HDFC Bank,692.67724609375
2021-07-05,HDFC Bank,699.7191772460938
2021-07-06,HDFC Bank,718.0841674804688
2021-07-07,HDFC Bank,720.330078125
2021-07-08,HDFC Bank,711.4165649414062
2021-07-09,HDFC Bank,702.7838745117188
2021-07-12,HDFC Bank,695.7654418945312
2021-07-13,HDFC Bank,702.7136840820312
2021-07-14,HDFC Bank,701.4503784179688
2021-07-15,HDFC Bank,711.5335083007812
2021-07-16,HDFC Bank,712.3055419921875
2021-07-19,HDFC Bank,688.279052734375
2021-07-20,HDFC Bank,675.2479858398438
2021-07-22,HDFC Bank,677.8448486328125
2021-07-23,HDFC Bank,675.0608520507812
2021-07-26,HDFC Bank,671.22412109375
2021-07-27,HDFC Bank,673.6571655273438
2021-07-28,HDFC Bank,663.1528930664062
2021-07-29,HDFC Bank,663.5973510742188
2021-07-30,HDFC Bank,667.4341430664062
2021-08-02,HDFC Bank,665.6561279296875
2021-08-03,HDFC Bank,671.2943725585938
2021-08-04,HDFC Bank,685.612060546875
2021-08-05,HDFC Bank,694.7593383789062
2021-08-06,HDFC Bank,698.4090576171875
2021-08-09,HDFC Bank,703.6729736328125
2021-08-10,HDFC Bank,705.4275512695312
2021-08-11,HDFC Bank,699.4852294921875
2021-08-12,HDFC Bank,702.503173828125
2021-08-13,HDFC Bank,714.10693359375
2021-08-16,HDFC Bank,716.165771484375
2021-08-17,HDFC Bank,708.7028198242188
2021-08-18,HDFC Bank,707.9307861328125
2021-08-20,HDFC Bank,708.7496337890625
2021-08-23,HDFC Bank,713.3583984375
2021-08-24,HDFC Bank,729.3839111328125
2021-08-25,HDFC Bank,728.7055053710938
2021-08-26,HDFC Bank,727.4888916015625
2021-08-27,HDFC Bank,724.517822265625
2021-08-30,HDFC Bank,733.7821655273438
2021-08-31,HDFC Bank,739.93505859375
2021-09-01,HDFC Bank,738.8588256835938
2021-09-02,HDFC Bank,743.4910278320312
2021-09-03,HDFC Bank,737.4318237304688
2021-09-06,HDFC Bank,732.5890502929688
2021-09-07,HDFC Bank,734.2501220703125
2021-09-08,HDFC Bank,737.5955200195312
2021-09-09,HDFC Bank,733.9459228515625
2021-09-13,HDFC Bank,727.83984375
2021-09-14,HDFC Bank,724.5645751953125
2021-09-15,HDFC Bank,723.745849609375
2021-09-16,HDFC Bank,729.8986206054688
2021-09-17,HDFC Bank,740.2860107421875
2021-09-20,HDFC Bank,729.851806640625
2021-09-21,HDFC Bank,726.1554565429688
2021-09-22,HDFC Bank,717.6162719726562
2021-09-23,HDFC Bank,734.6008911132812
2021-09-24,HDFC Bank,749.36328125
2021-09-27,HDFC Bank,760.3822631835938
2021-09-28,HDFC Bank,755.6798706054688
2021-09-29,HDFC Bank,745.7603759765625
2021-09-30,HDFC Bank,746.2750854492188
2021-10-01,HDFC Bank,740.5432739257812
2021-10-04,HDFC Bank,741.9703979492188
2021-10-05,HDFC Bank,746.509033203125
2021-10-06,HDFC Bank,755.6096801757812
2021-10-07,HDFC Bank,753.5509033203125
2021-10-08,HDFC Bank,749.8778686523438
2021-10-11,HDFC Bank,764.4530029296875
2021-10-12,HDFC Bank,762.48779296875
2021-10-13,HDFC Bank,767.0731811523438
2021-10-14,HDFC Bank,789.5322875976562
2021-10-18,HDFC Bank,781.5313110351562
2021-10-19,HDFC Bank,790.140625
2021-10-20,HDFC Bank,783.1922607421875
2021-10-21,HDFC Bank,784.3386840820312
2021-10-22,HDFC Bank,786.4207763671875
2021-10-25,HDFC Bank,775.30810546875
2021-10-26,HDFC Bank,773.319580078125
2021-10-27,HDFC Bank,768.6640625
2021-10-28,HDFC Bank,745.6433715820312
2021-10-29,HDFC Bank,740.613525390625
2021-11-01,HDFC Bank,751.1178588867188
2021-11-02,HDFC Bank,751.7962646484375
2021-11-03,HDFC Bank,739.9584350585938
2021-11-04,HDFC Bank,745.8071899414062
2021-11-08,HDFC Bank,748.7549438476562
2021-11-09,HDFC Bank,735.6537475585938
2021-11-10,HDFC Bank,727.6994018554688
2021-11-11,HDFC Bank,724.4476318359375
2021-11-12,HDFC Bank,726.6466674804688
2021-11-15,HDFC Bank,728.63525390625
2021-11-16,HDFC Bank,724.3072509765625
2021-11-17,HDFC Bank,716.2593994140625
2021-11-18,HDFC Bank,720.2832641601562
2021-11-22,HDFC Bank,709.0302734375
2021-11-23,HDFC Bank,709.1239013671875
2021-11-24,HDFC Bank,710.293701171875
2021-11-25,HDFC Bank,713.9900512695312
2021-11-26,HDFC Bank,697.1222534179688
2021-11-29,HDFC Bank,702.4329833984375
2021-11-30,HDFC Bank,698.8301391601562
2021-12-01,HDFC Bank,704.0238037109375
2021-12-02,HDFC Bank,713.8965454101562
2021-12-03,HDFC Bank,708.1881713867188
2021-12-06,HDFC Bank,703.6261596679688
2021-12-07,HDFC Bank,713.8729858398438
2021-12-08,HDFC Bank,727.0210571289062
2021-12-09,HDFC Bank,714.4111328125
2021-12-10,HDFC Bank,712.399169921875
2021-12-13,HDFC Bank,707.0651245117188
2021-12-14,HDFC Bank,702.994384765625
2021-12-15,HDFC Bank,701.8480834960938
2021-12-16,HDFC Bank,701.8948364257812
2021-12-17,HDFC Bank,689.23828125
2021-12-20,HDFC Bank,667.059814453125
2021-12-21,HDFC Bank,674.6163940429688
2021-12-22,HDFC Bank,676.2071533203125
2021-12-23,HDFC Bank,675.6925659179688
2021-12-24,HDFC Bank,673.259521484375
2021-12-27,HDFC Bank,678.8275146484375
2021-12-28,HDFC Bank,683.5064697265625
2021-12-29,HDFC Bank,680.2545166015625
2021-12-30,HDFC Bank,683.833984375
2021-12-31,HDFC Bank,692.2093505859375
2022-01-03,HDFC Bank,711.0423583984375
2022-01-04,HDFC Bank,715.2066040039062
2022-01-05,HDFC Bank,732.1913452148438
2022-01-06,HDFC Bank,720.4470825195312
2022-01-07,HDFC Bank,725.50048828125
2022-01-10,HDFC Bank,729.5242919921875
2022-01-11,HDFC Bank,732.6826782226562
2022-01-12,HDFC Bank,728.3544921875
2022-01-13,HDFC Bank,714.94921875
2022-01-14,HDFC Bank,722.9737548828125
2022-01-17,HDFC Bank,711.907958984375
2022-01-18,HDFC Bank,715.5341186523438
2022-01-19,HDFC Bank,710.4808349609375
2022-01-20,HDFC Bank,706.0592041015625
2022-01-21,HDFC Bank,711.9547119140625
2022-01-24,HDFC Bank,695.6016845703125
2022-01-25,HDFC Bank,696.2566528320312
2022-01-27,HDFC Bank,690.127197265625
2022-01-28,HDFC Bank,684.6527709960938
2022-01-31,HDFC Bank,695.1571655273438
2022-02-01,HDFC Bank,700.4443359375
2022-02-02,HDFC Bank,716.446533203125
2022-02-03,HDFC Bank,709.0302734375
2022-02-04,HDFC Bank,713.07763671875
2022-02-07,HDFC Bank,686.9454956054688
2022-02-08,HDFC Bank,683.9977416992188
2022-02-09,HDFC Bank,700.72509765625
2022-02-10,HDFC Bank,713.59228515625
2022-02-11,HDFC Bank,710.66796875
2022-02-14,HDFC Bank,689.5422973632812
2022-02-15,HDFC Bank,710.1766967773438
2022-02-16,HDFC Bank,709.217529296875
2022-02-17,HDFC Bank,704.889404296875
2022-02-18,HDFC Bank,707.6265258789062
2022-02-21,HDFC Bank,712.1885986328125
2022-02-22,HDFC Bank,706.8545532226562
2022-02-23,HDFC Bank,702.2692260742188
2022-02-24,HDFC Bank,664.1354370117188
2022-02-25,HDFC Bank,681.3073120117188
2022-02-28,HDFC Bank,667.3405151367188
2022-03-02,HDFC Bank,643.0098266601562
2022-03-03,HDFC Bank,641.4891967773438
2022-03-04,HDFC Bank,639.3836059570312
2022-03-07,HDFC Bank,619.8722534179688
2022-03-08,HDFC Bank,621.27587890625
2022-03-09,HDFC Bank,641.559326171875
2022-03-10,HDFC Bank,651.6425170898438
2022-03-11,HDFC Bank,653.5609130859375
2022-03-14,HDFC Bank,674.96728515625
2022-03-15,HDFC Bank,666.2877807617188
2022-03-16,HDFC Bank,677.5875854492188
2022-03-17,HDFC Bank,692.5135498046875
2022-03-21,HDFC Bank,695.5314331054688
2022-03-22,HDFC Bank,699.11083984375
2022-03-23,HDFC Bank,692.1392211914062
2022-03-24,HDFC Bank,675.0140380859375
2022-03-25,HDFC Bank,669.5162353515625
2022-03-28,HDFC Bank,670.4052734375
2022-03-29,HDFC Bank,679.2954711914062
2022-03-30,HDFC Bank,691.06298828125
2022-03-31,HDFC Bank,687.9749145507812
2022-04-01,HDFC Bank,704.6554565429688
2022-04-04,HDFC Bank,775.2145385742188
2022-04-05,HDFC Bank,752.4981079101562
2022-04-06,HDFC Bank,725.6407470703125
2022-04-07,HDFC Bank,709.6854248046875
2022-04-08,HDFC Bank,708.7028198242188
2022-04-11,HDFC Bank,700.0466918945312
2022-04-12,HDFC Bank,698.8067626953125
2022-04-13,HDFC Bank,685.4482421875
2022-04-18,HDFC Bank,652.9292602539062
2022-04-19,HDFC Bank,628.0136108398438
2022-04-20,HDFC Bank,633.67529296875
2022-04-21,HDFC Bank,643.0565795898438
2022-04-22,HDFC Bank,634.2835693359375
2022-04-25,HDFC Bank,639.03271484375
2022-04-26,HDFC Bank,641.98046875
2022-04-27,HDFC Bank,642.2144165039062
2022-04-28,HDFC Bank,641.6528930664062
2022-04-29,HDFC Bank,647.8526000976562
2022-05-02,HDFC Bank,656.7894287109375
2022-05-04,HDFC Bank,634.470703125
2022-05-05,HDFC Bank,633.0435791015625
2022-05-06,HDFC Bank,616.5033569335938
2022-05-09,HDFC Bank,617.5560913085938
2022-05-10,HDFC Bank,627.4756469726562
2022-05-11,HDFC Bank,631.0081787109375
2022-05-12,HDFC Bank,616.784423828125
2022-05-13,HDFC Bank,611.246337890625
2022-05-16,HDFC Bank,617.7546997070312
2022-05-17,HDFC Bank,621.9674682617188
2022-05-18,HDFC Bank,621.9201049804688
2022-05-19,HDFC Bank,609.2109985351562
2022-05-20,HDFC Bank,625.2571411132812
2022-05-23,HDFC Bank,617.234130859375
2022-05-24,HDFC Bank,624.3104248046875
2022-05-25,HDFC Bank,628.972900390625
2022-05-26,HDFC Bank,646.9124145507812
2022-05-27,HDFC Bank,658.9115600585938
2022-05-30,HDFC Bank,663.4082641601562
2022-05-31,HDFC Bank,657.4441528320312
2022-06-01,HDFC Bank,660.2368774414062
2022-06-02,HDFC Bank,655.6218872070312
2022-06-03,HDFC Bank,653.3497924804688
2022-06-06,HDFC Bank,652.4740600585938
2022-06-07,HDFC Bank,644.9716796875
2022-06-08,HDFC Bank,647.2437744140625
2022-06-09,HDFC Bank,652.1190795898438
2022-06-10,HDFC Bank,639.5283203125
2022-06-13,HDFC Bank,627.9315185546875
2022-06-14,HDFC Bank,621.020751953125
2022-06-15,HDFC Bank,618.8670654296875
2022-06-16,HDFC Bank,606.4892578125
2022-06-17,HDFC Bank,610.4889526367188
2022-06-20,HDFC Bank,625.8251953125
2022-06-21,HDFC Bank,632.6412963867188
2022-06-22,HDFC Bank,629.6591796875
2022-06-23,HDFC Bank,631.9785766601562
2022-06-24,HDFC Bank,640.806396484375
2022-06-27,HDFC Bank,641.9660034179688
2022-06-28,HDFC Bank,637.0669555664062
2022-06-29,HDFC Bank,636.1438598632812
2022-06-30,HDFC Bank,638.0609741210938
2022-07-01,HDFC Bank,640.7826538085938
2022-07-04,HDFC Bank,641.6820678710938
2022-07-05,HDFC Bank,640.23828125
2022-07-06,HDFC Bank,649.0661010742188
2022-07-07,HDFC Bank,660.6865844726562
2022-07-08,HDFC Bank,661.3018798828125
2022-07-11,HDFC Bank,665.585693359375
2022-07-12,HDFC Bank,658.793212890625
2022-07-13,HDFC Bank,642.7233276367188
2022-07-14,HDFC Bank,639.504638671875
2022-07-15,HDFC Bank,644.7113647460938
2022-07-18,HDFC Bank,637.8479614257812
2022-07-19,HDFC Bank,638.0846557617188
2022-07-20,HDFC Bank,646.1314086914062
2022-07-21,HDFC Bank,644.0960083007812
2022-07-22,HDFC Bank,659.12451171875
2022-07-25,HDFC Bank,661.065185546875
2022-07-26,HDFC Bank,659.7162475585938
2022-07-27,HDFC Bank,664.75732421875
2022-07-28,HDFC Bank,670.6503295898438
2022-07-29,HDFC Bank,678.86279296875
2022-08-01,HDFC Bank,684.5191650390625
2022-08-02,HDFC Bank,676.9931030273438
2022-08-03,HDFC Bank,678.5787353515625
2022-08-04,HDFC Bank,677.774169921875
2022-08-05,HDFC Bank,675.4784545898438
2022-08-08,HDFC Bank,692.0452880859375
2022-08-10,HDFC Bank,694.0569458007812
2022-08-11,HDFC Bank,703.23974609375
2022-08-12,HDFC Bank,702.9794311523438
2022-08-16,HDFC Bank,711.0262451171875
2022-08-17,HDFC Bank,714.6945190429688
2022-08-18,HDFC Bank,715.5465698242188
2022-08-19,HDFC Bank,706.71875
2022-08-22,HDFC Bank,695.9740600585938
2022-08-23,HDFC Bank,693.8203735351562
2022-08-24,HDFC Bank,697.1572875976562
2022-08-25,HDFC Bank,693.3706665039062
2022-08-26,HDFC Bank,693.4888916015625
2022-08-29,HDFC Bank,681.3240966796875
2022-08-30,HDFC Bank,703.4290771484375
2022-09-01,HDFC Bank,696.8259887695312
2022-09-02,HDFC Bank,703.1451416015625
2022-09-05,HDFC Bank,707.66552734375
2022-09-06,HDFC Bank,704.9674682617188
2022-09-07,HDFC Bank,701.6304321289062
2022-09-08,HDFC Bank,708.8724975585938
2022-09-09,HDFC Bank,709.3457641601562
2022-09-12,HDFC Bank,706.9554443359375
2022-09-13,HDFC Bank,716.209228515625
2022-09-14,HDFC Bank,723.5697021484375
2022-09-15,HDFC Bank,719.8065185546875
2022-09-16,HDFC Bank,706.5768432617188
2022-09-19,HDFC Bank,711.2391967773438
2022-09-20,HDFC Bank,719.8065185546875
2022-09-21,HDFC Bank,718.6942138671875
2022-09-22,HDFC Bank,703.3817138671875
2022-09-23,HDFC Bank,684.5191650390625
2022-09-26,HDFC Bank,675.2890625
2022-09-27,HDFC Bank,669.2302856445312
2022-09-28,HDFC Bank,657.7282104492188
2022-09-29,HDFC Bank,654.3201293945312
2022-09-30,HDFC Bank,672.7803955078125
2022-10-03,HDFC Bank,668.9226684570312
2022-10-04,HDFC Bank,687.7615966796875
2022-10-06,HDFC Bank,680.1881103515625
2022-10-07,HDFC Bank,677.25341796875
2022-10-10,HDFC Bank,669.774658203125
2022-10-11,HDFC Bank,662.9822998046875
2022-10-12,HDFC Bank,667.3133544921875
2022-10-13,HDFC Bank,659.6452026367188
2022-10-14,HDFC Bank,681.1348266601562
2022-10-17,HDFC Bank,684.7085571289062
2022-10-18,HDFC Bank,683.430419921875
2022-10-19,HDFC Bank,690.4359741210938
2022-10-20,HDFC Bank,685.7735595703125
2022-10-21,HDFC Bank,680.9454345703125
2022-10-24,HDFC Bank,691.5719604492188
2022-10-25,HDFC Bank,686.767578125
2022-10-27,HDFC Bank,688.4242553710938
2022-10-28,HDFC Bank,690.4595336914062
2022-10-31,HDFC Bank,708.446533203125
2022-11-01,HDFC Bank,716.2802734375
2022-11-02,HDFC Bank,716.7298583984375
2022-11-03,HDFC Bank,713.5822143554688
2022-11-04,HDFC Bank,708.6594848632812
2022-11-07,HDFC Bank,714.1738891601562
2022-11-09,HDFC Bank,713.9608764648438
2022-11-10,HDFC Bank,721.7235717773438
2022-11-11,HDFC Bank,762.6201171875
2022-11-14,HDFC Bank,764.4661254882812
2022-11-15,HDFC Bank,766.3357543945312
2022-11-16,HDFC Bank,772.9153442382812
2022-11-17,HDFC Bank,765.9334716796875
2022-11-18,HDFC Bank,763.921875
2022-11-21,HDFC Bank,756.0880737304688
2022-11-22,HDFC Bank,754.9756469726562
2022-11-23,HDFC Bank,756.9400634765625
2022-11-24,HDFC Bank,769.2468872070312
2022-11-25,HDFC Bank,765.6968994140625
2022-11-28,HDFC Bank,757.4607543945312
2022-11-29,HDFC Bank,756.3247680664062
2022-11-30,HDFC Bank,761.3421020507812
2022-12-01,HDFC Bank,766.572509765625
2022-12-02,HDFC Bank,760.7030639648438
2022-12-05,HDFC Bank,763.4721069335938
2022-12-06,HDFC Bank,762.6201171875
2022-12-07,HDFC Bank,762.2887573242188
2022-12-08,HDFC Bank,766.572509765625
2022-12-09,HDFC Bank,772.03955078125
2022-12-12,HDFC Bank,778.0509643554688
2022-12-13,HDFC Bank,780.2047119140625
2022-12-14,HDFC Bank,786.8078002929688
2022-12-15,HDFC Bank,772.3945922851562
2022-12-16,HDFC Bank,776.1102905273438
2022-12-19,HDFC Bank,778.5243530273438
2022-12-20,HDFC Bank,773.1519775390625
2022-12-21,HDFC Bank,765.6731567382812
2022-12-22,HDFC Bank,763.046142578125
2022-12-23,HDFC Bank,756.2301025390625
2022-12-26,HDFC Bank,771.2822265625
2022-12-27,HDFC Bank,772.063232421875
2022-12-28,HDFC Bank,771.4479370117188
2022-12-29,HDFC Bank,776.8912963867188
2022-12-30,HDFC Bank,770.6669311523438
2023-01-02,HDFC Bank,770.9271850585938
2023-01-03,HDFC Bank,775.9682006835938
2023-01-04,HDFC Bank,762.0994873046875
2023-01-05,HDFC Bank,757.2003784179688
2023-01-06,HDFC Bank,754.6917114257812
2023-01-09,HDFC Bank,756.1590576171875
2023-01-10,HDFC Bank,742.3375854492188
2023-01-11,HDFC Bank,753.0350341796875
2023-01-12,HDFC Bank,757.0584716796875
2023-01-13,HDFC Bank,757.650146484375
2023-01-16,HDFC Bank,750.3843994140625
2023-01-17,HDFC Bank,761.5551147460938
2023-01-18,HDFC Bank,774.9979248046875
2023-01-19,HDFC Bank,778.2166137695312
2023-01-20,HDFC Bank,786.1923217773438
2023-01-23,HDFC Bank,791.9434814453125
2023-01-24,HDFC Bank,802.5462646484375
2023-01-25,HDFC Bank,780.370361328125
2023-01-27,HDFC Bank,764.8211669921875
2023-01-30,HDFC Bank,764.0401611328125
2023-01-31,HDFC Bank,758.9990234375
2023-02-01,HDFC Bank,770.3828735351562
2023-02-02,HDFC Bank,758.9281005859375
2023-02-03,HDFC Bank,785.1747436523438
2023-02-06,HDFC Bank,781.837646484375
2023-02-07,HDFC Bank,782.9972534179688
2023-02-08,HDFC Bank,782.902587890625
2023-02-09,HDFC Bank,781.2697143554688
2023-02-10,HDFC Bank,784.3699951171875
2023-02-13,HDFC Bank,784.961669921875
2023-02-14,HDFC Bank,792.2274780273438
2023-02-15,HDFC Bank,790.6181640625
2023-02-16,HDFC Bank,787.7544555664062
2023-02-17,HDFC Bank,783.8020629882812
2023-02-20,HDFC Bank,776.4415893554688
2023-02-21,HDFC Bank,779.3526611328125
2023-02-22,HDFC Bank,764.0637817382812
2023-02-23,HDFC Bank,758.8807373046875
2023-02-24,HDFC Bank,752.1119384765625
2023-02-27,HDFC Bank,753.981689453125
2023-02-28,HDFC Bank,757.1531372070312
2023-03-01,HDFC Bank,756.41943359375
2023-03-02,HDFC Bank,749.98193359375
2023-03-03,HDFC Bank,764.8685302734375
2023-03-06,HDFC Bank,770.2645874023438
2023-03-08,HDFC Bank,771.8029174804688
2023-03-09,HDFC Bank,771.8739013671875
2023-03-10,HDFC Bank,751.969970703125
2023-03-13,HDFC Bank,742.4559326171875
2023-03-14,HDFC Bank,740.4678955078125
2023-03-15,HDFC Bank,729.84130859375
2023-03-16,HDFC Bank,734.5747680664062
2023-03-17,HDFC Bank,744.3966064453125
2023-03-20,HDFC Bank,739.2371826171875
2023-03-21,HDFC Bank,747.615234375
2023-03-22,HDFC Bank,745.8875732421875
2023-03-23,HDFC Bank,739.8998413085938
2023-03-24,HDFC Bank,738.716552734375
2023-03-27,HDFC Bank,741.9351806640625
2023-03-28,HDFC Bank,747.9703369140625
2023-03-29,HDFC Bank,751.567626953125
2023-03-31,HDFC Bank,761.8628540039062
2023-04-03,HDFC Bank,762.3361206054688
2023-04-05,HDFC Bank,782.7843627929688
2023-04-06,HDFC Bank,788.7484741210938
2023-04-10,HDFC Bank,785.009033203125
2023-04-11,HDFC Bank,787.3047485351562
2023-04-12,HDFC Bank,797.52880859375
2023-04-13,HDFC Bank,801.1025390625
2023-04-17,HDFC Bank,788.8904418945312
2023-04-18,HDFC Bank,785.5534057617188
2023-04-19,HDFC Bank,788.4407348632812
2023-04-20,HDFC Bank,791.3754272460938
2023-04-21,HDFC Bank,792.6535034179688
2023-04-24,HDFC Bank,799.0671997070312
2023-04-25,HDFC Bank,787.7070922851562
2023-04-26,HDFC Bank,791.328125
2023-04-27,HDFC Bank,795.6829223632812
2023-04-28,HDFC Bank,798.8068237304688
2023-05-02,HDFC Bank,798.6412353515625
2023-05-03,HDFC Bank,801.4339599609375
2023-05-04,HDFC Bank,817.8351440429688
2023-05-05,HDFC Bank,769.4835815429688
2023-05-08,HDFC Bank,778.3822631835938
2023-05-09,HDFC Bank,778.406005859375
2023-05-10,HDFC Bank,782.0033569335938
2023-05-11,HDFC Bank,782.5240478515625
2023-05-12,HDFC Bank,789.4347534179688
2023-05-15,HDFC Bank,793.2214965820312
2023-05-16,HDFC Bank,788.6732177734375
2023-05-17,HDFC Bank,784.43603515625
2023-05-18,HDFC Bank,787.572021484375
2023-05-19,HDFC Bank,788.4817504882812
2023-05-22,HDFC Bank,785.680908203125
2023-05-23,HDFC Bank,783.8375854492188
2023-05-24,HDFC Bank,773.5921020507812
2023-05-25,HDFC Bank,770.6236572265625
2023-05-26,HDFC Bank,773.5921020507812
2023-05-29,HDFC Bank,783.0237426757812
2023-05-30,HDFC Bank,783.6221923828125
2023-05-31,HDFC Bank,771.2221069335938
2023-06-01,HDFC Bank,767.9425659179688
2023-06-02,HDFC Bank,769.1394653320312
2023-06-05,HDFC Bank,768.134033203125
2023-06-06,HDFC Bank,765.7402954101562
2023-06-07,HDFC Bank,769.7140502929688
2023-06-08,HDFC Bank,770.1926879882812
2023-06-09,HDFC Bank,771.1024169921875
2023-06-12,HDFC Bank,766.4105834960938
2023-06-13,HDFC Bank,767.7031860351562
2023-06-14,HDFC Bank,766.8652954101562
2023-06-15,HDFC Bank,757.4336547851562
2023-06-16,HDFC Bank,767.3441162109375
2023-06-19,HDFC Bank,768.014404296875
2023-06-20,HDFC Bank,769.6182861328125
2023-06-21,HDFC Bank,783.0715942382812
2023-06-22,HDFC Bank,786.9017944335938
2023-06-23,HDFC Bank,786.8538818359375
2023-06-26,HDFC Bank,783.0476684570312
2023-06-27,HDFC Bank,794.083251953125
2023-06-28,HDFC Bank,802.4856567382812
2023-06-30,HDFC Bank,814.574462890625
2023-07-03,HDFC Bank,823.3838500976562
2023-07-04,HDFC Bank,827.4054565429688
2023-07-05,HDFC Bank,801.1211547851562
2023-07-06,HDFC Bank,801.93505859375
2023-07-07,HDFC Bank,794.945068359375
2023-07-10,HDFC Bank,793.0538940429688
2023-07-11,HDFC Bank,789.1998291015625
2023-07-12,HDFC Bank,781.8029174804688
2023-07-13,HDFC Bank,785.704833984375
2023-07-14,HDFC Bank,787.3327026367188
2023-07-17,HDFC Bank,803.80224609375
2023-07-18,HDFC Bank,803.1319580078125
2023-07-19,HDFC Bank,806.7705078125
2023-07-20,HDFC Bank,808.51806640625
2023-07-21,HDFC Bank,802.2941284179688
2023-07-24,HDFC Bank,803.5628662109375
2023-07-25,HDFC Bank,812.2764282226562
2023-07-26,HDFC Bank,809.45166015625
2023-07-27,HDFC Bank,801.0493774414062
2023-07-28,HDFC Bank,786.8538818359375
2023-07-31,HDFC Bank,790.5403442382812
2023-08-01,HDFC Bank,795.830810546875
2023-08-02,HDFC Bank,785.4175415039062
2023-08-03,HDFC Bank,779.7442626953125
2023-08-04,HDFC Bank,791.0191040039062
2023-08-07,HDFC Bank,790.5642700195312
2023-08-08,HDFC Bank,789.9180297851562
2023-08-09,HDFC Bank,790.2052001953125
2023-08-10,HDFC Bank,783.1912231445312
2023-08-11,HDFC Bank,775.0283813476562
2023-08-14,HDFC Bank,771.24609375
2023-08-16,HDFC Bank,768.9957885742188
2023-08-17,HDFC Bank,764.7349243164062
2023-08-18,HDFC Bank,761.598876953125
2023-08-21,HDFC Bank,761.0004272460938
2023-08-22,HDFC Bank,757.744873046875
2023-08-23,HDFC Bank,759.6119384765625
2023-08-24,HDFC Bank,756.1170654296875
2023-08-25,HDFC Bank,747.5949096679688
2023-08-28,HDFC Bank,755.3749389648438
2023-08-29,HDFC Bank,761.3834838867188
2023-08-30,HDFC Bank,755.8297119140625
2023-08-31,HDFC Bank,752.358642578125
2023-09-01,HDFC Bank,753.9146728515625
2023-09-04,HDFC Bank,758.630615234375
2023-09-05,HDFC Bank,754.010498046875
2023-09-06,HDFC Bank,763.873046875
2023-09-07,HDFC Bank,771.2221069335938
2023-09-08,HDFC Bank,777.2306518554688
2023-09-11,HDFC Bank,781.2523803710938
2023-09-12,HDFC Bank,783.6940307617188
2023-09-13,HDFC Bank,787.04541015625
2023-09-14,HDFC Bank,786.566650390625
2023-09-15,HDFC Bank,795.5913696289062
2023-09-18,HDFC Bank,779.9357299804688
2023-09-20,HDFC Bank,748.6482543945312
2023-09-21,HDFC Bank,743.6929931640625
2023-09-22,HDFC Bank,732.3462524414062
2023-09-25,HDFC Bank,732.9925537109375
2023-09-26,HDFC Bank,736.1763305664062
2023-09-27,HDFC Bank,731.005615234375
2023-09-28,HDFC Bank,729.4974975585938
2023-09-29,HDFC Bank,730.7423706054688
2023-10-03,HDFC Bank,722.0048828125
2023-10-04,HDFC Bank,732.29833984375
2023-10-05,HDFC Bank,735.2667236328125
2023-10-06,HDFC Bank,734.452880859375
2023-10-09,HDFC Bank,725.9307861328125
2023-10-10,HDFC Bank,730.0481567382812
2023-10-11,HDFC Bank,737.1099243164062
2023-10-12,HDFC Bank,742.017333984375
2023-10-13,HDFC Bank,735.2667236328125
2023-10-16,HDFC Bank,732.3223266601562
2023-10-17,HDFC Bank,737.8759765625
2023-10-18,HDFC Bank,727.6065063476562
2023-10-19,HDFC Bank,725.308349609375
2023-10-20,HDFC Bank,729.066650390625
2023-10-23,HDFC Bank,721.0473022460938
2023-10-25,HDFC Bank,716.47509765625
2023-10-26,HDFC Bank,700.6279907226562
2023-10-27,HDFC Bank,703.380859375
2023-10-30,HDFC Bank,711.0171508789062
2023-10-31,HDFC Bank,706.8997192382812
2023-11-01,HDFC Bank,705.9422607421875
2023-11-02,HDFC Bank,707.0194702148438
2023-11-03,HDFC Bank,710.370849609375
2023-11-06,HDFC Bank,715.5175170898438
2023-11-07,HDFC Bank,712.0465087890625
2023-11-08,HDFC Bank,714.105224609375
2023-11-09,HDFC Bank,711.280517578125
2023-11-10,HDFC Bank,714.0812377929688
2023-11-13,HDFC Bank,712.78857421875
2023-11-15,HDFC Bank,720.2573852539062
2023-11-16,HDFC Bank,722.1484985351562
2023-11-17,HDFC Bank,720.5924682617188
2023-11-20,HDFC Bank,720.640380859375
2023-11-21,HDFC Bank,726.74462890625
2023-11-22,HDFC Bank,724.1593017578125
2023-11-23,HDFC Bank,728.3485107421875
2023-11-24,HDFC Bank,733.5192260742188
2023-11-28,HDFC Bank,731.8674926757812
2023-11-29,HDFC Bank,746.4699096679688
2023-11-30,HDFC Bank,746.3023071289062
2023-12-01,HDFC Bank,744.674560546875
2023-12-04,HDFC Bank,770.5279541015625
2023-12-05,HDFC Bank,777.374267578125
2023-12-06,HDFC Bank,779.3372802734375
2023-12-07,HDFC Bank,780.60595703125
2023-12-08,HDFC Bank,791.4979248046875
2023-12-11,HDFC Bank,790.444580078125
2023-12-12,HDFC Bank,782.5927734375
2023-12-13,HDFC Bank,780.8214721679688
2023-12-14,HDFC Bank,790.0377197265625
2023-12-15,HDFC Bank,793.101806640625
2023-12-18,HDFC Bank,792.69482421875
2023-12-19,HDFC Bank,791.3543090820312
2023-12-20,HDFC Bank,793.3171997070312
2023-12-21,HDFC Bank,807.5365600585938
2023-12-22,HDFC Bank,799.9481811523438
2023-12-26,HDFC Bank,805.5018920898438
2023-12-27,HDFC Bank,815.4841918945312
2023-12-28,HDFC Bank,816.417724609375
2023-12-29,HDFC Bank,818.3328247070312
2024-01-01,HDFC Bank,812.9945678710938
2024-01-02,HDFC Bank,813.4733276367188
2024-01-03,HDFC Bank,800.9296264648438
2024-01-04,HDFC Bank,809.5234985351562
2024-01-05,HDFC Bank,805.3822021484375
2024-01-08,HDFC Bank,796.4052734375
2024-01-09,HDFC Bank,790.2052001953125
2024-01-10,HDFC Bank,792.8145141601562
2024-01-11,HDFC Bank,789.4871215820312
2024-01-12,HDFC Bank,785.7527465820312
2024-01-15,HDFC Bank,800.8817749023438
2024-01-16,HDFC Bank,803.9219970703125
2024-01-17,HDFC Bank,736.1044921875
2024-01-18,HDFC Bank,711.5199584960938
2024-01-19,HDFC Bank,704.0989990234375
2024-01-23,HDFC Bank,683.3683471679688
2024-01-24,HDFC Bank,697.037109375
2024-01-25,HDFC Bank,686.9830932617188
2024-01-29,HDFC Bank,696.438720703125
2024-01-30,HDFC Bank,691.4834594726562
2024-01-31,HDFC Bank,700.220947265625
2024-02-01,HDFC Bank,702.040283203125
2024-02-02,HDFC Bank,692.369140625
2024-02-05,HDFC Bank,691.7467651367188
2024-02-06,HDFC Bank,691.3876342773438
2024-02-07,HDFC Bank,684.6130981445312
2024-02-08,HDFC Bank,671.734375
2024-02-09,HDFC Bank,671.9976196289062
2024-02-12,HDFC Bank,665.4864501953125
2024-02-13,HDFC Bank,667.6168823242188
2024-02-14,HDFC Bank,662.6377563476562
2024-02-15,HDFC Bank,677.0007934570312
2024-02-16,HDFC Bank,679.8015747070312
2024-02-19,HDFC Bank,678.4609985351562
2024-02-20,HDFC Bank,696.2711791992188
2024-02-21,HDFC Bank,689.0177612304688
2024-02-22,HDFC Bank,679.634033203125
2024-02-23,HDFC Bank,680.13671875
2024-02-26,HDFC Bank,680.9506225585938
2024-02-27,HDFC Bank,679.9213256835938
2024-02-28,HDFC Bank,674.7745361328125
2024-02-29,HDFC Bank,671.9019165039062
2024-03-01,HDFC Bank,684.9961547851562
2024-03-04,HDFC Bank,685.9297485351562
2024-03-05,HDFC Bank,689.8316650390625
2024-03-06,HDFC Bank,690.6695556640625
2024-03-07,HDFC Bank,692.3452758789062
2024-03-11,HDFC Bank,683.5838012695312
2024-03-12,HDFC Bank,698.78466796875
2024-03-13,HDFC Bank,699.191650390625
2024-03-14,HDFC Bank,696.8216552734375
2024-03-15,HDFC Bank,695.481201171875
2024-03-18,HDFC Bank,692.3212890625
2024-03-19,HDFC Bank,693.9012451171875
2024-03-20,HDFC Bank,685.1398315429688
2024-03-21,HDFC Bank,692.1776733398438
2024-03-22,HDFC Bank,690.7891845703125
2024-03-26,HDFC Bank,682.4347534179688
2024-03-27,HDFC Bank,689.7598876953125
2024-03-28,HDFC Bank,693.20703125
2024-04-01,HDFC Bank,704.0271606445312
2024-04-02,HDFC Bank,708.6472778320312
2024-04-03,HDFC Bank,709.6766967773438
2024-04-04,HDFC Bank,731.3648071289062
2024-04-05,HDFC Bank,741.873779296875
2024-04-08,HDFC Bank,740.4613647460938
2024-04-09,HDFC Bank,741.3949584960938
2024-04-10,HDFC Bank,735.5540161132812
2024-04-12,HDFC Bank,727.223388671875
2024-04-15,HDFC Bank,715.61328125
2024-04-16,HDFC Bank,722.5794067382812
2024-04-18,HDFC Bank,715.61328125
2024-04-19,HDFC Bank,733.13623046875
2024-04-22,HDFC Bank,723.9917602539062
2024-04-23,HDFC Bank,721.7894287109375
2024-04-24,HDFC Bank,723.7523193359375
2024-04-25,HDFC Bank,723.2975463867188
2024-04-26,HDFC Bank,722.8427734375
2024-04-29,HDFC Bank,732.2744750976562
2024-04-30,HDFC Bank,727.7740478515625
2024-05-02,HDFC Bank,733.5910034179688
2024-05-03,HDFC Bank,727.5346069335938
2024-05-06,HDFC Bank,728.994873046875
2024-05-07,HDFC Bank,721.09521484375
2024-05-08,HDFC Bank,709.84423828125
2024-05-09,HDFC Bank,693.0155029296875
2024-05-10,HDFC Bank,697.820068359375
2024-05-13,HDFC Bank,706.2400512695312
2024-05-14,HDFC Bank,709.0062866210938
2024-05-15,HDFC Bank,698.1111450195312
2024-05-16,HDFC Bank,708.6665649414062
2024-05-17,HDFC Bank,710.5349731445312
2024-05-21,HDFC Bank,707.9629516601562
2024-05-22,HDFC Bank,708.1570434570312
2024-05-23,HDFC Bank,724.3661499023438
2024-05-24,HDFC Bank,736.3046875
2024-05-27,HDFC Bank,741.400390625
2024-05-28,HDFC Bank,742.75927734375
2024-05-29,HDFC Bank,731.9855346679688
2024-05-30,HDFC Bank,735.1642456054688
2024-05-31,HDFC Bank,743.2688598632812
2024-06-03,HDFC Bank,762.9964599609375
2024-06-04,HDFC Bank,719.7800903320312
2024-06-05,HDFC Bank,753.0962524414062
2024-06-06,HDFC Bank,756.93017578125
2024-06-07,HDFC Bank,763.5545654296875
2024-06-10,HDFC Bank,757.7066650390625
2024-06-11,HDFC Bank,759.4052734375
2024-06-12,HDFC Bank,763.94287109375
2024-06-13,HDFC Bank,767.1458129882812
2024-06-14,HDFC Bank,774.9835205078125
2024-06-18,HDFC Bank,780.2733764648438
2024-06-19,HDFC Bank,804.5628051757812
2024-06-20,HDFC Bank,810.143798828125
2024-06-21,HDFC Bank,808.396728515625
2024-06-24,HDFC Bank,811.6240844726562
2024-06-25,HDFC Bank,830.5266723632812
2024-06-26,HDFC Bank,825.7463989257812
2024-06-27,HDFC Bank,823.1500244140625
2024-06-28,HDFC Bank,817.156494140625
2024-07-01,HDFC Bank,827.5420532226562
2024-07-02,HDFC Bank,839.8687744140625
2024-07-03,HDFC Bank,858.3346557617188
2024-07-04,HDFC Bank,838.1945190429688
2024-07-05,HDFC Bank,799.8311157226562
2024-07-08,HDFC Bank,793.6434326171875
2024-07-09,HDFC Bank,794.2015991210938
2024-07-10,HDFC Bank,789.1544799804688
2024-07-11,HDFC Bank,787.1161499023438
2024-07-12,HDFC Bank,787.50439453125
2024-07-15,HDFC Bank,787.213134765625
2024-07-16,HDFC Bank,786.07275390625
2024-07-18,HDFC Bank,783.6704711914062
2024-07-19,HDFC Bank,780.0307006835938
2024-07-22,HDFC Bank,797.1377563476562
2024-07-23,HDFC Bank,785.4175415039062
2024-07-24,HDFC Bank,778.4534301757812
2024-07-25,HDFC Bank,784.5440673828125
2024-07-26,HDFC Bank,785.2962646484375
2024-07-29,HDFC Bank,778.9387817382812
2024-07-30,HDFC Bank,784.034423828125
2024-07-31,HDFC Bank,784.1315307617188
2024-08-01,HDFC Bank,795.3178100585938
2024-08-02,HDFC Bank,805.1937255859375
2024-08-05,HDFC Bank,784.1315307617188
2024-08-06,HDFC Bank,777.0703125
2024-08-07,HDFC Bank,787.892578125
2024-08-08,HDFC Bank,797.2105102539062
2024-08-09,HDFC Bank,800.8502197265625
2024-08-12,HDFC Bank,805.65478515625
2024-08-13,HDFC Bank,778.0408935546875
2024-08-14,HDFC Bank,780.2733764648438
2024-08-16,HDFC Bank,792.0662841796875
2024-08-19,HDFC Bank,791.7993774414062
2024-08-20,HDFC Bank,794.783935546875
2024-08-21,HDFC Bank,789.0089111328125
2024-08-22,HDFC Bank,791.6780395507812
2024-08-23,HDFC Bank,788.6448364257812
2024-08-26,HDFC Bank,795.8758544921875
2024-08-27,HDFC Bank,794.8082885742188
2024-08-28,HDFC Bank,794.4927368164062
2024-08-29,HDFC Bank,795.1964721679688
2024-08-30,HDFC Bank,794.395751953125
2024-09-02,HDFC Bank,789.56689453125
2024-09-03,HDFC Bank,794.6141357421875
2024-09-04,HDFC Bank,796.773681640625
2024-09-05,HDFC Bank,798.5450439453125
2024-09-06,HDFC Bank,794.4199829101562
2024-09-09,HDFC Bank,799.0546264648438
2024-09-10,HDFC Bank,800.9229736328125
2024-09-11,HDFC Bank,797.7929077148438
2024-09-12,HDFC Bank,808.8092651367188
2024-09-13,HDFC Bank,808.4937744140625
2024-09-16,HDFC Bank,810.9202880859375
2024-09-17,HDFC Bank,809.876953125
2024-09-18,HDFC Bank,822.494873046875
2024-09-19,HDFC Bank,829.1435546875
2024-09-20,HDFC Bank,845.0130004882812
2024-09-23,HDFC Bank,854.0397338867188
2024-09-24,HDFC Bank,858.0435180664062
2024-09-25,HDFC Bank,863.406005859375
2024-09-26,HDFC Bank,865.5171508789062
2024-09-27,HDFC Bank,850.5697631835938
2024-09-30,HDFC Bank,840.572509765625
2024-10-01,HDFC Bank,837.7334594726562
2024-10-03,HDFC Bank,816.282958984375
2024-10-04,HDFC Bank,804.4658203125
2024-10-07,HDFC Bank,785.1264038085938
2024-10-08,HDFC Bank,801.2627563476562
2024-10-09,HDFC Bank,792.5758056640625
2024-10-10,HDFC Bank,806.7709350585938
2024-10-11,HDFC Bank,801.238525390625
2024-10-14,HDFC Bank,819.2432861328125
2024-10-15,HDFC Bank,817.3020629882812
2024-10-16,HDFC Bank,824.9214477539062
2024-10-17,HDFC Bank,811.988037109375
2024-10-18,HDFC Bank,816.2101440429688
2024-10-21,HDFC Bank,838.9466552734375
2024-10-22,HDFC Bank,832.0797119140625
2024-10-23,HDFC Bank,842.3923950195312
2024-10-24,HDFC Bank,849.1138305664062
2024-10-25,HDFC Bank,846.0806884765625
2024-10-28,HDFC Bank,841.6158447265625
2024-10-29,HDFC Bank,850.1814575195312
2024-10-30,HDFC Bank,841.8099975585938
2024-10-31,HDFC Bank,842.3438720703125
2024-11-01,HDFC Bank,843.120361328125
2024-11-04,HDFC Bank,831.8612670898438
2024-11-05,HDFC Bank,853.0933227539062
2024-11-06,HDFC Bank,851.83154296875
2024-11-07,HDFC Bank,847.6094360351562
2024-11-08,HDFC Bank,851.4432983398438
2024-11-11,HDFC Bank,857.1941528320312
2024-11-12,HDFC Bank,833.8509521484375
2024-11-13,HDFC Bank,815.967529296875
2024-11-14,HDFC Bank,821.5
2024-11-18,HDFC Bank,827.4934692382812
2024-11-19,HDFC Bank,845.5226440429688
2024-11-21,HDFC Bank,845.0130004882812
2024-11-22,HDFC Bank,847.1483154296875
2024-11-25,HDFC Bank,866.560546875
2024-11-26,HDFC Bank,866.5363159179688
2024-11-27,HDFC Bank,879.5181884765625
2024-11-28,HDFC Bank,870.2245483398438
2024-11-29,HDFC Bank,871.632080078125
2024-12-02,HDFC Bank,875.8298950195312
2024-12-03,HDFC Bank,886.3125
2024-12-04,HDFC Bank,902.7157592773438
2024-12-05,HDFC Bank,905.457763671875
2024-12-06,HDFC Bank,900.6531982421875
2024-12-09,HDFC Bank,907.5203247070312
2024-12-10,HDFC Bank,906.59814453125
2024-12-11,HDFC Bank,904.1716918945312
2024-12-12,HDFC Bank,902.30322265625
2024-12-13,HDFC Bank,908.3695678710938
2024-12-16,HDFC Bank,905.1907958984375
2024-12-17,HDFC Bank,889.6853637695312
2024-12-18,HDFC Bank,878.74169921875
2024-12-19,HDFC Bank,870.3944702148438
2024-12-20,HDFC Bank,859.7177734375
2024-12-23,HDFC Bank,874.0343017578125
2024-12-24,HDFC Bank,872.6268310546875
2024-12-26,HDFC Bank,869.059814453125
2024-12-27,HDFC Bank,872.6996459960938
2024-12-30,HDFC Bank,862.82373046875
2024-12-31,HDFC Bank,860.3728637695312
2025-01-01,HDFC Bank,865.1774291992188
2025-01-02,HDFC Bank,870.5158081054688
2025-01-03,HDFC Bank,848.8954467773438
2025-01-06,HDFC Bank,830.1141357421875
2025-01-07,HDFC Bank,831.5215454101562
2025-01-08,HDFC Bank,822.2522583007812
2025-01-09,HDFC Bank,809.3916625976562
2025-01-10,HDFC Bank,804.029052734375
2025-01-13,HDFC Bank,791.4595947265625
2025-01-14,HDFC Bank,799.1031494140625
2025-01-15,HDFC Bank,797.38037109375
2025-01-16,HDFC Bank,801.7481079101562
2025-01-17,HDFC Bank,794.3229370117188
2025-01-20,HDFC Bank,801.35986328125
2025-01-21,HDFC Bank,797.0648803710938
2025-01-22,HDFC Bank,808.5423583984375
2025-01-23,HDFC Bank,807.9843139648438
2025-01-24,HDFC Bank,800.6561889648438
2025-01-27,HDFC Bank,790.9500732421875
2025-01-28,HDFC Bank,810.6535034179688
2025-01-29,HDFC Bank,814.0020141601562
2025-01-30,HDFC Bank,820.8933715820312
2025-01-31,HDFC Bank,824.4118041992188
2025-02-01,HDFC Bank,820.6264038085938
2025-02-03,HDFC Bank,814.3417358398438
2025-02-04,HDFC Bank,835.1613159179688
2025-02-05,HDFC Bank,843.3629760742188
2025-02-06,HDFC Bank,846.299072265625
2025-02-07,HDFC Bank,840.9122314453125
2025-02-10,HDFC Bank,832.6619873046875
2025-02-11,HDFC Bank,825.6978759765625
2025-02-12,HDFC Bank,828.3185424804688
2025-02-13,HDFC Bank,823.9022827148438
2025-02-14,HDFC Bank,822.5191040039062
2025-02-17,HDFC Bank,833.4384765625
2025-02-18,HDFC Bank,836.2047729492188
2025-02-19,HDFC Bank,838.21875
2025-02-20,HDFC Bank,818.7579956054688
2025-02-21,HDFC Bank,821.3786010742188
2025-02-24,HDFC Bank,813.9049682617188
2025-02-25,HDFC Bank,816.4528198242188
2025-02-27,HDFC Bank,825.358154296875
2025-02-28,HDFC Bank,840.7423095703125
2025-03-03,HDFC Bank,825.7706909179688
2025-03-04,HDFC Bank,829.8715209960938
2025-03-05,HDFC Bank,820.1654052734375
2025-03-06,HDFC Bank,820.7477416992188
2025-03-07,HDFC Bank,819.8013916015625
2025-03-10,HDFC Bank,818.9521484375
2025-03-11,HDFC Bank,817.9815673828125
2025-03-12,HDFC Bank,830.4296264648438
2025-03-13,HDFC Bank,828.2214965820312
2025-03-17,HDFC Bank,830.0656127929688
2025-03-18,HDFC Bank,830.0656127929688
2025-03-19,HDFC Bank,846.42041015625
2025-03-20,HDFC Bank,858.3832397460938
2025-03-21,HDFC Bank,859.15966796875
2025-03-24,HDFC Bank,873.5489501953125
2025-03-25,HDFC Bank,883.958740234375
2025-03-26,HDFC Bank,876.7277221679688
2025-03-27,HDFC Bank,885.8514404296875
2025-03-28,HDFC Bank,887.2344970703125
2025-04-01,HDFC Bank,857.9463500976562
2025-04-02,HDFC Bank,872.0444946289062
2025-04-03,HDFC Bank,871.0496215820312
2025-04-04,HDFC Bank,881.9447631835938
2025-04-07,HDFC Bank,853.0205078125
2025-04-08,HDFC Bank,858.5773315429688
2025-04-09,HDFC Bank,856.5632934570312
2025-04-11,HDFC Bank,876.8247680664062
2025-04-15,HDFC Bank,905.0452270507812
2025-04-16,HDFC Bank,911.4027099609375
2025-04-17,HDFC Bank,925.3309326171875
2025-04-21,HDFC Bank,935.231201171875
2025-04-22,HDFC Bank,952.0227661132812
2025-04-23,HDFC Bank,933.67822265625
2025-04-24,HDFC Bank,930.2325439453125
2025-04-25,HDFC Bank,927.5148315429688
2025-04-28,HDFC Bank,931.882568359375
2025-04-29,HDFC Bank,926.3501586914062
2025-04-30,HDFC Bank,934.2120361328125
2025-05-02,HDFC Bank,932.7075805664062
2025-05-05,HDFC Bank,939.9386596679688
2025-05-06,HDFC Bank,937.4635620117188
2025-05-07,HDFC Bank,944.2092895507812
2025-05-08,HDFC Bank,935.91064453125
2025-05-09,HDFC Bank,917.080810546875
2025-05-12,HDFC Bank,949.8388671875
2025-05-13,HDFC Bank,933.0473022460938
2025-05-14,HDFC Bank,927.2236938476562
2025-05-15,HDFC Bank,938.4827270507812
2025-05-16,HDFC Bank,938.9195556640625
2025-05-19,HDFC Bank,940.8607788085938
2025-05-20,HDFC Bank,929.310546875
2025-05-21,HDFC Bank,935.085693359375
2025-05-22,HDFC Bank,931.7369995117188
2025-05-23,HDFC Bank,938.3856811523438
2025-05-26,HDFC Bank,941.5886840820312
2025-05-27,HDFC Bank,934.8429565429688
2025-05-28,HDFC Bank,933.484130859375
2025-05-29,HDFC Bank,935.42529296875
2025-05-30,HDFC Bank,943.86962890625
2025-06-02,HDFC Bank,937.65771484375
2025-06-03,HDFC Bank,934.0178833007812
2025-06-04,HDFC Bank,942.073974609375
2025-06-05,HDFC Bank,946.1505126953125
2025-06-06,HDFC Bank,960.2728881835938
2025-06-09,HDFC Bank,960.3699951171875
2025-06-10,HDFC Bank,953.7698974609375
2025-06-11,HDFC Bank,946.538818359375
2025-06-12,HDFC Bank,943.1417236328125
2025-06-13,HDFC Bank,930.6207885742188
2025-06-16,HDFC Bank,939.2592163085938
2025-06-17,HDFC Bank,936.4445190429688
2025-06-18,HDFC Bank,938.5313110351562
2025-06-19,HDFC Bank,939.2107543945312
2025-06-20,HDFC Bank,953.4786987304688
2025-06-23,HDFC Bank,945.5681762695312
2025-06-24,HDFC Bank,951.634521484375
2025-06-25,HDFC Bank,961.0009155273438
2025-06-26,HDFC Bank,981.1896362304688
2025-06-27,HDFC Bank,988.5982666015625
2025-06-30,HDFC Bank,982.023681640625
2025-07-01,HDFC Bank,987.2244873046875
2025-07-02,HDFC Bank,974.418701171875
2025-07-03,HDFC Bank,974.9583740234375
2025-07-04,HDFC Bank,976.037841796875
2025-07-07,HDFC Bank,975.1055908203125
2025-07-08,HDFC Bank,981.974609375
2025-07-09,HDFC Bank,986.7828369140625
2025-07-10,HDFC Bank,984.3296508789062
2025-07-11,HDFC Bank,973.2902221679688
2025-07-14,HDFC Bank,972.94677734375
2025-07-15,HDFC Bank,979.079833984375
2025-07-16,HDFC Bank,979.4722900390625
2025-07-17,HDFC Bank,974.8602294921875
2025-07-18,HDFC Bank,960.38623046875
2025-07-21,HDFC Bank,981.5330200195312
2025-07-22,HDFC Bank,984.771240234375
2025-07-23,HDFC Bank,993.2103881835938
2025-07-24,HDFC Bank,988.2548217773438
2025-07-25,HDFC Bank,985.9922485351562
2025-07-28,HDFC Bank,987.9105224609375
2025-07-29,HDFC Bank,994.3539428710938
2025-07-30,HDFC Bank,996.4197998046875
2025-07-31,HDFC Bank,992.6815795898438
2025-08-01,HDFC Bank,989.7304077148438
2025-08-04,HDFC Bank,979.7947387695312
2025-08-05,HDFC Bank,972.7118530273438
2025-08-06,HDFC Bank,976.499267578125
2025-08-07,HDFC Bank,981.4671020507812
2025-08-08,HDFC Bank,970.8920288085938
2025-08-11,HDFC Bank,981.5654296875
2025-08-12,HDFC Bank,968.924560546875
2025-08-13,HDFC Bank,974.0399169921875
2025-08-14,HDFC Bank,979.35205078125
2025-08-18,HDFC Bank,985.5003662109375
2025-08-19,HDFC Bank,979.35205078125
2025-08-20,HDFC Bank,977.9256591796875
2025-08-21,HDFC Bank,979.4012451171875
2025-08-22,HDFC Bank,966.317626953125
2025-08-25,HDFC Bank,966.0717163085938
2025-08-26,HDFC Bank,957.5625
2025-08-28,HDFC Bank,942.2162475585938
2025-08-29,HDFC Bank,936.1171264648438
2025-09-01,HDFC Bank,935.1333618164062
2025-09-02,HDFC Bank,929.1326904296875
2025-09-03,HDFC Bank,938.9207763671875
2025-09-04,HDFC Bank,945.610107421875
2025-09-05,HDFC Bank,947.7251586914062
2025-09-08,HDFC Bank,950.2828369140625
2025-09-09,HDFC Bank,949.4467163085938
2025-09-10,HDFC Bank,950.1845092773438
2025-09-11,HDFC Bank,952.0535278320312
2025-09-12,HDFC Bank,951.5617065429688
2025-09-15,HDFC Bank,951.3157348632812
2025-09-16,HDFC Bank,951.1190185546875
2025-09-17,HDFC Bank,950.7747192382812
2025-09-18,HDFC Bank,961.0055541992188
2025-09-19,HDFC Bank,951.168212890625
2025-09-22,HDFC Bank,948.5121459960938
2025-09-23,HDFC Bank,941.6260375976562
2025-09-24,HDFC Bank,935.5761108398438
2025-09-25,HDFC Bank,934.3955688476562
2025-09-26,HDFC Bank,929.6737060546875
2025-09-29,HDFC Bank,934.8382568359375
2025-09-30,HDFC Bank,935.5269165039062
2025-10-01,HDFC Bank,949.5450439453125
2025-10-03,HDFC Bank,949.4467163085938
2025-10-06,HDFC Bank,957.6116333007812
2025-10-07,HDFC Bank,966.514404296875
2025-10-08,HDFC Bank,962.7762451171875
2025-10-09,HDFC Bank,961.2022094726562
2025-10-10,HDFC Bank,964.9404296875
2025-10-13,HDFC Bank,961.1038818359375
2025-10-14,HDFC Bank,961.25146484375
2025-10-15,HDFC Bank,962.3335571289062
2025-10-16,HDFC Bank,978.1715698242188
2025-10-17,HDFC Bank,986.2381591796875
2025-10-20,HDFC Bank,986.6316528320312
2025-10-21,HDFC Bank,991.3043823242188
2025-10-23,HDFC Bank,992.386474609375
2025-10-24,HDFC Bank,978.5650634765625
2025-10-27,HDFC Bank,986.6316528320312
2025-10-28,HDFC Bank,987.2218627929688
2025-10-29,HDFC Bank,991.451904296875
2025-10-30,HDFC Bank,981.9097900390625
2025-10-31,HDFC Bank,971.2362670898438
2025-11-03,HDFC Bank,976.499267578125
2025-11-04,HDFC Bank,969.2196655273438
2025-11-06,HDFC Bank,968.6294555664062
2025-11-07,HDFC Bank,966.317626953125
2025-11-10,HDFC Bank,968.4818725585938
2025-11-11,HDFC Bank,975.564697265625
2025-11-12,HDFC Bank,973.4005126953125
2025-11-13,HDFC Bank,970.596923828125
2025-11-14,HDFC Bank,973.4988403320312
2025-11-17,HDFC Bank,980.3357543945312
2025-11-18,HDFC Bank,976.302490234375
2025-11-19,HDFC Bank,978.41748046875
2025-11-20,HDFC Bank,992.4356689453125
2025-11-21,HDFC Bank,981.8114013671875
2025-11-24,HDFC Bank,982.8934936523438
2025-11-25,HDFC Bank,973.6956176757812
2025-11-26,HDFC Bank,987.5662231445312
2025-11-27,HDFC Bank,993.0750732421875
2025-11-28,HDFC Bank,991.2059936523438
2025-12-01,HDFC Bank,985.7954711914062
2025-12-02,HDFC Bank,973.6956176757812
2025-12-03,HDFC Bank,984.2214965820312
2025-12-04,HDFC Bank,980.9752197265625
2025-12-05,HDFC Bank,986.9759521484375
2025-12-08,HDFC Bank,986.7791748046875
2025-12-09,HDFC Bank,980.8768310546875
2025-12-10,HDFC Bank,973.6956176757812
2025-12-11,HDFC Bank,984.0247802734375
2025-12-12,HDFC Bank,985.2052612304688
2025-12-15,HDFC Bank,979.89306640625
2025-12-16,HDFC Bank,978.1223754882812
2025-12-17,HDFC Bank,967.989990234375
2025-12-18,HDFC Bank,963.7599487304688
2025-12-19,HDFC Bank,969.465576171875
2025-12-22,HDFC Bank,971.6298217773438
2025-12-23,HDFC Bank,980.3849487304688
2025-12-24,HDFC Bank,980.9752197265625
2025-12-26,HDFC Bank,975.9581909179688
2025-12-29,HDFC Bank,975.564697265625
2025-12-30,HDFC Bank,974.7777709960938
2025-12-31,HDFC Bank,975.0728759765625
2026-01-01,HDFC Bank,975.023681640625
2026-01-02,HDFC Bank,985.3035888671875
2026-01-05,HDFC Bank,961.5957641601562
2026-01-06,HDFC Bank,946.544677734375
2026-01-07,HDFC Bank,933.608642578125
2026-01-08,HDFC Bank,931.296875
2026-01-09,HDFC Bank,923.72216796875
2026-01-12,HDFC Bank,921.7055053710938
2026-01-13,HDFC Bank,922.0989990234375
2026-01-14,HDFC Bank,910.3926391601562
2026-01-15,HDFC Bank,910.3926391601562
2026-01-16,HDFC Bank,915.95068359375
2026-01-19,HDFC Bank,912.8027954101562
2026-01-20,HDFC Bank,916.049072265625
2026-01-21,HDFC Bank,905.3755493164062
2026-01-22,HDFC Bank,903.75244140625
2026-01-23,HDFC Bank,901.1947021484375
2026-01-27,HDFC Bank,911.3272094726562
2026-01-28,HDFC Bank,917.524658203125
2026-01-29,HDFC Bank,920.2791137695312
2026-01-30,HDFC Bank,914.1307983398438
2026-02-02,HDFC Bank,912.9994506835938
2026-02-03,HDFC Bank,933.2643432617188
2026-02-04,HDFC Bank,937.5927124023438
2026-02-05,HDFC Bank,934.248046875
2026-02-06,HDFC Bank,925.7879638671875
2026-02-09,HDFC Bank,922.0006103515625
2026-02-10,HDFC Bank,917.2295532226562
2026-02-11,HDFC Bank,912.0157470703125
2026-02-12,HDFC Bank,905.6215209960938
2026-02-13,HDFC Bank,889.1932373046875
2026-02-16,HDFC Bank,910.7368774414062
2026-02-17,HDFC Bank,910.6385498046875
2026-02-18,HDFC Bank,909.6548461914062
2026-02-19,HDFC Bank,900.702880859375
2026-02-20,HDFC Bank,897.0138549804688
2026-02-23,HDFC Bank,908.5726928710938
2026-02-24,HDFC Bank,895.6858520507812
2026-02-25,HDFC Bank,892.8330078125
2026-02-26,HDFC Bank,883.9794311523438
2026-02-27,HDFC Bank,873.3060302734375
2026-03-02,HDFC Bank,865.0918579101562
2026-03-04,HDFC Bank,854.5167846679688
2026-03-05,HDFC Bank,863.4686889648438
2026-03-06,HDFC Bank,843.10546875
2026-03-09,HDFC Bank,827.0215454101562
2026-03-10,HDFC Bank,835.629150390625
2026-03-11,HDFC Bank,820.38134765625
2026-03-12,HDFC Bank,819.2008666992188
2026-03-13,HDFC Bank,803.7071533203125
2026-03-16,HDFC Bank,826.9231567382812
2026-03-17,HDFC Bank,831.5958251953125
2026-03-18,HDFC Bank,829.333251953125
2026-03-19,HDFC Bank,785.2130126953125
2026-03-20,HDFC Bank,767.7518310546875
2026-03-23,HDFC Bank,732.04248046875
2026-03-24,HDFC Bank,752.454833984375
2026-03-25,HDFC Bank,769.5717163085938
2026-03-27,HDFC Bank,743.8963623046875
2026-03-30,HDFC Bank,719.6473999023438
2026-04-01,HDFC Bank,730.17333984375
2026-04-02,HDFC Bank,738.6826171875
2026-04-06,HDFC Bank,758.45556640625
2026-04-07,HDFC Bank,759.4392700195312
2026-04-08,HDFC Bank,802.82177734375
2026-04-09,HDFC Bank,784.72119140625
2026-04-10,HDFC Bank,797.1161499023438
2026-04-13,HDFC Bank,781.7699584960938
2026-04-15,HDFC Bank,796.72265625
2026-04-16,HDFC Bank,782.5077514648438
2026-04-17,HDFC Bank,786.8853759765625
2026-04-20,HDFC Bank,782.5077514648438
2026-04-21,HDFC Bank,798.5425415039062
2026-04-22,HDFC Bank,786.8853759765625
2026-04-23,HDFC Bank,771.5883178710938
2026-04-24,HDFC Bank,772.0802001953125
2026-04-27,HDFC Bank,776.9496459960938
2026-04-28,HDFC Bank,769.817626953125
2026-04-29,HDFC Bank,766.3253784179688
2026-04-30,HDFC Bank,759.1441650390625
2026-05-01,HDFC Bank,759.1441650390625
2026-05-04,HDFC Bank,766.7189331054688
2026-05-05,HDFC Bank,759.734375
2026-05-06,HDFC Bank,783.58984375
2026-05-07,HDFC Bank,783.0979614257812
2026-05-08,HDFC Bank,768.145263671875
2026-05-11,HDFC Bank,751.2251586914062
2026-05-12,HDFC Bank,738.2399291992188
2026-05-13,HDFC Bank,737.4037475585938
2026-05-14,HDFC Bank,757.0291748046875
2026-05-15,HDFC Bank,755.0125122070312
2026-05-18,HDFC Bank,756.143798828125
2026-05-19,HDFC Bank,750.044677734375
2026-05-20,HDFC Bank,747.1427001953125
2026-05-21,HDFC Bank,746.7984008789062
2026-05-22,HDFC Bank,754.3239135742188
2026-05-25,HDFC Bank,774.0476684570312
2026-05-26,HDFC Bank,766.22705078125
2026-05-27,HDFC Bank,746.3065185546875
2026-05-28,HDFC Bank,746.3065185546875
2026-05-29,HDFC Bank,732.4359130859375
2026-06-01,HDFC Bank,730.6160278320312
2026-06-02,HDFC Bank,736.0757446289062
2026-06-03,HDFC Bank,741.3878784179688
2026-06-04,HDFC Bank,741.9288940429688
2026-06-05,HDFC Bank,734.8952026367188
2026-06-08,HDFC Bank,726.6319580078125
2026-06-09,HDFC Bank,726.3367919921875
2026-06-10,HDFC Bank,734.698486328125
2026-06-11,HDFC Bank,732.485107421875
2026-06-12,HDFC Bank,759.8819580078125
2026-06-15,HDFC Bank,764.7022094726562
2026-06-16,HDFC Bank,772.1294555664062
2026-06-17,HDFC Bank,774.2935791015625
2026-06-18,HDFC Bank,786.0
2026-06-19,HDFC Bank,779.7999877929688
2026-06-22,HDFC Bank,786.4000244140625
2026-06-23,HDFC Bank,774.6500244140625
2026-06-24,HDFC Bank,793.2000122070312
2026-06-25,HDFC Bank,796.2999877929688
2026-06-26,HDFC Bank,796.2999877929688
2026-06-29,HDFC Bank,798.9000244140625
2026-06-30,HDFC Bank,797.9500122070312
2026-07-01,HDFC Bank,796.1500244140625
2026-07-02,HDFC Bank,795.9000244140625
2026-07-03,HDFC Bank,801.0499877929688
2026-07-06,HDFC Bank,829.8499755859375
2026-07-07,HDFC Bank,829.2999877929688
2026-07-08,HDFC Bank,810.2999877929688
2026-07-09,HDFC Bank,817.5499877929688
2026-07-10,HDFC Bank,824.9500122070312
2026-07-13,HDFC Bank,817.9500122070312
2026-07-14,HDFC Bank,809.4000244140625
2026-07-15,HDFC Bank,815.4500122070312
2026-07-16,HDFC Bank,808.2999877929688
2026-07-17,HDFC Bank,819.5999755859375
2026-07-20,HDFC Bank,777.5999755859375
2026-07-21,HDFC Bank,761.4500122070312
2026-07-22,HDFC Bank,753.1500244140625
2026-07-23,HDFC Bank,747.25
2026-07-24,HDFC Bank,742.7999877929688
2026-07-27,HDFC Bank,739.5499877929688
2026-07-28,HDFC Bank,735.4000244140625
2026-07-29,HDFC Bank,748.2000122070312
2026-07-30,HDFC Bank,753.9500122070312
2026-07-31,HDFC Bank,748.1500244140625
2026-08-03,HDFC Bank,753.0
2026-08-04,HDFC Bank,742.0
2026-08-05,HDFC Bank,735.0
2020-01-01,ICICI Bank,514.7979125976562
2020-01-02,ICICI Bank,518.4905395507812
2020-01-03,ICICI Bank,516.8119506835938
2020-01-06,ICICI Bank,504.19989013671875
2020-01-07,ICICI Bank,501.51434326171875
2020-01-08,ICICI Bank,504.4396057128906
2020-01-09,ICICI Bank,523.9573364257812
2020-01-10,ICICI Bank,518.1547241210938
2020-01-13,ICICI Bank,516.5722045898438
2020-01-14,ICICI Bank,515.6130981445312
2020-01-15,ICICI Bank,513.6949462890625
2020-01-16,ICICI Bank,515.1815795898438
2020-01-17,ICICI Bank,510.2901306152344
2020-01-20,ICICI Bank,512.9755249023438
2020-01-21,ICICI Bank,509.3310852050781
2020-01-22,ICICI Bank,501.46636962890625
2020-01-23,ICICI Bank,506.11810302734375
2020-01-24,ICICI Bank,512.0164794921875
2020-01-27,ICICI Bank,515.2774658203125
2020-01-28,ICICI Bank,506.59765625
2020-01-29,ICICI Bank,505.0630187988281
2020-01-30,ICICI Bank,510.4339599609375
2020-01-31,ICICI Bank,504.15191650390625
2020-02-03,ICICI Bank,494.4649658203125
2020-02-04,ICICI Bank,509.0911865234375
2020-02-05,ICICI Bank,517.0518188476562
2020-02-06,ICICI Bank,519.4495849609375
2020-02-07,ICICI Bank,514.5101928710938
2020-02-10,ICICI Bank,512.1124267578125
2020-02-11,ICICI Bank,517.6751098632812
2020-02-12,ICICI Bank,526.8346557617188
2020-02-13,ICICI Bank,518.8740234375
2020-02-14,ICICI Bank,523.477783203125
2020-02-17,ICICI Bank,519.4495849609375
2020-02-18,ICICI Bank,519.06591796875
2020-02-19,ICICI Bank,522.5187377929688
2020-02-20,ICICI Bank,524.6287841796875
2020-02-24,ICICI Bank,508.18017578125
2020-02-25,ICICI Bank,509.235107421875
2020-02-26,ICICI Bank,502.2816467285156
2020-02-27,ICICI Bank,494.2730712890625
2020-02-28,ICICI Bank,476.9134216308594
2020-03-02,ICICI Bank,485.4014587402344
2020-03-03,ICICI Bank,493.6976318359375
2020-03-04,ICICI Bank,487.5594177246094
2020-03-05,ICICI Bank,483.86688232421875
2020-03-06,ICICI Bank,466.459228515625
2020-03-09,ICICI Bank,439.02886962890625
2020-03-11,ICICI Bank,446.60577392578125
2020-03-12,ICICI Bank,408.2417297363281
2020-03-13,ICICI Bank,428.91033935546875
2020-03-16,ICICI Bank,386.4221496582031
2020-03-17,ICICI Bank,352.2301330566406
2020-03-18,ICICI Bank,340.52911376953125
2020-03-19,ICICI Bank,324.7038879394531
2020-03-20,ICICI Bank,331.5615234375
2020-03-23,ICICI Bank,272.3849182128906
2020-03-24,ICICI Bank,284.3736877441406
2020-03-25,ICICI Bank,303.9393615722656
2020-03-26,ICICI Bank,316.743408203125
2020-03-27,ICICI Bank,325.9507751464844
2020-03-30,ICICI Bank,300.58251953125
2020-03-31,ICICI Bank,310.50927734375
2020-04-01,ICICI Bank,298.424560546875
2020-04-03,ICICI Bank,274.9265441894531
2020-04-07,ICICI Bank,312.76312255859375
2020-04-08,ICICI Bank,305.905517578125
2020-04-09,ICICI Bank,328.6842346191406
2020-04-13,ICICI Bank,317.12701416015625
2020-04-15,ICICI Bank,313.9620056152344
2020-04-16,ICICI Bank,328.0128479003906
2020-04-17,ICICI Bank,360.190673828125
2020-04-20,ICICI Bank,346.5234680175781
2020-04-21,ICICI Bank,318.2779541015625
2020-04-22,ICICI Bank,322.2102966308594
2020-04-23,ICICI Bank,338.5150146484375
2020-04-24,ICICI Bank,321.1552734375
2020-04-27,ICICI Bank,333.6715393066406
2020-04-28,ICICI Bank,345.1327819824219
2020-04-29,ICICI Bank,355.29931640625
2020-04-30,ICICI Bank,364.60260009765625
2020-05-04,ICICI Bank,324.2243957519531
2020-05-05,ICICI Bank,317.3188171386719
2020-05-06,ICICI Bank,327.4373779296875
2020-05-07,ICICI Bank,322.9775390625
2020-05-08,ICICI Bank,323.88873291015625
2020-05-11,ICICI Bank,307.0564270019531
2020-05-12,ICICI Bank,308.06353759765625
2020-05-13,ICICI Bank,324.2243957519531
2020-05-14,ICICI Bank,314.0099182128906
2020-05-15,ICICI Bank,309.502197265625
2020-05-18,ICICI Bank,286.29193115234375
2020-05-19,ICICI Bank,288.01824951171875
2020-05-20,ICICI Bank,293.14947509765625
2020-05-21,ICICI Bank,291.95062255859375
2020-05-22,ICICI Bank,279.1465759277344
2020-05-26,ICICI Bank,280.7290954589844
2020-05-27,ICICI Bank,305.8096618652344
2020-05-28,ICICI Bank,313.48248291015625
2020-05-29,ICICI Bank,318.37384033203125
2020-06-01,ICICI Bank,325.37530517578125
2020-06-02,ICICI Bank,334.1510925292969
2020-06-03,ICICI Bank,342.2555236816406
2020-06-04,ICICI Bank,333.6235656738281
2020-06-05,ICICI Bank,342.5911865234375
2020-06-08,ICICI Bank,345.0848693847656
2020-06-09,ICICI Bank,334.294921875
2020-06-10,ICICI Bank,338.5629577636719
2020-06-11,ICICI Bank,327.29351806640625
2020-06-12,ICICI Bank,330.1228942871094
2020-06-15,ICICI Bank,317.5586242675781
2020-06-16,ICICI Bank,328.9239501953125
2020-06-17,ICICI Bank,327.9648742675781
2020-06-18,ICICI Bank,337.6038818359375
2020-06-19,ICICI Bank,348.9212341308594
2020-06-22,ICICI Bank,352.5178527832031
2020-06-23,ICICI Bank,360.7661437988281
2020-06-24,ICICI Bank,333.8633117675781
2020-06-25,ICICI Bank,336.644775390625
2020-06-26,ICICI Bank,334.82244873046875
2020-06-29,ICICI Bank,329.0678405761719
2020-06-30,ICICI Bank,337.0763244628906
2020-07-01,ICICI Bank,349.1609802246094
2020-07-02,ICICI Bank,348.01007080078125
2020-07-03,ICICI Bank,346.2357482910156
2020-07-06,ICICI Bank,347.051025390625
2020-07-07,ICICI Bank,360.67022705078125
2020-07-08,ICICI Bank,353.86065673828125
2020-07-09,ICICI Bank,355.2033996582031
2020-07-10,ICICI Bank,345.6123962402344
2020-07-13,ICICI Bank,339.1383972167969
2020-07-14,ICICI Bank,331.4176330566406
2020-07-15,ICICI Bank,331.6573791503906
2020-07-16,ICICI Bank,330.5544738769531
2020-07-17,ICICI Bank,339.3302307128906
2020-07-20,ICICI Bank,348.15399169921875
2020-07-21,ICICI Bank,363.3077392578125
2020-07-22,ICICI Bank,365.513671875
2020-07-23,ICICI Bank,376.20770263671875
2020-07-24,ICICI Bank,366.1850891113281
2020-07-27,ICICI Bank,343.8380432128906
2020-07-28,ICICI Bank,337.69976806640625
2020-07-29,ICICI Bank,336.69268798828125
2020-07-30,ICICI Bank,330.84222412109375
2020-07-31,ICICI Bank,332.61651611328125
2020-08-03,ICICI Bank,329.2117004394531
2020-08-04,ICICI Bank,336.644775390625
2020-08-05,ICICI Bank,337.79571533203125
2020-08-06,ICICI Bank,344.0777893066406
2020-08-07,ICICI Bank,343.31048583984375
2020-08-10,ICICI Bank,348.68145751953125
2020-08-11,ICICI Bank,352.3260803222656
2020-08-12,ICICI Bank,351.8465270996094
2020-08-13,ICICI Bank,352.9974365234375
2020-08-14,ICICI Bank,346.6194152832031
2020-08-17,ICICI Bank,345.468505859375
2020-08-18,ICICI Bank,354.43609619140625
2020-08-19,ICICI Bank,359.1357116699219
2020-08-20,ICICI Bank,352.7096862792969
2020-08-21,ICICI Bank,355.9706115722656
2020-08-24,ICICI Bank,364.79437255859375
2020-08-25,ICICI Bank,370.5489807128906
2020-08-26,ICICI Bank,373.42633056640625
2020-08-27,ICICI Bank,376.1597595214844
2020-08-28,ICICI Bank,392.944091796875
2020-08-31,ICICI Bank,378.4615783691406
2020-09-01,ICICI Bank,374.96087646484375
2020-09-02,ICICI Bank,376.3515319824219
2020-09-03,ICICI Bank,367.0962219238281
2020-09-04,ICICI Bank,357.31341552734375
2020-09-07,ICICI Bank,358.1286315917969
2020-09-08,ICICI Bank,360.3345642089844
2020-09-09,ICICI Bank,352.5658874511719
2020-09-10,ICICI Bank,355.5390625
2020-09-11,ICICI Bank,355.34722900390625
2020-09-14,ICICI Bank,348.8253479003906
2020-09-15,ICICI Bank,356.35430908203125
2020-09-16,ICICI Bank,359.3754577636719
2020-09-17,ICICI Bank,353.9085693359375
2020-09-18,ICICI Bank,354.43609619140625
2020-09-21,ICICI Bank,336.3570556640625
2020-09-22,ICICI Bank,339.90570068359375
2020-09-23,ICICI Bank,337.4599914550781
2020-09-24,ICICI Bank,321.9704895019531
2020-09-25,ICICI Bank,334.390869140625
2020-09-28,ICICI Bank,348.15399169921875
2020-09-29,ICICI Bank,342.4472961425781
2020-09-30,ICICI Bank,340.24139404296875
2020-10-01,ICICI Bank,354.10040283203125
2020-10-05,ICICI Bank,357.8409118652344
2020-10-06,ICICI Bank,365.0341796875
2020-10-07,ICICI Bank,367.0002746582031
2020-10-08,ICICI Bank,371.6519775390625
2020-10-09,ICICI Bank,385.07940673828125
2020-10-12,ICICI Bank,387.52508544921875
2020-10-13,ICICI Bank,380.04412841796875
2020-10-14,ICICI Bank,390.1626281738281
2020-10-15,ICICI Bank,375.0088195800781
2020-10-16,ICICI Bank,379.9002685546875
2020-10-19,ICICI Bank,400.0414123535156
2020-10-20,ICICI Bank,397.64361572265625
2020-10-21,ICICI Bank,403.1104736328125
2020-10-22,ICICI Bank,396.01318359375
2020-10-23,ICICI Bank,399.89752197265625
2020-10-26,ICICI Bank,387.9087829589844
2020-10-27,ICICI Bank,393.1838073730469
2020-10-28,ICICI Bank,379.85223388671875
2020-10-29,ICICI Bank,383.5448303222656
2020-10-30,ICICI Bank,376.54339599609375
2020-11-02,ICICI Bank,400.3771057128906
2020-11-03,ICICI Bank,425.6973571777344
2020-11-04,ICICI Bank,419.1754455566406
2020-11-05,ICICI Bank,420.5661315917969
2020-11-06,ICICI Bank,424.6903076171875
2020-11-09,ICICI Bank,443.77642822265625
2020-11-10,ICICI Bank,464.0614318847656
2020-11-11,ICICI Bank,466.6510009765625
2020-11-12,ICICI Bank,457.2038879394531
2020-11-13,ICICI Bank,465.6918640136719
2020-11-14,ICICI Bank,466.9867248535156
2020-11-17,ICICI Bank,466.5071105957031
2020-11-18,ICICI Bank,477.2970275878906
2020-11-19,ICICI Bank,459.1700134277344
2020-11-20,ICICI Bank,460.56072998046875
2020-11-23,ICICI Bank,449.09942626953125
2020-11-24,ICICI Bank,458.6425476074219
2020-11-25,ICICI Bank,453.3674621582031
2020-11-26,ICICI Bank,455.86114501953125
2020-11-27,ICICI Bank,453.9908752441406
2020-12-01,ICICI Bank,465.2603454589844
2020-12-02,ICICI Bank,460.8005065917969
2020-12-03,ICICI Bank,462.1432189941406
2020-12-04,ICICI Bank,481.51708984375
2020-12-07,ICICI Bank,489.57354736328125
2020-12-08,ICICI Bank,487.6073913574219
2020-12-09,ICICI Bank,490.5805969238281
2020-12-10,ICICI Bank,486.2166748046875
2020-12-11,ICICI Bank,494.3690490722656
2020-12-14,ICICI Bank,504.29571533203125
2020-12-15,ICICI Bank,496.8627014160156
2020-12-16,ICICI Bank,491.49176025390625
2020-12-17,ICICI Bank,489.5255432128906
2020-12-18,ICICI Bank,495.99951171875
2020-12-21,ICICI Bank,474.2758483886719
2020-12-22,ICICI Bank,479.8386535644531
2020-12-23,ICICI Bank,483.003662109375
2020-12-24,ICICI Bank,492.5467529296875
2020-12-28,ICICI Bank,498.8288269042969
2020-12-29,ICICI Bank,507.1730651855469
2020-12-30,ICICI Bank,507.12506103515625
2020-12-31,ICICI Bank,513.1674194335938
2021-01-01,ICICI Bank,505.92620849609375
2021-01-04,ICICI Bank,509.9544372558594
2021-01-05,ICICI Bank,515.2774658203125
2021-01-06,ICICI Bank,524.3410034179688
2021-01-07,ICICI Bank,518.9700317382812
2021-01-08,ICICI Bank,519.8811645507812
2021-01-11,ICICI Bank,522.4227294921875
2021-01-12,ICICI Bank,525.5877685546875
2021-01-13,ICICI Bank,533.7401733398438
2021-01-14,ICICI Bank,530.6709594726562
2021-01-15,ICICI Bank,520.7922973632812
2021-01-18,ICICI Bank,511.3451843261719
2021-01-19,ICICI Bank,524.1012573242188
2021-01-20,ICICI Bank,528.465087890625
2021-01-21,ICICI Bank,530.0956420898438
2021-01-22,ICICI Bank,511.9685974121094
2021-01-25,ICICI Bank,516.0447387695312
2021-01-27,ICICI Bank,500.98681640625
2021-01-28,ICICI Bank,506.6455078125
2021-01-29,ICICI Bank,515.0377197265625
2021-02-01,ICICI Bank,579.1056518554688
2021-02-02,ICICI Bank,592.1015625
2021-02-03,ICICI Bank,596.89697265625
2021-02-04,ICICI Bank,602.6036376953125
2021-02-05,ICICI Bank,589.0324096679688
2021-02-08,ICICI Bank,603.8505249023438
2021-02-09,ICICI Bank,607.4471435546875
2021-02-10,ICICI Bank,606.2962646484375
2021-02-11,ICICI Bank,604.857666015625
2021-02-12,ICICI Bank,621.1142578125
2021-02-15,ICICI Bank,646.3866577148438
2021-02-16,ICICI Bank,631.4246826171875
2021-02-17,ICICI Bank,630.465576171875
2021-02-18,ICICI Bank,618.2850341796875
2021-02-19,ICICI Bank,598.5275268554688
2021-02-22,ICICI Bank,584.9082641601562
2021-02-23,ICICI Bank,591.094482421875
2021-02-24,ICICI Bank,614.8801879882812
2021-02-25,ICICI Bank,602.31591796875
2021-02-26,ICICI Bank,573.3031616210938
2021-03-01,ICICI Bank,583.4696044921875
2021-03-02,ICICI Bank,585.5316772460938
2021-03-03,ICICI Bank,606.2483520507812
2021-03-04,ICICI Bank,595.3624877929688
2021-03-05,ICICI Bank,584.5245971679688
2021-03-08,ICICI Bank,583.1819458007812
2021-03-09,ICICI Bank,599.5345458984375
2021-03-10,ICICI Bank,600.0140380859375
2021-03-12,ICICI Bank,587.7855224609375
2021-03-15,ICICI Bank,578.8179931640625
2021-03-16,ICICI Bank,570.6176147460938
2021-03-17,ICICI Bank,565.3905639648438
2021-03-18,ICICI Bank,554.9363403320312
2021-03-19,ICICI Bank,562.6571044921875
2021-03-22,ICICI Bank,549.9969482421875
2021-03-23,ICICI Bank,562.4173583984375
2021-03-24,ICICI Bank,544.290283203125
2021-03-25,ICICI Bank,548.1747436523438
2021-03-26,ICICI Bank,554.8883056640625
2021-03-30,ICICI Bank,567.2608032226562
2021-03-31,ICICI Bank,558.2931518554688
2021-04-01,ICICI Bank,570.0901489257812
2021-04-05,ICICI Bank,547.886962890625
2021-04-06,ICICI Bank,542.7557983398438
2021-04-07,ICICI Bank,554.0252685546875
2021-04-08,ICICI Bank,553.1140747070312
2021-04-09,ICICI Bank,543.0435180664062
2021-04-12,ICICI Bank,516.5242309570312
2021-04-13,ICICI Bank,537.6724853515625
2021-04-15,ICICI Bank,551.6753540039062
2021-04-16,ICICI Bank,543.7628173828125
2021-04-19,ICICI Bank,536.8572998046875
2021-04-20,ICICI Bank,536.2338256835938
2021-04-22,ICICI Bank,555.5118408203125
2021-04-23,ICICI Bank,546.64013671875
2021-04-26,ICICI Bank,566.925048828125
2021-04-27,ICICI Bank,574.2622680664062
2021-04-28,ICICI Bank,595.9379272460938
2021-04-29,ICICI Bank,596.0338134765625
2021-04-30,ICICI Bank,575.940673828125
2021-05-03,ICICI Bank,572.343994140625
2021-05-04,ICICI Bank,567.356689453125
2021-05-05,ICICI Bank,578.1465454101562
2021-05-06,ICICI Bank,583.3257446289062
2021-05-07,ICICI Bank,582.2706909179688
2021-05-10,ICICI Bank,588.169189453125
2021-05-11,ICICI Bank,584.9082641601562
2021-05-12,ICICI Bank,570.4258422851562
2021-05-14,ICICI Bank,572.8715209960938
2021-05-17,ICICI Bank,598.0958251953125
2021-05-18,ICICI Bank,607.3033447265625
2021-05-19,ICICI Bank,599.8703002929688
2021-05-20,ICICI Bank,593.3004150390625
2021-05-21,ICICI Bank,616.1749877929688
2021-05-24,ICICI Bank,620.8745727539062
2021-05-25,ICICI Bank,623.7039184570312
2021-05-26,ICICI Bank,625.8139038085938
2021-05-27,ICICI Bank,625.5741577148438
2021-05-28,ICICI Bank,616.7503662109375
2021-05-31,ICICI Bank,635.6447143554688
2021-06-01,ICICI Bank,623.5120849609375
2021-06-02,ICICI Bank,621.8336181640625
2021-06-03,ICICI Bank,623.6560668945312
2021-06-04,ICICI Bank,616.4147338867188
2021-06-07,ICICI Bank,621.6898193359375
2021-06-08,ICICI Bank,616.1270751953125
2021-06-09,ICICI Bank,610.0846557617188
2021-06-10,ICICI Bank,614.2088623046875
2021-06-11,ICICI Bank,609.7010498046875
2021-06-14,ICICI Bank,609.1735229492188
2021-06-15,ICICI Bank,618.908447265625
2021-06-16,ICICI Bank,613.9210815429688
2021-06-17,ICICI Bank,607.1114501953125
2021-06-18,ICICI Bank,604.6177978515625
2021-06-21,ICICI Bank,605.4330444335938
2021-06-22,ICICI Bank,605.0494384765625
2021-06-23,ICICI Bank,599.1510009765625
2021-06-24,ICICI Bank,608.1185302734375
2021-06-25,ICICI Bank,622.4571533203125
2021-06-28,ICICI Bank,623.7039184570312
2021-06-29,ICICI Bank,613.9210815429688
2021-06-30,ICICI Bank,605.097412109375
2021-07-01,ICICI Bank,605.0494384765625
2021-07-02,ICICI Bank,614.06494140625
2021-07-05,ICICI Bank,621.3541870117188
2021-07-06,ICICI Bank,623.7039184570312
2021-07-07,ICICI Bank,627.2526245117188
2021-07-08,ICICI Bank,615.6475219726562
2021-07-09,ICICI Bank,612.4345703125
2021-07-12,ICICI Bank,619.8195190429688
2021-07-13,ICICI Bank,637.7548217773438
2021-07-14,ICICI Bank,637.1793212890625
2021-07-15,ICICI Bank,640.152587890625
2021-07-16,ICICI Bank,633.2949829101562
2021-07-19,ICICI Bank,629.074951171875
2021-07-20,ICICI Bank,615.6475219726562
2021-07-22,ICICI Bank,629.1229248046875
2021-07-23,ICICI Bank,648.976318359375
2021-07-26,ICICI Bank,649.0721435546875
2021-07-27,ICICI Bank,649.7435302734375
2021-07-28,ICICI Bank,657.0327758789062
2021-07-29,ICICI Bank,661.3132934570312
2021-07-30,ICICI Bank,656.5037231445312
2021-08-02,ICICI Bank,655.4456176757812
2021-08-03,ICICI Bank,664.102783203125
2021-08-04,ICICI Bank,687.4291381835938
2021-08-05,ICICI Bank,675.69384765625
2021-08-06,ICICI Bank,671.07666015625
2021-08-09,ICICI Bank,676.0784912109375
2021-08-10,ICICI Bank,674.2028198242188
2021-08-11,ICICI Bank,667.1327514648438
2021-08-12,ICICI Bank,674.6356811523438
2021-08-13,ICICI Bank,677.9542236328125
2021-08-16,ICICI Bank,675.8861083984375
2021-08-17,ICICI Bank,674.4913940429688
2021-08-18,ICICI Bank,662.0827026367188
2021-08-20,ICICI Bank,654.7722778320312
2021-08-23,ICICI Bank,656.696044921875
2021-08-24,ICICI Bank,667.99853515625
2021-08-25,ICICI Bank,664.7279663085938
2021-08-26,ICICI Bank,672.1828002929688
2021-08-27,ICICI Bank,673.0966186523438
2021-08-30,ICICI Bank,686.4671630859375
2021-08-31,ICICI Bank,691.6614990234375
2021-09-01,ICICI Bank,692.4791870117188
2021-09-02,ICICI Bank,697.5291137695312
2021-09-03,ICICI Bank,696.7114868164062
2021-09-06,ICICI Bank,693.6814575195312
2021-09-07,ICICI Bank,689.5933837890625
2021-09-08,ICICI Bank,693.4891357421875
2021-09-09,ICICI Bank,692.8157348632812
2021-09-13,ICICI Bank,680.4552612304688
2021-09-14,ICICI Bank,680.5033569335938
2021-09-15,ICICI Bank,687.1404418945312
2021-09-16,ICICI Bank,699.5010986328125
2021-09-17,ICICI Bank,692.7196655273438
2021-09-20,ICICI Bank,682.9561767578125
2021-09-21,ICICI Bank,684.7357177734375
2021-09-22,ICICI Bank,676.5594482421875
2021-09-23,ICICI Bank,689.6896362304688
2021-09-24,ICICI Bank,695.4129028320312
2021-09-27,ICICI Bank,702.1943359375
2021-09-28,ICICI Bank,689.8339233398438
2021-09-29,ICICI Bank,682.4752197265625
2021-09-30,ICICI Bank,674.1546630859375
2021-10-01,ICICI Bank,665.9783935546875
2021-10-04,ICICI Bank,673.5294799804688
2021-10-05,ICICI Bank,670.5475463867188
2021-10-06,ICICI Bank,663.237060546875
2021-10-07,ICICI Bank,675.4533081054688
2021-10-08,ICICI Bank,676.607666015625
2021-10-11,ICICI Bank,686.1305541992188
2021-10-12,ICICI Bank,681.6094970703125
2021-10-13,ICICI Bank,682.9081420898438
2021-10-14,ICICI Bank,699.5972900390625
2021-10-18,ICICI Bank,717.0559692382812
2021-10-19,ICICI Bank,718.9797973632812
2021-10-20,ICICI Bank,717.440673828125
2021-10-21,ICICI Bank,726.72314453125
2021-10-22,ICICI Bank,730.3782958984375
2021-10-25,ICICI Bank,809.6398315429688
2021-10-26,ICICI Bank,797.808349609375
2021-10-27,ICICI Bank,803.1949462890625
2021-10-28,ICICI Bank,768.2776489257812
2021-10-29,ICICI Bank,771.5
2021-11-01,ICICI Bank,773.279541015625
2021-11-02,ICICI Bank,770.44189453125
2021-11-03,ICICI Bank,756.0133056640625
2021-11-04,ICICI Bank,752.3098754882812
2021-11-08,ICICI Bank,750.4342651367188
2021-11-09,ICICI Bank,756.5904541015625
2021-11-10,ICICI Bank,751.1556396484375
2021-11-11,ICICI Bank,742.0655517578125
2021-11-12,ICICI Bank,747.0194091796875
2021-11-15,ICICI Bank,743.8451538085938
2021-11-16,ICICI Bank,734.9474487304688
2021-11-17,ICICI Bank,732.3021240234375
2021-11-18,ICICI Bank,733.84130859375
2021-11-22,ICICI Bank,723.3565063476562
2021-11-23,ICICI Bank,723.2120971679688
2021-11-24,ICICI Bank,731.2440795898438
2021-11-25,ICICI Bank,722.442626953125
2021-11-26,ICICI Bank,694.6914672851562
2021-11-29,ICICI Bank,691.0362548828125
2021-11-30,ICICI Bank,687.1404418945312
2021-12-01,ICICI Bank,699.9819946289062
2021-12-02,ICICI Bank,694.8839111328125
2021-12-03,ICICI Bank,689.0162353515625
2021-12-06,ICICI Bank,682.5233154296875
2021-12-07,ICICI Bank,706.6673583984375
2021-12-08,ICICI Bank,724.7030639648438
2021-12-09,ICICI Bank,726.2421875
2021-12-10,ICICI Bank,729.1278686523438
2021-12-13,ICICI Bank,725.2802734375
2021-12-14,ICICI Bank,729.753173828125
2021-12-15,ICICI Bank,723.5969848632812
2021-12-16,ICICI Bank,712.9197387695312
2021-12-17,ICICI Bank,700.5591430664062
2021-12-20,ICICI Bank,682.9081420898438
2021-12-21,ICICI Bank,692.9120483398438
2021-12-22,ICICI Bank,704.8877563476562
2021-12-23,ICICI Bank,703.44482421875
2021-12-24,ICICI Bank,699.4048461914062
2021-12-27,ICICI Bank,707.9658813476562
2021-12-28,ICICI Bank,707.7734985351562
2021-12-29,ICICI Bank,707.67724609375
2021-12-30,ICICI Bank,707.67724609375
2021-12-31,ICICI Bank,711.957763671875
2022-01-03,ICICI Bank,735.57275390625
2022-01-04,ICICI Bank,743.4122314453125
2022-01-05,ICICI Bank,758.033203125
2022-01-06,ICICI Bank,755.1475219726562
2022-01-07,ICICI Bank,763.0352172851562
2022-01-10,ICICI Bank,779.86865234375
2022-01-11,ICICI Bank,779.7725219726562
2022-01-12,ICICI Bank,792.3734741210938
2022-01-13,ICICI Bank,793.2872924804688
2022-01-14,ICICI Bank,788.766357421875
2022-01-17,ICICI Bank,788.0929565429688
2022-01-18,ICICI Bank,791.7481689453125
2022-01-19,ICICI Bank,777.800537109375
2022-01-20,ICICI Bank,779.3876342773438
2022-01-21,ICICI Bank,773.856689453125
2022-01-24,ICICI Bank,768.0372314453125
2022-01-25,ICICI Bank,771.115234375
2022-01-27,ICICI Bank,764.3819580078125
2022-01-28,ICICI Bank,751.3961791992188
2022-01-31,ICICI Bank,758.7546997070312
2022-02-01,ICICI Bank,779.4357299804688
2022-02-02,ICICI Bank,782.7544555664062
2022-02-03,ICICI Bank,778.13720703125
2022-02-04,ICICI Bank,774.3857421875
2022-02-07,ICICI Bank,756.4461669921875
2022-02-08,ICICI Bank,762.3137817382812
2022-02-09,ICICI Bank,772.221435546875
2022-02-10,ICICI Bank,774.8186645507812
2022-02-11,ICICI Bank,760.678466796875
2022-02-14,ICICI Bank,724.9917602539062
2022-02-15,ICICI Bank,746.4903564453125
2022-02-16,ICICI Bank,734.9474487304688
2022-02-17,ICICI Bank,721.769287109375
2022-02-18,ICICI Bank,720.3745727539062
2022-02-21,ICICI Bank,725.713134765625
2022-02-22,ICICI Bank,722.68310546875
2022-02-23,ICICI Bank,716.2383422851562
2022-02-24,ICICI Bank,680.4552612304688
2022-02-25,ICICI Bank,702.2425537109375
2022-02-28,ICICI Bank,714.4107055664062
2022-03-02,ICICI Bank,687.6214599609375
2022-03-03,ICICI Bank,671.7018432617188
2022-03-04,ICICI Bank,661.84228515625
2022-03-07,ICICI Bank,628.8488159179688
2022-03-08,ICICI Bank,639.6702270507812
2022-03-09,ICICI Bank,642.0269775390625
2022-03-10,ICICI Bank,650.828369140625
2022-03-11,ICICI Bank,652.0789794921875
2022-03-14,ICICI Bank,669.6337890625
2022-03-15,ICICI Bank,670.7880249023438
2022-03-16,ICICI Bank,681.0323486328125
2022-03-17,ICICI Bank,692.6715698242188
2022-03-21,ICICI Bank,683.6776123046875
2022-03-22,ICICI Bank,690.8438720703125
2022-03-23,ICICI Bank,690.9400024414062
2022-03-24,ICICI Bank,677.3771362304688
2022-03-25,ICICI Bank,672.6156616210938
2022-03-28,ICICI Bank,683.2928466796875
2022-03-29,ICICI Bank,688.0543212890625
2022-03-30,ICICI Bank,703.0601806640625
2022-03-31,ICICI Bank,702.4829711914062
2022-04-01,ICICI Bank,708.206298828125
2022-04-04,ICICI Bank,718.1620483398438
2022-04-05,ICICI Bank,713.544921875
2022-04-06,ICICI Bank,713.3525390625
2022-04-07,ICICI Bank,720.0379028320312
2022-04-08,ICICI Bank,725.5687866210938
2022-04-11,ICICI Bank,730.6669311523438
2022-04-12,ICICI Bank,734.7550048828125
2022-04-13,ICICI Bank,733.2160034179688
2022-04-18,ICICI Bank,728.9354248046875
2022-04-19,ICICI Bank,737.1116943359375
2022-04-20,ICICI Bank,726.7711791992188
2022-04-21,ICICI Bank,733.3121948242188
2022-04-22,ICICI Bank,719.172119140625
2022-04-25,ICICI Bank,723.548828125
2022-04-26,ICICI Bank,725.0397338867188
2022-04-27,ICICI Bank,708.63916015625
2022-04-28,ICICI Bank,718.691162109375
2022-04-29,ICICI Bank,714.9877319335938
2022-05-02,ICICI Bank,712.775390625
2022-05-04,ICICI Bank,696.6633911132812
2022-05-05,ICICI Bank,701.0400390625
2022-05-06,ICICI Bank,691.8538818359375
2022-05-09,ICICI Bank,683.2928466796875
2022-05-10,ICICI Bank,684.2067260742188
2022-05-11,ICICI Bank,686.9962768554688
2022-05-12,ICICI Bank,669.2970581054688
2022-05-13,ICICI Bank,651.5498657226562
2022-05-16,ICICI Bank,656.9845581054688
2022-05-17,ICICI Bank,682.9561767578125
2022-05-18,ICICI Bank,680.4071044921875
2022-05-19,ICICI Bank,664.0065307617188
2022-05-20,ICICI Bank,682.5233154296875
2022-05-23,ICICI Bank,683.9662475585938
2022-05-24,ICICI Bank,681.1766967773438
2022-05-25,ICICI Bank,686.1785888671875
2022-05-26,ICICI Bank,700.7515258789062
2022-05-27,ICICI Bank,711.62109375
2022-05-30,ICICI Bank,719.9896850585938
2022-05-31,ICICI Bank,724.1740112304688
2022-06-01,ICICI Bank,723.9816284179688
2022-06-02,ICICI Bank,721.192138671875
2022-06-03,ICICI Bank,715.94970703125
2022-06-06,ICICI Bank,718.306396484375
2022-06-07,ICICI Bank,707.244384765625
2022-06-08,ICICI Bank,701.7135009765625
2022-06-09,ICICI Bank,704.839599609375
2022-06-10,ICICI Bank,692.5752563476562
2022-06-13,ICICI Bank,661.794189453125
2022-06-14,ICICI Bank,659.3894653320312
2022-06-15,ICICI Bank,661.0726928710938
2022-06-16,ICICI Bank,652.6560668945312
2022-06-17,ICICI Bank,660.6879272460938
2022-06-20,ICICI Bank,659.822265625
2022-06-21,ICICI Bank,669.5856323242188
2022-06-22,ICICI Bank,660.447509765625
2022-06-23,ICICI Bank,672.5194702148438
2022-06-24,ICICI Bank,686.2748413085938
2022-06-27,ICICI Bank,690.0261840820312
2022-06-28,ICICI Bank,683.2446899414062
2022-06-29,ICICI Bank,675.9823608398438
2022-06-30,ICICI Bank,680.2628173828125
2022-07-01,ICICI Bank,677.088623046875
2022-07-04,ICICI Bank,692.6715698242188
2022-07-05,ICICI Bank,692.0462036132812
2022-07-06,ICICI Bank,698.298583984375
2022-07-07,ICICI Bank,713.7373657226562
2022-07-08,ICICI Bank,726.9155883789062
2022-07-11,ICICI Bank,740.1898803710938
2022-07-12,ICICI Bank,730.95556640625
2022-07-13,ICICI Bank,724.5107421875
2022-07-14,ICICI Bank,723.7412109375
2022-07-15,ICICI Bank,722.5868530273438
2022-07-18,ICICI Bank,742.5946044921875
2022-07-19,ICICI Bank,750.9151611328125
2022-07-20,ICICI Bank,753.2717895507812
2022-07-21,ICICI Bank,756.0613403320312
2022-07-22,ICICI Bank,769.576171875
2022-07-25,ICICI Bank,770.393798828125
2022-07-26,ICICI Bank,765.968994140625
2022-07-27,ICICI Bank,770.0090942382812
2022-07-28,ICICI Bank,783.572021484375
2022-07-29,ICICI Bank,787.4196166992188
2022-08-01,ICICI Bank,792.0368041992188
2022-08-02,ICICI Bank,786.60205078125
2022-08-03,ICICI Bank,793.3834838867188
2022-08-04,ICICI Bank,789.0067749023438
2022-08-05,ICICI Bank,806.2730102539062
2022-08-08,ICICI Bank,809.9019165039062
2022-08-10,ICICI Bank,821.3204956054688
2022-08-11,ICICI Bank,831.9166870117188
2022-08-12,ICICI Bank,846.1416625976562
2022-08-16,ICICI Bank,850.8348999023438
2022-08-17,ICICI Bank,854.7056274414062
2022-08-18,ICICI Bank,856.4957885742188
2022-08-19,ICICI Bank,842.2709350585938
2022-08-22,ICICI Bank,824.7074584960938
2022-08-23,ICICI Bank,835.9810180664062
2022-08-24,ICICI Bank,845.0771484375
2022-08-25,ICICI Bank,844.1578369140625
2022-08-26,ICICI Bank,842.706298828125
2022-08-29,ICICI Bank,828.1910400390625
2022-08-30,ICICI Bank,858.6246337890625
2022-09-01,ICICI Bank,846.0932006835938
2022-09-02,ICICI Bank,844.2063598632812
2022-09-05,ICICI Bank,853.9315185546875
2022-09-06,ICICI Bank,855.0927124023438
2022-09-07,ICICI Bank,847.8834838867188
2022-09-08,ICICI Bank,869.7530517578125
2022-09-09,ICICI Bank,872.1238403320312
2022-09-12,ICICI Bank,877.8816528320312
2022-09-13,ICICI Bank,880.5911865234375
2022-09-14,ICICI Bank,888.4292602539062
2022-09-15,ICICI Bank,887.9454345703125
2022-09-16,ICICI Bank,879.7200927734375
2022-09-19,ICICI Bank,870.14013671875
2022-09-20,ICICI Bank,887.1229858398438
2022-09-21,ICICI Bank,885.6714477539062
2022-09-22,ICICI Bank,874.2044067382812
2022-09-23,ICICI Bank,853.7379150390625
2022-09-26,ICICI Bank,833.2230224609375
2022-09-27,ICICI Bank,824.997802734375
2022-09-28,ICICI Bank,822.0462646484375
2022-09-29,ICICI Bank,816.6272583007812
2022-09-30,ICICI Bank,834.142333984375
2022-10-03,ICICI Bank,820.9334716796875
2022-10-04,ICICI Bank,839.6097412109375
2022-10-06,ICICI Bank,856.83447265625
2022-10-07,ICICI Bank,854.0281982421875
2022-10-10,ICICI Bank,853.2540893554688
2022-10-11,ICICI Bank,842.46435546875
2022-10-12,ICICI Bank,840.287109375
2022-10-13,ICICI Bank,826.0137939453125
2022-10-14,ICICI Bank,842.125732421875
2022-10-17,ICICI Bank,856.5925903320312
2022-10-18,ICICI Bank,867.91455078125
2022-10-19,ICICI Bank,863.2695922851562
2022-10-20,ICICI Bank,859.93115234375
2022-10-21,ICICI Bank,877.833251953125
2022-10-24,ICICI Bank,896.3643798828125
2022-10-25,ICICI Bank,895.1546630859375
2022-10-27,ICICI Bank,894.5257568359375
2022-10-28,ICICI Bank,878.5105590820312
2022-10-31,ICICI Bank,879.3331909179688
2022-11-01,ICICI Bank,879.236328125
2022-11-02,ICICI Bank,875.4623413085938
2022-11-03,ICICI Bank,879.2847900390625
2022-11-04,ICICI Bank,876.04296875
2022-11-07,ICICI Bank,887.8487548828125
2022-11-09,ICICI Bank,881.074951171875
2022-11-10,ICICI Bank,881.2684936523438
2022-11-11,ICICI Bank,877.2525634765625
2022-11-14,ICICI Bank,866.027587890625
2022-11-15,ICICI Bank,882.2362060546875
2022-11-16,ICICI Bank,884.0747680664062
2022-11-17,ICICI Bank,890.0744018554688
2022-11-18,ICICI Bank,890.6065673828125
2022-11-21,ICICI Bank,891.6227416992188
2022-11-22,ICICI Bank,893.848388671875
2022-11-23,ICICI Bank,897.4771728515625
2022-11-24,ICICI Bank,908.5087280273438
2022-11-25,ICICI Bank,900.235107421875
2022-11-28,ICICI Bank,907.1056518554688
2022-11-29,ICICI Bank,916.1534423828125
2022-11-30,ICICI Bank,922.104736328125
2022-12-01,ICICI Bank,909.8151245117188
2022-12-02,ICICI Bank,900.5253295898438
2022-12-05,ICICI Bank,903.4283447265625
2022-12-06,ICICI Bank,892.8323364257812
2022-12-07,ICICI Bank,892.3484497070312
2022-12-08,ICICI Bank,901.7833251953125
2022-12-09,ICICI Bank,899.8479614257812
2022-12-12,ICICI Bank,900.235107421875
2022-12-13,ICICI Bank,902.7994384765625
2022-12-14,ICICI Bank,891.9613647460938
2022-12-15,ICICI Bank,879.4298706054688
2022-12-16,ICICI Bank,872.849609375
2022-12-19,ICICI Bank,877.1558837890625
2022-12-20,ICICI Bank,880.3008422851562
2022-12-21,ICICI Bank,863.4147338867188
2022-12-22,ICICI Bank,861.8665161132812
2022-12-23,ICICI Bank,850.4961547851562
2022-12-26,ICICI Bank,864.3341064453125
2022-12-27,ICICI Bank,871.5433349609375
2022-12-28,ICICI Bank,869.8982543945312
2022-12-29,ICICI Bank,878.7041015625
2022-12-30,ICICI Bank,862.0599365234375
2023-01-02,ICICI Bank,873.2850952148438
2023-01-03,ICICI Bank,872.2206420898438
2023-01-04,ICICI Bank,870.0433349609375
2023-01-05,ICICI Bank,850.7380981445312
2023-01-06,ICICI Bank,841.98046875
2023-01-09,ICICI Bank,845.1255493164062
2023-01-10,ICICI Bank,833.5133666992188
2023-01-11,ICICI Bank,838.3034057617188
2023-01-12,ICICI Bank,832.8359985351562
2023-01-13,ICICI Bank,845.2223510742188
2023-01-16,ICICI Bank,837.287353515625
2023-01-17,ICICI Bank,837.1905517578125
2023-01-18,ICICI Bank,841.39990234375
2023-01-19,ICICI Bank,838.1582641601562
2023-01-20,ICICI Bank,842.2224731445312
2023-01-23,ICICI Bank,843.5288696289062
2023-01-24,ICICI Bank,842.609619140625
2023-01-25,ICICI Bank,827.6588745117188
2023-01-27,ICICI Bank,790.790283203125
2023-01-30,ICICI Bank,796.8865356445312
2023-01-31,ICICI Bank,805.01513671875
2023-02-01,ICICI Bank,820.5464477539062
2023-02-02,ICICI Bank,830.1749267578125
2023-02-03,ICICI Bank,835.8841552734375
2023-02-06,ICICI Bank,826.1105346679688
2023-02-07,ICICI Bank,825.1913452148438
2023-02-08,ICICI Bank,831.3359985351562
2023-02-09,ICICI Bank,832.9811401367188
2023-02-10,ICICI Bank,826.2556762695312
2023-02-13,ICICI Bank,823.1591796875
2023-02-14,ICICI Bank,837.335693359375
2023-02-15,ICICI Bank,842.6578979492188
2023-02-16,ICICI Bank,841.3516235351562
2023-02-17,ICICI Bank,834.7713623046875
2023-02-20,ICICI Bank,824.562255859375
2023-02-21,ICICI Bank,826.5944213867188
2023-02-22,ICICI Bank,812.1275634765625
2023-02-23,ICICI Bank,812.6114501953125
2023-02-24,ICICI Bank,812.5630493164062
2023-02-27,ICICI Bank,828.7233276367188
2023-02-28,ICICI Bank,827.223388671875
2023-03-01,ICICI Bank,828.6265258789062
2023-03-02,ICICI Bank,826.4009399414062
2023-03-03,ICICI Bank,840.4806518554688
2023-03-06,ICICI Bank,839.70654296875
2023-03-08,ICICI Bank,843.9158325195312
2023-03-09,ICICI Bank,828.2879028320312
2023-03-10,ICICI Bank,815.417724609375
2023-03-13,ICICI Bank,801.628173828125
2023-03-14,ICICI Bank,803.5151977539062
2023-03-15,ICICI Bank,799.208984375
2023-03-16,ICICI Bank,797.273681640625
2023-03-17,ICICI Bank,809.2245483398438
2023-03-20,ICICI Bank,809.4180908203125
2023-03-21,ICICI Bank,824.8526000976562
2023-03-22,ICICI Bank,832.4005737304688
2023-03-23,ICICI Bank,827.8040771484375
2023-03-24,ICICI Bank,824.8526000976562
2023-03-27,ICICI Bank,821.2721557617188
2023-03-28,ICICI Bank,827.126708984375
2023-03-29,ICICI Bank,823.497802734375
2023-03-31,ICICI Bank,848.8994750976562
2023-04-03,ICICI Bank,855.23779296875
2023-04-05,ICICI Bank,856.0119018554688
2023-04-06,ICICI Bank,846.7222290039062
2023-04-10,ICICI Bank,840.3839721679688
2023-04-11,ICICI Bank,853.3992309570312
2023-04-12,ICICI Bank,861.3826293945312
2023-04-13,ICICI Bank,869.9465942382812
2023-04-17,ICICI Bank,872.1723022460938
2023-04-18,ICICI Bank,867.865966796875
2023-04-19,ICICI Bank,863.0760498046875
2023-04-20,ICICI Bank,865.4953002929688
2023-04-21,ICICI Bank,857.028076171875
2023-04-24,ICICI Bank,875.5108032226562
2023-04-25,ICICI Bank,883.9296264648438
2023-04-26,ICICI Bank,885.3811645507812
2023-04-27,ICICI Bank,888.6712036132812
2023-04-28,ICICI Bank,887.993896484375
2023-05-02,ICICI Bank,892.300048828125
2023-05-03,ICICI Bank,893.0257568359375
2023-05-04,ICICI Bank,891.9130859375
2023-05-05,ICICI Bank,896.9932861328125
2023-05-08,ICICI Bank,907.5894775390625
2023-05-09,ICICI Bank,904.20263671875
2023-05-10,ICICI Bank,905.7992553710938
2023-05-11,ICICI Bank,908.847412109375
2023-05-12,ICICI Bank,913.3955688476562
2023-05-15,ICICI Bank,915.185791015625
2023-05-16,ICICI Bank,915.7662963867188
2023-05-17,ICICI Bank,908.9926147460938
2023-05-18,ICICI Bank,915.9115600585938
2023-05-19,ICICI Bank,923.4594116210938
2023-05-22,ICICI Bank,919.6370849609375
2023-05-23,ICICI Bank,922.5885620117188
2023-05-24,ICICI Bank,910.2505493164062
2023-05-25,ICICI Bank,909.4763793945312
2023-05-26,ICICI Bank,919.9757690429688
2023-05-29,ICICI Bank,917.50830078125
2023-05-30,ICICI Bank,919.2500610351562
2023-05-31,ICICI Bank,918.4758911132812
2023-06-01,ICICI Bank,905.8475341796875
2023-06-02,ICICI Bank,907.8313598632812
2023-06-05,ICICI Bank,916.1534423828125
2023-06-06,ICICI Bank,911.6536865234375
2023-06-07,ICICI Bank,909.8151245117188
2023-06-08,ICICI Bank,907.5894775390625
2023-06-09,ICICI Bank,907.7345581054688
2023-06-12,ICICI Bank,905.7025146484375
2023-06-13,ICICI Bank,913.0568237304688
2023-06-14,ICICI Bank,909.4280395507812
2023-06-15,ICICI Bank,896.6546630859375
2023-06-16,ICICI Bank,904.0090942382812
2023-06-19,ICICI Bank,893.3162231445312
2023-06-20,ICICI Bank,895.6385498046875
2023-06-21,ICICI Bank,894.8160400390625
2023-06-22,ICICI Bank,895.8320922851562
2023-06-23,ICICI Bank,893.6548461914062
2023-06-26,ICICI Bank,897.4771728515625
2023-06-27,ICICI Bank,905.8475341796875
2023-06-28,ICICI Bank,907.1539916992188
2023-06-30,ICICI Bank,904.3960571289062
2023-07-03,ICICI Bank,912.0891723632812
2023-07-04,ICICI Bank,914.169677734375
2023-07-05,ICICI Bank,927.0398559570312
2023-07-06,ICICI Bank,928.3946533203125
2023-07-07,ICICI Bank,915.814697265625
2023-07-10,ICICI Bank,917.7501220703125
2023-07-11,ICICI Bank,914.41162109375
2023-07-12,ICICI Bank,913.87939453125
2023-07-13,ICICI Bank,924.8141479492188
2023-07-14,ICICI Bank,929.0236206054688
2023-07-17,ICICI Bank,937.3941040039062
2023-07-18,ICICI Bank,943.9259643554688
2023-07-19,ICICI Bank,941.9906005859375
2023-07-20,ICICI Bank,963.4246826171875
2023-07-21,ICICI Bank,964.7794799804688
2023-07-24,ICICI Bank,959.9410400390625
2023-07-25,ICICI Bank,962.5538330078125
2023-07-26,ICICI Bank,964.2472534179688
2023-07-27,ICICI Bank,958.2476196289062
2023-07-28,ICICI Bank,964.00537109375
2023-07-31,ICICI Bank,966.0374755859375
2023-08-01,ICICI Bank,962.40869140625
2023-08-02,ICICI Bank,955.0543212890625
2023-08-03,ICICI Bank,933.8136596679688
2023-08-04,ICICI Bank,939.1359252929688
2023-08-07,ICICI Bank,944.1195068359375
2023-08-08,ICICI Bank,948.2321166992188
2023-08-09,ICICI Bank,949.0126953125
2023-08-10,ICICI Bank,940.6220703125
2023-08-11,ICICI Bank,929.6460571289062
2023-08-14,ICICI Bank,936.182861328125
2023-08-16,ICICI Bank,933.2071533203125
2023-08-17,ICICI Bank,928.4752807617188
2023-08-18,ICICI Bank,927.4996337890625
2023-08-21,ICICI Bank,931.9387817382812
2023-08-22,ICICI Bank,928.8167724609375
2023-08-23,ICICI Bank,943.3051147460938
2023-08-24,ICICI Bank,945.3539428710938
2023-08-25,ICICI Bank,946.7686157226562
2023-08-28,ICICI Bank,946.9149780273438
2023-08-29,ICICI Bank,944.1832275390625
2023-08-30,ICICI Bank,935.5487060546875
2023-08-31,ICICI Bank,935.4024047851562
2023-09-01,ICICI Bank,945.1100463867188
2023-09-04,ICICI Bank,943.7929077148438
2023-09-05,ICICI Bank,944.8173828125
2023-09-06,ICICI Bank,934.182861328125
2023-09-07,ICICI Bank,942.1343383789062
2023-09-08,ICICI Bank,946.9149780273438
2023-09-11,ICICI Bank,954.4274291992188
2023-09-12,ICICI Bank,966.379150390625
2023-09-13,ICICI Bank,965.6961669921875
2023-09-14,ICICI Bank,963.6473999023438
2023-09-15,ICICI Bank,968.2816772460938
2023-09-18,ICICI Bank,966.0864868164062
2023-09-20,ICICI Bank,963.1107788085938
2023-09-21,ICICI Bank,935.93896484375
2023-09-22,ICICI Bank,927.1580810546875
2023-09-25,ICICI Bank,933.060791015625
2023-09-26,ICICI Bank,925.59716796875
2023-09-27,ICICI Bank,920.1334228515625
2023-09-28,ICICI Bank,919.6456298828125
2023-09-29,ICICI Bank,928.7191772460938
2023-10-03,ICICI Bank,917.4016723632812
2023-10-04,ICICI Bank,907.4012451171875
2023-10-05,ICICI Bank,917.938232421875
2023-10-06,ICICI Bank,922.182373046875
2023-10-09,ICICI Bank,915.7431030273438
2023-10-10,ICICI Bank,928.0362548828125
2023-10-11,ICICI Bank,929.8899536132812
2023-10-12,ICICI Bank,931.011962890625
2023-10-13,ICICI Bank,928.1337280273438
2023-10-16,ICICI Bank,928.2313842773438
2023-10-17,ICICI Bank,930.6704711914062
2023-10-18,ICICI Bank,920.7677001953125
2023-10-19,ICICI Bank,912.9624633789062
2023-10-20,ICICI Bank,910.0355834960938
2023-10-23,ICICI Bank,907.3037109375
2023-10-25,ICICI Bank,893.7909545898438
2023-10-26,ICICI Bank,886.5224609375
2023-10-27,ICICI Bank,890.5225830078125
2023-10-30,ICICI Bank,902.376708984375
2023-10-31,ICICI Bank,893.0592041015625
2023-11-01,ICICI Bank,891.7908935546875
2023-11-02,ICICI Bank,897.5472412109375
2023-11-03,ICICI Bank,911.0599365234375
2023-11-06,ICICI Bank,922.42626953125
2023-11-07,ICICI Bank,925.0116577148438
2023-11-08,ICICI Bank,912.9624633789062
2023-11-09,ICICI Bank,914.5234985351562
2023-11-10,ICICI Bank,915.7431030273438
2023-11-13,ICICI Bank,911.6941528320312
2023-11-15,ICICI Bank,918.18212890625
2023-11-16,ICICI Bank,913.2063598632812
2023-11-17,ICICI Bank,899.4009399414062
2023-11-20,ICICI Bank,899.0107421875
2023-11-21,ICICI Bank,903.5474853515625
2023-11-22,ICICI Bank,900.279052734375
2023-11-23,ICICI Bank,900.52294921875
2023-11-24,ICICI Bank,906.7671508789062
2023-11-28,ICICI Bank,902.9620361328125
2023-11-29,ICICI Bank,916.7186889648438
2023-11-30,ICICI Bank,912.1820068359375
2023-12-01,ICICI Bank,923.6458129882812
2023-12-04,ICICI Bank,967.0621337890625
2023-12-05,ICICI Bank,988.7703247070312
2023-12-06,ICICI Bank,978.8186645507812
2023-12-07,ICICI Bank,974.6721801757812
2023-12-08,ICICI Bank,986.2335815429688
2023-12-11,ICICI Bank,992.3314208984375
2023-12-12,ICICI Bank,990.9655151367188
2023-12-13,ICICI Bank,989.2093505859375
2023-12-14,ICICI Bank,1008.4783935546875
2023-12-15,ICICI Bank,1012.1370849609375
2023-12-18,ICICI Bank,996.5755004882812
2023-12-19,ICICI Bank,990.7216186523438
2023-12-20,ICICI Bank,982.1359252929688
2023-12-21,ICICI Bank,979.9407348632812
2023-12-22,ICICI Bank,970.086669921875
2023-12-26,ICICI Bank,970.8671264648438
2023-12-27,ICICI Bank,977.8430786132812
2023-12-28,ICICI Bank,981.4041748046875
2023-12-29,ICICI Bank,972.33056640625
2024-01-01,ICICI Bank,975.0625
2024-01-02,ICICI Bank,958.3301391601562
2024-01-03,ICICI Bank,960.0862426757812
2024-01-04,ICICI Bank,963.1107788085938
2024-01-05,ICICI Bank,969.501220703125
2024-01-08,ICICI Bank,958.086181640625
2024-01-09,ICICI Bank,955.8909912109375
2024-01-10,ICICI Bank,968.8671264648438
2024-01-11,ICICI Bank,967.0133666992188
2024-01-12,ICICI Bank,979.0625610351562
2024-01-15,ICICI Bank,985.2579345703125
2024-01-16,ICICI Bank,984.4774780273438
2024-01-17,ICICI Bank,957.84228515625
2024-01-18,ICICI Bank,962.3302001953125
2024-01-19,ICICI Bank,974.8673095703125
2024-01-23,ICICI Bank,1003.990478515625
2024-01-24,ICICI Bank,974.8673095703125
2024-01-25,ICICI Bank,985.3555908203125
2024-01-29,ICICI Bank,991.6484375
2024-01-30,ICICI Bank,992.1362915039062
2024-01-31,ICICI Bank,1003.1123046875
2024-02-01,ICICI Bank,1000.1854248046875
2024-02-02,ICICI Bank,999.0633544921875
2024-02-05,ICICI Bank,998.5755615234375
2024-02-06,ICICI Bank,1001.4049682617188
2024-02-07,ICICI Bank,997.2584228515625
2024-02-08,ICICI Bank,965.2083740234375
2024-02-09,ICICI Bank,986.0873413085938
2024-02-12,ICICI Bank,971.8427734375
2024-02-13,ICICI Bank,994.9656372070312
2024-02-14,ICICI Bank,997.7950439453125
2024-02-15,ICICI Bank,991.8923950195312
2024-02-16,ICICI Bank,998.3316650390625
2024-02-19,ICICI Bank,1018.33251953125
2024-02-20,ICICI Bank,1023.210693359375
2024-02-21,ICICI Bank,1026.3326416015625
2024-02-22,ICICI Bank,1036.8209228515625
2024-02-23,ICICI Bank,1035.455078125
2024-02-26,ICICI Bank,1028.5279541015625
2024-02-27,ICICI Bank,1034.3818359375
2024-02-28,ICICI Bank,1020.72265625
2024-02-29,ICICI Bank,1026.5765380859375
2024-03-01,ICICI Bank,1060.431640625
2024-03-04,ICICI Bank,1065.7489013671875
2024-03-05,ICICI Bank,1061.5537109375
2024-03-06,ICICI Bank,1070.3831787109375
2024-03-07,ICICI Bank,1061.4560546875
2024-03-11,ICICI Bank,1052.4312744140625
2024-03-12,ICICI Bank,1050.626220703125
2024-03-13,ICICI Bank,1057.553466796875
2024-03-14,ICICI Bank,1057.2120361328125
2024-03-15,ICICI Bank,1054.0411376953125
2024-03-18,ICICI Bank,1054.8704833984375
2024-03-19,ICICI Bank,1057.553466796875
2024-03-20,ICICI Bank,1058.090087890625
2024-03-21,ICICI Bank,1055.4559326171875
2024-03-22,ICICI Bank,1063.7489013671875
2024-03-26,ICICI Bank,1057.3095703125
2024-03-27,ICICI Bank,1057.3583984375
2024-03-28,ICICI Bank,1066.67578125
2024-04-01,ICICI Bank,1072.8712158203125
2024-04-02,ICICI Bank,1054.8704833984375
2024-04-03,ICICI Bank,1050.9676513671875
2024-04-04,ICICI Bank,1052.57763671875
2024-04-05,ICICI Bank,1057.0169677734375
2024-04-08,ICICI Bank,1060.675537109375
2024-04-09,ICICI Bank,1080.0909423828125
2024-04-10,ICICI Bank,1082.3837890625
2024-04-12,ICICI Bank,1077.5054931640625
2024-04-15,ICICI Bank,1052.0897216796875
2024-04-16,ICICI Bank,1041.0650634765625
2024-04-18,ICICI Bank,1029.74755859375
2024-04-19,ICICI Bank,1041.26025390625
2024-04-22,ICICI Bank,1060.187744140625
2024-04-23,ICICI Bank,1063.7000732421875
2024-04-24,ICICI Bank,1070.041748046875
2024-04-25,ICICI Bank,1086.627685546875
2024-04-26,ICICI Bank,1080.9202880859375
2024-04-29,ICICI Bank,1131.8978271484375
2024-04-30,ICICI Bank,1122.3853759765625
2024-05-02,ICICI Bank,1111.701904296875
2024-05-03,ICICI Bank,1114.2386474609375
2024-05-06,ICICI Bank,1118.3851318359375
2024-05-07,ICICI Bank,1104.3358154296875
2024-05-08,ICICI Bank,1095.652587890625
2024-05-09,ICICI Bank,1088.5302734375
2024-05-10,ICICI Bank,1089.847412109375
2024-05-13,ICICI Bank,1100.53076171875
2024-05-14,ICICI Bank,1093.26220703125
2024-05-15,ICICI Bank,1096.9696044921875
2024-05-16,ICICI Bank,1103.506591796875
2024-05-17,ICICI Bank,1102.9698486328125
2024-05-21,ICICI Bank,1093.65234375
2024-05-22,ICICI Bank,1084.0423583984375
2024-05-23,ICICI Bank,1106.8724365234375
2024-05-24,ICICI Bank,1104.384521484375
2024-05-27,ICICI Bank,1102.2869873046875
2024-05-28,ICICI Bank,1099.5062255859375
2024-05-29,ICICI Bank,1075.1639404296875
2024-05-30,ICICI Bank,1086.5789794921875
2024-05-31,ICICI Bank,1093.75
2024-06-03,ICICI Bank,1131.75146484375
2024-06-04,ICICI Bank,1045.3577880859375
2024-06-05,ICICI Bank,1081.6519775390625
2024-06-06,ICICI Bank,1083.359375
2024-06-07,ICICI Bank,1094.384033203125
2024-06-10,ICICI Bank,1096.4329833984375
2024-06-11,ICICI Bank,1090.9693603515625
2024-06-12,ICICI Bank,1092.2864990234375
2024-06-13,ICICI Bank,1080.383544921875
2024-06-14,ICICI Bank,1078.72509765625
2024-06-18,ICICI Bank,1095.506103515625
2024-06-19,ICICI Bank,1116.580078125
2024-06-20,ICICI Bank,1128.62939453125
2024-06-21,ICICI Bank,1130.434326171875
2024-06-24,ICICI Bank,1141.60546875
2024-06-25,ICICI Bank,1168.7772216796875
2024-06-26,ICICI Bank,1188.339111328125
2024-06-27,ICICI Bank,1190.1927490234375
2024-06-28,ICICI Bank,1170.3870849609375
2024-07-01,ICICI Bank,1182.3388671875
2024-07-02,ICICI Bank,1161.6063232421875
2024-07-03,ICICI Bank,1172.33837890625
2024-07-04,ICICI Bank,1202.9737548828125
2024-07-05,ICICI Bank,1203.3641357421875
2024-07-08,ICICI Bank,1204.973876953125
2024-07-09,ICICI Bank,1217.8524169921875
2024-07-10,ICICI Bank,1212.92529296875
2024-07-11,ICICI Bank,1208.291015625
2024-07-12,ICICI Bank,1202.876220703125
2024-07-15,ICICI Bank,1199.9979248046875
2024-07-16,ICICI Bank,1209.705810546875
2024-07-18,ICICI Bank,1219.8525390625
2024-07-19,ICICI Bank,1218.24267578125
2024-07-22,ICICI Bank,1210.9254150390625
2024-07-23,ICICI Bank,1196.8759765625
2024-07-24,ICICI Bank,1193.21728515625
2024-07-25,ICICI Bank,1168.728515625
2024-07-26,ICICI Bank,1177.802001953125
2024-07-29,ICICI Bank,1183.1680908203125
2024-07-30,ICICI Bank,1179.997314453125
2024-07-31,ICICI Bank,1185.3145751953125
2024-08-01,ICICI Bank,1180.63134765625
2024-08-02,ICICI Bank,1167.411376953125
2024-08-05,ICICI Bank,1144.0445556640625
2024-08-06,ICICI Bank,1138.4346923828125
2024-08-07,ICICI Bank,1143.898193359375
2024-08-08,ICICI Bank,1136.239501953125
2024-08-09,ICICI Bank,1143.0689697265625
2024-08-12,ICICI Bank,1154.09033203125
2024-08-13,ICICI Bank,1149.7113037109375
2024-08-14,ICICI Bank,1143.1181640625
2024-08-16,ICICI Bank,1168.3096923828125
2024-08-19,ICICI Bank,1157.140869140625
2024-08-20,ICICI Bank,1160.6341552734375
2024-08-21,ICICI Bank,1156.1075439453125
2024-08-22,ICICI Bank,1172.098388671875
2024-08-23,ICICI Bank,1184.300537109375
2024-08-26,ICICI Bank,1193.9442138671875
2024-08-27,ICICI Bank,1206.7860107421875
2024-08-28,ICICI Bank,1204.325927734375
2024-08-29,ICICI Bank,1202.4071044921875
2024-08-30,ICICI Bank,1209.5904541015625
2024-09-02,ICICI Bank,1210.3284912109375
2024-09-03,ICICI Bank,1227.79541015625
2024-09-04,ICICI Bank,1216.62646484375
2024-09-05,ICICI Bank,1216.23291015625
2024-09-06,ICICI Bank,1188.8763427734375
2024-09-09,ICICI Bank,1215.2979736328125
2024-09-10,ICICI Bank,1217.5614013671875
2024-09-11,ICICI Bank,1216.62646484375
2024-09-12,ICICI Bank,1232.174560546875
2024-09-13,ICICI Bank,1230.403076171875
2024-09-16,ICICI Bank,1242.7037353515625
2024-09-17,ICICI Bank,1247.8699951171875
2024-09-18,ICICI Bank,1267.796875
2024-09-19,ICICI Bank,1271.388671875
2024-09-20,ICICI Bank,1317.09765625
2024-09-23,ICICI Bank,1300.8116455078125
2024-09-24,ICICI Bank,1297.5643310546875
2024-09-25,ICICI Bank,1302.7305908203125
2024-09-26,ICICI Bank,1307.84765625
2024-09-27,ICICI Bank,1285.7557373046875
2024-09-30,ICICI Bank,1252.69189453125
2024-10-01,ICICI Bank,1254.069580078125
2024-10-03,ICICI Bank,1236.307373046875
2024-10-04,ICICI Bank,1219.97216796875
2024-10-07,ICICI Bank,1214.215576171875
2024-10-08,ICICI Bank,1216.8724365234375
2024-10-09,ICICI Bank,1224.302001953125
2024-10-10,ICICI Bank,1223.6624755859375
2024-10-11,ICICI Bank,1203.489501953125
2024-10-14,ICICI Bank,1212.099853515625
2024-10-15,ICICI Bank,1235.470947265625
2024-10-16,ICICI Bank,1223.3179931640625
2024-10-17,ICICI Bank,1211.60791015625
2024-10-18,ICICI Bank,1244.327392578125
2024-10-21,ICICI Bank,1238.9644775390625
2024-10-22,ICICI Bank,1247.279541015625
2024-10-23,ICICI Bank,1231.6331787109375
2024-10-24,ICICI Bank,1232.764892578125
2024-10-25,ICICI Bank,1235.4217529296875
2024-10-28,ICICI Bank,1272.2252197265625
2024-10-29,ICICI Bank,1310.6029052734375
2024-10-30,ICICI Bank,1291.21728515625
2024-10-31,ICICI Bank,1271.6346435546875
2024-11-01,ICICI Bank,1271.19189453125
2024-11-04,ICICI Bank,1256.82470703125
2024-11-05,ICICI Bank,1276.013671875
2024-11-06,ICICI Bank,1281.5736083984375
2024-11-07,ICICI Bank,1258.30078125
2024-11-08,ICICI Bank,1238.7674560546875
2024-11-11,ICICI Bank,1249.0509033203125
2024-11-12,ICICI Bank,1250.330078125
2024-11-13,ICICI Bank,1233.6995849609375
2024-11-14,ICICI Bank,1236.897705078125
2024-11-18,ICICI Bank,1233.45361328125
2024-11-19,ICICI Bank,1229.173095703125
2024-11-21,ICICI Bank,1230.5999755859375
2024-11-22,ICICI Bank,1257.6612548828125
2024-11-25,ICICI Bank,1280.1959228515625
2024-11-26,ICICI Bank,1284.132080078125
2024-11-27,ICICI Bank,1279.9498291015625
2024-11-28,ICICI Bank,1265.8287353515625
2024-11-29,ICICI Bank,1279.3594970703125
2024-12-02,ICICI Bank,1283.8369140625
2024-12-03,ICICI Bank,1287.527099609375
2024-12-04,ICICI Bank,1295.0550537109375
2024-12-05,ICICI Bank,1315.1788330078125
2024-12-06,ICICI Bank,1307.552490234375
2024-12-09,ICICI Bank,1301.205322265625
2024-12-10,ICICI Bank,1309.2252197265625
2024-12-11,ICICI Bank,1306.3223876953125
2024-12-12,ICICI Bank,1308.04443359375
2024-12-13,ICICI Bank,1323.44482421875
2024-12-16,ICICI Bank,1324.6256103515625
2024-12-17,ICICI Bank,1312.47265625
2024-12-18,ICICI Bank,1293.1854248046875
2024-12-19,ICICI Bank,1266.3701171875
2024-12-20,ICICI Bank,1267.84619140625
2024-12-23,ICICI Bank,1276.1121826171875
2024-12-24,ICICI Bank,1276.5550537109375
2024-12-26,ICICI Bank,1276.6533203125
2024-12-27,ICICI Bank,1286.6907958984375
2024-12-30,ICICI Bank,1273.9964599609375
2024-12-31,ICICI Bank,1261.203857421875
2025-01-01,ICICI Bank,1263.1719970703125
2025-01-02,ICICI Bank,1270.0111083984375
2025-01-03,ICICI Bank,1244.86865234375
2025-01-06,ICICI Bank,1243.933837890625
2025-01-07,ICICI Bank,1258.8421630859375
2025-01-08,ICICI Bank,1243.58935546875
2025-01-09,ICICI Bank,1242.260986328125
2025-01-10,ICICI Bank,1229.9111328125
2025-01-13,ICICI Bank,1210.1318359375
2025-01-14,ICICI Bank,1220.5135498046875
2025-01-15,ICICI Bank,1218.49609375
2025-01-16,ICICI Bank,1229.173095703125
2025-01-17,ICICI Bank,1205.9002685546875
2025-01-20,ICICI Bank,1213.28076171875
2025-01-21,ICICI Bank,1177.0677490234375
2025-01-22,ICICI Bank,1181.299072265625
2025-01-23,ICICI Bank,1182.5784912109375
2025-01-24,ICICI Bank,1189.90966796875
2025-01-27,ICICI Bank,1208.3604736328125
2025-01-28,ICICI Bank,1227.0081787109375
2025-01-29,ICICI Bank,1231.6824951171875
2025-01-30,ICICI Bank,1235.5693359375
2025-01-31,ICICI Bank,1232.814208984375
2025-02-01,ICICI Bank,1235.520263671875
2025-02-03,ICICI Bank,1233.0108642578125
2025-02-04,ICICI Bank,1247.9683837890625
2025-02-05,ICICI Bank,1247.476318359375
2025-02-06,ICICI Bank,1252.101318359375
2025-02-07,ICICI Bank,1236.8487548828125
2025-02-10,ICICI Bank,1242.4576416015625
2025-02-11,ICICI Bank,1232.764892578125
2025-02-12,ICICI Bank,1231.8299560546875
2025-02-13,ICICI Bank,1228.976318359375
2025-02-14,ICICI Bank,1239.99755859375
2025-02-17,ICICI Bank,1231.1904296875
2025-02-18,ICICI Bank,1223.2196044921875
2025-02-19,ICICI Bank,1241.52294921875
2025-02-20,ICICI Bank,1230.009521484375
2025-02-21,ICICI Bank,1213.28076171875
2025-02-24,ICICI Bank,1198.9136962890625
2025-02-25,ICICI Bank,1204.6212158203125
2025-02-27,ICICI Bank,1202.9482421875
2025-02-28,ICICI Bank,1184.8909912109375
2025-03-03,ICICI Bank,1186.9573974609375
2025-03-04,ICICI Bank,1191.0904541015625
2025-03-05,ICICI Bank,1196.305908203125
2025-03-06,ICICI Bank,1198.6185302734375
2025-03-07,ICICI Bank,1195.17431640625
2025-03-10,ICICI Bank,1195.469482421875
2025-03-11,ICICI Bank,1225.5321044921875
2025-03-12,ICICI Bank,1224.105224609375
2025-03-13,ICICI Bank,1230.10791015625
2025-03-17,ICICI Bank,1248.7557373046875
2025-03-18,ICICI Bank,1248.7557373046875
2025-03-19,ICICI Bank,1292.1519775390625
2025-03-20,ICICI Bank,1300.6148681640625
2025-03-21,ICICI Bank,1321.673583984375
2025-03-24,ICICI Bank,1336.4835205078125
2025-03-25,ICICI Bank,1322.263916015625
2025-03-26,ICICI Bank,1314.58837890625
2025-03-27,ICICI Bank,1315.326416015625
2025-03-28,ICICI Bank,1326.8397216796875
2025-04-01,ICICI Bank,1297.416748046875
2025-04-02,ICICI Bank,1310.0125732421875
2025-04-03,ICICI Bank,1308.3397216796875
2025-04-04,ICICI Bank,1313.998046875
2025-04-07,ICICI Bank,1267.009765625
2025-04-08,ICICI Bank,1279.1627197265625
2025-04-09,ICICI Bank,1280.04833984375
2025-04-11,ICICI Bank,1290.7252197265625
2025-04-15,ICICI Bank,1328.66015625
2025-04-16,ICICI Bank,1334.7613525390625
2025-04-17,ICICI Bank,1384.2587890625
2025-04-21,ICICI Bank,1387.3095703125
2025-04-22,ICICI Bank,1393.902587890625
2025-04-23,ICICI Bank,1401.676513671875
2025-04-24,ICICI Bank,1380.3226318359375
2025-04-25,ICICI Bank,1382.38916015625
2025-04-28,ICICI Bank,1406.00634765625
2025-04-29,ICICI Bank,1406.9903564453125
2025-04-30,ICICI Bank,1404.235107421875
2025-05-02,ICICI Bank,1407.2855224609375
2025-05-05,ICICI Bank,1406.5968017578125
2025-05-06,ICICI Bank,1408.7615966796875
2025-05-07,ICICI Bank,1412.5010986328125
2025-05-08,ICICI Bank,1412.5994873046875
2025-05-09,ICICI Bank,1366.742919921875
2025-05-12,ICICI Bank,1425.39208984375
2025-05-13,ICICI Bank,1407.777587890625
2025-05-14,ICICI Bank,1403.44775390625
2025-05-15,ICICI Bank,1427.6553955078125
2025-05-16,ICICI Bank,1430.8043212890625
2025-05-19,ICICI Bank,1425.8841552734375
2025-05-20,ICICI Bank,1415.25634765625
2025-05-21,ICICI Bank,1421.6527099609375
2025-05-22,ICICI Bank,1419.0941162109375
2025-05-23,ICICI Bank,1426.67138671875
2025-05-26,ICICI Bank,1437.2989501953125
2025-05-27,ICICI Bank,1423.3255615234375
2025-05-28,ICICI Bank,1430.6075439453125
2025-05-29,ICICI Bank,1433.264404296875
2025-05-30,ICICI Bank,1422.7352294921875
2025-06-02,ICICI Bank,1427.3602294921875
2025-06-03,ICICI Bank,1414.961181640625
2025-06-04,ICICI Bank,1408.1712646484375
2025-06-05,ICICI Bank,1431.591552734375
2025-06-06,ICICI Bank,1436.413330078125
2025-06-09,ICICI Bank,1411.9107666015625
2025-06-10,ICICI Bank,1400.200439453125
2025-06-11,ICICI Bank,1408.1712646484375
2025-06-12,ICICI Bank,1402.4637451171875
2025-06-13,ICICI Bank,1393.5089111328125
2025-06-16,ICICI Bank,1404.13671875
2025-06-17,ICICI Bank,1400.49560546875
2025-06-18,ICICI Bank,1390.064697265625
2025-06-19,ICICI Bank,1388.78564453125
2025-06-20,ICICI Bank,1404.33349609375
2025-06-23,ICICI Bank,1397.4451904296875
2025-06-24,ICICI Bank,1401.38134765625
2025-06-25,ICICI Bank,1403.05419921875
2025-06-26,ICICI Bank,1416.1419677734375
2025-06-27,ICICI Bank,1438.8734130859375
2025-06-30,ICICI Bank,1422.7352294921875
2025-07-01,ICICI Bank,1409.1552734375
2025-07-02,ICICI Bank,1405.0223388671875
2025-07-03,ICICI Bank,1403.152587890625
2025-07-04,ICICI Bank,1419.7830810546875
2025-07-07,ICICI Bank,1412.796142578125
2025-07-08,ICICI Bank,1418.9957275390625
2025-07-09,ICICI Bank,1409.0570068359375
2025-07-10,ICICI Bank,1401.38134765625
2025-07-11,ICICI Bank,1399.2164306640625
2025-07-14,ICICI Bank,1400.2989501953125
2025-07-15,ICICI Bank,1407.9744873046875
2025-07-16,ICICI Bank,1403.6446533203125
2025-07-17,ICICI Bank,1396.0675048828125
2025-07-18,ICICI Bank,1403.05419921875
2025-07-21,ICICI Bank,1442.4161376953125
2025-07-22,ICICI Bank,1450.0916748046875
2025-07-23,ICICI Bank,1464.852294921875
2025-07-24,ICICI Bank,1459.7353515625
2025-07-25,ICICI Bank,1453.5357666015625
2025-07-28,ICICI Bank,1464.6556396484375
2025-07-29,ICICI Bank,1462.4906005859375
2025-07-30,ICICI Bank,1458.7513427734375
2025-07-31,ICICI Bank,1457.767333984375
2025-08-01,ICICI Bank,1448.12353515625
2025-08-04,ICICI Bank,1439.8575439453125
2025-08-05,ICICI Bank,1421.357421875
2025-08-06,ICICI Bank,1420.5703125
2025-08-07,ICICI Bank,1417.322998046875
2025-08-08,ICICI Bank,1412.9931640625
2025-08-11,ICICI Bank,1413.681884765625
2025-08-12,ICICI Bank,1410.112060546875
2025-08-13,ICICI Bank,1408.922119140625
2025-08-14,ICICI Bank,1415.3677978515625
2025-08-18,ICICI Bank,1422.606689453125
2025-08-19,ICICI Bank,1424.29248046875
2025-08-20,ICICI Bank,1418.64013671875
2025-08-21,ICICI Bank,1433.911376953125
2025-08-22,ICICI Bank,1424.3917236328125
2025-08-25,ICICI Bank,1421.2183837890625
2025-08-26,ICICI Bank,1404.7572021484375
2025-08-28,ICICI Bank,1387.4034423828125
2025-08-29,ICICI Bank,1386.1143798828125
2025-09-01,ICICI Bank,1399.2039794921875
2025-09-02,ICICI Bank,1382.54443359375
2025-09-03,ICICI Bank,1385.321044921875
2025-09-04,ICICI Bank,1393.75
2025-09-05,ICICI Bank,1391.0726318359375
2025-09-08,ICICI Bank,1390.973388671875
2025-09-09,ICICI Bank,1391.9649658203125
2025-09-10,ICICI Bank,1392.163330078125
2025-09-11,ICICI Bank,1389.882568359375
2025-09-12,ICICI Bank,1405.847900390625
2025-09-15,ICICI Bank,1407.5338134765625
2025-09-16,ICICI Bank,1409.71533203125
2025-09-17,ICICI Bank,1407.33544921875
2025-09-18,ICICI Bank,1409.814453125
2025-09-19,ICICI Bank,1390.4775390625
2025-09-22,ICICI Bank,1389.783447265625
2025-09-23,ICICI Bank,1382.6436767578125
2025-09-24,ICICI Bank,1371.1405029296875
2025-09-25,ICICI Bank,1364.29833984375
2025-09-26,ICICI Bank,1348.233642578125
2025-09-29,ICICI Bank,1336.829833984375
2025-09-30,ICICI Bank,1336.730712890625
2025-10-01,ICICI Bank,1360.530029296875
2025-10-03,ICICI Bank,1353.786865234375
2025-10-06,ICICI Bank,1352.001953125
2025-10-07,ICICI Bank,1364.3974609375
2025-10-08,ICICI Bank,1358.8443603515625
2025-10-09,ICICI Bank,1364.69482421875
2025-10-10,ICICI Bank,1368.7607421875
2025-10-13,ICICI Bank,1367.8681640625
2025-10-14,ICICI Bank,1372.52880859375
2025-10-15,ICICI Bank,1386.7093505859375
2025-10-16,ICICI Bank,1405.451416015625
2025-10-17,ICICI Bank,1424.5899658203125
2025-10-20,ICICI Bank,1378.6771240234375
2025-10-21,ICICI Bank,1370.4464111328125
2025-10-23,ICICI Bank,1352.2994384765625
2025-10-24,ICICI Bank,1366.182373046875
2025-10-27,ICICI Bank,1366.083251953125
2025-10-28,ICICI Bank,1351.7044677734375
2025-10-29,ICICI Bank,1358.9434814453125
2025-10-30,ICICI Bank,1351.0103759765625
2025-10-31,ICICI Bank,1334.0533447265625
2025-11-03,ICICI Bank,1335.14404296875
2025-11-04,ICICI Bank,1325.7235107421875
2025-11-06,ICICI Bank,1309.3614501953125
2025-11-07,ICICI Bank,1331.7724609375
2025-11-10,ICICI Bank,1336.730712890625
2025-11-11,ICICI Bank,1346.944580078125
2025-11-12,ICICI Bank,1347.53955078125
2025-11-13,ICICI Bank,1374.3138427734375
2025-11-14,ICICI Bank,1361.521728515625
2025-11-17,ICICI Bank,1367.4715576171875
2025-11-18,ICICI Bank,1361.9183349609375
2025-11-19,ICICI Bank,1371.5372314453125
2025-11-20,ICICI Bank,1371.4381103515625
2025-11-21,ICICI Bank,1358.0509033203125
2025-11-24,ICICI Bank,1356.960205078125
2025-11-25,ICICI Bank,1346.4488525390625
2025-11-26,ICICI Bank,1363.5050048828125
2025-11-27,ICICI Bank,1380.5611572265625
2025-11-28,ICICI Bank,1377.189697265625
2025-12-01,ICICI Bank,1378.478759765625
2025-12-02,ICICI Bank,1361.521728515625
2025-12-03,ICICI Bank,1379.8670654296875
2025-12-04,ICICI Bank,1375.1070556640625
2025-12-05,ICICI Bank,1380.858642578125
2025-12-08,ICICI Bank,1377.98291015625
2025-12-09,ICICI Bank,1363.7032470703125
2025-12-10,ICICI Bank,1352.2001953125
2025-12-11,ICICI Bank,1348.63037109375
2025-12-12,ICICI Bank,1354.5802001953125
2025-12-15,ICICI Bank,1353.786865234375
2025-12-16,ICICI Bank,1354.5802001953125
2025-12-17,ICICI Bank,1341.0938720703125
2025-12-18,ICICI Bank,1345.4571533203125
2025-12-19,ICICI Bank,1342.7796630859375
2025-12-22,ICICI Bank,1357.059326171875
2025-12-23,ICICI Bank,1351.605224609375
2025-12-24,ICICI Bank,1348.43212890625
2025-12-26,ICICI Bank,1339.110595703125
2025-12-29,ICICI Bank,1332.070068359375
2025-12-30,ICICI Bank,1331.276611328125
2025-12-31,ICICI Bank,1331.67333984375
2026-01-01,ICICI Bank,1326.8143310546875
2026-01-02,ICICI Bank,1344.06884765625
2026-01-05,ICICI Bank,1360.0341796875
2026-01-06,ICICI Bank,1399.4022216796875
2026-01-07,ICICI Bank,1415.7642822265625
2026-01-08,ICICI Bank,1423.00341796875
2026-01-09,ICICI Bank,1392.56005859375
2026-01-12,ICICI Bank,1401.286376953125
2026-01-13,ICICI Bank,1424.9866943359375
2026-01-14,ICICI Bank,1406.5421142578125
2026-01-15,ICICI Bank,1406.5421142578125
2026-01-16,ICICI Bank,1399.0057373046875
2026-01-19,ICICI Bank,1369.05810546875
2026-01-20,ICICI Bank,1364.29833984375
2026-01-21,ICICI Bank,1337.7222900390625
2026-01-22,ICICI Bank,1334.2515869140625
2026-01-23,ICICI Bank,1332.169189453125
2026-01-27,ICICI Bank,1350.0186767578125
2026-01-28,ICICI Bank,1356.2659912109375
2026-01-29,ICICI Bank,1372.0330810546875
2026-01-30,ICICI Bank,1343.672119140625
2026-02-02,ICICI Bank,1341.4906005859375
2026-02-03,ICICI Bank,1378.08203125
2026-02-04,ICICI Bank,1396.625732421875
2026-02-05,ICICI Bank,1384.8251953125
2026-02-06,ICICI Bank,1394.344970703125
2026-02-09,ICICI Bank,1384.626953125
2026-02-10,ICICI Bank,1394.7415771484375
2026-02-11,ICICI Bank,1394.344970703125
2026-02-12,ICICI Bank,1418.045166015625
2026-02-13,ICICI Bank,1402.77392578125
2026-02-16,ICICI Bank,1399.7989501953125
2026-02-17,ICICI Bank,1395.7332763671875
2026-02-18,ICICI Bank,1396.4273681640625
2026-02-19,ICICI Bank,1377.189697265625
2026-02-20,ICICI Bank,1382.8419189453125
2026-02-23,ICICI Bank,1387.7010498046875
2026-02-24,ICICI Bank,1373.2230224609375
2026-02-25,ICICI Bank,1388.791748046875
2026-02-26,ICICI Bank,1393.155029296875
2026-02-27,ICICI Bank,1367.3724365234375
2026-03-02,ICICI Bank,1362.5133056640625
2026-03-04,ICICI Bank,1353.9852294921875
2026-03-05,ICICI Bank,1346.2503662109375
2026-03-06,ICICI Bank,1302.419921875
2026-03-09,ICICI Bank,1267.7125244140625
2026-03-10,ICICI Bank,1300.9324951171875
2026-03-11,ICICI Bank,1283.777099609375
2026-03-12,ICICI Bank,1255.9119873046875
2026-03-13,ICICI Bank,1244.3099365234375
2026-03-16,ICICI Bank,1262.258544921875
2026-03-17,ICICI Bank,1277.9263916015625
2026-03-18,ICICI Bank,1278.521484375
2026-03-19,ICICI Bank,1239.6490478515625
2026-03-20,ICICI Bank,1234.9884033203125
2026-03-23,ICICI Bank,1212.4781494140625
2026-03-24,ICICI Bank,1240.7398681640625
2026-03-25,ICICI Bank,1249.1688232421875
2026-03-27,ICICI Bank,1223.4854736328125
2026-03-30,ICICI Bank,1195.8187255859375
2026-04-01,ICICI Bank,1202.561767578125
2026-04-02,ICICI Bank,1205.635986328125
2026-04-06,ICICI Bank,1221.10546875
2026-04-07,ICICI Bank,1235.0875244140625
2026-04-08,ICICI Bank,1298.2550048828125
2026-04-09,ICICI Bank,1270.58837890625
2026-04-10,ICICI Bank,1310.848876953125
2026-04-13,ICICI Bank,1339.8046875
2026-04-15,ICICI Bank,1336.829833984375
2026-04-16,ICICI Bank,1334.2515869140625
2026-04-17,ICICI Bank,1335.540771484375
2026-04-20,ICICI Bank,1344.862060546875
2026-04-21,ICICI Bank,1376.79296875
2026-04-22,ICICI Bank,1356.166748046875
2026-04-23,ICICI Bank,1336.730712890625
2026-04-24,ICICI Bank,1315.1129150390625
2026-04-27,ICICI Bank,1303.114013671875
2026-04-28,ICICI Bank,1281.1988525390625
2026-04-29,ICICI Bank,1270.290771484375
2026-04-30,ICICI Bank,1252.8380126953125
2026-05-01,ICICI Bank,1252.8380126953125
2026-05-04,ICICI Bank,1260.1761474609375
2026-05-05,ICICI Bank,1240.839111328125
2026-05-06,ICICI Bank,1268.8033447265625
2026-05-07,ICICI Bank,1268.3074951171875
2026-05-08,ICICI Bank,1254.226318359375
2026-05-11,ICICI Bank,1255.8128662109375
2026-05-12,ICICI Bank,1229.93115234375
2026-05-13,ICICI Bank,1225.2703857421875
2026-05-14,ICICI Bank,1235.5833740234375
2026-05-15,ICICI Bank,1234.095947265625
2026-05-18,ICICI Bank,1240.6407470703125
2026-05-19,ICICI Bank,1230.4268798828125
2026-05-20,ICICI Bank,1226.9561767578125
2026-05-21,ICICI Bank,1232.41015625
2026-05-22,ICICI Bank,1253.73046875
2026-05-25,ICICI Bank,1281.0006103515625
2026-05-26,ICICI Bank,1268.4066162109375
2026-05-27,ICICI Bank,1262.0601806640625
2026-05-28,ICICI Bank,1262.0601806640625
2026-05-29,ICICI Bank,1245.896484375
2026-06-01,ICICI Bank,1229.3360595703125
2026-06-02,ICICI Bank,1216.3455810546875
2026-06-03,ICICI Bank,1231.6168212890625
2026-06-04,ICICI Bank,1241.2357177734375
2026-06-05,ICICI Bank,1251.548828125
2026-06-08,ICICI Bank,1239.748291015625
2026-06-09,ICICI Bank,1264.3409423828125
2026-06-10,ICICI Bank,1282.488037109375
2026-06-11,ICICI Bank,1305.9898681640625
2026-06-12,ICICI Bank,1329.5909423828125
2026-06-15,ICICI Bank,1316.501220703125
2026-06-16,ICICI Bank,1323.145263671875
2026-06-17,ICICI Bank,1325.6243896484375
2026-06-18,ICICI Bank,1331.078369140625
2026-06-19,ICICI Bank,1335.2431640625
2026-06-22,ICICI Bank,1341.0938720703125
2026-06-23,ICICI Bank,1327.11181640625
2026-06-24,ICICI Bank,1362.11669921875
2026-06-25,ICICI Bank,1375.9005126953125
2026-06-26,ICICI Bank,1375.9005126953125
2026-06-29,ICICI Bank,1375.9996337890625
2026-06-30,ICICI Bank,1363.7032470703125
2026-07-01,ICICI Bank,1368.264892578125
2026-07-02,ICICI Bank,1388.2960205078125
2026-07-03,ICICI Bank,1399.6007080078125
2026-07-06,ICICI Bank,1414.9710693359375
2026-07-07,ICICI Bank,1402.873046875
2026-07-08,ICICI Bank,1369.05810546875
2026-07-09,ICICI Bank,1369.1572265625
2026-07-10,ICICI Bank,1389.48583984375
2026-07-13,ICICI Bank,1397.716552734375
2026-07-14,ICICI Bank,1395.9315185546875
2026-07-15,ICICI Bank,1404.3604736328125
2026-07-16,ICICI Bank,1406.34375
2026-07-17,ICICI Bank,1432.2257080078125
2026-07-20,ICICI Bank,1447.99267578125
2026-07-21,ICICI Bank,1450.868408203125
2026-07-22,ICICI Bank,1428.6556396484375
2026-07-23,ICICI Bank,1422.606689453125
2026-07-24,ICICI Bank,1420.9208984375
2026-07-27,ICICI Bank,1433.6138916015625
2026-07-28,ICICI Bank,1418.8385009765625
2026-07-29,ICICI Bank,1425.879150390625
2026-07-30,ICICI Bank,1421.91259765625
2026-07-31,ICICI Bank,1423.4000244140625
2026-08-03,ICICI Bank,1460.0
2026-08-04,ICICI Bank,1454.5999755859375
2026-08-05,ICICI Bank,1450.0999755859375
2020-01-01,Infosys,619.7403564453125
2020-01-02,Infosys,617.9320678710938
2020-01-03,Infosys,627.43603515625
2020-01-06,Infosys,621.4224853515625
2020-01-07,Infosys,612.2128295898438
2020-01-08,Infosys,604.054443359375
2020-01-09,Infosys,611.9183959960938
2020-01-10,Infosys,620.833740234375
2020-01-13,Infosys,650.6073608398438
2020-01-14,Infosys,652.3737182617188
2020-01-15,Infosys,645.5610961914062
2020-01-16,Infosys,645.0985107421875
2020-01-17,Infosys,645.8134765625
2020-01-20,Infosys,646.3180541992188
2020-01-21,Infosys,641.3137817382812
2020-01-22,Infosys,647.7899780273438
2020-01-23,Infosys,659.6909790039062
2020-01-24,Infosys,658.3453979492188
2020-01-27,Infosys,654.434326171875
2020-01-28,Infosys,654.3502197265625
2020-01-29,Infosys,664.1905517578125
2020-01-30,Infosys,656.6211547851562
2020-01-31,Infosys,652.6261596679688
2020-02-03,Infosys,645.4348754882812
2020-02-04,Infosys,662.6348266601562
2020-02-05,Infosys,659.8593139648438
2020-02-06,Infosys,648.757080078125
2020-02-07,Infosys,653.7615356445312
2020-02-10,Infosys,650.3131713867188
2020-02-11,Infosys,650.6073608398438
2020-02-12,Infosys,656.91552734375
2020-02-13,Infosys,666.3353881835938
2020-02-14,Infosys,661.4573364257812
2020-02-17,Infosys,663.9804077148438
2020-02-18,Infosys,670.877197265625
2020-02-19,Infosys,673.2322387695312
2020-02-20,Infosys,670.3304443359375
2020-02-24,Infosys,669.3634033203125
2020-02-25,Infosys,671.5079345703125
2020-02-26,Infosys,658.3453979492188
2020-02-27,Infosys,654.2240600585938
2020-02-28,Infosys,615.4088745117188
2020-03-02,Infosys,623.2728881835938
2020-03-03,Infosys,628.2772827148438
2020-03-04,Infosys,638.1596069335938
2020-03-05,Infosys,634.6693725585938
2020-03-06,Infosys,621.506591796875
2020-03-09,Infosys,592.4898071289062
2020-03-11,Infosys,576.9720458984375
2020-03-12,Infosys,530.881591796875
2020-03-13,Infosys,540.2593994140625
2020-03-16,Infosys,490.4684143066406
2020-03-17,Infosys,466.7502136230469
2020-03-18,Infosys,449.3822021484375
2020-03-19,Infosys,458.84405517578125
2020-03-20,Infosys,492.1923828125
2020-03-23,Infosys,442.7798156738281
2020-03-24,Infosys,496.0614013671875
2020-03-25,Infosys,509.8548889160156
2020-03-26,Infosys,540.8062133789062
2020-03-27,Infosys,548.9645385742188
2020-03-30,Infosys,527.0966796875
2020-03-31,Infosys,539.5444946289062
2020-04-01,Infosys,506.9952697753906
2020-04-03,Infosys,492.613037109375
2020-04-07,Infosys,537.4419555664062
2020-04-08,Infosys,531.218017578125
2020-04-09,Infosys,535.1288452148438
2020-04-13,Infosys,536.0961303710938
2020-04-15,Infosys,537.48388671875
2020-04-16,Infosys,524.6997680664062
2020-04-17,Infosys,528.821044921875
2020-04-20,Infosys,549.4691772460938
2020-04-21,Infosys,532.5636596679688
2020-04-22,Infosys,539.8390502929688
2020-04-23,Infosys,571.3369140625
2020-04-24,Infosys,553.4221801757812
2020-04-27,Infosys,558.9732055664062
2020-04-28,Infosys,555.6930541992188
2020-04-29,Infosys,569.0239868164062
2020-04-30,Infosys,601.7835083007812
2020-05-04,Infosys,566.626953125
2020-05-05,Infosys,566.626953125
2020-05-06,Infosys,560.066650390625
2020-05-07,Infosys,559.267578125
2020-05-08,Infosys,567.0474853515625
2020-05-11,Infosys,574.3648071289062
2020-05-12,Infosys,578.35986328125
2020-05-13,Infosys,583.8268432617188
2020-05-14,Infosys,553.54833984375
2020-05-15,Infosys,548.6279296875
2020-05-18,Infosys,558.3844604492188
2020-05-19,Infosys,562.3375244140625
2020-05-20,Infosys,563.136474609375
2020-05-21,Infosys,565.365234375
2020-05-22,Infosys,582.3128662109375
2020-05-26,Infosys,572.3883056640625
2020-05-27,Infosys,593.3307495117188
2020-05-28,Infosys,594.970947265625
2020-05-29,Infosys,589.0885009765625
2020-06-01,Infosys,596.37744140625
2020-06-02,Infosys,603.6665649414062
2020-06-03,Infosys,598.08251953125
2020-06-04,Infosys,603.3682861328125
2020-06-05,Infosys,599.78759765625
2020-06-08,Infosys,614.5360717773438
2020-06-09,Infosys,611.7654418945312
2020-06-10,Infosys,610.2734375
2020-06-11,Infosys,600.128662109375
2020-06-12,Infosys,589.983642578125
2020-06-15,Infosys,586.1473388671875
2020-06-16,Infosys,597.7842407226562
2020-06-17,Infosys,599.872802734375
2020-06-18,Infosys,608.6112060546875
2020-06-19,Infosys,601.4925537109375
2020-06-22,Infosys,599.9154663085938
2020-06-23,Infosys,614.3656005859375
2020-06-24,Infosys,608.8244018554688
2020-06-25,Infosys,597.1874389648438
2020-06-26,Infosys,637.8524169921875
2020-06-29,Infosys,623.8285522460938
2020-06-30,Infosys,627.4091796875
2020-07-01,Infosys,623.9563598632812
2020-07-02,Infosys,645.0135498046875
2020-07-03,Infosys,650.2140502929688
2020-07-06,Infosys,651.322265625
2020-07-07,Infosys,677.0255126953125
2020-07-08,Infosys,660.4441528320312
2020-07-09,Infosys,666.4116821289062
2020-07-10,Infosys,666.53955078125
2020-07-13,Infosys,679.4978637695312
2020-07-14,Infosys,667.733154296875
2020-07-15,Infosys,708.398193359375
2020-07-16,Infosys,776.6420288085938
2020-07-17,Infosys,769.9497680664062
2020-07-20,Infosys,796.5057373046875
2020-07-21,Infosys,798.5942993164062
2020-07-22,Infosys,782.5244140625
2020-07-23,Infosys,774.0419311523438
2020-07-24,Infosys,786.7442016601562
2020-07-27,Infosys,808.5689086914062
2020-07-28,Infosys,820.8450317382812
2020-07-29,Infosys,813.4281616210938
2020-07-30,Infosys,819.6514892578125
2020-07-31,Infosys,823.530517578125
2020-08-03,Infosys,815.772705078125
2020-08-04,Infosys,809.7622680664062
2020-08-05,Infosys,805.371826171875
2020-08-06,Infosys,827.6650390625
2020-08-07,Infosys,810.657470703125
2020-08-10,Infosys,811.0409545898438
2020-08-11,Infosys,808.5689086914062
2020-08-12,Infosys,814.110107421875
2020-08-13,Infosys,810.9132690429688
2020-08-14,Infosys,812.9592895507812
2020-08-17,Infosys,816.2839965820312
2020-08-18,Infosys,824.8518676757812
2020-08-19,Infosys,817.8185424804688
2020-08-20,Infosys,814.2806396484375
2020-08-21,Infosys,808.8670043945312
2020-08-24,Infosys,807.6736450195312
2020-08-25,Infosys,799.7453002929688
2020-08-26,Infosys,810.5721435546875
2020-08-27,Infosys,807.3751220703125
2020-08-28,Infosys,797.3155517578125
2020-08-31,Infosys,791.6463012695312
2020-09-01,Infosys,779.327392578125
2020-09-02,Infosys,787.7247314453125
2020-09-03,Infosys,797.5714111328125
2020-09-04,Infosys,783.5900268554688
2020-09-07,Infosys,788.6199340820312
2020-09-08,Infosys,800.7681884765625
2020-09-09,Infosys,790.9215698242188
2020-09-10,Infosys,801.4076538085938
2020-09-11,Infosys,806.224365234375
2020-09-14,Infosys,834.1015625
2020-09-15,Infosys,837.5543212890625
2020-09-16,Infosys,854.0079345703125
2020-09-17,Infosys,861.8936157226562
2020-09-18,Infosys,854.3489379882812
2020-09-21,Infosys,860.9560546875
2020-09-22,Infosys,858.909912109375
2020-09-23,Infosys,869.3532104492188
2020-09-24,Infosys,831.5441284179688
2020-09-25,Infosys,862.2772216796875
2020-09-28,Infosys,861.3821411132812
2020-09-29,Infosys,860.1886596679688
2020-09-30,Infosys,859.5491943359375
2020-10-01,Infosys,867.5629272460938
2020-10-05,Infosys,894.0333862304688
2020-10-06,Infosys,900.0435791015625
2020-10-07,Infosys,909.2510375976562
2020-10-08,Infosys,932.3966064453125
2020-10-09,Infosys,943.564697265625
2020-10-12,Infosys,965.1332397460938
2020-10-13,Infosys,987.0429077148438
2020-10-14,Infosys,969.3107299804688
2020-10-15,Infosys,944.80078125
2020-10-16,Infosys,961.2117309570312
2020-10-19,Infosys,959.84765625
2020-10-20,Infosys,969.7369384765625
2020-10-21,Infosys,978.9867553710938
2020-10-22,Infosys,962.533203125
2020-10-23,Infosys,967.2294921875
2020-10-26,Infosys,958.569580078125
2020-10-27,Infosys,939.9573364257812
2020-10-28,Infosys,927.6353759765625
2020-10-29,Infosys,926.1704711914062
2020-10-30,Infosys,913.8915405273438
2020-11-02,Infosys,923.973388671875
2020-11-03,Infosys,915.5719604492188
2020-11-04,Infosys,942.6284790039062
2020-11-05,Infosys,951.2881469726562
2020-11-06,Infosys,958.8278198242188
2020-11-09,Infosys,979.3359375
2020-11-10,Infosys,940.1297607421875
2020-11-11,Infosys,967.2294921875
2020-11-12,Infosys,963.1362915039062
2020-11-13,Infosys,968.694091796875
2020-11-14,Infosys,976.6646118164062
2020-11-17,Infosys,968.2633666992188
2020-11-18,Infosys,956.9321899414062
2020-11-19,Infosys,945.0411987304688
2020-11-20,Infosys,950.7281494140625
2020-11-23,Infosys,982.1793212890625
2020-11-24,Infosys,982.351806640625
2020-11-25,Infosys,961.326904296875
2020-11-26,Infosys,959.2156372070312
2020-11-27,Infosys,947.8416748046875
2020-12-01,Infosys,980.4559326171875
2020-12-02,Infosys,983.0840454101562
2020-12-03,Infosys,970.6329345703125
2020-12-04,Infosys,977.6985473632812
2020-12-07,Infosys,985.3245239257812
2020-12-08,Infosys,993.8118896484375
2020-12-09,Infosys,1012.6394653320312
2020-12-10,Infosys,1006.2199096679688
2020-12-11,Infosys,1002.29931640625
2020-12-14,Infosys,1003.4627075195312
2020-12-15,Infosys,994.888916015625
2020-12-16,Infosys,1004.4535522460938
2020-12-17,Infosys,998.8526611328125
2020-12-18,Infosys,1025.2200927734375
2020-12-21,Infosys,1014.4491577148438
2020-12-22,Infosys,1051.67333984375
2020-12-23,Infosys,1079.72119140625
2020-12-24,Infosys,1065.0723876953125
2020-12-28,Infosys,1068.734619140625
2020-12-29,Infosys,1077.351318359375
2020-12-30,Infosys,1074.3355712890625
2020-12-31,Infosys,1082.090576171875
2021-01-01,Infosys,1086.096923828125
2021-01-04,Infosys,1110.0517578125
2021-01-05,Infosys,1114.833984375
2021-01-06,Infosys,1104.752685546875
2021-01-07,Infosys,1087.5618896484375
2021-01-08,Infosys,1130.6025390625
2021-01-11,Infosys,1185.8360595703125
2021-01-12,Infosys,1182.001708984375
2021-01-13,Infosys,1195.2713623046875
2021-01-14,Infosys,1180.924560546875
2021-01-15,Infosys,1158.9085693359375
2021-01-18,Infosys,1130.5595703125
2021-01-19,Infosys,1134.5234375
2021-01-20,Infosys,1154.1695556640625
2021-01-21,Infosys,1154.384765625
2021-01-22,Infosys,1155.3758544921875
2021-01-25,Infosys,1141.8043212890625
2021-01-27,Infosys,1121.0380859375
2021-01-28,Infosys,1099.66845703125
2021-01-29,Infosys,1067.6575927734375
2021-02-01,Infosys,1086.4849853515625
2021-02-02,Infosys,1095.4031982421875
2021-02-03,Infosys,1106.949951171875
2021-02-04,Infosys,1102.3828125
2021-02-05,Infosys,1096.1356201171875
2021-02-08,Infosys,1123.2353515625
2021-02-09,Infosys,1124.958984375
2021-02-10,Infosys,1117.1605224609375
2021-02-11,Infosys,1113.8431396484375
2021-02-12,Infosys,1128.62109375
2021-02-15,Infosys,1128.4915771484375
2021-02-16,Infosys,1111.904541015625
2021-02-17,Infosys,1104.0633544921875
2021-02-18,Infosys,1113.6705322265625
2021-02-19,Infosys,1112.6798095703125
2021-02-22,Infosys,1090.1903076171875
2021-02-23,Infosys,1091.18115234375
2021-02-24,Infosys,1098.0316162109375
2021-02-25,Infosys,1098.2469482421875
2021-02-26,Infosys,1079.936279296875
2021-03-01,Infosys,1091.7413330078125
2021-03-02,Infosys,1124.0538330078125
2021-03-03,Infosys,1157.7022705078125
2021-03-04,Infosys,1146.3282470703125
2021-03-05,Infosys,1134.56640625
2021-03-08,Infosys,1150.9814453125
2021-03-09,Infosys,1159.42578125
2021-03-10,Infosys,1178.8995361328125
2021-03-12,Infosys,1184.6728515625
2021-03-15,Infosys,1183.595458984375
2021-03-16,Infosys,1192.55712890625
2021-03-17,Infosys,1195.14208984375
2021-03-18,Infosys,1152.1446533203125
2021-03-19,Infosys,1158.4779052734375
2021-03-22,Infosys,1181.1827392578125
2021-03-23,Infosys,1181.8292236328125
2021-03-24,Infosys,1166.491455078125
2021-03-25,Infosys,1149.3011474609375
2021-03-26,Infosys,1151.3690185546875
2021-03-30,Infosys,1193.67724609375
2021-03-31,Infosys,1178.8133544921875
2021-04-01,Infosys,1193.5909423828125
2021-04-05,Infosys,1214.8743896484375
2021-04-06,Infosys,1215.8653564453125
2021-04-07,Infosys,1232.3665771484375
2021-04-08,Infosys,1240.681396484375
2021-04-09,Infosys,1241.7154541015625
2021-04-12,Infosys,1228.531982421875
2021-04-13,Infosys,1203.8880615234375
2021-04-15,Infosys,1172.5230712890625
2021-04-16,Infosys,1166.491455078125
2021-04-19,Infosys,1174.0743408203125
2021-04-20,Infosys,1164.4234619140625
2021-04-22,Infosys,1164.2080078125
2021-04-23,Infosys,1149.3011474609375
2021-04-26,Infosys,1157.7022705078125
2021-04-27,Infosys,1161.9677734375
2021-04-28,Infosys,1168.4302978515625
2021-04-29,Infosys,1168.7318115234375
2021-04-30,Infosys,1167.0084228515625
2021-05-03,Infosys,1165.0267333984375
2021-05-04,Infosys,1145.5096435546875
2021-05-05,Infosys,1155.93603515625
2021-05-06,Infosys,1173.2554931640625
2021-05-07,Infosys,1165.4573974609375
2021-05-10,Infosys,1154.2557373046875
2021-05-11,Infosys,1146.5867919921875
2021-05-12,Infosys,1143.441650390625
2021-05-14,Infosys,1134.3079833984375
2021-05-17,Infosys,1145.5096435546875
2021-05-18,Infosys,1154.643310546875
2021-05-19,Infosys,1152.058349609375
2021-05-20,Infosys,1154.040283203125
2021-05-21,Infosys,1167.1378173828125
2021-05-24,Infosys,1161.579833984375
2021-05-25,Infosys,1173.2554931640625
2021-05-26,Infosys,1203.9742431640625
2021-05-27,Infosys,1208.28271484375
2021-05-28,Infosys,1210.6953125
2021-05-31,Infosys,1213.9178466796875
2021-06-01,Infosys,1208.212890625
2021-06-02,Infosys,1200.76611328125
2021-06-03,Infosys,1210.346923828125
2021-06-04,Infosys,1206.8631591796875
2021-06-07,Infosys,1210.346923828125
2021-06-08,Infosys,1230.640625
2021-06-09,Infosys,1232.687255859375
2021-06-10,Infosys,1240.5262451171875
2021-06-11,Infosys,1260.210205078125
2021-06-14,Infosys,1273.187744140625
2021-06-15,Infosys,1283.726318359375
2021-06-16,Infosys,1289.5618896484375
2021-06-17,Infosys,1302.3651123046875
2021-06-18,Infosys,1309.3330078125
2021-06-21,Infosys,1306.72021484375
2021-06-22,Infosys,1316.7799072265625
2021-06-23,Infosys,1309.2021484375
2021-06-24,Infosys,1358.0203857421875
2021-06-25,Infosys,1371.0848388671875
2021-06-28,Infosys,1368.99462890625
2021-06-29,Infosys,1361.3736572265625
2021-06-30,Infosys,1376.8333740234375
2021-07-01,Infosys,1359.0655517578125
2021-07-02,Infosys,1365.5107421875
2021-07-05,Infosys,1375.2220458984375
2021-07-06,Infosys,1360.63330078125
2021-07-07,Infosys,1362.7236328125
2021-07-08,Infosys,1359.370361328125
2021-07-09,Infosys,1361.2430419921875
2021-07-12,Infosys,1348.135009765625
2021-07-13,Infosys,1345.6090087890625
2021-07-14,Infosys,1373.4365234375
2021-07-15,Infosys,1376.8333740234375
2021-07-16,Infosys,1354.7542724609375
2021-07-19,Infosys,1342.778076171875
2021-07-20,Infosys,1350.0509033203125
2021-07-22,Infosys,1385.0205078125
2021-07-23,Infosys,1385.2384033203125
2021-07-26,Infosys,1396.9527587890625
2021-07-27,Infosys,1395.7769775390625
2021-07-28,Infosys,1398.4334716796875
2021-07-29,Infosys,1408.36279296875
2021-07-30,Infosys,1402.701171875
2021-08-02,Infosys,1421.03515625
2021-08-03,Infosys,1441.633544921875
2021-08-04,Infosys,1436.4515380859375
2021-08-05,Infosys,1440.196533203125
2021-08-06,Infosys,1437.27880859375
2021-08-09,Infosys,1448.6885986328125
2021-08-10,Infosys,1460.8387451171875
2021-08-11,Infosys,1461.099853515625
2021-08-12,Infosys,1471.5950927734375
2021-08-13,Infosys,1491.279052734375
2021-08-16,Infosys,1484.4857177734375
2021-08-17,Infosys,1516.92919921875
2021-08-18,Infosys,1509.787353515625
2021-08-20,Infosys,1509.3515625
2021-08-23,Infosys,1514.4033203125
2021-08-24,Infosys,1498.81298828125
2021-08-25,Infosys,1511.616455078125
2021-08-26,Infosys,1504.779052734375
2021-08-27,Infosys,1488.31787109375
2021-08-30,Infosys,1478.954833984375
2021-08-31,Infosys,1486.2711181640625
2021-09-01,Infosys,1461.274169921875
2021-09-02,Infosys,1471.15966796875
2021-09-03,Infosys,1481.2193603515625
2021-09-06,Infosys,1507.130859375
2021-09-07,Infosys,1486.4451904296875
2021-09-08,Infosys,1474.7742919921875
2021-09-09,Infosys,1473.3370361328125
2021-09-13,Infosys,1473.598388671875
2021-09-14,Infosys,1468.59033203125
2021-09-15,Infosys,1490.6260986328125
2021-09-16,Infosys,1482.6129150390625
2021-09-17,Infosys,1473.0758056640625
2021-09-20,Infosys,1470.0709228515625
2021-09-21,Infosys,1496.72265625
2021-09-22,Infosys,1495.3726806640625
2021-09-23,Infosys,1517.713134765625
2021-09-24,Infosys,1536.264892578125
2021-09-27,Infosys,1499.074462890625
2021-09-28,Infosys,1469.4178466796875
2021-09-29,Infosys,1473.903076171875
2021-09-30,Infosys,1459.052978515625
2021-10-01,Infosys,1450.2999267578125
2021-10-04,Infosys,1462.145263671875
2021-10-05,Infosys,1474.3824462890625
2021-10-06,Infosys,1457.615966796875
2021-10-07,Infosys,1472.8143310546875
2021-10-08,Infosys,1501.426025390625
2021-10-11,Infosys,1472.7708740234375
2021-10-12,Infosys,1467.7196044921875
2021-10-13,Infosys,1488.6661376953125
2021-10-14,Infosys,1494.3712158203125
2021-10-18,Infosys,1560.913330078125
2021-10-19,Infosys,1587.0426025390625
2021-10-20,Infosys,1569.797119140625
2021-10-21,Infosys,1527.3809814453125
2021-10-22,Infosys,1497.898681640625
2021-10-25,Infosys,1487.22900390625
2021-10-26,Infosys,1497.026611328125
2021-10-27,Infosys,1519.213623046875
2021-10-28,Infosys,1497.2022705078125
2021-10-29,Infosys,1465.437744140625
2021-11-01,Infosys,1493.8194580078125
2021-11-02,Infosys,1491.9300537109375
2021-11-03,Infosys,1495.9720458984375
2021-11-04,Infosys,1501.4197998046875
2021-11-08,Infosys,1526.726318359375
2021-11-09,Infosys,1531.119873046875
2021-11-10,Infosys,1529.0548095703125
2021-11-11,Infosys,1523.0357666015625
2021-11-12,Infosys,1564.2464599609375
2021-11-15,Infosys,1570.353271484375
2021-11-16,Infosys,1574.878662109375
2021-11-17,Infosys,1570.6170654296875
2021-11-18,Infosys,1563.5435791015625
2021-11-22,Infosys,1545.9696044921875
2021-11-23,Infosys,1526.1990966796875
2021-11-24,Infosys,1490.2606201171875
2021-11-25,Infosys,1513.4580078125
2021-11-26,Infosys,1486.4383544921875
2021-11-29,Infosys,1490.5679931640625
2021-11-30,Infosys,1504.890869140625
2021-12-01,Infosys,1506.867919921875
2021-12-02,Infosys,1536.1719970703125
2021-12-03,Infosys,1525.0128173828125
2021-12-06,Infosys,1489.6455078125
2021-12-07,Infosys,1504.0120849609375
2021-12-08,Infosys,1540.653564453125
2021-12-09,Infosys,1549.5283203125
2021-12-10,Infosys,1545.837890625
2021-12-13,Infosys,1533.0087890625
2021-12-14,Infosys,1539.5992431640625
2021-12-15,Infosys,1523.82666015625
2021-12-16,Infosys,1556.6895751953125
2021-12-17,Infosys,1599.9652099609375
2021-12-20,Infosys,1580.677978515625
2021-12-21,Infosys,1591.83740234375
2021-12-22,Infosys,1603.3482666015625
2021-12-23,Infosys,1632.2572021484375
2021-12-24,Infosys,1637.4415283203125
2021-12-27,Infosys,1639.7698974609375
2021-12-28,Infosys,1658.9693603515625
2021-12-29,Infosys,1656.816650390625
2021-12-30,Infosys,1663.2308349609375
2021-12-31,Infosys,1658.7498779296875
2022-01-03,Infosys,1668.1517333984375
2022-01-04,Infosys,1668.7667236328125
2022-01-05,Infosys,1620.8780517578125
2022-01-06,Infosys,1597.28515625
2022-01-07,Infosys,1594.209716796875
2022-01-10,Infosys,1626.238037109375
2022-01-11,Infosys,1630.4996337890625
2022-01-12,Infosys,1649.6993408203125
2022-01-13,Infosys,1666.7017822265625
2022-01-14,Infosys,1695.3033447265625
2022-01-17,Infosys,1704.221923828125
2022-01-18,Infosys,1687.7464599609375
2022-01-19,Infosys,1640.560791015625
2022-01-20,Infosys,1602.4693603515625
2022-01-21,Infosys,1569.0789794921875
2022-01-24,Infosys,1526.1114501953125
2022-01-25,Infosys,1513.2384033203125
2022-01-27,Infosys,1474.97119140625
2022-01-28,Infosys,1481.6495361328125
2022-01-31,Infosys,1525.583984375
2022-02-01,Infosys,1557.0850830078125
2022-02-02,Infosys,1570.309326171875
2022-02-03,Infosys,1527.6490478515625
2022-02-04,Infosys,1529.8896484375
2022-02-07,Infosys,1506.955810546875
2022-02-08,Infosys,1508.9766845703125
2022-02-09,Infosys,1526.55078125
2022-02-10,Infosys,1554.932373046875
2022-02-11,Infosys,1512.535400390625
2022-02-14,Infosys,1478.134521484375
2022-02-15,Infosys,1527.3853759765625
2022-02-16,Infosys,1523.0357666015625
2022-02-17,Infosys,1515.56689453125
2022-02-18,Infosys,1499.882080078125
2022-02-21,Infosys,1520.751220703125
2022-02-22,Infosys,1523.9583740234375
2022-02-23,Infosys,1531.4273681640625
2022-02-24,Infosys,1474.5760498046875
2022-02-25,Infosys,1489.0302734375
2022-02-28,Infosys,1507.48291015625
2022-03-02,Infosys,1496.2357177734375
2022-03-03,Infosys,1512.09619140625
2022-03-04,Infosys,1514.248779296875
2022-03-07,Infosys,1528.7913818359375
2022-03-08,Infosys,1562.4888916015625
2022-03-09,Infosys,1593.3751220703125
2022-03-10,Infosys,1604.402587890625
2022-03-11,Infosys,1600.975830078125
2022-03-14,Infosys,1661.341796875
2022-03-15,Infosys,1616.1773681640625
2022-03-16,Infosys,1660.199462890625
2022-03-17,Infosys,1629.62109375
2022-03-21,Infosys,1628.2591552734375
2022-03-22,Infosys,1658.4422607421875
2022-03-23,Infosys,1645.2620849609375
2022-03-24,Infosys,1657.8270263671875
2022-03-25,Infosys,1648.9083251953125
2022-03-28,Infosys,1646.5799560546875
2022-03-29,Infosys,1657.2120361328125
2022-03-30,Infosys,1672.984375
2022-03-31,Infosys,1675.53271484375
2022-04-01,Infosys,1672.6329345703125
2022-04-04,Infosys,1654.531982421875
2022-04-05,Infosys,1635.3323974609375
2022-04-06,Infosys,1606.99462890625
2022-04-07,Infosys,1591.31005859375
2022-04-08,Infosys,1594.4732666015625
2022-04-11,Infosys,1552.2523193359375
2022-04-12,Infosys,1531.0758056640625
2022-04-13,Infosys,1536.4359130859375
2022-04-18,Infosys,1424.7103271484375
2022-04-19,Infosys,1372.51611328125
2022-04-20,Infosys,1395.0982666015625
2022-04-21,Infosys,1422.42578125
2022-04-22,Infosys,1393.1212158203125
2022-04-25,Infosys,1371.7252197265625
2022-04-26,Infosys,1389.2108154296875
2022-04-27,Infosys,1364.43212890625
2022-04-28,Infosys,1390.616943359375
2022-04-29,Infosys,1377.392822265625
2022-05-02,Infosys,1354.0635986328125
2022-05-04,Infosys,1349.2747802734375
2022-05-05,Infosys,1392.85791015625
2022-05-06,Infosys,1355.68896484375
2022-05-09,Infosys,1379.8531494140625
2022-05-10,Infosys,1364.607666015625
2022-05-11,Infosys,1341.5421142578125
2022-05-12,Infosys,1325.769775390625
2022-05-13,Infosys,1321.9033203125
2022-05-16,Infosys,1308.4593505859375
2022-05-17,Infosys,1334.2490234375
2022-05-18,Infosys,1326.120849609375
2022-05-19,Infosys,1254.0245361328125
2022-05-20,Infosys,1278.6278076171875
2022-05-23,Infosys,1290.2706298828125
2022-05-24,Infosys,1266.1943359375
2022-05-25,Infosys,1239.350341796875
2022-05-26,Infosys,1251.2125244140625
2022-05-27,Infosys,1284.07568359375
2022-05-30,Infosys,1341.5860595703125
2022-05-31,Infosys,1335.1923828125
2022-06-01,Infosys,1312.9482421875
2022-06-02,Infosys,1339.0997314453125
2022-06-03,Infosys,1351.264892578125
2022-06-06,Infosys,1358.68017578125
2022-06-07,Infosys,1337.9453125
2022-06-08,Infosys,1331.9957275390625
2022-06-09,Infosys,1345.3155517578125
2022-06-10,Infosys,1311.3941650390625
2022-06-13,Infosys,1264.9520263671875
2022-06-14,Infosys,1279.2044677734375
2022-06-15,Infosys,1262.9095458984375
2022-06-16,Infosys,1240.7095947265625
2022-06-17,Infosys,1231.9183349609375
2022-06-20,Infosys,1255.7613525390625
2022-06-21,Infosys,1287.5068359375
2022-06-22,Infosys,1276.27392578125
2022-06-23,Infosys,1289.7713623046875
2022-06-24,Infosys,1279.692626953125
2022-06-27,Infosys,1309.4405517578125
2022-06-28,Infosys,1314.3690185546875
2022-06-29,Infosys,1299.3616943359375
2022-06-30,Infosys,1298.1629638671875
2022-07-01,Infosys,1313.7030029296875
2022-07-04,Infosys,1321.3397216796875
2022-07-05,Infosys,1310.6392822265625
2022-07-06,Infosys,1324.5806884765625
2022-07-07,Infosys,1330.84130859375
2022-07-08,Infosys,1344.8272705078125
2022-07-11,Infosys,1308.1529541015625
2022-07-12,Infosys,1277.47265625
2022-07-13,Infosys,1282.6676025390625
2022-07-14,Infosys,1268.8148193359375
2022-07-15,Infosys,1270.1468505859375
2022-07-18,Infosys,1323.02685546875
2022-07-19,Infosys,1317.9208984375
2022-07-20,Infosys,1345.5821533203125
2022-07-21,Infosys,1361.2108154296875
2022-07-22,Infosys,1337.5899658203125
2022-07-25,Infosys,1335.1923828125
2022-07-26,Infosys,1288.616943359375
2022-07-27,Infosys,1306.2882080078125
2022-07-28,Infosys,1347.4468994140625
2022-07-29,Infosys,1376.1290283203125
2022-08-01,Infosys,1377.3280029296875
2022-08-02,Infosys,1370.7122802734375
2022-08-03,Infosys,1390.6923828125
2022-08-04,Infosys,1420.706787109375
2022-08-05,Infosys,1435.58056640625
2022-08-08,Infosys,1438.0225830078125
2022-08-10,Infosys,1422.9710693359375
2022-08-11,Infosys,1438.510986328125
2022-08-12,Infosys,1415.556396484375
2022-08-16,Infosys,1417.64306640625
2022-08-17,Infosys,1426.3455810546875
2022-08-18,Infosys,1405.655029296875
2022-08-19,Infosys,1418.22021484375
2022-08-22,Infosys,1399.172607421875
2022-08-23,Infosys,1369.64697265625
2022-08-24,Infosys,1365.29541015625
2022-08-25,Infosys,1348.113037109375
2022-08-26,Infosys,1351.132080078125
2022-08-29,Infosys,1298.02978515625
2022-08-30,Infosys,1325.7352294921875
2022-09-01,Infosys,1300.2054443359375
2022-09-02,Infosys,1290.2598876953125
2022-09-05,Infosys,1297.630126953125
2022-09-06,Infosys,1292.1246337890625
2022-09-07,Infosys,1294.388916015625
2022-09-08,Infosys,1310.594970703125
2022-09-09,Infosys,1342.3408203125
2022-09-12,Infosys,1364.14111328125
2022-09-13,Infosys,1371.9111328125
2022-09-14,Infosys,1310.15087890625
2022-09-15,Infosys,1272.3221435546875
2022-09-16,Infosys,1222.81640625
2022-09-19,Infosys,1234.58251953125
2022-09-20,Infosys,1233.0283203125
2022-09-21,Infosys,1222.993896484375
2022-09-22,Infosys,1214.7354736328125
2022-09-23,Infosys,1212.515625
2022-09-26,Infosys,1225.6580810546875
2022-09-27,Infosys,1237.4683837890625
2022-09-28,Infosys,1238.4896240234375
2022-09-29,Infosys,1241.997314453125
2022-09-30,Infosys,1255.1395263671875
2022-10-03,Infosys,1237.6458740234375
2022-10-04,Infosys,1269.302978515625
2022-10-06,Infosys,1292.1690673828125
2022-10-07,Infosys,1288.661376953125
2022-10-10,Infosys,1298.8289794921875
2022-10-11,Infosys,1264.3302001953125
2022-10-12,Infosys,1268.6815185546875
2022-10-13,Infosys,1260.8670654296875
2022-10-14,Infosys,1309.1297607421875
2022-10-17,Infosys,1323.0712890625
2022-10-18,Infosys,1335.2813720703125
2022-10-19,Infosys,1319.0751953125
2022-10-20,Infosys,1332.7950439453125
2022-10-21,Infosys,1332.4398193359375
2022-10-24,Infosys,1347.8463134765625
2022-10-25,Infosys,1355.35009765625
2022-10-27,Infosys,1368.052490234375
2022-10-28,Infosys,1358.4471435546875
2022-10-31,Infosys,1380.35107421875
2022-11-01,Infosys,1412.0845947265625
2022-11-02,Infosys,1394.400146484375
2022-11-03,Infosys,1374.1568603515625
2022-11-04,Infosys,1359.1202392578125
2022-11-07,Infosys,1353.240478515625
2022-11-09,Infosys,1356.606689453125
2022-11-10,Infosys,1348.302734375
2022-11-11,Infosys,1409.481201171875
2022-11-14,Infosys,1423.12646484375
2022-11-15,Infosys,1430.9365234375
2022-11-16,Infosys,1438.8363037109375
2022-11-17,Infosys,1425.0115966796875
2022-11-18,Infosys,1430.39794921875
2022-11-21,Infosys,1407.77587890625
2022-11-22,Infosys,1422.9019775390625
2022-11-23,Infosys,1421.1964111328125
2022-11-24,Infosys,1463.07421875
2022-11-25,Infosys,1468.3258056640625
2022-11-28,Infosys,1457.328857421875
2022-11-29,Infosys,1462.4010009765625
2022-11-30,Infosys,1467.6973876953125
2022-12-01,Infosys,1487.5814208984375
2022-12-02,Infosys,1470.345703125
2022-12-05,Infosys,1472.00634765625
2022-12-06,Infosys,1447.903076171875
2022-12-07,Infosys,1441.260009765625
2022-12-08,Infosys,1454.4114990234375
2022-12-09,Infosys,1408.7633056640625
2022-12-12,Infosys,1388.924072265625
2022-12-13,Infosys,1411.3216552734375
2022-12-14,Infosys,1417.8299560546875
2022-12-15,Infosys,1382.9093017578125
2022-12-16,Infosys,1366.4814453125
2022-12-19,Infosys,1353.150634765625
2022-12-20,Infosys,1353.105712890625
2022-12-21,Infosys,1355.12548828125
2022-12-22,Infosys,1366.3470458984375
2022-12-23,Infosys,1343.9493408203125
2022-12-26,Infosys,1348.7071533203125
2022-12-27,Infosys,1359.88330078125
2022-12-28,Infosys,1355.6641845703125
2022-12-29,Infosys,1362.3072509765625
2022-12-30,Infosys,1353.91357421875
2023-01-02,Infosys,1368.097412109375
2023-01-03,Infosys,1366.795654296875
2023-01-04,Infosys,1341.884521484375
2023-01-05,Infosys,1324.289306640625
2023-01-06,Infosys,1300.3209228515625
2023-01-09,Infosys,1332.59326171875
2023-01-10,Infosys,1319.39697265625
2023-01-11,Infosys,1320.74365234375
2023-01-12,Infosys,1329.1370849609375
2023-01-13,Infosys,1349.8291015625
2023-01-16,Infosys,1369.4439697265625
2023-01-17,Infosys,1382.01171875
2023-01-18,Infosys,1387.308349609375
2023-01-19,Infosys,1381.47314453125
2023-01-20,Infosys,1369.4888916015625
2023-01-23,Infosys,1389.6422119140625
2023-01-24,Infosys,1393.143310546875
2023-01-25,Infosys,1385.1536865234375
2023-01-27,Infosys,1363.7435302734375
2023-01-30,Infosys,1381.38330078125
2023-01-31,Infosys,1376.8499755859375
2023-02-01,Infosys,1392.425048828125
2023-02-02,Infosys,1421.7349853515625
2023-02-03,Infosys,1435.7840576171875
2023-02-06,Infosys,1409.2569580078125
2023-02-07,Infosys,1402.569091796875
2023-02-08,Infosys,1427.7945556640625
2023-02-09,Infosys,1451.5833740234375
2023-02-10,Infosys,1443.9981689453125
2023-02-13,Infosys,1407.102294921875
2023-02-14,Infosys,1430.26318359375
2023-02-15,Infosys,1433.6744384765625
2023-02-16,Infosys,1437.9385986328125
2023-02-17,Infosys,1421.780029296875
2023-02-20,Infosys,1429.544921875
2023-02-21,Infosys,1417.919921875
2023-02-22,Infosys,1402.0306396484375
2023-02-23,Infosys,1392.0660400390625
2023-02-24,Infosys,1392.021240234375
2023-02-27,Infosys,1354.9010009765625
2023-02-28,Infosys,1335.3760986328125
2023-03-01,Infosys,1343.006591796875
2023-03-02,Infosys,1321.551513671875
2023-03-03,Infosys,1327.9700927734375
2023-03-06,Infosys,1353.240478515625
2023-03-08,Infosys,1339.999267578125
2023-03-09,Infosys,1328.95751953125
2023-03-10,Infosys,1321.0128173828125
2023-03-13,Infosys,1288.29150390625
2023-03-14,Infosys,1274.7364501953125
2023-03-15,Infosys,1274.422119140625
2023-03-16,Infosys,1260.462890625
2023-03-17,Infosys,1275.3646240234375
2023-03-20,Infosys,1260.05908203125
2023-03-21,Infosys,1248.4337158203125
2023-03-22,Infosys,1247.1319580078125
2023-03-23,Infosys,1233.9359130859375
2023-03-24,Infosys,1239.411865234375
2023-03-27,Infosys,1246.8626708984375
2023-03-28,Infosys,1236.674072265625
2023-03-29,Infosys,1242.01513671875
2023-03-31,Infosys,1281.8731689453125
2023-04-03,Infosys,1266.5223388671875
2023-04-05,Infosys,1277.92333984375
2023-04-06,Infosys,1276.44189453125
2023-04-10,Infosys,1281.558837890625
2023-04-11,Infosys,1262.3033447265625
2023-04-12,Infosys,1282.1871337890625
2023-04-13,Infosys,1247.087158203125
2023-04-17,Infosys,1129.578125
2023-04-18,Infosys,1130.5206298828125
2023-04-19,Infosys,1106.14794921875
2023-04-20,Infosys,1098.2481689453125
2023-04-21,Infosys,1101.794189453125
2023-04-24,Infosys,1100.8516845703125
2023-04-25,Infosys,1099.5948486328125
2023-04-26,Infosys,1101.9737548828125
2023-04-27,Infosys,1118.7607421875
2023-04-28,Infosys,1124.595703125
2023-05-02,Infosys,1146.768798828125
2023-05-03,Infosys,1139.318115234375
2023-05-04,Infosys,1143.267822265625
2023-05-05,Infosys,1130.296142578125
2023-05-08,Infosys,1136.13134765625
2023-05-09,Infosys,1140.70947265625
2023-05-10,Infosys,1134.0216064453125
2023-05-11,Infosys,1127.60302734375
2023-05-12,Infosys,1117.818115234375
2023-05-15,Infosys,1129.6229248046875
2023-05-16,Infosys,1134.96435546875
2023-05-17,Infosys,1119.34423828125
2023-05-18,Infosys,1118.5361328125
2023-05-19,Infosys,1139.09375
2023-05-22,Infosys,1160.548828125
2023-05-23,Infosys,1167.0570068359375
2023-05-24,Infosys,1165.80029296875
2023-05-25,Infosys,1170.917236328125
2023-05-26,Infosys,1182.677001953125
2023-05-29,Infosys,1179.9390869140625
2023-05-30,Infosys,1188.42236328125
2023-05-31,Infosys,1183.4400634765625
2023-06-01,Infosys,1184.517333984375
2023-06-02,Infosys,1181.7880859375
2023-06-05,Infosys,1186.7918701171875
2023-06-06,Infosys,1163.5927734375
2023-06-07,Infosys,1172.644775390625
2023-06-08,Infosys,1167.0499267578125
2023-06-09,Infosys,1151.72021484375
2023-06-12,Infosys,1175.3741455078125
2023-06-13,Infosys,1187.1102294921875
2023-06-14,Infosys,1183.0618896484375
2023-06-15,Infosys,1170.68896484375
2023-06-16,Infosys,1175.1014404296875
2023-06-19,Infosys,1177.2393798828125
2023-06-20,Infosys,1185.7911376953125
2023-06-21,Infosys,1182.1065673828125
2023-06-22,Infosys,1165.91259765625
2023-06-23,Infosys,1150.85595703125
2023-06-26,Infosys,1155.72314453125
2023-06-27,Infosys,1163.729248046875
2023-06-28,Infosys,1176.6478271484375
2023-06-30,Infosys,1214.99462890625
2023-07-03,Infosys,1213.35693359375
2023-07-04,Infosys,1223.77392578125
2023-07-05,Infosys,1225.72998046875
2023-07-06,Infosys,1222.6365966796875
2023-07-07,Infosys,1210.1727294921875
2023-07-10,Infosys,1209.217529296875
2023-07-11,Infosys,1226.9124755859375
2023-07-12,Infosys,1212.9930419921875
2023-07-13,Infosys,1241.9237060546875
2023-07-14,Infosys,1297.2830810546875
2023-07-17,Infosys,1294.5537109375
2023-07-18,Infosys,1342.0889892578125
2023-07-19,Infosys,1341.8616943359375
2023-07-20,Infosys,1318.7081298828125
2023-07-21,Infosys,1211.446533203125
2023-07-24,Infosys,1215.995361328125
2023-07-25,Infosys,1214.17578125
2023-07-26,Infosys,1227.1400146484375
2023-07-27,Infosys,1231.052001953125
2023-07-28,Infosys,1219.54345703125
2023-07-31,Infosys,1233.3719482421875
2023-08-01,Infosys,1242.0146484375
2023-08-02,Infosys,1234.4180908203125
2023-08-03,Infosys,1241.1959228515625
2023-08-04,Infosys,1253.9781494140625
2023-08-07,Infosys,1267.306396484375
2023-08-08,Infosys,1264.7589111328125
2023-08-09,Infosys,1268.580078125
2023-08-10,Infosys,1263.75830078125
2023-08-11,Infosys,1248.064697265625
2023-08-14,Infosys,1267.806640625
2023-08-16,Infosys,1290.5052490234375
2023-08-17,Infosys,1284.1824951171875
2023-08-18,Infosys,1263.4852294921875
2023-08-21,Infosys,1278.5875244140625
2023-08-22,Infosys,1277.0863037109375
2023-08-23,Infosys,1280.9072265625
2023-08-24,Infosys,1295.1451416015625
2023-08-25,Infosys,1291.9608154296875
2023-08-28,Infosys,1287.91259765625
2023-08-29,Infosys,1289.73193359375
2023-08-30,Infosys,1305.6529541015625
2023-08-31,Infosys,1305.9259033203125
2023-09-01,Infosys,1313.5679931640625
2023-09-04,Infosys,1332.900390625
2023-09-05,Infosys,1345.455322265625
2023-09-06,Infosys,1344.135986328125
2023-09-07,Infosys,1333.9012451171875
2023-09-08,Infosys,1336.994384765625
2023-09-11,Infosys,1343.2261962890625
2023-09-12,Infosys,1365.6522216796875
2023-09-13,Infosys,1363.150390625
2023-09-14,Infosys,1370.97412109375
2023-09-15,Infosys,1375.2047119140625
2023-09-18,Infosys,1357.19140625
2023-09-20,Infosys,1355.7811279296875
2023-09-21,Infosys,1366.2435302734375
2023-09-22,Infosys,1361.14892578125
2023-09-25,Infosys,1341.1337890625
2023-09-26,Infosys,1328.8519287109375
2023-09-27,Infosys,1334.62890625
2023-09-28,Infosys,1309.56494140625
2023-09-29,Infosys,1305.9259033203125
2023-10-03,Infosys,1304.6068115234375
2023-10-04,Infosys,1314.022705078125
2023-10-05,Infosys,1331.399169921875
2023-10-06,Infosys,1345.2733154296875
2023-10-09,Infosys,1342.31640625
2023-10-10,Infosys,1360.239013671875
2023-10-11,Infosys,1359.5567626953125
2023-10-12,Infosys,1333.2645263671875
2023-10-13,Infosys,1302.0137939453125
2023-10-16,Infosys,1304.7432861328125
2023-10-17,Infosys,1312.294189453125
2023-10-18,Infosys,1310.56591796875
2023-10-19,Infosys,1304.2882080078125
2023-10-20,Infosys,1298.4656982421875
2023-10-23,Infosys,1281.544189453125
2023-10-25,Infosys,1262.5601806640625
2023-10-26,Infosys,1252.7919921875
2023-10-27,Infosys,1272.05224609375
2023-10-30,Infosys,1269.0111083984375
2023-10-31,Infosys,1261.0396728515625
2023-11-01,Infosys,1247.90771484375
2023-11-02,Infosys,1262.6524658203125
2023-11-03,Infosys,1280.069580078125
2023-11-06,Infosys,1293.2015380859375
2023-11-07,Infosys,1294.1231689453125
2023-11-08,Infosys,1281.86669921875
2023-11-09,Infosys,1266.9376220703125
2023-11-10,Infosys,1261.4544677734375
2023-11-13,Infosys,1265.78564453125
2023-11-15,Infosys,1299.836669921875
2023-11-16,Infosys,1331.5379638671875
2023-11-17,Infosys,1324.7645263671875
2023-11-20,Infosys,1323.8890380859375
2023-11-21,Infosys,1326.1007080078125
2023-11-22,Infosys,1343.42578125
2023-11-23,Infosys,1335.5465087890625
2023-11-24,Infosys,1324.6260986328125
2023-11-28,Infosys,1329.5103759765625
2023-11-29,Infosys,1345.08447265625
2023-11-30,Infosys,1340.983642578125
2023-12-01,Infosys,1338.3572998046875
2023-12-04,Infosys,1349.461669921875
2023-12-05,Infosys,1339.8778076171875
2023-12-06,Infosys,1358.6312255859375
2023-12-07,Infosys,1350.89013671875
2023-12-08,Infosys,1374.1593017578125
2023-12-11,Infosys,1371.717041015625
2023-12-12,Infosys,1360.243896484375
2023-12-13,Infosys,1335.3160400390625
2023-12-14,Infosys,1383.651123046875
2023-12-15,Infosys,1454.563720703125
2023-12-18,Infosys,1441.615966796875
2023-12-19,Infosys,1436.0408935546875
2023-12-20,Infosys,1415.8590087890625
2023-12-21,Infosys,1415.4903564453125
2023-12-22,Infosys,1440.280029296875
2023-12-26,Infosys,1422.816650390625
2023-12-27,Infosys,1444.150390625
2023-12-28,Infosys,1440.0494384765625
2023-12-29,Infosys,1421.84912109375
2024-01-01,Infosys,1429.635986328125
2024-01-02,Infosys,1414.0157470703125
2024-01-03,Infosys,1373.0994873046875
2024-01-04,Infosys,1394.0184326171875
2024-01-05,Infosys,1412.31103515625
2024-01-08,Infosys,1403.3260498046875
2024-01-09,Infosys,1409.316162109375
2024-01-10,Infosys,1400.653564453125
2024-01-11,Infosys,1376.9698486328125
2024-01-12,Infosys,1486.2188720703125
2024-01-15,Infosys,1522.4815673828125
2024-01-16,Infosys,1503.5439453125
2024-01-17,Infosys,1511.51513671875
2024-01-18,Infosys,1513.7269287109375
2024-01-19,Infosys,1529.0244140625
2024-01-23,Infosys,1513.312255859375
2024-01-24,Infosys,1543.953369140625
2024-01-25,Infosys,1538.147705078125
2024-01-29,Infosys,1526.62841796875
2024-01-30,Infosys,1521.8824462890625
2024-01-31,Infosys,1530.5911865234375
2024-02-01,Infosys,1527.0433349609375
2024-02-02,Infosys,1560.4952392578125
2024-02-05,Infosys,1554.82763671875
2024-02-06,Infosys,1593.7628173828125
2024-02-07,Infosys,1560.8636474609375
2024-02-08,Infosys,1559.3431396484375
2024-02-09,Infosys,1538.3780517578125
2024-02-12,Infosys,1548.2847900390625
2024-02-13,Infosys,1552.3858642578125
2024-02-14,Infosys,1535.4752197265625
2024-02-15,Infosys,1544.828857421875
2024-02-16,Infosys,1568.14404296875
2024-02-19,Infosys,1566.39306640625
2024-02-20,Infosys,1553.03076171875
2024-02-21,Infosys,1525.660888671875
2024-02-22,Infosys,1549.4366455078125
2024-02-23,Infosys,1545.289794921875
2024-02-26,Infosys,1529.9000244140625
2024-02-27,Infosys,1533.0792236328125
2024-02-28,Infosys,1540.129150390625
2024-02-29,Infosys,1542.571044921875
2024-03-01,Infosys,1524.8775634765625
2024-03-04,Infosys,1508.75048828125
2024-03-05,Infosys,1480.459228515625
2024-03-06,Infosys,1490.642333984375
2024-03-07,Infosys,1489.6285400390625
2024-03-11,Infosys,1475.0218505859375
2024-03-12,Infosys,1486.403076171875
2024-03-13,Infosys,1484.974853515625
2024-03-14,Infosys,1523.58740234375
2024-03-15,Infosys,1505.801513671875
2024-03-18,Infosys,1476.9112548828125
2024-03-19,Infosys,1438.9434814453125
2024-03-20,Infosys,1432.9534912109375
2024-03-21,Infosys,1432.7230224609375
2024-03-22,Infosys,1390.4705810546875
2024-03-26,Infosys,1375.54150390625
2024-03-27,Infosys,1367.431884765625
2024-03-28,Infosys,1380.517822265625
2024-04-01,Infosys,1378.1217041015625
2024-04-02,Infosys,1366.5103759765625
2024-04-03,Infosys,1364.4830322265625
2024-04-04,Infosys,1370.058349609375
2024-04-05,Infosys,1363.0545654296875
2024-04-08,Infosys,1360.8428955078125
2024-04-09,Infosys,1377.56884765625
2024-04-10,Infosys,1388.581298828125
2024-04-12,Infosys,1368.26123046875
2024-04-15,Infosys,1352.9637451171875
2024-04-16,Infosys,1303.476806640625
2024-04-18,Infosys,1307.900146484375
2024-04-19,Infosys,1300.52783203125
2024-04-22,Infosys,1320.341064453125
2024-04-23,Infosys,1329.2340087890625
2024-04-24,Infosys,1318.4979248046875
2024-04-25,Infosys,1325.5936279296875
2024-04-26,Infosys,1318.0372314453125
2024-04-29,Infosys,1322.1842041015625
2024-04-30,Infosys,1309.098388671875
2024-05-02,Infosys,1303.476806640625
2024-05-03,Infosys,1305.1817626953125
2024-05-06,Infosys,1314.0284423828125
2024-05-07,Infosys,1327.897705078125
2024-05-08,Infosys,1315.3187255859375
2024-05-09,Infosys,1326.6075439453125
2024-05-10,Infosys,1313.10693359375
2024-05-13,Infosys,1311.7706298828125
2024-05-14,Infosys,1312.9227294921875
2024-05-15,Infosys,1308.5452880859375
2024-05-16,Infosys,1339.3248291015625
2024-05-17,Infosys,1330.9849853515625
2024-05-21,Infosys,1321.6312255859375
2024-05-22,Infosys,1340.6610107421875
2024-05-23,Infosys,1356.8802490234375
2024-05-24,Infosys,1350.1529541015625
2024-05-27,Infosys,1355.91259765625
2024-05-28,Infosys,1351.949951171875
2024-05-29,Infosys,1337.1131591796875
2024-05-30,Infosys,1315.456787109375
2024-05-31,Infosys,1322.459716796875
2024-06-03,Infosys,1321.519775390625
2024-06-04,Infosys,1310.0050048828125
2024-06-05,Infosys,1344.2672119140625
2024-06-06,Infosys,1383.8876953125
2024-06-07,Infosys,1441.5552978515625
2024-06-10,Infosys,1409.737060546875
2024-06-11,Infosys,1405.97705078125
2024-06-12,Infosys,1396.060302734375
2024-06-13,Infosys,1404.2850341796875
2024-06-14,Infosys,1399.5382080078125
2024-06-18,Infosys,1408.280029296875
2024-06-19,Infosys,1420.640625
2024-06-20,Infosys,1424.4476318359375
2024-06-21,Infosys,1440.7093505859375
2024-06-24,Infosys,1435.492431640625
2024-06-25,Infosys,1449.404296875
2024-06-26,Infosys,1448.2291259765625
2024-06-27,Infosys,1478.9195556640625
2024-06-28,Infosys,1472.7156982421875
2024-07-01,Infosys,1495.3223876953125
2024-07-02,Infosys,1523.7567138671875
2024-07-03,Infosys,1529.7257080078125
2024-07-04,Infosys,1551.5802001953125
2024-07-05,Infosys,1548.572265625
2024-07-08,Infosys,1561.9200439453125
2024-07-09,Infosys,1557.6900634765625
2024-07-10,Infosys,1549.32421875
2024-07-11,Infosys,1553.5069580078125
2024-07-12,Infosys,1609.0130615234375
2024-07-15,Infosys,1604.59521484375
2024-07-16,Infosys,1622.454833984375
2024-07-18,Infosys,1652.5343017578125
2024-07-19,Infosys,1685.339599609375
2024-07-22,Infosys,1702.1651611328125
2024-07-23,Infosys,1726.651611328125
2024-07-24,Infosys,1723.8787841796875
2024-07-25,Infosys,1715.324951171875
2024-07-26,Infosys,1766.1309814453125
2024-07-29,Infosys,1758.7991943359375
2024-07-30,Infosys,1764.48583984375
2024-07-31,Infosys,1756.1201171875
2024-08-01,Infosys,1741.409423828125
2024-08-02,Infosys,1711.89404296875
2024-08-05,Infosys,1646.75341796875
2024-08-06,Infosys,1646.0013427734375
2024-08-07,Infosys,1684.11767578125
2024-08-08,Infosys,1638.5284423828125
2024-08-09,Infosys,1664.471923828125
2024-08-12,Infosys,1689.5224609375
2024-08-13,Infosys,1689.5694580078125
2024-08-14,Infosys,1713.821044921875
2024-08-16,Infosys,1747.378173828125
2024-08-19,Infosys,1752.877197265625
2024-08-20,Infosys,1759.8328857421875
2024-08-21,Infosys,1760.302978515625
2024-08-22,Infosys,1767.39990234375
2024-08-23,Infosys,1750.3392333984375
2024-08-26,Infosys,1763.5460205078125
2024-08-27,Infosys,1786.0584716796875
2024-08-28,Infosys,1822.7177734375
2024-08-29,Infosys,1817.3128662109375
2024-08-30,Infosys,1827.0416259765625
2024-09-02,Infosys,1846.5933837890625
2024-09-03,Infosys,1824.73876953125
2024-09-04,Infosys,1807.06689453125
2024-09-05,Infosys,1817.1248779296875
2024-09-06,Infosys,1787.7034912109375
2024-09-09,Infosys,1780.9356689453125
2024-09-10,Infosys,1797.5263671875
2024-09-11,Infosys,1795.50537109375
2024-09-12,Infosys,1833.3865966796875
2024-09-13,Infosys,1827.417724609375
2024-09-16,Infosys,1833.1986083984375
2024-09-17,Infosys,1835.360595703125
2024-09-18,Infosys,1778.585693359375
2024-09-19,Infosys,1780.5125732421875
2024-09-20,Infosys,1791.3695068359375
2024-09-23,Infosys,1782.6275634765625
2024-09-24,Infosys,1784.6485595703125
2024-09-25,Infosys,1781.546630859375
2024-09-26,Infosys,1786.1995849609375
2024-09-27,Infosys,1792.3094482421875
2024-09-30,Infosys,1763.029052734375
2024-10-01,Infosys,1790.0533447265625
2024-10-03,Infosys,1779.7606201171875
2024-10-04,Infosys,1803.025146484375
2024-10-07,Infosys,1818.2060546875
2024-10-08,Infosys,1831.6007080078125
2024-10-09,Infosys,1835.548583984375
2024-10-10,Infosys,1803.82421875
2024-10-11,Infosys,1818.9578857421875
2024-10-14,Infosys,1841.3294677734375
2024-10-15,Infosys,1841.70556640625
2024-10-16,Infosys,1804.8582763671875
2024-10-17,Infosys,1849.977294921875
2024-10-18,Infosys,1766.788818359375
2024-10-21,Infosys,1741.5504150390625
2024-10-22,Infosys,1740.4693603515625
2024-10-23,Infosys,1760.9610595703125
2024-10-24,Infosys,1751.5142822265625
2024-10-25,Infosys,1750.2923583984375
2024-10-28,Infosys,1753.3941650390625
2024-10-29,Infosys,1748.59326171875
2024-10-30,Infosys,1713.227783203125
2024-10-31,Infosys,1670.589599609375
2024-11-01,Infosys,1674.011962890625
2024-11-04,Infosys,1676.6739501953125
2024-11-05,Infosys,1667.68994140625
2024-11-06,Infosys,1733.7625732421875
2024-11-07,Infosys,1714.1309814453125
2024-11-08,Infosys,1739.704345703125
2024-11-11,Infosys,1768.367431640625
2024-11-12,Infosys,1776.638427734375
2024-11-13,Infosys,1776.2581787109375
2024-11-14,Infosys,1772.5980224609375
2024-11-18,Infosys,1722.1165771484375
2024-11-19,Infosys,1734.7607421875
2024-11-21,Infosys,1743.6021728515625
2024-11-22,Infosys,1808.4388427734375
2024-11-25,Infosys,1796.5076904296875
2024-11-26,Infosys,1829.2587890625
2024-11-27,Infosys,1829.5914306640625
2024-11-28,Infosys,1765.0875244140625
2024-11-29,Infosys,1766.2283935546875
2024-12-02,Infosys,1787.095947265625
2024-12-03,Infosys,1798.789306640625
2024-12-04,Infosys,1796.0799560546875
2024-12-05,Infosys,1839.4310302734375
2024-12-06,Infosys,1827.5950927734375
2024-12-09,Infosys,1828.783447265625
2024-12-10,Infosys,1852.45556640625
2024-12-11,Infosys,1876.79296875
2024-12-12,Infosys,1889.0091552734375
2024-12-13,Infosys,1901.0828857421875
2024-12-16,Infosys,1882.4019775390625
2024-12-17,Infosys,1879.1221923828125
2024-12-18,Infosys,1881.54638671875
2024-12-19,Infosys,1850.2213134765625
2024-12-20,Infosys,1827.3572998046875
2024-12-23,Infosys,1829.4014892578125
2024-12-24,Infosys,1814.9034423828125
2024-12-26,Infosys,1813.3348388671875
2024-12-27,Infosys,1822.2236328125
2024-12-30,Infosys,1812.00390625
2024-12-31,Infosys,1787.2860107421875
2025-01-01,Infosys,1789.6627197265625
2025-01-02,Infosys,1861.296875
2025-01-03,Infosys,1843.1387939453125
2025-01-06,Infosys,1842.2830810546875
2025-01-07,Infosys,1835.62841796875
2025-01-08,Infosys,1837.81494140625
2025-01-09,Infosys,1822.74658203125
2025-01-10,Infosys,1869.947998046875
2025-01-13,Infosys,1865.4322509765625
2025-01-14,Infosys,1844.374755859375
2025-01-15,Infosys,1853.501220703125
2025-01-16,Infosys,1833.3466796875
2025-01-17,Infosys,1725.9193115234375
2025-01-20,Infosys,1723.8756103515625
2025-01-21,Infosys,1711.896728515625
2025-01-22,Infosys,1764.8973388671875
2025-01-23,Infosys,1773.4534912109375
2025-01-24,Infosys,1782.96044921875
2025-01-27,Infosys,1732.146484375
2025-01-28,Infosys,1739.5142822265625
2025-01-29,Infosys,1788.474365234375
2025-01-30,Infosys,1768.2247314453125
2025-01-31,Infosys,1787.095947265625
2025-02-01,Infosys,1760.0489501953125
2025-02-03,Infosys,1771.4097900390625
2025-02-04,Infosys,1805.1590576171875
2025-02-05,Infosys,1803.4952392578125
2025-02-06,Infosys,1821.177978515625
2025-02-07,Infosys,1809.769775390625
2025-02-10,Infosys,1787.5712890625
2025-02-11,Infosys,1783.150634765625
2025-02-12,Infosys,1771.26708984375
2025-02-13,Infosys,1752.3485107421875
2025-02-14,Infosys,1764.8499755859375
2025-02-17,Infosys,1751.4451904296875
2025-02-18,Infosys,1760.619384765625
2025-02-19,Infosys,1721.498779296875
2025-02-20,Infosys,1735.14111328125
2025-02-21,Infosys,1725.4915771484375
2025-02-24,Infosys,1677.101806640625
2025-02-25,Infosys,1680.524169921875
2025-02-27,Infosys,1677.2919921875
2025-02-28,Infosys,1604.4696044921875
2025-03-03,Infosys,1624.3388671875
2025-03-04,Infosys,1605.0400390625
2025-03-05,Infosys,1627.0958251953125
2025-03-06,Infosys,1631.231201171875
2025-03-07,Infosys,1602.8533935546875
2025-03-10,Infosys,1617.5413818359375
2025-03-11,Infosys,1579.6566162109375
2025-03-12,Infosys,1512.3956298828125
2025-03-13,Infosys,1501.938232421875
2025-03-17,Infosys,1511.63525390625
2025-03-18,Infosys,1511.63525390625
2025-03-19,Infosys,1508.307861328125
2025-03-20,Infosys,1535.8778076171875
2025-03-21,Infosys,1514.0120849609375
2025-03-24,Infosys,1514.2020263671875
2025-03-25,Infosys,1548.1414794921875
2025-03-26,Infosys,1520.5716552734375
2025-03-27,Infosys,1524.469482421875
2025-03-28,Infosys,1493.1920166015625
2025-04-01,Infosys,1451.21923828125
2025-04-02,Infosys,1473.7030029296875
2025-04-03,Infosys,1422.6986083984375
2025-04-04,Infosys,1380.0606689453125
2025-04-07,Infosys,1327.867919921875
2025-04-08,Infosys,1358.33740234375
2025-04-09,Infosys,1334.4752197265625
2025-04-11,Infosys,1339.941650390625
2025-04-15,Infosys,1355.675537109375
2025-04-16,Infosys,1343.4117431640625
2025-04-17,Infosys,1349.49609375
2025-04-21,Infosys,1379.442626953125
2025-04-22,Infosys,1352.63330078125
2025-04-23,Infosys,1402.1639404296875
2025-04-24,Infosys,1398.8365478515625
2025-04-25,Infosys,1407.2025146484375
2025-04-28,Infosys,1409.0087890625
2025-04-29,Infosys,1423.6494140625
2025-04-30,Infosys,1426.12109375
2025-05-02,Infosys,1432.5858154296875
2025-05-05,Infosys,1434.2020263671875
2025-05-06,Infosys,1436.958984375
2025-05-07,Infosys,1433.9168701171875
2025-05-08,Infosys,1436.864013671875
2025-05-09,Infosys,1433.2513427734375
2025-05-12,Infosys,1546.66796875
2025-05-13,Infosys,1491.2430419921875
2025-05-14,Infosys,1513.869384765625
2025-05-15,Infosys,1533.453369140625
2025-05-16,Infosys,1511.49267578125
2025-05-19,Infosys,1482.876953125
2025-05-20,Infosys,1483.637451171875
2025-05-21,Infosys,1491.14794921875
2025-05-22,Infosys,1471.18359375
2025-05-23,Infosys,1487.6304931640625
2025-05-26,Infosys,1502.5560302734375
2025-05-27,Infosys,1492.6690673828125
2025-05-28,Infosys,1494.2852783203125
2025-05-29,Infosys,1507.4046630859375
2025-05-30,Infosys,1506.5369873046875
2025-06-02,Infosys,1497.9569091796875
2025-06-03,Infosys,1487.5450439453125
2025-06-04,Infosys,1495.4503173828125
2025-06-05,Infosys,1498.43896484375
2025-06-06,Infosys,1507.5975341796875
2025-06-09,Infosys,1516.3704833984375
2025-06-10,Infosys,1538.6402587890625
2025-06-11,Infosys,1572.4786376953125
2025-06-12,Infosys,1550.7874755859375
2025-06-13,Infosys,1544.4246826171875
2025-06-16,Infosys,1565.441162109375
2025-06-17,Infosys,1580.962646484375
2025-06-18,Infosys,1574.214111328125
2025-06-19,Infosys,1560.2352294921875
2025-06-20,Infosys,1564.573486328125
2025-06-23,Infosys,1527.071533203125
2025-06-24,Infosys,1524.7576904296875
2025-06-25,Infosys,1556.8609619140625
2025-06-26,Infosys,1557.9215087890625
2025-06-27,Infosys,1550.208984375
2025-06-30,Infosys,1544.2318115234375
2025-07-01,Infosys,1549.0521240234375
2025-07-02,Infosys,1552.619140625
2025-07-03,Infosys,1560.5244140625
2025-07-04,Infosys,1581.7337646484375
2025-07-07,Infosys,1568.526123046875
2025-07-08,Infosys,1579.8056640625
2025-07-09,Infosys,1574.9852294921875
2025-07-10,Infosys,1557.7286376953125
2025-07-11,Infosys,1537.579833984375
2025-07-14,Infosys,1513.8638916015625
2025-07-15,Infosys,1528.614013671875
2025-07-16,Infosys,1550.112548828125
2025-07-17,Infosys,1526.5894775390625
2025-07-18,Infosys,1529.0960693359375
2025-07-21,Infosys,1527.36083984375
2025-07-22,Infosys,1514.4423828125
2025-07-23,Infosys,1517.9129638671875
2025-07-24,Infosys,1496.70361328125
2025-07-25,Infosys,1461.2261962890625
2025-07-28,Infosys,1461.515380859375
2025-07-29,Infosys,1459.2979736328125
2025-07-30,Infosys,1464.40771484375
2025-07-31,Infosys,1454.76708984375
2025-08-01,Infosys,1416.782958984375
2025-08-04,Infosys,1427.291259765625
2025-08-05,Infosys,1407.8173828125
2025-08-06,Infosys,1385.0654296875
2025-08-07,Infosys,1385.25830078125
2025-08-08,Infosys,1371.9542236328125
2025-08-11,Infosys,1376.8709716796875
2025-08-12,Infosys,1372.918212890625
2025-08-13,Infosys,1375.328369140625
2025-08-14,Infosys,1395.6700439453125
2025-08-18,Infosys,1384.1978759765625
2025-08-19,Infosys,1388.246826171875
2025-08-20,Infosys,1442.427001953125
2025-08-21,Infosys,1442.619873046875
2025-08-22,Infosys,1434.0396728515625
2025-08-25,Infosys,1477.0367431640625
2025-08-26,Infosys,1474.6265869140625
2025-08-28,Infosys,1446.1868896484375
2025-08-29,Infosys,1416.782958984375
2025-09-01,Infosys,1445.511962890625
2025-09-02,Infosys,1444.837158203125
2025-09-03,Infosys,1425.941650390625
2025-09-04,Infosys,1410.420166015625
2025-09-05,Infosys,1392.6815185546875
2025-09-08,Infosys,1381.4019775390625
2025-09-09,Infosys,1450.2359619140625
2025-09-10,Infosys,1477.518798828125
2025-09-11,Infosys,1455.4417724609375
2025-09-12,Infosys,1470.7703857421875
2025-09-15,Infosys,1454.1885986328125
2025-09-16,Infosys,1456.9844970703125
2025-09-17,Infosys,1467.685546875
2025-09-18,Infosys,1485.2313232421875
2025-09-19,Infosys,1484.845703125
2025-09-22,Infosys,1445.6083984375
2025-09-23,Infosys,1443.6802978515625
2025-09-24,Infosys,1440.884521484375
2025-09-25,Infosys,1431.4368896484375
2025-09-26,Infosys,1396.8270263671875
2025-09-29,Infosys,1389.982177734375
2025-09-30,Infosys,1389.982177734375
2025-10-01,Infosys,1393.8385009765625
2025-10-03,Infosys,1394.609619140625
2025-10-06,Infosys,1422.9530029296875
2025-10-07,Infosys,1406.0819091796875
2025-10-08,Infosys,1441.2701416015625
2025-10-09,Infosys,1455.0562744140625
2025-10-10,Infosys,1460.4549560546875
2025-10-13,Infosys,1439.5347900390625
2025-10-14,Infosys,1436.353515625
2025-10-15,Infosys,1421.4105224609375
2025-10-16,Infosys,1418.61474609375
2025-10-17,Infosys,1389.3072509765625
2025-10-20,Infosys,1408.395751953125
2025-10-21,Infosys,1419.482421875
2025-10-23,Infosys,1473.566162109375
2025-10-24,Infosys,1470.57763671875
2025-10-27,Infosys,1472.633056640625
2025-10-28,Infosys,1468.4241943359375
2025-10-29,Infosys,1478.408203125
2025-10-30,Infosys,1462.1597900390625
2025-10-31,Infosys,1450.9034423828125
2025-11-03,Infosys,1454.0355224609375
2025-11-04,Infosys,1436.808349609375
2025-11-06,Infosys,1435.6336669921875
2025-11-07,Infosys,1445.5198974609375
2025-11-10,Infosys,1481.4425048828125
2025-11-11,Infosys,1497.88671875
2025-11-12,Infosys,1518.8333740234375
2025-11-13,Infosys,1509.14306640625
2025-11-14,Infosys,1470.9691162109375
2025-11-17,Infosys,1475.66748046875
2025-11-18,Infosys,1454.91650390625
2025-11-19,Infosys,1508.4578857421875
2025-11-20,Infosys,1503.955322265625
2025-11-21,Infosys,1512.2752685546875
2025-11-24,Infosys,1515.2117919921875
2025-11-25,Infosys,1498.1802978515625
2025-11-26,Infosys,1524.902099609375
2025-11-27,Infosys,1533.2220458984375
2025-11-28,Infosys,1527.055419921875
2025-12-01,Infosys,1530.872802734375
2025-12-02,Infosys,1527.9364013671875
2025-12-03,Infosys,1545.261474609375
2025-12-04,Infosys,1563.7611083984375
2025-12-05,Infosys,1581.9671630859375
2025-12-08,Infosys,1576.681640625
2025-12-09,Infosys,1565.1314697265625
2025-12-10,Infosys,1551.2322998046875
2025-12-11,Infosys,1564.1527099609375
2025-12-12,Infosys,1564.348388671875
2025-12-15,Infosys,1572.766357421875
2025-12-16,Infosys,1559.1607666015625
2025-12-17,Infosys,1568.0679931640625
2025-12-18,Infosys,1592.3427734375
2025-12-19,Infosys,1603.9906005859375
2025-12-22,Infosys,1653.8125
2025-12-23,Infosys,1632.9637451171875
2025-12-24,Infosys,1628.16748046875
2025-12-26,Infosys,1621.0220947265625
2025-12-29,Infosys,1609.863525390625
2025-12-30,Infosys,1587.2528076171875
2025-12-31,Infosys,1581.1842041015625
2026-01-01,Infosys,1595.2791748046875
2026-01-02,Infosys,1605.6546630859375
2026-01-05,Infosys,1572.374755859375
2026-01-06,Infosys,1578.0518798828125
2026-01-07,Infosys,1604.2843017578125
2026-01-08,Infosys,1579.128662109375
2026-01-09,Infosys,1579.91162109375
2026-01-12,Infosys,1562.09716796875
2026-01-13,Infosys,1565.1314697265625
2026-01-14,Infosys,1565.91455078125
2026-01-15,Infosys,1565.91455078125
2026-01-16,Infosys,1654.00830078125
2026-01-19,Infosys,1645.59033203125
2026-01-20,Infosys,1623.7628173828125
2026-01-21,Infosys,1619.358154296875
2026-01-22,Infosys,1628.265380859375
2026-01-23,Infosys,1635.4107666015625
2026-01-27,Infosys,1647.05859375
2026-01-28,Infosys,1631.2017822265625
2026-01-29,Infosys,1624.35009765625
2026-01-30,Infosys,1606.241943359375
2026-02-02,Infosys,1594.8875732421875
2026-02-03,Infosys,1620.9241943359375
2026-02-04,Infosys,1503.2701416015625
2026-02-05,Infosys,1488.00048828125
2026-02-06,Infosys,1475.177978515625
2026-02-09,Infosys,1465.4876708984375
2026-02-10,Infosys,1466.0750732421875
2026-02-11,Infosys,1440.7236328125
2026-02-12,Infosys,1356.64306640625
2026-02-13,Infosys,1340.1009521484375
2026-02-16,Infosys,1336.6751708984375
2026-02-17,Infosys,1361.73291015625
2026-02-18,Infosys,1344.603515625
2026-02-19,Infosys,1341.471435546875
2026-02-20,Infosys,1324.5377197265625
2026-02-23,Infosys,1299.3822021484375
2026-02-24,Infosys,1248.4835205078125
2026-02-25,Infosys,1262.7742919921875
2026-02-26,Infosys,1261.7955322265625
2026-02-27,Infosys,1272.5625
2026-03-02,Infosys,1261.5997314453125
2026-03-04,Infosys,1279.7078857421875
2026-03-05,Infosys,1278.141845703125
2026-03-06,Infosys,1280.686767578125
2026-03-09,Infosys,1287.14697265625
2026-03-10,Infosys,1268.1578369140625
2026-03-11,Infosys,1249.2667236328125
2026-03-12,Infosys,1238.9891357421875
2026-03-13,Infosys,1221.8597412109375
2026-03-16,Infosys,1223.3280029296875
2026-03-17,Infosys,1206.785888671875
2026-03-18,Infosys,1240.261474609375
2026-03-19,Infosys,1194.9422607421875
2026-03-20,Infosys,1229.2987060546875
2026-03-23,Infosys,1230.1796875
2026-03-24,Infosys,1251.224365234375
2026-03-25,Infosys,1252.00732421875
2026-03-27,Infosys,1242.806396484375
2026-03-30,Infosys,1224.1109619140625
2026-04-01,Infosys,1248.6793212890625
2026-04-02,Infosys,1273.247802734375
2026-04-06,Infosys,1278.5333251953125
2026-04-07,Infosys,1311.0301513671875
2026-04-08,Infosys,1317.68603515625
2026-04-09,Infosys,1303.395263671875
2026-04-10,Infosys,1265.12353515625
2026-04-13,Infosys,1249.756103515625
2026-04-15,Infosys,1277.6524658203125
2026-04-16,Infosys,1291.2579345703125
2026-04-17,Infosys,1290.7685546875
2026-04-20,Infosys,1284.7977294921875
2026-04-21,Infosys,1285.385009765625
2026-04-22,Infosys,1241.729736328125
2026-04-23,Infosys,1214.32275390625
2026-04-24,Infosys,1130.144287109375
2026-04-27,Infosys,1145.5118408203125
2026-04-28,Infosys,1127.697265625
2026-04-29,Infosys,1142.7711181640625
2026-04-30,Infosys,1156.768310546875
2026-05-01,Infosys,1156.768310546875
2026-05-04,Infosys,1143.652099609375
2026-05-05,Infosys,1153.1466064453125
2026-05-06,Infosys,1142.4774169921875
2026-05-07,Infosys,1138.07275390625
2026-05-08,Infosys,1154.2232666015625
2026-05-11,Infosys,1152.0699462890625
2026-05-12,Infosys,1116.1473388671875
2026-05-13,Infosys,1099.3115234375
2026-05-14,Infosys,1071.8067626953125
2026-05-15,Infosys,1095.2984619140625
2026-05-18,Infosys,1118.3006591796875
2026-05-19,Infosys,1171.5484619140625
2026-05-20,Infosys,1168.4161376953125
2026-05-21,Infosys,1156.180908203125
2026-05-22,Infosys,1149.622802734375
2026-05-25,Infosys,1143.75
2026-05-26,Infosys,1142.966796875
2026-05-27,Infosys,1135.3321533203125
2026-05-28,Infosys,1135.3321533203125
2026-05-29,Infosys,1136.3109130859375
2026-06-01,Infosys,1177.02978515625
2026-06-02,Infosys,1243.8831787109375
2026-06-03,Infosys,1196.7039794921875
2026-06-04,Infosys,1175.855224609375
2026-06-05,Infosys,1172.1357421875
2026-06-08,Infosys,1162.4453125
2026-06-09,Infosys,1155.300048828125
2026-06-10,Infosys,1145.300048828125
2026-06-11,Infosys,1114.5999755859375
2026-06-12,Infosys,1116.4000244140625
2026-06-15,Infosys,1134.9000244140625
2026-06-16,Infosys,1143.5999755859375
2026-06-17,Infosys,1157.699951171875
2026-06-18,Infosys,1127.5
2026-06-19,Infosys,1051.4000244140625
2026-06-22,Infosys,1065.4000244140625
2026-06-23,Infosys,1029.300048828125
2026-06-24,Infosys,1056.5999755859375
2026-06-25,Infosys,1041.199951171875
2026-06-26,Infosys,1041.199951171875
2026-06-29,Infosys,1036.699951171875
2026-06-30,Infosys,1000.4000244140625
2026-07-01,Infosys,985.2999877929688
2026-07-02,Infosys,1040.9000244140625
2026-07-03,Infosys,1047.199951171875
2026-07-06,Infosys,1042.199951171875
2026-07-07,Infosys,1071.800048828125
2026-07-08,Infosys,1069.300048828125
2026-07-09,Infosys,1050.800048828125
2026-07-10,Infosys,1068.0
2026-07-13,Infosys,1102.5999755859375
2026-07-14,Infosys,1092.9000244140625
2026-07-15,Infosys,1076.300048828125
2026-07-16,Infosys,1082.4000244140625
2026-07-17,Infosys,1096.5
2026-07-20,Infosys,1087.0999755859375
2026-07-21,Infosys,1073.5
2026-07-22,Infosys,1052.0999755859375
2026-07-23,Infosys,1047.4000244140625
2026-07-24,Infosys,1040.9000244140625
2026-07-27,Infosys,1079.199951171875
2026-07-28,Infosys,1105.699951171875
2026-07-29,Infosys,1155.5999755859375
2026-07-30,Infosys,1155.0999755859375
2026-07-31,Infosys,1130.0999755859375
2026-08-03,Infosys,1180.0
2026-08-04,Infosys,1167.5
2026-08-05,Infosys,1174.0
2020-01-01,Reliance Industries,672.2161865234375
2020-01-02,Reliance Industries,683.6602783203125
2020-01-03,Reliance Industries,684.4840698242188
2020-01-06,Reliance Industries,668.6093139648438
2020-01-07,Reliance Industries,678.8956909179688
2020-01-08,Reliance Industries,673.7969970703125
2020-01-09,Reliance Industries,689.3154907226562
2020-01-10,Reliance Industries,689.1596069335938
2020-01-13,Reliance Industries,687.4007568359375
2020-01-14,Reliance Industries,681.0330810546875
2020-01-15,Reliance Industries,678.5616455078125
2020-01-16,Reliance Industries,684.8179931640625
2020-01-17,Reliance Industries,704.01025390625
2020-01-20,Reliance Industries,682.3466186523438
2020-01-21,Reliance Industries,683.036865234375
2020-01-22,Reliance Industries,682.7919311523438
2020-01-23,Reliance Industries,679.8975219726562
2020-01-24,Reliance Industries,677.5375366210938
2020-01-27,Reliance Industries,670.858154296875
2020-01-28,Reliance Industries,655.3617553710938
2020-01-29,Reliance Industries,658.9686279296875
2020-01-30,Reliance Industries,642.8936157226562
2020-01-31,Reliance Industries,628.5995483398438
2020-02-03,Reliance Industries,616.9552001953125
2020-02-04,Reliance Industries,635.167724609375
2020-02-05,Reliance Industries,645.0086059570312
2020-02-06,Reliance Industries,649.14990234375
2020-02-07,Reliance Industries,638.3961791992188
2020-02-10,Reliance Industries,639.2644653320312
2020-02-11,Reliance Industries,646.9011840820312
2020-02-12,Reliance Industries,654.7161254882812
2020-02-13,Reliance Industries,656.4304809570312
2020-02-14,Reliance Industries,662.4197998046875
2020-02-17,Reliance Industries,658.2561645507812
2020-02-18,Reliance Industries,653.4246826171875
2020-02-19,Reliance Industries,669.633544921875
2020-02-20,Reliance Industries,661.6849975585938
2020-02-24,Reliance Industries,643.4278564453125
2020-02-25,Reliance Industries,630.71484375
2020-02-26,Reliance Industries,619.849609375
2020-02-27,Reliance Industries,617.2891235351562
2020-02-28,Reliance Industries,591.6400756835938
2020-03-02,Reliance Industries,586.0740356445312
2020-03-03,Reliance Industries,597.96337890625
2020-03-04,Reliance Industries,596.5606689453125
2020-03-05,Reliance Industries,583.84765625
2020-03-06,Reliance Industries,565.9689331054688
2020-03-09,Reliance Industries,496.1245422363281
2020-03-11,Reliance Industries,513.6691284179688
2020-03-12,Reliance Industries,473.3477783203125
2020-03-13,Reliance Industries,492.1837158203125
2020-03-16,Reliance Industries,452.2853698730469
2020-03-17,Reliance Industries,448.8565979003906
2020-03-18,Reliance Industries,431.2674560546875
2020-03-19,Reliance Industries,408.64654541015625
2020-03-20,Reliance Industries,453.2872619628906
2020-03-23,Reliance Industries,393.6623840332031
2020-03-24,Reliance Industries,420.090576171875
2020-03-25,Reliance Industries,481.919677734375
2020-03-26,Reliance Industries,474.7727355957031
2020-03-27,Reliance Industries,474.50555419921875
2020-03-30,Reliance Industries,458.85345458984375
2020-03-31,Reliance Industries,495.94647216796875
2020-04-01,Reliance Industries,481.1181945800781
2020-04-03,Reliance Industries,479.78228759765625
2020-04-07,Reliance Industries,537.0693969726562
2020-04-08,Reliance Industries,530.8574829101562
2020-04-09,Reliance Industries,543.2366943359375
2020-04-13,Reliance Industries,529.5216674804688
2020-04-15,Reliance Industries,512.0216064453125
2020-04-16,Reliance Industries,520.1259155273438
2020-04-17,Reliance Industries,545.0401000976562
2020-04-20,Reliance Industries,553.85693359375
2020-04-21,Reliance Industries,550.9849243164062
2020-04-22,Reliance Industries,607.2031860351562
2020-04-23,Reliance Industries,610.4539184570312
2020-04-24,Reliance Industries,630.98193359375
2020-04-27,Reliance Industries,636.659423828125
2020-04-28,Reliance Industries,635.9469604492188
2020-04-29,Reliance Industries,635.41259765625
2020-04-30,Reliance Industries,652.8013916015625
2020-05-04,Reliance Industries,639.0862426757812
2020-05-05,Reliance Industries,650.4190063476562
2020-05-06,Reliance Industries,650.4637451171875
2020-05-07,Reliance Industries,671.0361328125
2020-05-08,Reliance Industries,695.4605712890625
2020-05-11,Reliance Industries,702.1399536132812
2020-05-12,Reliance Industries,658.7014770507812
2020-05-13,Reliance Industries,672.677001953125
2020-05-14,Reliance Industries,645.4812622070312
2020-05-15,Reliance Industries,656.0224609375
2020-05-18,Reliance Industries,647.6389770507812
2020-05-19,Reliance Industries,633.3219604492188
2020-05-20,Reliance Industries,644.469970703125
2020-05-21,Reliance Industries,647.86376953125
2020-05-22,Reliance Industries,643.5034790039062
2020-05-26,Reliance Industries,640.132080078125
2020-05-27,Reliance Industries,649.7967529296875
2020-05-28,Reliance Industries,661.7987670898438
2020-05-29,Reliance Industries,658.2700805664062
2020-06-01,Reliance Industries,683.42041015625
2020-06-02,Reliance Industries,690.3204956054688
2020-06-03,Reliance Industries,692.9951171875
2020-06-04,Reliance Industries,710.14404296875
2020-06-05,Reliance Industries,710.9981079101562
2020-06-08,Reliance Industries,705.5140380859375
2020-06-09,Reliance Industries,690.9722900390625
2020-06-10,Reliance Industries,706.7053833007812
2020-06-11,Reliance Industries,691.2195434570312
2020-06-12,Reliance Industries,714.189697265625
2020-06-15,Reliance Industries,725.7647705078125
2020-06-16,Reliance Industries,727.1807861328125
2020-06-17,Reliance Industries,726.1243286132812
2020-06-18,Reliance Industries,744.3522338867188
2020-06-19,Reliance Industries,790.8770751953125
2020-06-22,Reliance Industries,784.9210815429688
2020-06-23,Reliance Industries,773.5706787109375
2020-06-24,Reliance Industries,776.6947631835938
2020-06-25,Reliance Industries,772.22216796875
2020-06-26,Reliance Industries,782.8980712890625
2020-06-29,Reliance Industries,774.5820922851562
2020-06-30,Reliance Industries,766.0188598632812
2020-07-01,Reliance Industries,781.0775146484375
2020-07-02,Reliance Industries,794.524169921875
2020-07-03,Reliance Industries,806.958740234375
2020-07-06,Reliance Industries,835.799560546875
2020-07-07,Reliance Industries,823.00390625
2020-07-08,Reliance Industries,811.5172119140625
2020-07-09,Reliance Industries,823.3650512695312
2020-07-10,Reliance Industries,847.6475219726562
2020-07-13,Reliance Industries,873.3515625
2020-07-14,Reliance Industries,865.2273559570312
2020-07-15,Reliance Industries,832.2791748046875
2020-07-16,Reliance Industries,832.0083618164062
2020-07-17,Reliance Industries,862.835205078125
2020-07-20,Reliance Industries,866.5361328125
2020-07-21,Reliance Industries,889.8480834960938
2020-07-22,Reliance Industries,904.4943237304688
2020-07-23,Reliance Industries,928.7765502929688
2020-07-24,Reliance Industries,968.65283203125
2020-07-27,Reliance Industries,973.1887817382812
2020-07-28,Reliance Industries,982.8927612304688
2020-07-29,Reliance Industries,946.311279296875
2020-07-30,Reliance Industries,951.8177490234375
2020-07-31,Reliance Industries,932.9740600585938
2020-08-03,Reliance Industries,906.7509765625
2020-08-04,Reliance Industries,970.6612548828125
2020-08-05,Reliance Industries,959.7614135742188
2020-08-06,Reliance Industries,963.2140502929688
2020-08-07,Reliance Industries,968.7882080078125
2020-08-10,Reliance Industries,956.782470703125
2020-08-11,Reliance Industries,963.0787963867188
2020-08-12,Reliance Industries,960.2802734375
2020-08-13,Reliance Industries,957.775390625
2020-08-14,Reliance Industries,954.0518798828125
2020-08-17,Reliance Industries,943.919189453125
2020-08-18,Reliance Industries,956.1957397460938
2020-08-19,Reliance Industries,962.0632934570312
2020-08-20,Reliance Industries,946.4918212890625
2020-08-21,Reliance Industries,939.6314086914062
2020-08-24,Reliance Industries,945.9050903320312
2020-08-25,Reliance Industries,939.7442016601562
2020-08-26,Reliance Industries,964.6583251953125
2020-08-27,Reliance Industries,952.6076049804688
2020-08-28,Reliance Industries,955.112548828125
2020-08-31,Reliance Industries,939.1123657226562
2020-09-01,Reliance Industries,942.0687255859375
2020-09-02,Reliance Industries,960.5511474609375
2020-09-03,Reliance Industries,953.2845458984375
2020-09-04,Reliance Industries,937.55517578125
2020-09-07,Reliance Industries,939.992431640625
2020-09-08,Reliance Industries,951.0278930664062
2020-09-09,Reliance Industries,975.5132446289062
2020-09-10,Reliance Industries,1044.4110107421875
2020-09-11,Reliance Industries,1047.006103515625
2020-09-14,Reliance Industries,1039.2430419921875
2020-09-15,Reliance Industries,1046.60009765625
2020-09-16,Reliance Industries,1049.172607421875
2020-09-17,Reliance Industries,1037.5281982421875
2020-09-18,Reliance Industries,1040.664794921875
2020-09-21,Reliance Industries,1018.1653442382812
2020-09-22,Reliance Industries,997.990234375
2020-09-23,Reliance Industries,1006.8590698242188
2020-09-24,Reliance Industries,984.4724731445312
2020-09-25,Reliance Industries,993.7250366210938
2020-09-28,Reliance Industries,1000.2921752929688
2020-09-29,Reliance Industries,1013.2908325195312
2020-09-30,Reliance Industries,1008.4613647460938
2020-10-01,Reliance Industries,1004.3541259765625
2020-10-05,Reliance Industries,998.464111328125
2020-10-06,Reliance Industries,997.629150390625
2020-10-07,Reliance Industries,1018.91015625
2020-10-08,Reliance Industries,1010.6729736328125
2020-10-09,Reliance Industries,1008.0552368164062
2020-10-12,Reliance Industries,1009.6799926757812
2020-10-13,Reliance Industries,1029.38134765625
2020-10-14,Reliance Industries,1032.450439453125
2020-10-15,Reliance Industries,995.8914794921875
2020-10-16,Reliance Industries,982.03515625
2020-10-19,Reliance Industries,982.2157592773438
2020-10-20,Reliance Industries,973.0535278320312
2020-10-21,Reliance Industries,958.9263916015625
2020-10-22,Reliance Industries,950.9601440429688
2020-10-23,Reliance Industries,953.7133178710938
2020-10-26,Reliance Industries,915.822998046875
2020-10-27,Reliance Industries,918.26025390625
2020-10-28,Reliance Industries,907.8567504882812
2020-10-29,Reliance Industries,914.8299560546875
2020-10-30,Reliance Industries,927.287109375
2020-11-02,Reliance Industries,847.3765869140625
2020-11-03,Reliance Industries,835.167724609375
2020-11-04,Reliance Industries,863.5120849609375
2020-11-05,Reliance Industries,882.3783569335938
2020-11-06,Reliance Industries,915.8455200195312
2020-11-09,Reliance Industries,925.5720825195312
2020-11-10,Reliance Industries,940.8500366210938
2020-11-11,Reliance Industries,901.4251098632812
2020-11-12,Reliance Industries,893.6619262695312
2020-11-13,Reliance Industries,901.06396484375
2020-11-14,Reliance Industries,903.7269287109375
2020-11-17,Reliance Industries,899.642333984375
2020-11-18,Reliance Industries,896.91162109375
2020-11-19,Reliance Industries,890.5701904296875
2020-11-20,Reliance Industries,857.3287353515625
2020-11-23,Reliance Industries,880.4376220703125
2020-11-24,Reliance Industries,886.4630126953125
2020-11-25,Reliance Industries,879.128662109375
2020-11-26,Reliance Industries,881.2951049804688
2020-11-27,Reliance Industries,871.0045166015625
2020-12-01,Reliance Industries,882.3331909179688
2020-12-02,Reliance Industries,883.8001098632812
2020-12-03,Reliance Industries,886.4630126953125
2020-12-04,Reliance Industries,878.65478515625
2020-12-07,Reliance Industries,883.8226318359375
2020-12-08,Reliance Industries,899.867919921875
2020-12-09,Reliance Industries,914.8526000976562
2020-12-10,Reliance Industries,905.8482055664062
2020-12-11,Reliance Industries,905.306640625
2020-12-14,Reliance Industries,898.7620849609375
2020-12-15,Reliance Industries,891.1118774414062
2020-12-16,Reliance Industries,892.1047973632812
2020-12-17,Reliance Industries,896.189453125
2020-12-18,Reliance Industries,898.875
2020-12-21,Reliance Industries,875.4727172851562
2020-12-22,Reliance Industries,874.1188354492188
2020-12-23,Reliance Industries,877.3458862304688
2020-12-24,Reliance Industries,900.0485229492188
2020-12-28,Reliance Industries,904.1783447265625
2020-12-29,Reliance Industries,898.197998046875
2020-12-30,Reliance Industries,900.6577758789062
2020-12-31,Reliance Industries,896.0540771484375
2021-01-01,Reliance Industries,897.0470581054688
2021-01-04,Reliance Industries,898.5590209960938
2021-01-05,Reliance Industries,887.3883056640625
2021-01-06,Reliance Industries,863.9861450195312
2021-01-07,Reliance Industries,862.5869140625
2021-01-08,Reliance Industries,872.7646484375
2021-01-11,Reliance Industries,856.3131713867188
2021-01-12,Reliance Industries,883.3036499023438
2021-01-13,Reliance Industries,875.0665283203125
2021-01-14,Reliance Industries,884.9058837890625
2021-01-15,Reliance Industries,874.457275390625
2021-01-18,Reliance Industries,895.4447631835938
2021-01-19,Reliance Industries,910.0908813476562
2021-01-20,Reliance Industries,927.3773803710938
2021-01-21,Reliance Industries,947.552490234375
2021-01-22,Reliance Industries,925.0755615234375
2021-01-25,Reliance Industries,876.0595092773438
2021-01-27,Reliance Industries,855.2977294921875
2021-01-28,Reliance Industries,846.9703369140625
2021-01-29,Reliance Industries,831.3538208007812
2021-02-01,Reliance Industries,855.43310546875
2021-02-02,Reliance Industries,869.1991577148438
2021-02-03,Reliance Industries,871.38818359375
2021-02-04,Reliance Industries,868.5220336914062
2021-02-05,Reliance Industries,868.2738037109375
2021-02-08,Reliance Industries,880.776123046875
2021-02-09,Reliance Industries,882.8973999023438
2021-02-10,Reliance Industries,891.0892333984375
2021-02-11,Reliance Industries,927.8287963867188
2021-02-12,Reliance Industries,921.4647827148438
2021-02-15,Reliance Industries,917.402587890625
2021-02-16,Reliance Industries,929.5438232421875
2021-02-17,Reliance Industries,940.2633056640625
2021-02-18,Reliance Industries,933.244873046875
2021-02-19,Reliance Industries,938.9318237304688
2021-02-22,Reliance Industries,906.3447265625
2021-02-23,Reliance Industries,913.2728881835938
2021-02-24,Reliance Industries,930.2208862304688
2021-02-25,Reliance Industries,967.8405151367188
2021-02-26,Reliance Industries,941.4142456054688
2021-03-01,Reliance Industries,948.5906372070312
2021-03-02,Reliance Industries,950.5313720703125
2021-03-03,Reliance Industries,993.9056396484375
2021-03-04,Reliance Industries,982.0576782226562
2021-03-05,Reliance Industries,983.3440551757812
2021-03-08,Reliance Industries,988.9407958984375
2021-03-09,Reliance Industries,988.9180908203125
2021-03-10,Reliance Industries,984.8108520507812
2021-03-12,Reliance Industries,964.7939453125
2021-03-15,Reliance Industries,951.8402099609375
2021-03-16,Reliance Industries,948.0941162109375
2021-03-17,Reliance Industries,927.6707153320312
2021-03-18,Reliance Industries,906.7960815429688
2021-03-19,Reliance Industries,939.6990356445312
2021-03-22,Reliance Industries,930.8526611328125
2021-03-23,Reliance Industries,942.1814575195312
2021-03-24,Reliance Industries,924.0374755859375
2021-03-25,Reliance Industries,898.8297729492188
2021-03-26,Reliance Industries,900.274169921875
2021-03-30,Reliance Industries,915.9132690429688
2021-03-31,Reliance Industries,904.0880737304688
2021-04-01,Reliance Industries,912.5506591796875
2021-04-05,Reliance Industries,899.3489379882812
2021-04-06,Reliance Industries,895.602783203125
2021-04-07,Reliance Industries,903.9751586914062
2021-04-08,Reliance Industries,905.1035766601562
2021-04-09,Reliance Industries,894.5872802734375
2021-04-12,Reliance Industries,862.5869140625
2021-04-13,Reliance Industries,871.9071655273438
2021-04-15,Reliance Industries,877.5489501953125
2021-04-16,Reliance Industries,872.0425415039062
2021-04-19,Reliance Industries,858.3217163085938
2021-04-20,Reliance Industries,858.0734252929688
2021-04-22,Reliance Industries,860.4430541992188
2021-04-23,Reliance Industries,859.5177612304688
2021-04-26,Reliance Industries,874.6378173828125
2021-04-27,Reliance Industries,897.5661010742188
2021-04-28,Reliance Industries,901.47021484375
2021-04-29,Reliance Industries,913.5437622070312
2021-04-30,Reliance Industries,900.2064819335938
2021-05-03,Reliance Industries,884.206298828125
2021-05-04,Reliance Industries,865.046630859375
2021-05-05,Reliance Industries,866.62646484375
2021-05-06,Reliance Industries,871.546142578125
2021-05-07,Reliance Industries,871.8845825195312
2021-05-10,Reliance Industries,869.3795776367188
2021-05-11,Reliance Industries,872.5164794921875
2021-05-12,Reliance Industries,863.4896240234375
2021-05-14,Reliance Industries,874.3895874023438
2021-05-17,Reliance Industries,884.7930908203125
2021-05-18,Reliance Industries,897.2501831054688
2021-05-19,Reliance Industries,901.357421875
2021-05-20,Reliance Industries,896.0991821289062
2021-05-21,Reliance Industries,903.8397216796875
2021-05-24,Reliance Industries,896.2120361328125
2021-05-25,Reliance Industries,886.0568237304688
2021-05-26,Reliance Industries,889.1710205078125
2021-05-27,Reliance Industries,891.9017333984375
2021-05-28,Reliance Industries,945.476318359375
2021-05-31,Reliance Industries,975.0393676757812
2021-06-01,Reliance Industries,978.9209594726562
2021-06-02,Reliance Industries,993.52197265625
2021-06-03,Reliance Industries,997.313232421875
2021-06-04,Reliance Industries,988.6700439453125
2021-06-07,Reliance Industries,1005.3245849609375
2021-06-08,Reliance Industries,999.54736328125
2021-06-09,Reliance Industries,981.6741333007812
2021-06-10,Reliance Industries,985.2849731445312
2021-06-11,Reliance Industries,1002.3751831054688
2021-06-14,Reliance Industries,1016.7554321289062
2021-06-15,Reliance Industries,1019.065185546875
2021-06-16,Reliance Industries,1001.6731567382812
2021-06-17,Reliance Industries,1003.5075073242188
2021-06-18,Reliance Industries,1008.0366821289062
2021-06-21,Reliance Industries,1013.2905883789062
2021-06-22,Reliance Industries,1008.08203125
2021-06-23,Reliance Industries,998.8425903320312
2021-06-24,Reliance Industries,975.3587036132812
2021-06-25,Reliance Industries,953.1431274414062
2021-06-28,Reliance Industries,944.7867431640625
2021-06-29,Reliance Industries,945.6021118164062
2021-06-30,Reliance Industries,955.9511108398438
2021-07-01,Reliance Industries,950.1991577148438
2021-07-02,Reliance Industries,964.284912109375
2021-07-05,Reliance Industries,973.8641357421875
2021-07-06,Reliance Industries,962.3599853515625
2021-07-07,Reliance Industries,955.6793823242188
2021-07-08,Reliance Industries,947.7760009765625
2021-07-09,Reliance Industries,938.0836181640625
2021-07-12,Reliance Industries,943.9262084960938
2021-07-13,Reliance Industries,950.9918212890625
2021-07-14,Reliance Industries,944.7867431640625
2021-07-15,Reliance Industries,943.1336669921875
2021-07-16,Reliance Industries,956.7437744140625
2021-07-19,Reliance Industries,950.6520385742188
2021-07-20,Reliance Industries,948.3195190429688
2021-07-22,Reliance Industries,960.5029907226562
2021-07-23,Reliance Industries,953.7092895507812
2021-07-26,Reliance Industries,940.6426391601562
2021-07-27,Reliance Industries,930.746337890625
2021-07-28,Reliance Industries,922.7523193359375
2021-07-29,Reliance Industries,929.95361328125
2021-07-30,Reliance Industries,921.8237915039062
2021-08-02,Reliance Industries,938.6724243164062
2021-08-03,Reliance Industries,945.579345703125
2021-08-04,Reliance Industries,952.8261108398438
2021-08-05,Reliance Industries,966.6400756835938
2021-08-06,Reliance Industries,946.1681518554688
2021-08-09,Reliance Industries,940.7784423828125
2021-08-10,Reliance Industries,945.7152709960938
2021-08-11,Reliance Industries,958.9630737304688
2021-08-12,Reliance Industries,955.88330078125
2021-08-13,Reliance Industries,971.8032836914062
2021-08-16,Reliance Industries,984.4170532226562
2021-08-17,Reliance Industries,980.2276000976562
2021-08-18,Reliance Industries,984.0321044921875
2021-08-20,Reliance Industries,972.9808959960938
2021-08-23,Reliance Industries,979.3670654296875
2021-08-24,Reliance Industries,989.036865234375
2021-08-25,Reliance Industries,997.5969848632812
2021-08-26,Reliance Industries,1010.2107543945312
2021-08-27,Reliance Industries,1008.829345703125
2021-08-30,Reliance Industries,1028.23681640625
2021-08-31,Reliance Industries,1022.7565307617188
2021-09-01,Reliance Industries,1026.810302734375
2021-09-02,Reliance Industries,1039.1749267578125
2021-09-03,Reliance Industries,1081.79443359375
2021-09-06,Reliance Industries,1098.5977783203125
2021-09-07,Reliance Industries,1105.52734375
2021-09-08,Reliance Industries,1101.2020263671875
2021-09-09,Reliance Industries,1098.5977783203125
2021-09-13,Reliance Industries,1074.117431640625
2021-09-14,Reliance Industries,1072.7135009765625
2021-09-15,Reliance Industries,1077.1748046875
2021-09-16,Reliance Industries,1099.7752685546875
2021-09-17,Reliance Industries,1082.7227783203125
2021-09-20,Reliance Industries,1084.4439697265625
2021-09-21,Reliance Industries,1089.1317138671875
2021-09-22,Reliance Industries,1100.81689453125
2021-09-23,Reliance Industries,1127.7203369140625
2021-09-24,Reliance Industries,1124.459228515625
2021-09-27,Reliance Industries,1143.3685302734375
2021-09-28,Reliance Industries,1154.057373046875
2021-09-29,Reliance Industries,1144.90869140625
2021-09-30,Reliance Industries,1141.013427734375
2021-10-01,Reliance Industries,1143.0289306640625
2021-10-04,Reliance Industries,1157.7261962890625
2021-10-05,Reliance Industries,1181.75341796875
2021-10-06,Reliance Industries,1159.402099609375
2021-10-07,Reliance Industries,1165.0860595703125
2021-10-08,Reliance Industries,1209.85693359375
2021-10-11,Reliance Industries,1201.4327392578125
2021-10-12,Reliance Industries,1208.29443359375
2021-10-13,Reliance Industries,1220.5911865234375
2021-10-14,Reliance Industries,1223.0594482421875
2021-10-18,Reliance Industries,1226.3206787109375
2021-10-19,Reliance Industries,1237.3037109375
2021-10-20,Reliance Industries,1223.0594482421875
2021-10-21,Reliance Industries,1187.7772216796875
2021-10-22,Reliance Industries,1189.99658203125
2021-10-25,Reliance Industries,1178.4017333984375
2021-10-26,Reliance Industries,1205.237060546875
2021-10-27,Reliance Industries,1189.99658203125
2021-10-28,Reliance Industries,1176.9525146484375
2021-10-29,Reliance Industries,1148.712890625
2021-11-01,Reliance Industries,1149.4150390625
2021-11-02,Reliance Industries,1132.6571044921875
2021-11-03,Reliance Industries,1124.8670654296875
2021-11-04,Reliance Industries,1131.77392578125
2021-11-08,Reliance Industries,1133.1781005859375
2021-11-09,Reliance Industries,1142.1231689453125
2021-11-10,Reliance Industries,1154.8955078125
2021-11-11,Reliance Industries,1157.00146484375
2021-11-12,Reliance Industries,1174.4613037109375
2021-11-15,Reliance Industries,1167.5318603515625
2021-11-16,Reliance Industries,1140.402099609375
2021-11-17,Reliance Industries,1115.9898681640625
2021-11-18,Reliance Industries,1120.2017822265625
2021-11-22,Reliance Industries,1070.5848388671875
2021-11-23,Reliance Industries,1080.59423828125
2021-11-24,Reliance Industries,1064.9913330078125
2021-11-25,Reliance Industries,1129.1016845703125
2021-11-26,Reliance Industries,1092.709716796875
2021-11-29,Reliance Industries,1105.799072265625
2021-11-30,Reliance Industries,1089.44873046875
2021-12-01,Reliance Industries,1117.3486328125
2021-12-02,Reliance Industries,1124.52734375
2021-12-03,Reliance Industries,1090.739501953125
2021-12-06,Reliance Industries,1070.06396484375
2021-12-07,Reliance Industries,1078.782470703125
2021-12-08,Reliance Industries,1095.2008056640625
2021-12-09,Reliance Industries,1112.5703125
2021-12-10,Reliance Industries,1113.702392578125
2021-12-13,Reliance Industries,1091.37353515625
2021-12-14,Reliance Industries,1078.0125732421875
2021-12-15,Reliance Industries,1074.8648681640625
2021-12-16,Reliance Industries,1088.769287109375
2021-12-17,Reliance Industries,1060.03173828125
2021-12-20,Reliance Industries,1031.45263671875
2021-12-21,Reliance Industries,1046.8065185546875
2021-12-22,Reliance Industries,1071.64892578125
2021-12-23,Reliance Industries,1071.26416015625
2021-12-24,Reliance Industries,1074.6837158203125
2021-12-27,Reliance Industries,1073.5286865234375
2021-12-28,Reliance Industries,1086.2783203125
2021-12-29,Reliance Industries,1088.13525390625
2021-12-30,Reliance Industries,1068.4786376953125
2021-12-31,Reliance Industries,1072.577392578125
2022-01-03,Reliance Industries,1088.74658203125
2022-01-04,Reliance Industries,1113.3173828125
2022-01-05,Reliance Industries,1118.5260009765625
2022-01-06,Reliance Industries,1094.4761962890625
2022-01-07,Reliance Industries,1103.30810546875
2022-01-10,Reliance Industries,1104.2138671875
2022-01-11,Reliance Industries,1112.16259765625
2022-01-12,Reliance Industries,1141.851318359375
2022-01-13,Reliance Industries,1148.28271484375
2022-01-14,Reliance Industries,1149.9586181640625
2022-01-17,Reliance Industries,1155.959716796875
2022-01-18,Reliance Industries,1142.16845703125
2022-01-19,Reliance Industries,1142.0777587890625
2022-01-20,Reliance Industries,1122.08154296875
2022-01-21,Reliance Industries,1122.2628173828125
2022-01-24,Reliance Industries,1076.9935302734375
2022-01-25,Reliance Industries,1074.8875732421875
2022-01-27,Reliance Industries,1058.96728515625
2022-01-28,Reliance Industries,1057.9482421875
2022-01-31,Reliance Industries,1080.933837890625
2022-02-01,Reliance Industries,1077.3558349609375
2022-02-02,Reliance Industries,1079.552490234375
2022-02-03,Reliance Industries,1065.6025390625
2022-02-04,Reliance Industries,1055.8873291015625
2022-02-07,Reliance Industries,1049.4561767578125
2022-02-08,Reliance Industries,1067.0972900390625
2022-02-09,Reliance Industries,1079.52978515625
2022-02-10,Reliance Industries,1078.420166015625
2022-02-11,Reliance Industries,1076.314208984375
2022-02-14,Reliance Industries,1059.171142578125
2022-02-15,Reliance Industries,1095.1329345703125
2022-02-16,Reliance Industries,1092.8682861328125
2022-02-17,Reliance Industries,1106.704833984375
2022-02-18,Reliance Industries,1098.05419921875
2022-02-21,Reliance Industries,1086.957763671875
2022-02-22,Reliance Industries,1082.0208740234375
2022-02-23,Reliance Industries,1075.249755859375
2022-02-24,Reliance Industries,1021.6695556640625
2022-02-25,Reliance Industries,1034.44189453125
2022-02-28,Reliance Industries,1068.682373046875
2022-03-02,Reliance Industries,1086.3463134765625
2022-03-03,Reliance Industries,1077.1748046875
2022-03-04,Reliance Industries,1053.283447265625
2022-03-07,Reliance Industries,1014.3323974609375
2022-03-08,Reliance Industries,1012.4979248046875
2022-03-09,Reliance Industries,1066.214111328125
2022-03-10,Reliance Industries,1083.4927978515625
2022-03-11,Reliance Industries,1086.6180419921875
2022-03-14,Reliance Industries,1095.5404052734375
2022-03-15,Reliance Industries,1070.4488525390625
2022-03-16,Reliance Industries,1088.520263671875
2022-03-17,Reliance Industries,1124.006591796875
2022-03-21,Reliance Industries,1117.52978515625
2022-03-22,Reliance Industries,1146.4033203125
2022-03-23,Reliance Industries,1150.049072265625
2022-03-24,Reliance Industries,1167.916748046875
2022-03-25,Reliance Industries,1175.7069091796875
2022-03-28,Reliance Industries,1187.528076171875
2022-03-29,Reliance Industries,1187.7999267578125
2022-03-30,Reliance Industries,1210.6270751953125
2022-03-31,Reliance Industries,1193.3255615234375
2022-04-01,Reliance Industries,1202.8819580078125
2022-04-04,Reliance Industries,1206.4375
2022-04-05,Reliance Industries,1189.3851318359375
2022-04-06,Reliance Industries,1186.2147216796875
2022-04-07,Reliance Industries,1165.2899169921875
2022-04-08,Reliance Industries,1184.6748046875
2022-04-11,Reliance Industries,1182.2064208984375
2022-04-12,Reliance Industries,1159.945556640625
2022-04-13,Reliance Industries,1155.6878662109375
2022-04-18,Reliance Industries,1152.1552734375
2022-04-19,Reliance Industries,1196.0655517578125
2022-04-20,Reliance Industries,1231.234619140625
2022-04-21,Reliance Industries,1260.06298828125
2022-04-22,Reliance Industries,1249.509765625
2022-04-25,Reliance Industries,1220.61376953125
2022-04-26,Reliance Industries,1257.1416015625
2022-04-27,Reliance Industries,1258.364501953125
2022-04-28,Reliance Industries,1277.1607666015625
2022-04-29,Reliance Industries,1263.7542724609375
2022-05-02,Reliance Industries,1259.315673828125
2022-05-04,Reliance Industries,1220.0023193359375
2022-05-05,Reliance Industries,1196.1109619140625
2022-05-06,Reliance Industries,1186.9393310546875
2022-05-09,Reliance Industries,1140.5831298828125
2022-05-10,Reliance Industries,1120.813232421875
2022-05-11,Reliance Industries,1109.331787109375
2022-05-12,Reliance Industries,1086.731201171875
2022-05-13,Reliance Industries,1099.050537109375
2022-05-16,Reliance Industries,1099.3223876953125
2022-05-17,Reliance Industries,1145.4974365234375
2022-05-18,Reliance Industries,1149.664306640625
2022-05-19,Reliance Industries,1123.16845703125
2022-05-20,Reliance Industries,1188.660400390625
2022-05-23,Reliance Industries,1180.7117919921875
2022-05-24,Reliance Industries,1184.765380859375
2022-05-25,Reliance Industries,1183.0216064453125
2022-05-26,Reliance Industries,1171.7440185546875
2022-05-27,Reliance Industries,1166.3089599609375
2022-05-30,Reliance Industries,1206.935791015625
2022-05-31,Reliance Industries,1192.3743896484375
2022-06-01,Reliance Industries,1192.75927734375
2022-06-02,Reliance Industries,1233.88427734375
2022-06-03,Reliance Industries,1258.8853759765625
2022-06-06,Reliance Industries,1253.47314453125
2022-06-07,Reliance Industries,1255.828125
2022-06-08,Reliance Industries,1233.7711181640625
2022-06-09,Reliance Industries,1267.6038818359375
2022-06-10,Reliance Industries,1229.3326416015625
2022-06-13,Reliance Industries,1206.0751953125
2022-06-14,Reliance Industries,1190.3134765625
2022-06-15,Reliance Industries,1175.9107666015625
2022-06-16,Reliance Industries,1159.4698486328125
2022-06-17,Reliance Industries,1173.057373046875
2022-06-20,Reliance Industries,1151.7928466796875
2022-06-21,Reliance Industries,1170.38525390625
2022-06-22,Reliance Industries,1134.8311767578125
2022-06-23,Reliance Industries,1116.4200439453125
2022-06-24,Reliance Industries,1132.3175048828125
2022-06-27,Reliance Industries,1128.9656982421875
2022-06-28,Reliance Industries,1144.840576171875
2022-06-29,Reliance Industries,1168.59619140625
2022-06-30,Reliance Industries,1175.616455078125
2022-07-01,Reliance Industries,1090.943359375
2022-07-04,Reliance Industries,1093.2080078125
2022-07-05,Reliance Industries,1102.0625
2022-07-06,Reliance Industries,1092.3699951171875
2022-07-07,Reliance Industries,1081.61328125
2022-07-08,Reliance Industries,1083.1080322265625
2022-07-11,Reliance Industries,1097.8277587890625
2022-07-12,Reliance Industries,1096.2650146484375
2022-07-13,Reliance Industries,1076.8350830078125
2022-07-14,Reliance Industries,1085.7122802734375
2022-07-15,Reliance Industries,1087.8182373046875
2022-07-18,Reliance Industries,1097.08056640625
2022-07-19,Reliance Industries,1103.8065185546875
2022-07-20,Reliance Industries,1133.653564453125
2022-07-21,Reliance Industries,1126.0899658203125
2022-07-22,Reliance Industries,1133.698974609375
2022-07-25,Reliance Industries,1096.242431640625
2022-07-26,Reliance Industries,1096.7408447265625
2022-07-27,Reliance Industries,1095.6990966796875
2022-07-28,Reliance Industries,1112.86474609375
2022-07-29,Reliance Industries,1136.57470703125
2022-08-01,Reliance Industries,1166.1956787109375
2022-08-02,Reliance Industries,1170.6341552734375
2022-08-03,Reliance Industries,1180.462646484375
2022-08-04,Reliance Industries,1164.8594970703125
2022-08-05,Reliance Industries,1147.694091796875
2022-08-08,Reliance Industries,1162.708251953125
2022-08-10,Reliance Industries,1169.6605224609375
2022-08-11,Reliance Industries,1173.5556640625
2022-08-12,Reliance Industries,1192.5328369140625
2022-08-16,Reliance Industries,1200.8211669921875
2022-08-17,Reliance Industries,1207.0941162109375
2022-08-18,Reliance Industries,1209.2833251953125
2022-08-19,Reliance Industries,1187.72216796875
2022-08-22,Reliance Industries,1184.427734375
2022-08-23,Reliance Industries,1202.6944580078125
2022-08-24,Reliance Industries,1199.490966796875
2022-08-25,Reliance Industries,1195.9920654296875
2022-08-26,Reliance Industries,1189.60791015625
2022-08-29,Reliance Industries,1180.3609619140625
2022-08-30,Reliance Industries,1198.673095703125
2022-09-01,Reliance Industries,1163.4346923828125
2022-09-02,Reliance Industries,1149.84814453125
2022-09-05,Reliance Industries,1167.7060546875
2022-09-06,Reliance Industries,1179.9974365234375
2022-09-07,Reliance Industries,1173.135986328125
2022-09-08,Reliance Industries,1174.79443359375
2022-09-09,Reliance Industries,1167.478759765625
2022-09-12,Reliance Industries,1180.542724609375
2022-09-13,Reliance Industries,1190.4029541015625
2022-09-14,Reliance Industries,1176.135009765625
2022-09-15,Reliance Industries,1164.479736328125
2022-09-16,Reliance Industries,1135.625732421875
2022-09-19,Reliance Industries,1137.1024169921875
2022-09-20,Reliance Industries,1137.2841796875
2022-09-21,Reliance Industries,1140.4197998046875
2022-09-22,Reliance Industries,1129.673095703125
2022-09-23,Reliance Industries,1108.498291015625
2022-09-26,Reliance Industries,1080.2574462890625
2022-09-27,Reliance Industries,1088.8455810546875
2022-09-28,Reliance Industries,1059.855224609375
2022-09-29,Reliance Industries,1056.6063232421875
2022-09-30,Reliance Industries,1080.4393310546875
2022-10-03,Reliance Industries,1076.690673828125
2022-10-04,Reliance Industries,1096.5474853515625
2022-10-06,Reliance Industries,1100.591796875
2022-10-07,Reliance Industries,1105.249267578125
2022-10-10,Reliance Industries,1093.18505859375
2022-10-11,Reliance Industries,1071.4195556640625
2022-10-12,Reliance Industries,1079.3033447265625
2022-10-13,Reliance Industries,1082.7340087890625
2022-10-14,Reliance Industries,1077.2357177734375
2022-10-17,Reliance Industries,1094.5255126953125
2022-10-18,Reliance Industries,1113.8372802734375
2022-10-19,Reliance Industries,1133.21728515625
2022-10-20,Reliance Industries,1136.261962890625
2022-10-21,Reliance Industries,1123.0843505859375
2022-10-24,Reliance Industries,1126.8331298828125
2022-10-25,Reliance Industries,1109.4298095703125
2022-10-27,Reliance Industries,1113.7919921875
2022-10-28,Reliance Industries,1147.8717041015625
2022-10-31,Reliance Industries,1158.5272216796875
2022-11-01,Reliance Industries,1149.552978515625
2022-11-02,Reliance Industries,1156.7322998046875
2022-11-03,Reliance Industries,1161.0491943359375
2022-11-04,Reliance Industries,1178.1343994140625
2022-11-07,Reliance Industries,1184.427734375
2022-11-09,Reliance Industries,1183.246337890625
2022-11-10,Reliance Industries,1168.9329833984375
2022-11-11,Reliance Industries,1195.878662109375
2022-11-14,Reliance Industries,1190.0850830078125
2022-11-15,Reliance Industries,1184.7457275390625
2022-11-16,Reliance Industries,1177.95263671875
2022-11-17,Reliance Industries,1180.9971923828125
2022-11-18,Reliance Industries,1180.3609619140625
2022-11-21,Reliance Industries,1159.1180419921875
2022-11-22,Reliance Industries,1165.547607421875
2022-11-23,Reliance Industries,1161.9124755859375
2022-11-24,Reliance Industries,1171.9320068359375
2022-11-25,Reliance Industries,1189.4261474609375
2022-11-28,Reliance Industries,1230.299072265625
2022-11-29,Reliance Industries,1232.4119873046875
2022-11-30,Reliance Industries,1241.1136474609375
2022-12-01,Reliance Industries,1237.455810546875
2022-12-02,Reliance Industries,1236.9332275390625
2022-12-05,Reliance Industries,1218.8936767578125
2022-12-06,Reliance Industries,1222.415283203125
2022-12-07,Reliance Industries,1204.375732421875
2022-12-08,Reliance Industries,1203.8077392578125
2022-12-09,Reliance Industries,1185.5638427734375
2022-12-12,Reliance Industries,1187.3812255859375
2022-12-13,Reliance Industries,1192.7886962890625
2022-12-14,Reliance Industries,1188.4720458984375
2022-12-15,Reliance Industries,1171.5911865234375
2022-12-16,Reliance Industries,1165.7974853515625
2022-12-19,Reliance Industries,1181.110595703125
2022-12-20,Reliance Industries,1191.3345947265625
2022-12-21,Reliance Industries,1174.3856201171875
2022-12-22,Reliance Industries,1171.3411865234375
2022-12-23,Reliance Industries,1136.9888916015625
2022-12-26,Reliance Industries,1146.9173583984375
2022-12-27,Reliance Industries,1156.3006591796875
2022-12-28,Reliance Industries,1156.187255859375
2022-12-29,Reliance Industries,1155.66455078125
2022-12-30,Reliance Industries,1157.4366455078125
2023-01-02,Reliance Industries,1170.4779052734375
2023-01-03,Reliance Industries,1161.9124755859375
2023-01-04,Reliance Industries,1144.418212890625
2023-01-05,Reliance Industries,1142.37353515625
2023-01-06,Reliance Industries,1152.75634765625
2023-01-09,Reliance Industries,1179.9747314453125
2023-01-10,Reliance Industries,1162.52587890625
2023-01-11,Reliance Industries,1147.8717041015625
2023-01-12,Reliance Industries,1123.0843505859375
2023-01-13,Reliance Industries,1121.2667236328125
2023-01-16,Reliance Industries,1110.5885009765625
2023-01-17,Reliance Industries,1126.35595703125
2023-01-18,Reliance Industries,1124.492919921875
2023-01-19,Reliance Industries,1123.288818359375
2023-01-20,Reliance Industries,1109.9295654296875
2023-01-23,Reliance Industries,1104.3177490234375
2023-01-24,Reliance Industries,1097.7972412109375
2023-01-25,Reliance Industries,1082.620361328125
2023-01-27,Reliance Industries,1062.0816650390625
2023-01-30,Reliance Industries,1072.2601318359375
2023-01-31,Reliance Industries,1069.5792236328125
2023-02-01,Reliance Industries,1063.240478515625
2023-02-02,Reliance Industries,1057.35595703125
2023-02-03,Reliance Industries,1058.2874755859375
2023-02-06,Reliance Industries,1050.3128662109375
2023-02-07,Reliance Industries,1047.7908935546875
2023-02-08,Reliance Industries,1068.7159423828125
2023-02-09,Reliance Industries,1070.5789794921875
2023-02-10,Reliance Industries,1061.7635498046875
2023-02-13,Reliance Industries,1055.7203369140625
2023-02-14,Reliance Industries,1080.598388671875
2023-02-15,Reliance Industries,1105.0675048828125
2023-02-16,Reliance Industries,1104.2042236328125
2023-02-17,Reliance Industries,1108.81640625
2023-02-20,Reliance Industries,1097.093017578125
2023-02-21,Reliance Industries,1106.0445556640625
2023-02-22,Reliance Industries,1080.9617919921875
2023-02-23,Reliance Industries,1075.7818603515625
2023-02-24,Reliance Industries,1083.14306640625
2023-02-27,Reliance Industries,1075.9407958984375
2023-02-28,Reliance Industries,1055.356689453125
2023-03-01,Reliance Industries,1065.057861328125
2023-03-02,Reliance Industries,1056.9471435546875
2023-03-03,Reliance Industries,1083.9154052734375
2023-03-06,Reliance Industries,1094.5028076171875
2023-03-08,Reliance Industries,1098.433349609375
2023-03-09,Reliance Industries,1072.032958984375
2023-03-10,Reliance Industries,1055.4248046875
2023-03-13,Reliance Industries,1038.06689453125
2023-03-14,Reliance Industries,1034.1820068359375
2023-03-15,Reliance Industries,1016.5057983398438
2023-03-16,Reliance Industries,1011.4392700195312
2023-03-17,Reliance Industries,1010.1670532226562
2023-03-20,Reliance Industries,1000.238525390625
2023-03-21,Reliance Industries,1031.3419189453125
2023-03-22,Reliance Industries,1034.4771728515625
2023-03-23,Reliance Industries,1021.3905029296875
2023-03-24,Reliance Industries,1001.1699829101562
2023-03-27,Reliance Industries,1016.7330322265625
2023-03-28,Reliance Industries,1021.4815673828125
2023-03-29,Reliance Industries,1015.4380493164062
2023-03-31,Reliance Industries,1059.218994140625
2023-04-03,Reliance Industries,1059.400634765625
2023-04-05,Reliance Industries,1056.856201171875
2023-04-06,Reliance Industries,1063.9447021484375
2023-04-10,Reliance Industries,1056.40185546875
2023-04-11,Reliance Industries,1061.6273193359375
2023-04-12,Reliance Industries,1066.3076171875
2023-04-13,Reliance Industries,1070.3289794921875
2023-04-17,Reliance Industries,1075.7589111328125
2023-04-18,Reliance Industries,1063.44482421875
2023-04-19,Reliance Industries,1068.7386474609375
2023-04-20,Reliance Industries,1066.034912109375
2023-04-21,Reliance Industries,1067.37548828125
2023-04-24,Reliance Industries,1071.4652099609375
2023-04-25,Reliance Industries,1079.6668701171875
2023-04-26,Reliance Industries,1073.328125
2023-04-27,Reliance Industries,1080.1212158203125
2023-04-28,Reliance Industries,1099.86474609375
2023-05-02,Reliance Industries,1109.20263671875
2023-05-03,Reliance Industries,1099.6829833984375
2023-05-04,Reliance Industries,1112.360595703125
2023-05-05,Reliance Industries,1109.5206298828125
2023-05-08,Reliance Industries,1123.220703125
2023-05-09,Reliance Industries,1126.6968994140625
2023-05-10,Reliance Industries,1134.4442138671875
2023-05-11,Reliance Industries,1127.0377197265625
2023-05-12,Reliance Industries,1128.8778076171875
2023-05-15,Reliance Industries,1131.1043701171875
2023-05-16,Reliance Industries,1114.9962158203125
2023-05-17,Reliance Industries,1108.4073486328125
2023-05-18,Reliance Industries,1106.0218505859375
2023-05-19,Reliance Industries,1109.611572265625
2023-05-22,Reliance Industries,1115.5413818359375
2023-05-23,Reliance Industries,1115.3369140625
2023-05-24,Reliance Industries,1108.8389892578125
2023-05-25,Reliance Industries,1108.70263671875
2023-05-26,Reliance Industries,1138.94287109375
2023-05-29,Reliance Industries,1145.3497314453125
2023-05-30,Reliance Industries,1145.0543212890625
2023-05-31,Reliance Industries,1122.311767578125
2023-06-01,Reliance Industries,1119.2901611328125
2023-06-02,Reliance Industries,1115.63232421875
2023-06-05,Reliance Industries,1125.6517333984375
2023-06-06,Reliance Industries,1126.6058349609375
2023-06-07,Reliance Industries,1135.1485595703125
2023-06-08,Reliance Industries,1135.830078125
2023-06-09,Reliance Industries,1127.787353515625
2023-06-12,Reliance Industries,1128.7869873046875
2023-06-13,Reliance Industries,1145.4632568359375
2023-06-14,Reliance Industries,1159.5496826171875
2023-06-15,Reliance Industries,1159.8677978515625
2023-06-16,Reliance Industries,1171.159423828125
2023-06-19,Reliance Industries,1159.52685546875
2023-06-20,Reliance Industries,1161.9351806640625
2023-06-21,Reliance Industries,1165.2069091796875
2023-06-22,Reliance Industries,1152.1201171875
2023-06-23,Reliance Industries,1142.6915283203125
2023-06-26,Reliance Industries,1133.96728515625
2023-06-27,Reliance Industries,1134.3760986328125
2023-06-28,Reliance Industries,1149.3939208984375
2023-06-30,Reliance Industries,1158.8226318359375
2023-07-03,Reliance Industries,1188.5628662109375
2023-07-04,Reliance Industries,1176.31689453125
2023-07-05,Reliance Industries,1174.3856201171875
2023-07-06,Reliance Industries,1199.03662109375
2023-07-07,Reliance Industries,1196.696533203125
2023-07-10,Reliance Industries,1242.7947998046875
2023-07-11,Reliance Industries,1256.2677001953125
2023-07-12,Reliance Industries,1257.653564453125
2023-07-13,Reliance Industries,1246.4073486328125
2023-07-14,Reliance Industries,1245.3621826171875
2023-07-17,Reliance Industries,1270.8084716796875
2023-07-18,Reliance Industries,1281.600341796875
2023-07-19,Reliance Industries,1291.32421875
2023-07-20,Reliance Industries,1289.7606201171875
2023-07-21,Reliance Industries,1249.834716796875
2023-07-24,Reliance Industries,1224.554931640625
2023-07-25,Reliance Industries,1223.767333984375
2023-07-26,Reliance Industries,1243.65625
2023-07-27,Reliance Industries,1232.087158203125
2023-07-28,Reliance Industries,1244.468505859375
2023-07-31,Reliance Industries,1255.00390625
2023-08-01,Reliance Industries,1237.25634765625
2023-08-02,Reliance Industries,1224.0382080078125
2023-08-03,Reliance Industries,1218.8934326171875
2023-08-04,Reliance Industries,1235.45947265625
2023-08-07,Reliance Industries,1242.49951171875
2023-08-08,Reliance Industries,1235.016357421875
2023-08-09,Reliance Industries,1243.1639404296875
2023-08-10,Reliance Industries,1248.702392578125
2023-08-11,Reliance Industries,1253.969970703125
2023-08-14,Reliance Industries,1268.788330078125
2023-08-16,Reliance Industries,1267.7545166015625
2023-08-17,Reliance Industries,1249.465576171875
2023-08-18,Reliance Industries,1258.7208251953125
2023-08-21,Reliance Industries,1244.986328125
2023-08-22,Reliance Industries,1244.68994140625
2023-08-23,Reliance Industries,1246.0732421875
2023-08-24,Reliance Industries,1225.1258544921875
2023-08-25,Reliance Industries,1219.4691162109375
2023-08-28,Reliance Industries,1207.315673828125
2023-08-29,Reliance Industries,1195.755126953125
2023-08-30,Reliance Industries,1194.6187744140625
2023-08-31,Reliance Industries,1189.1595458984375
2023-09-01,Reliance Industries,1191.950927734375
2023-09-04,Reliance Industries,1190.987548828125
2023-09-05,Reliance Industries,1197.36083984375
2023-09-06,Reliance Industries,1199.8802490234375
2023-09-07,Reliance Industries,1201.5106201171875
2023-09-08,Reliance Industries,1209.51416015625
2023-09-11,Reliance Industries,1222.556884765625
2023-09-12,Reliance Industries,1204.8948974609375
2023-09-13,Reliance Industries,1210.9222412109375
2023-09-14,Reliance Industries,1212.033935546875
2023-09-15,Reliance Industries,1214.28173828125
2023-09-18,Reliance Industries,1203.7091064453125
2023-09-20,Reliance Industries,1176.8826904296875
2023-09-21,Reliance Industries,1168.31103515625
2023-09-22,Reliance Industries,1163.4447021484375
2023-09-25,Reliance Industries,1156.2811279296875
2023-09-26,Reliance Industries,1157.2939453125
2023-09-27,Reliance Industries,1170.336669921875
2023-09-28,Reliance Industries,1153.1439208984375
2023-09-29,Reliance Industries,1158.5289306640625
2023-10-03,Reliance Industries,1145.2637939453125
2023-10-04,Reliance Industries,1143.287841796875
2023-10-05,Reliance Industries,1143.26318359375
2023-10-06,Reliance Industries,1145.18994140625
2023-10-09,Reliance Industries,1135.4326171875
2023-10-10,Reliance Industries,1140.447021484375
2023-10-11,Reliance Industries,1158.5535888671875
2023-10-12,Reliance Industries,1160.70263671875
2023-10-13,Reliance Industries,1160.6534423828125
2023-10-16,Reliance Industries,1158.0596923828125
2023-10-17,Reliance Industries,1163.593017578125
2023-10-18,Reliance Industries,1148.1541748046875
2023-10-19,Reliance Industries,1139.33544921875
2023-10-20,Reliance Industries,1135.8524169921875
2023-10-23,Reliance Industries,1118.1162109375
2023-10-25,Reliance Industries,1115.5225830078125
2023-10-26,Reliance Industries,1099.9849853515625
2023-10-27,Reliance Industries,1119.4007568359375
2023-10-30,Reliance Industries,1142.47265625
2023-10-31,Reliance Industries,1130.3192138671875
2023-11-01,Reliance Industries,1135.0126953125
2023-11-02,Reliance Industries,1146.2767333984375
2023-11-03,Reliance Industries,1146.0296630859375
2023-11-06,Reliance Industries,1155.564697265625
2023-11-07,Reliance Industries,1148.055419921875
2023-11-08,Reliance Industries,1154.033203125
2023-11-09,Reliance Industries,1141.50927734375
2023-11-10,Reliance Industries,1143.6583251953125
2023-11-13,Reliance Industries,1143.5101318359375
2023-11-15,Reliance Industries,1164.1856689453125
2023-11-16,Reliance Industries,1166.285400390625
2023-11-17,Reliance Industries,1163.7412109375
2023-11-20,Reliance Industries,1160.6781005859375
2023-11-21,Reliance Industries,1175.2769775390625
2023-11-22,Reliance Industries,1179.87158203125
2023-11-23,Reliance Industries,1183.4781494140625
2023-11-24,Reliance Industries,1182.6876220703125
2023-11-28,Reliance Industries,1182.9346923828125
2023-11-29,Reliance Industries,1186.047119140625
2023-11-30,Reliance Industries,1174.560791015625
2023-12-01,Reliance Industries,1182.88525390625
2023-12-04,Reliance Industries,1195.6810302734375
2023-12-05,Reliance Industries,1204.3514404296875
2023-12-06,Reliance Industries,1215.887451171875
2023-12-07,Reliance Industries,1213.886474609375
2023-12-08,Reliance Industries,1213.244140625
2023-12-11,Reliance Industries,1215.0228271484375
2023-12-12,Reliance Industries,1197.5830078125
2023-12-13,Reliance Industries,1202.473876953125
2023-12-14,Reliance Industries,1217.39404296875
2023-12-15,Reliance Industries,1232.9317626953125
2023-12-18,Reliance Industries,1245.4803466796875
2023-12-19,Reliance Industries,1263.8094482421875
2023-12-20,Reliance Industries,1248.518798828125
2023-12-21,Reliance Industries,1266.0079345703125
2023-12-22,Reliance Industries,1267.242919921875
2023-12-26,Reliance Industries,1273.66552734375
2023-12-27,Reliance Industries,1278.01318359375
2023-12-28,Reliance Industries,1287.2518310546875
2023-12-29,Reliance Industries,1277.074462890625
2024-01-01,Reliance Industries,1279.69287109375
2024-01-02,Reliance Industries,1290.2900390625
2024-01-03,Reliance Industries,1276.25927734375
2024-01-04,Reliance Industries,1282.854736328125
2024-01-05,Reliance Industries,1288.3138427734375
2024-01-08,Reliance Industries,1278.26025390625
2024-01-09,Reliance Industries,1274.8759765625
2024-01-10,Reliance Industries,1309.261474609375
2024-01-11,Reliance Industries,1343.696044921875
2024-01-12,Reliance Industries,1354.39208984375
2024-01-15,Reliance Industries,1377.5130615234375
2024-01-16,Reliance Industries,1358.24560546875
2024-01-17,Reliance Industries,1345.35107421875
2024-01-18,Reliance Industries,1351.6500244140625
2024-01-19,Reliance Industries,1351.156005859375
2024-01-23,Reliance Industries,1312.7442626953125
2024-01-24,Reliance Industries,1327.8619384765625
2024-01-25,Reliance Industries,1336.952392578125
2024-01-29,Reliance Industries,1430.795654296875
2024-01-30,Reliance Industries,1390.8524169921875
2024-01-31,Reliance Industries,1409.6259765625
2024-02-01,Reliance Industries,1409.650634765625
2024-02-02,Reliance Industries,1440.3306884765625
2024-02-05,Reliance Industries,1421.8782958984375
2024-02-06,Reliance Industries,1410.7869873046875
2024-02-07,Reliance Industries,1424.966064453125
2024-02-08,Reliance Industries,1432.845947265625
2024-02-09,Reliance Industries,1443.344482421875
2024-02-12,Reliance Industries,1435.0443115234375
2024-02-13,Reliance Industries,1447.642578125
2024-02-14,Reliance Industries,1463.7236328125
2024-02-15,Reliance Industries,1453.076904296875
2024-02-16,Reliance Industries,1443.17138671875
2024-02-19,Reliance Industries,1456.4364013671875
2024-02-20,Reliance Industries,1453.496826171875
2024-02-21,Reliance Industries,1450.2115478515625
2024-02-22,Reliance Industries,1464.0941162109375
2024-02-23,Reliance Industries,1475.82763671875
2024-02-26,Reliance Industries,1469.6026611328125
2024-02-27,Reliance Industries,1467.94775390625
2024-02-28,Reliance Industries,1438.2803955078125
2024-02-29,Reliance Industries,1443.393798828125
2024-03-01,Reliance Industries,1474.345458984375
2024-03-04,Reliance Industries,1489.4384765625
2024-03-05,Reliance Industries,1482.32421875
2024-03-06,Reliance Industries,1485.0909423828125
2024-03-07,Reliance Industries,1461.302734375
2024-03-11,Reliance Industries,1449.12451171875
2024-03-12,Reliance Industries,1457.844482421875
2024-03-13,Reliance Industries,1415.10986328125
2024-03-14,Reliance Industries,1414.4180908203125
2024-03-15,Reliance Industries,1401.3260498046875
2024-03-18,Reliance Industries,1422.32275390625
2024-03-19,Reliance Industries,1408.267333984375
2024-03-20,Reliance Industries,1426.5469970703125
2024-03-21,Reliance Industries,1433.685791015625
2024-03-22,Reliance Industries,1437.6876220703125
2024-03-26,Reliance Industries,1424.3978271484375
2024-03-27,Reliance Industries,1475.061767578125
2024-03-28,Reliance Industries,1468.1451416015625
2024-04-01,Reliance Industries,1467.0831298828125
2024-04-02,Reliance Industries,1469.232177734375
2024-04-03,Reliance Industries,1454.0650634765625
2024-04-04,Reliance Industries,1445.4935302734375
2024-04-05,Reliance Industries,1442.7021484375
2024-04-08,Reliance Industries,1468.268798828125
2024-04-09,Reliance Industries,1446.2098388671875
2024-04-10,Reliance Industries,1461.9449462890625
2024-04-12,Reliance Industries,1449.6680908203125
2024-04-15,Reliance Industries,1447.3707275390625
2024-04-16,Reliance Industries,1448.2847900390625
2024-04-18,Reliance Industries,1446.876708984375
2024-04-19,Reliance Industries,1452.607666015625
2024-04-22,Reliance Industries,1462.2166748046875
2024-04-23,Reliance Industries,1441.936279296875
2024-04-24,Reliance Industries,1432.895263671875
2024-04-25,Reliance Industries,1442.57861328125
2024-04-26,Reliance Industries,1435.2421875
2024-04-29,Reliance Industries,1447.568359375
2024-04-30,Reliance Industries,1449.5198974609375
2024-05-02,Reliance Industries,1449.0753173828125
2024-05-03,Reliance Industries,1416.9129638671875
2024-05-06,Reliance Industries,1402.610595703125
2024-05-07,Reliance Industries,1384.775634765625
2024-05-08,Reliance Industries,1401.6473388671875
2024-05-09,Reliance Industries,1377.5130615234375
2024-05-10,Reliance Industries,1390.6546630859375
2024-05-13,Reliance Industries,1385.9859619140625
2024-05-14,Reliance Industries,1403.154052734375
2024-05-15,Reliance Industries,1399.399169921875
2024-05-16,Reliance Industries,1408.3660888671875
2024-05-17,Reliance Industries,1418.5927734375
2024-05-21,Reliance Industries,1419.0128173828125
2024-05-22,Reliance Industries,1443.2454833984375
2024-05-23,Reliance Industries,1468.343017578125
2024-05-24,Reliance Industries,1462.6119384765625
2024-05-27,Reliance Industries,1448.77880859375
2024-05-28,Reliance Industries,1438.8485107421875
2024-05-29,Reliance Industries,1423.607421875
2024-05-30,Reliance Industries,1407.8720703125
2024-05-31,Reliance Industries,1413.3560791015625
2024-06-03,Reliance Industries,1492.32861328125
2024-06-04,Reliance Industries,1380.625732421875
2024-06-05,Reliance Industries,1403.821044921875
2024-06-06,Reliance Industries,1414.541748046875
2024-06-07,Reliance Industries,1452.4346923828125
2024-06-10,Reliance Industries,1453.867431640625
2024-06-11,Reliance Industries,1439.31787109375
2024-06-12,Reliance Industries,1445.888671875
2024-06-13,Reliance Industries,1447.790771484375
2024-06-14,Reliance Industries,1459.944091796875
2024-06-18,Reliance Industries,1463.377685546875
2024-06-19,Reliance Industries,1441.2694091796875
2024-06-20,Reliance Industries,1456.139892578125
2024-06-21,Reliance Industries,1436.872314453125
2024-06-24,Reliance Industries,1424.2989501953125
2024-06-25,Reliance Industries,1436.822998046875
2024-06-26,Reliance Industries,1495.9844970703125
2024-06-27,Reliance Industries,1512.3126220703125
2024-06-28,Reliance Industries,1546.747314453125
2024-07-01,Reliance Industries,1541.5599365234375
2024-07-02,Reliance Industries,1546.525146484375
2024-07-03,Reliance Industries,1533.927001953125
2024-07-04,Reliance Industries,1535.5079345703125
2024-07-05,Reliance Industries,1569.6956787109375
2024-07-08,Reliance Industries,1581.824462890625
2024-07-09,Reliance Industries,1571.325927734375
2024-07-10,Reliance Industries,1565.3480224609375
2024-07-11,Reliance Industries,1561.815673828125
2024-07-12,Reliance Industries,1577.6990966796875
2024-07-15,Reliance Industries,1578.193115234375
2024-07-16,Reliance Industries,1557.4681396484375
2024-07-18,Reliance Industries,1567.7689208984375
2024-07-19,Reliance Industries,1536.61962890625
2024-07-22,Reliance Industries,1482.7935791015625
2024-07-23,Reliance Industries,1470.1708984375
2024-07-24,Reliance Industries,1477.8779296875
2024-07-25,Reliance Industries,1474.6171875
2024-07-26,Reliance Industries,1491.044189453125
2024-07-29,Reliance Industries,1501.9871826171875
2024-07-30,Reliance Industries,1495.1199951171875
2024-07-31,Reliance Industries,1487.4869384765625
2024-08-01,Reliance Industries,1497.244384765625
2024-08-02,Reliance Industries,1481.459716796875
2024-08-05,Reliance Industries,1430.079345703125
2024-08-06,Reliance Industries,1438.700439453125
2024-08-07,Reliance Industries,1447.3707275390625
2024-08-08,Reliance Industries,1431.8577880859375
2024-08-09,Reliance Industries,1456.7330322265625
2024-08-12,Reliance Industries,1443.2208251953125
2024-08-13,Reliance Industries,1446.18505859375
2024-08-14,Reliance Industries,1444.43115234375
2024-08-16,Reliance Industries,1460.5863037109375
2024-08-19,Reliance Industries,1475.65625
2024-08-20,Reliance Industries,1483.1416015625
2024-08-21,Reliance Industries,1485.8433837890625
2024-08-22,Reliance Industries,1485.2979736328125
2024-08-23,Reliance Industries,1487.1322021484375
2024-08-26,Reliance Industries,1499.6490478515625
2024-08-27,Reliance Industries,1487.6031494140625
2024-08-28,Reliance Industries,1485.4715576171875
2024-08-29,Reliance Industries,1507.90283203125
2024-08-30,Reliance Industries,1496.6995849609375
2024-09-02,Reliance Industries,1503.267822265625
2024-09-03,Reliance Industries,1496.203857421875
2024-09-04,Reliance Industries,1501.5823974609375
2024-09-05,Reliance Industries,1480.192138671875
2024-09-06,Reliance Industries,1452.2830810546875
2024-09-09,Reliance Industries,1449.9283447265625
2024-09-10,Reliance Industries,1449.0113525390625
2024-09-11,Reliance Industries,1439.0721435546875
2024-09-12,Reliance Industries,1467.1298828125
2024-09-13,Reliance Industries,1460.016357421875
2024-09-16,Reliance Industries,1458.752197265625
2024-09-17,Reliance Industries,1459.6942138671875
2024-09-18,Reliance Industries,1450.919921875
2024-09-19,Reliance Industries,1457.0916748046875
2024-09-20,Reliance Industries,1473.2025146484375
2024-09-23,Reliance Industries,1480.5887451171875
2024-09-24,Reliance Industries,1476.6229248046875
2024-09-25,Reliance Industries,1481.15869140625
2024-09-26,Reliance Industries,1485.12451171875
2024-09-27,Reliance Industries,1513.10791015625
2024-09-30,Reliance Industries,1463.9324951171875
2024-10-01,Reliance Industries,1452.2830810546875
2024-10-03,Reliance Industries,1394.928466796875
2024-10-04,Reliance Industries,1374.653564453125
2024-10-07,Reliance Industries,1358.9888916015625
2024-10-08,Reliance Industries,1385.3858642578125
2024-10-09,Reliance Industries,1362.8306884765625
2024-10-10,Reliance Industries,1359.31103515625
2024-10-11,Reliance Industries,1360.35205078125
2024-10-14,Reliance Industries,1360.7734375
2024-10-15,Reliance Industries,1332.5174560546875
2024-10-16,Reliance Industries,1342.4813232421875
2024-10-17,Reliance Industries,1344.811279296875
2024-10-18,Reliance Industries,1347.66162109375
2024-10-21,Reliance Industries,1357.476806640625
2024-10-22,Reliance Industries,1331.8482666015625
2024-10-23,Reliance Industries,1327.0645751953125
2024-10-24,Reliance Industries,1328.3287353515625
2024-10-25,Reliance Industries,1316.4808349609375
2024-10-28,Reliance Industries,1322.9251708984375
2024-10-29,Reliance Industries,1328.52685546875
2024-10-30,Reliance Industries,1332.3935546875
2024-10-31,Reliance Industries,1320.64501953125
2024-11-01,Reliance Industries,1327.1884765625
2024-11-04,Reliance Industries,1291.0009765625
2024-11-05,Reliance Industries,1294.1240234375
2024-11-06,Reliance Industries,1314.002197265625
2024-11-07,Reliance Industries,1294.470947265625
2024-11-08,Reliance Industries,1272.758544921875
2024-11-11,Reliance Industries,1261.802978515625
2024-11-12,Reliance Industries,1263.33984375
2024-11-13,Reliance Industries,1241.3299560546875
2024-11-14,Reliance Industries,1256.746826171875
2024-11-18,Reliance Industries,1249.9554443359375
2024-11-19,Reliance Industries,1231.0189208984375
2024-11-21,Reliance Industries,1212.528564453125
2024-11-22,Reliance Industries,1254.565673828125
2024-11-25,Reliance Industries,1275.9805908203125
2024-11-26,Reliance Industries,1284.6060791015625
2024-11-27,Reliance Industries,1282.1275634765625
2024-11-28,Reliance Industries,1259.91943359375
2024-11-29,Reliance Industries,1281.1361083984375
2024-12-02,Reliance Industries,1297.9410400390625
2024-12-03,Reliance Industries,1311.969970703125
2024-12-04,Reliance Industries,1297.74267578125
2024-12-05,Reliance Industries,1310.7305908203125
2024-12-06,Reliance Industries,1300.320556640625
2024-12-09,Reliance Industries,1284.0609130859375
2024-12-10,Reliance Industries,1273.8489990234375
2024-12-11,Reliance Industries,1267.2559814453125
2024-12-12,Reliance Industries,1252.0870361328125
2024-12-13,Reliance Industries,1261.9517822265625
2024-12-16,Reliance Industries,1257.4407958984375
2024-12-17,Reliance Industries,1234.6378173828125
2024-12-18,Reliance Industries,1242.5196533203125
2024-12-19,Reliance Industries,1219.914794921875
2024-12-20,Reliance Industries,1194.9803466796875
2024-12-23,Reliance Industries,1211.834716796875
2024-12-24,Reliance Industries,1212.2808837890625
2024-12-26,Reliance Industries,1206.1339111328125
2024-12-27,Reliance Industries,1210.595458984375
2024-12-30,Reliance Industries,1200.3338623046875
2024-12-31,Reliance Industries,1205.043212890625
2025-01-01,Reliance Industries,1210.7935791015625
2025-01-02,Reliance Industries,1231.167724609375
2025-01-03,Reliance Industries,1240.4376220703125
2025-01-06,Reliance Industries,1207.571533203125
2025-01-07,Reliance Industries,1230.2257080078125
2025-01-08,Reliance Industries,1254.664794921875
2025-01-09,Reliance Industries,1244.0068359375
2025-01-10,Reliance Industries,1231.266845703125
2025-01-13,Reliance Industries,1229.234375
2025-01-14,Reliance Industries,1228.143798828125
2025-01-15,Reliance Industries,1241.478515625
2025-01-16,Reliance Industries,1255.6065673828125
2025-01-17,Reliance Industries,1291.19921875
2025-01-20,Reliance Industries,1294.272705078125
2025-01-21,Reliance Industries,1262.7945556640625
2025-01-22,Reliance Industries,1266.16552734375
2025-01-23,Reliance Industries,1252.8306884765625
2025-01-24,Reliance Industries,1235.6292724609375
2025-01-27,Reliance Industries,1218.82421875
2025-01-28,Reliance Industries,1223.8310546875
2025-01-29,Reliance Industries,1224.921630859375
2025-01-30,Reliance Industries,1242.3214111328125
2025-01-31,Reliance Industries,1254.2681884765625
2025-02-01,Reliance Industries,1253.7724609375
2025-02-03,Reliance Industries,1235.232666015625
2025-02-04,Reliance Industries,1274.196044921875
2025-02-05,Reliance Industries,1267.2559814453125
2025-02-06,Reliance Industries,1270.577392578125
2025-02-07,Reliance Industries,1255.8544921875
2025-02-10,Reliance Industries,1242.916259765625
2025-02-11,Reliance Industries,1224.2772216796875
2025-02-12,Reliance Industries,1206.1339111328125
2025-02-13,Reliance Industries,1205.6876220703125
2025-02-14,Reliance Industries,1206.827880859375
2025-02-17,Reliance Industries,1214.4124755859375
2025-02-18,Reliance Industries,1214.908203125
2025-02-19,Reliance Industries,1216.9404296875
2025-02-20,Reliance Industries,1222.4429931640625
2025-02-21,Reliance Industries,1217.634521484375
2025-02-24,Reliance Industries,1204.151123046875
2025-02-25,Reliance Industries,1193.69140625
2025-02-27,Reliance Industries,1196.7647705078125
2025-02-28,Reliance Industries,1189.82470703125
2025-03-03,Reliance Industries,1161.2216796875
2025-03-04,Reliance Industries,1151.9517822265625
2025-03-05,Reliance Industries,1165.534423828125
2025-03-06,Reliance Industries,1199.2432861328125
2025-03-07,Reliance Industries,1239.0992431640625
2025-03-10,Reliance Industries,1227.796875
2025-03-11,Reliance Industries,1236.62060546875
2025-03-12,Reliance Industries,1246.2872314453125
2025-03-13,Reliance Industries,1237.2154541015625
2025-03-17,Reliance Industries,1228.242919921875
2025-03-18,Reliance Industries,1228.242919921875
2025-03-19,Reliance Industries,1236.471923828125
2025-03-20,Reliance Industries,1258.283447265625
2025-03-21,Reliance Industries,1265.421875
2025-03-24,Reliance Industries,1290.951416015625
2025-03-25,Reliance Industries,1274.4439697265625
2025-03-26,Reliance Industries,1262.150146484375
2025-03-27,Reliance Industries,1267.2559814453125
2025-03-28,Reliance Industries,1264.1824951171875
2025-04-01,Reliance Industries,1241.8751220703125
2025-04-02,Reliance Industries,1240.4376220703125
2025-04-03,Reliance Industries,1238.008544921875
2025-04-04,Reliance Industries,1194.38525390625
2025-04-07,Reliance Industries,1155.71923828125
2025-04-08,Reliance Industries,1172.0780029296875
2025-04-09,Reliance Industries,1175.2010498046875
2025-04-11,Reliance Industries,1208.5133056640625
2025-04-15,Reliance Industries,1229.4822998046875
2025-04-16,Reliance Industries,1228.689208984375
2025-04-17,Reliance Industries,1263.5877685546875
2025-04-21,Reliance Industries,1284.407958984375
2025-04-22,Reliance Industries,1280.1446533203125
2025-04-23,Reliance Industries,1288.869384765625
2025-04-24,Reliance Industries,1290.4556884765625
2025-04-25,Reliance Industries,1289.2659912109375
2025-04-28,Reliance Industries,1357.080322265625
2025-04-29,Reliance Industries,1387.7156982421875
2025-04-30,Reliance Industries,1392.9703369140625
2025-05-02,Reliance Industries,1407.6436767578125
2025-05-05,Reliance Industries,1419.0452880859375
2025-05-06,Reliance Industries,1408.7342529296875
2025-05-07,Reliance Industries,1393.9617919921875
2025-05-08,Reliance Industries,1394.9532470703125
2025-05-09,Reliance Industries,1365.408447265625
2025-05-12,Reliance Industries,1424.20068359375
2025-05-13,Reliance Industries,1403.5787353515625
2025-05-14,Reliance Industries,1412.2042236328125
2025-05-15,Reliance Industries,1441.7491455078125
2025-05-16,Reliance Industries,1443.9302978515625
2025-05-19,Reliance Industries,1428.4638671875
2025-05-20,Reliance Industries,1412.402587890625
2025-05-21,Reliance Industries,1416.963134765625
2025-05-22,Reliance Industries,1397.332763671875
2025-05-23,Reliance Industries,1414.5838623046875
2025-05-26,Reliance Industries,1422.5152587890625
2025-05-27,Reliance Industries,1409.9239501953125
2025-05-28,Reliance Industries,1400.802734375
2025-05-29,Reliance Industries,1405.660888671875
2025-05-30,Reliance Industries,1408.7342529296875
2025-06-02,Reliance Industries,1401.5958251953125
2025-06-03,Reliance Industries,1393.4661865234375
2025-06-04,Reliance Industries,1411.31201171875
2025-06-05,Reliance Industries,1430.0501708984375
2025-06-06,Reliance Industries,1431.1407470703125
2025-06-09,Reliance Industries,1436.3953857421875
2025-06-10,Reliance Industries,1426.1834716796875
2025-06-11,Reliance Industries,1436.4945068359375
2025-06-12,Reliance Industries,1429.257080078125
2025-06-13,Reliance Industries,1415.67431640625
2025-06-16,Reliance Industries,1425.4896240234375
2025-06-17,Reliance Industries,1418.946044921875
2025-06-18,Reliance Industries,1417.85546875
2025-06-19,Reliance Industries,1421.0281982421875
2025-06-20,Reliance Industries,1453.6463623046875
2025-06-23,Reliance Industries,1444.326904296875
2025-06-24,Reliance Industries,1438.3782958984375
2025-06-25,Reliance Industries,1454.737060546875
2025-06-26,Reliance Industries,1482.497314453125
2025-06-27,Reliance Industries,1502.4251708984375
2025-06-30,Reliance Industries,1487.7518310546875
2025-07-01,Reliance Industries,1515.3138427734375
2025-07-02,Reliance Industries,1505.7960205078125
2025-07-03,Reliance Industries,1504.8046875
2025-07-04,Reliance Industries,1514.223388671875
2025-07-07,Reliance Industries,1528.3016357421875
2025-07-08,Reliance Industries,1524.4349365234375
2025-07-09,Reliance Industries,1505.9942626953125
2025-07-10,Reliance Industries,1504.2095947265625
2025-07-11,Reliance Industries,1482.3980712890625
2025-07-14,Reliance Industries,1470.9964599609375
2025-07-15,Reliance Industries,1472.6820068359375
2025-07-16,Reliance Industries,1472.8802490234375
2025-07-17,Reliance Industries,1463.7591552734375
2025-07-18,Reliance Industries,1463.362548828125
2025-07-21,Reliance Industries,1416.3682861328125
2025-07-22,Reliance Industries,1400.70361328125
2025-07-23,Reliance Industries,1412.402587890625
2025-07-24,Reliance Industries,1390.888427734375
2025-07-25,Reliance Industries,1379.7841796875
2025-07-28,Reliance Industries,1375.71923828125
2025-07-29,Reliance Industries,1404.9666748046875
2025-07-30,Reliance Industries,1398.026611328125
2025-07-31,Reliance Industries,1378.2969970703125
2025-08-01,Reliance Industries,1381.76708984375
2025-08-04,Reliance Industries,1399.4146728515625
2025-08-05,Reliance Industries,1379.7841796875
2025-08-06,Reliance Industries,1380.874755859375
2025-08-07,Reliance Industries,1377.5040283203125
2025-08-08,Reliance Industries,1356.0888671875
2025-08-11,Reliance Industries,1374.331298828125
2025-08-12,Reliance Industries,1368.5810546875
2025-08-13,Reliance Industries,1370.7620849609375
2025-08-14,Reliance Industries,1367.4774169921875
2025-08-18,Reliance Industries,1375.3409423828125
2025-08-19,Reliance Industries,1413.564208984375
2025-08-20,Reliance Industries,1406.4969482421875
2025-08-21,Reliance Industries,1418.24267578125
2025-08-22,Reliance Industries,1402.71435546875
2025-08-25,Reliance Industries,1406.0987548828125
2025-08-26,Reliance Industries,1378.5262451171875
2025-08-28,Reliance Industries,1379.521728515625
2025-08-29,Reliance Industries,1350.9537353515625
2025-09-01,Reliance Industries,1347.6689453125
2025-09-02,Reliance Industries,1360.2109375
2025-09-03,Reliance Industries,1366.2828369140625
2025-09-04,Reliance Industries,1353.0440673828125
2025-09-05,Reliance Industries,1368.671875
2025-09-08,Reliance Industries,1372.15576171875
2025-09-09,Reliance Industries,1369.8662109375
2025-09-10,Reliance Industries,1370.66259765625
2025-09-11,Reliance Industries,1376.9337158203125
2025-09-12,Reliance Industries,1388.579833984375
2025-09-15,Reliance Industries,1392.8599853515625
2025-09-16,Reliance Industries,1398.8323974609375
2025-09-17,Reliance Industries,1407.2933349609375
2025-09-18,Reliance Industries,1408.4876708984375
2025-09-19,Reliance Industries,1400.9227294921875
2025-09-22,Reliance Industries,1384.199951171875
2025-09-23,Reliance Industries,1383.40380859375
2025-09-24,Reliance Industries,1376.635009765625
2025-09-25,Reliance Industries,1366.0838623046875
2025-09-26,Reliance Industries,1371.2598876953125
2025-09-29,Reliance Industries,1366.48193359375
2025-09-30,Reliance Industries,1357.722412109375
2025-10-01,Reliance Industries,1362.4007568359375
2025-10-03,Reliance Industries,1357.125244140625
2025-10-06,Reliance Industries,1368.671875
2025-10-07,Reliance Industries,1378.4267578125
2025-10-08,Reliance Industries,1361.1068115234375
2025-10-09,Reliance Industries,1371.458984375
2025-10-10,Reliance Industries,1375.3409423828125
2025-10-13,Reliance Industries,1368.671875
2025-10-14,Reliance Industries,1369.5677490234375
2025-10-15,Reliance Industries,1367.97509765625
2025-10-16,Reliance Industries,1391.8646240234375
2025-10-17,Reliance Industries,1410.279541015625
2025-10-20,Reliance Industries,1460.04931640625
2025-10-21,Reliance Industries,1458.4566650390625
2025-10-23,Reliance Industries,1441.7340087890625
2025-10-24,Reliance Industries,1444.9193115234375
2025-10-27,Reliance Industries,1477.2696533203125
2025-10-28,Reliance Industries,1480.056884765625
2025-10-29,Reliance Industries,1497.277099609375
2025-10-30,Reliance Industries,1481.6494140625
2025-10-31,Reliance Industries,1479.5592041015625
2025-11-03,Reliance Industries,1477.866943359375
2025-11-04,Reliance Industries,1466.3203125
2025-11-06,Reliance Industries,1489.2144775390625
2025-11-07,Reliance Industries,1471.19775390625
2025-11-10,Reliance Industries,1482.44580078125
2025-11-11,Reliance Industries,1486.5269775390625
2025-11-12,Reliance Industries,1504.5435791015625
2025-11-13,Reliance Industries,1503.9464111328125
2025-11-14,Reliance Industries,1511.9095458984375
2025-11-17,Reliance Industries,1511.3123779296875
2025-11-18,Reliance Industries,1512.4072265625
2025-11-19,Reliance Industries,1511.9095458984375
2025-11-20,Reliance Industries,1541.9705810546875
2025-11-21,Reliance Industries,1539.4820556640625
2025-11-24,Reliance Industries,1528.831298828125
2025-11-25,Reliance Industries,1532.61376953125
2025-11-26,Reliance Industries,1562.6748046875
2025-11-27,Reliance Industries,1556.2047119140625
2025-11-28,Reliance Industries,1560.285888671875
2025-12-01,Reliance Industries,1558.892333984375
2025-12-02,Reliance Industries,1539.1834716796875
2025-12-03,Reliance Industries,1531.718017578125
2025-12-04,Reliance Industries,1528.53271484375
2025-12-05,Reliance Industries,1533.5096435546875
2025-12-08,Reliance Industries,1535.898681640625
2025-12-09,Reliance Industries,1522.3612060546875
2025-12-10,Reliance Industries,1529.8267822265625
2025-12-11,Reliance Industries,1537.889404296875
2025-12-12,Reliance Industries,1549.3365478515625
2025-12-15,Reliance Industries,1549.037841796875
2025-12-16,Reliance Industries,1535.201904296875
2025-12-17,Reliance Industries,1537.292236328125
2025-12-18,Reliance Industries,1537.292236328125
2025-12-19,Reliance Industries,1557.8968505859375
2025-12-22,Reliance Industries,1568.1495361328125
2025-12-23,Reliance Industries,1563.4710693359375
2025-12-24,Reliance Industries,1551.0286865234375
2025-12-26,Reliance Industries,1552.0240478515625
2025-12-29,Reliance Industries,1538.4866943359375
2025-12-30,Reliance Industries,1532.71337890625
2025-12-31,Reliance Industries,1563.172607421875
2026-01-01,Reliance Industries,1568.3485107421875
2026-01-02,Reliance Industries,1584.9718017578125
2026-01-05,Reliance Industries,1570.8370361328125
2026-01-06,Reliance Industries,1500.6614990234375
2026-01-07,Reliance Industries,1497.277099609375
2026-01-08,Reliance Industries,1463.831787109375
2026-01-09,Reliance Industries,1468.51025390625
2026-01-12,Reliance Industries,1476.373779296875
2026-01-13,Reliance Industries,1446.11376953125
2026-01-14,Reliance Industries,1452.086181640625
2026-01-15,Reliance Industries,1452.086181640625
2026-01-16,Reliance Industries,1451.1903076171875
2026-01-19,Reliance Industries,1407.0941162109375
2026-01-20,Reliance Industries,1387.5843505859375
2026-01-21,Reliance Industries,1398.1356201171875
2026-01-22,Reliance Industries,1396.0452880859375
2026-01-23,Reliance Industries,1379.720703125
2026-01-27,Reliance Industries,1374.146484375
2026-01-28,Reliance Industries,1390.2718505859375
2026-01-29,Reliance Industries,1384.59814453125
2026-01-30,Reliance Industries,1388.9779052734375
2026-02-02,Reliance Industries,1384.0009765625
2026-02-03,Reliance Industries,1430.4859619140625
2026-02-04,Reliance Industries,1450.095458984375
2026-02-05,Reliance Industries,1436.757080078125
2026-02-06,Reliance Industries,1444.123046875
2026-02-09,Reliance Industries,1454.873291015625
2026-02-10,Reliance Industries,1451.7874755859375
2026-02-11,Reliance Industries,1461.9405517578125
2026-02-12,Reliance Industries,1442.231689453125
2026-02-13,Reliance Industries,1413.0665283203125
2026-02-16,Reliance Industries,1430.4859619140625
2026-02-17,Reliance Industries,1416.450927734375
2026-02-18,Reliance Industries,1434.666748046875
2026-02-19,Reliance Industries,1403.0130615234375
2026-02-20,Reliance Industries,1412.8675537109375
2026-02-23,Reliance Industries,1421.4278564453125
2026-02-24,Reliance Industries,1422.2242431640625
2026-02-25,Reliance Industries,1392.063720703125
2026-02-26,Reliance Industries,1400.3255615234375
2026-02-27,Reliance Industries,1387.48486328125
2026-03-02,Reliance Industries,1351.75
2026-03-04,Reliance Industries,1338.8099365234375
2026-03-05,Reliance Industries,1383.005615234375
2026-03-06,Reliance Industries,1398.334716796875
2026-03-09,Reliance Industries,1417.4462890625
2026-03-10,Reliance Industries,1402.3162841796875
2026-03-11,Reliance Industries,1383.8017578125
2026-03-12,Reliance Industries,1385.7926025390625
2026-03-13,Reliance Industries,1374.3455810546875
2026-03-16,Reliance Industries,1388.6793212890625
2026-03-17,Reliance Industries,1391.167724609375
2026-03-18,Reliance Industries,1401.6195068359375
2026-03-19,Reliance Industries,1378.4267578125
2026-03-20,Reliance Industries,1407.8905029296875
2026-03-23,Reliance Industries,1401.3209228515625
2026-03-24,Reliance Industries,1405.302490234375
2026-03-25,Reliance Industries,1406.596435546875
2026-03-27,Reliance Industries,1341.8956298828125
2026-03-30,Reliance Industries,1337.7149658203125
2026-04-01,Reliance Industries,1362.8984375
2026-04-02,Reliance Industries,1344.2845458984375
2026-04-06,Reliance Industries,1298.6953125
2026-04-07,Reliance Industries,1298.5958251953125
2026-04-08,Reliance Industries,1341.5970458984375
2026-04-09,Reliance Industries,1323.87890625
2026-04-10,Reliance Industries,1343.9859619140625
2026-04-13,Reliance Industries,1309.0474853515625
2026-04-15,Reliance Industries,1337.9140625
2026-04-16,Reliance Industries,1337.1177978515625
2026-04-17,Reliance Industries,1358.7178955078125
2026-04-20,Reliance Industries,1357.0257568359375
2026-04-21,Reliance Industries,1347.07177734375
2026-04-22,Reliance Industries,1355.8311767578125
2026-04-23,Reliance Industries,1337.21728515625
2026-04-24,Reliance Industries,1321.6890869140625
2026-04-27,Reliance Industries,1359.51416015625
2026-04-28,Reliance Industries,1382.5078125
2026-04-29,Reliance Industries,1418.83984375
2026-04-30,Reliance Industries,1424.215087890625
2026-05-01,Reliance Industries,1424.215087890625
2026-05-04,Reliance Industries,1456.3663330078125
2026-05-05,Reliance Industries,1456.864013671875
2026-05-06,Reliance Industries,1431.2823486328125
2026-05-07,Reliance Industries,1429.590087890625
2026-05-08,Reliance Industries,1428.5947265625
2026-05-11,Reliance Industries,1381.81103515625
2026-05-12,Reliance Industries,1357.722412109375
2026-05-13,Reliance Industries,1352.54638671875
2026-05-14,Reliance Industries,1355.5325927734375
2026-05-15,Reliance Industries,1330.24951171875
2026-05-18,Reliance Industries,1329.7518310546875
2026-05-19,Reliance Industries,1316.6124267578125
2026-05-20,Reliance Industries,1353.442138671875
2026-05-21,Reliance Industries,1343.388671875
2026-05-22,Reliance Industries,1348.26611328125
2026-05-25,Reliance Industries,1360.7086181640625
2026-05-26,Reliance Industries,1350.0579833984375
2026-05-27,Reliance Industries,1344.2845458984375
2026-05-28,Reliance Industries,1344.2845458984375
2026-05-29,Reliance Industries,1315.119384765625
2026-06-01,Reliance Industries,1313.9249267578125
2026-06-02,Reliance Industries,1308.5498046875
2026-06-03,Reliance Industries,1307.15625
2026-06-04,Reliance Industries,1297.699951171875
2026-06-05,Reliance Industries,1291.0
2026-06-08,Reliance Industries,1263.300048828125
2026-06-09,Reliance Industries,1269.199951171875
2026-06-10,Reliance Industries,1258.800048828125
2026-06-11,Reliance Industries,1263.0
2026-06-12,Reliance Industries,1293.0
2026-06-15,Reliance Industries,1307.0
2026-06-16,Reliance Industries,1328.800048828125
2026-06-17,Reliance Industries,1332.699951171875
2026-06-18,Reliance Industries,1328.0999755859375
2026-06-19,Reliance Industries,1309.5
2026-06-22,Reliance Industries,1326.5
2026-06-23,Reliance Industries,1309.5
2026-06-24,Reliance Industries,1313.5999755859375
2026-06-25,Reliance Industries,1318.0999755859375
2026-06-26,Reliance Industries,1318.0999755859375
2026-06-29,Reliance Industries,1301.0
2026-06-30,Reliance Industries,1293.9000244140625
2026-07-01,Reliance Industries,1308.0
2026-07-02,Reliance Industries,1303.5
2026-07-03,Reliance Industries,1304.0
2026-07-06,Reliance Industries,1321.300048828125
2026-07-07,Reliance Industries,1308.4000244140625
2026-07-08,Reliance Industries,1275.9000244140625
2026-07-09,Reliance Industries,1279.800048828125
2026-07-10,Reliance Industries,1307.800048828125
2026-07-13,Reliance Industries,1296.9000244140625
2026-07-14,Reliance Industries,1293.0
2026-07-15,Reliance Industries,1295.5
2026-07-16,Reliance Industries,1296.5999755859375
2026-07-17,Reliance Industries,1327.199951171875
2026-07-20,Reliance Industries,1323.0999755859375
2026-07-21,Reliance Industries,1303.699951171875
2026-07-22,Reliance Industries,1288.5999755859375
2026-07-23,Reliance Industries,1272.199951171875
2026-07-24,Reliance Industries,1278.0
2026-07-27,Reliance Industries,1280.0
2026-07-28,Reliance Industries,1267.699951171875
2026-07-29,Reliance Industries,1275.9000244140625
2026-07-30,Reliance Industries,1292.9000244140625
2026-07-31,Reliance Industries,1307.800048828125
2026-08-03,Reliance Industries,1319.0
2026-08-04,Reliance Industries,1290.9000244140625
2026-08-05,Reliance Industries,1280.0
2020-01-01,TCS,1831.109619140625
2020-01-02,TCS,1822.704345703125
2020-01-03,TCS,1859.02880859375
2020-01-06,TCS,1858.860107421875
2020-01-07,TCS,1863.4217529296875
2020-01-08,TCS,1905.1533203125
2020-01-09,TCS,1870.6026611328125
2020-01-10,TCS,1869.9266357421875
2020-01-13,TCS,1850.3282470703125
2020-01-14,TCS,1864.30859375
2020-01-15,TCS,1881.203857421875
2020-01-16,TCS,1891.2567138671875
2020-01-17,TCS,1874.6151123046875
2020-01-20,TCS,1833.4327392578125
2020-01-21,TCS,1834.024169921875
2020-01-22,TCS,1864.30859375
2020-01-23,TCS,1855.0380859375
2020-01-24,TCS,1848.645751953125
2020-01-27,TCS,1836.6646728515625
2020-01-28,TCS,1848.94189453125
2020-01-29,TCS,1824.2613525390625
2020-01-30,TCS,1810.0792236328125
2020-01-31,TCS,1760.2940673828125
2020-02-03,TCS,1780.149169921875
2020-02-04,TCS,1784.5938720703125
2020-02-05,TCS,1817.4451904296875
2020-02-06,TCS,1802.03564453125
2020-02-07,TCS,1808.977783203125
2020-02-10,TCS,1830.4842529296875
2020-02-11,TCS,1823.24462890625
2020-02-12,TCS,1837.9351806640625
2020-02-13,TCS,1855.884033203125
2020-02-14,TCS,1849.32275390625
2020-02-17,TCS,1865.4517822265625
2020-02-18,TCS,1876.03564453125
2020-02-19,TCS,1859.609619140625
2020-02-20,TCS,1826.1236572265625
2020-02-24,TCS,1791.0283203125
2020-02-25,TCS,1825.5731201171875
2020-02-26,TCS,1798.0140380859375
2020-02-27,TCS,1782.6888427734375
2020-02-28,TCS,1693.49072265625
2020-03-02,TCS,1694.4647216796875
2020-03-03,TCS,1724.013671875
2020-03-04,TCS,1763.8077392578125
2020-03-05,TCS,1799.2415771484375
2020-03-06,TCS,1791.9599609375
2020-03-09,TCS,1669.9530029296875
2020-03-11,TCS,1654.1624755859375
2020-03-12,TCS,1498.5
2020-03-13,TCS,1529.3612060546875
2020-03-16,TCS,1436.3115234375
2020-03-17,TCS,1403.7984619140625
2020-03-18,TCS,1400.750732421875
2020-03-19,TCS,1395.5906982421875
2020-03-20,TCS,1532.988037109375
2020-03-23,TCS,1424.0338134765625
2020-03-24,TCS,1452.5623779296875
2020-03-25,TCS,1492.7752685546875
2020-03-26,TCS,1527.4439697265625
2020-03-27,TCS,1556.05810546875
2020-03-30,TCS,1516.8260498046875
2020-03-31,TCS,1557.42236328125
2020-04-01,TCS,1457.33837890625
2020-04-03,TCS,1410.814453125
2020-04-07,TCS,1514.01171875
2020-04-08,TCS,1454.523681640625
2020-04-09,TCS,1506.2930908203125
2020-04-13,TCS,1500.4083251953125
2020-04-15,TCS,1479.853759765625
2020-04-16,TCS,1463.564453125
2020-04-17,TCS,1540.4505615234375
2020-04-20,TCS,1551.068603515625
2020-04-21,TCS,1481.986083984375
2020-04-22,TCS,1509.150390625
2020-04-23,TCS,1601.8997802734375
2020-04-24,TCS,1550.9835205078125
2020-04-27,TCS,1566.3775634765625
2020-04-28,TCS,1585.5242919921875
2020-04-29,TCS,1625.2684326171875
2020-04-30,TCS,1718.06005859375
2020-05-04,TCS,1646.419189453125
2020-05-05,TCS,1648.381103515625
2020-05-06,TCS,1623.519775390625
2020-05-07,TCS,1613.3280029296875
2020-05-08,TCS,1614.8206787109375
2020-05-11,TCS,1650.5556640625
2020-05-12,TCS,1662.66650390625
2020-05-13,TCS,1662.79443359375
2020-05-14,TCS,1622.4537353515625
2020-05-15,TCS,1614.39404296875
2020-05-18,TCS,1659.340576171875
2020-05-19,TCS,1661.94189453125
2020-05-20,TCS,1666.163330078125
2020-05-21,TCS,1698.2310791015625
2020-05-22,TCS,1723.092041015625
2020-05-26,TCS,1657.122802734375
2020-05-27,TCS,1710.256591796875
2020-05-28,TCS,1709.4034423828125
2020-05-29,TCS,1682.1546630859375
2020-06-01,TCS,1744.32861328125
2020-06-02,TCS,1745.9488525390625
2020-06-03,TCS,1750.225830078125
2020-06-04,TCS,1789.0599365234375
2020-06-05,TCS,1752.022216796875
2020-06-08,TCS,1772.123291015625
2020-06-09,TCS,1772.380126953125
2020-06-10,TCS,1803.772705078125
2020-06-11,TCS,1768.615966796875
2020-06-12,TCS,1744.5377197265625
2020-06-15,TCS,1736.3258056640625
2020-06-16,TCS,1749.9268798828125
2020-06-17,TCS,1751.63720703125
2020-06-18,TCS,1743.3399658203125
2020-06-19,TCS,1748.900146484375
2020-06-22,TCS,1734.657958984375
2020-06-23,TCS,1740.94482421875
2020-06-24,TCS,1746.8470458984375
2020-06-25,TCS,1724.5216064453125
2020-06-26,TCS,1812.4114990234375
2020-06-29,TCS,1797.698974609375
2020-06-30,TCS,1781.01904296875
2020-07-01,TCS,1789.4876708984375
2020-07-02,TCS,1845.17236328125
2020-07-03,TCS,1881.52587890625
2020-07-06,TCS,1935.885009765625
2020-07-07,TCS,1941.6160888671875
2020-07-08,TCS,1897.9920654296875
2020-07-09,TCS,1885.546142578125
2020-07-10,TCS,1900.943115234375
2020-07-13,TCS,1898.9326171875
2020-07-14,TCS,1857.8321533203125
2020-07-15,TCS,1910.8228759765625
2020-07-16,TCS,1915.837158203125
2020-07-17,TCS,1886.6895751953125
2020-07-20,TCS,1892.8194580078125
2020-07-21,TCS,1907.52197265625
2020-07-22,TCS,1878.2877197265625
2020-07-23,TCS,1861.3563232421875
2020-07-24,TCS,1849.5257568359375
2020-07-27,TCS,1891.876220703125
2020-07-28,TCS,1980.135009765625
2020-07-29,TCS,1951.243896484375
2020-07-30,TCS,1954.2012939453125
2020-07-31,TCS,1955.8304443359375
2020-08-03,TCS,1932.4691162109375
2020-08-04,TCS,1928.654052734375
2020-08-05,TCS,1937.0556640625
2020-08-06,TCS,1978.72021484375
2020-08-07,TCS,1967.7894287109375
2020-08-10,TCS,1957.0303955078125
2020-08-11,TCS,1954.54443359375
2020-08-12,TCS,1935.2127685546875
2020-08-13,TCS,1932.7265625
2020-08-14,TCS,1922.1812744140625
2020-08-17,TCS,1931.8258056640625
2020-08-18,TCS,1945.842529296875
2020-08-19,TCS,1934.5697021484375
2020-08-20,TCS,1931.3548583984375
2020-08-21,TCS,1927.7110595703125
2020-08-24,TCS,1927.282470703125
2020-08-25,TCS,1922.6099853515625
2020-08-26,TCS,1931.9119873046875
2020-08-27,TCS,1927.539794921875
2020-08-28,TCS,1919.0958251953125
2020-08-31,TCS,1935.126708984375
2020-09-01,TCS,1925.782470703125
2020-09-02,TCS,1941.8992919921875
2020-09-03,TCS,1971.347412109375
2020-09-04,TCS,1962.1749267578125
2020-09-07,TCS,1994.9659423828125
2020-09-08,TCS,2013.0975341796875
2020-09-09,TCS,1995.47998046875
2020-09-10,TCS,1998.48046875
2020-09-11,TCS,2035.3016357421875
2020-09-14,TCS,2135.8623046875
2020-09-15,TCS,2135.8623046875
2020-09-16,TCS,2145.806640625
2020-09-17,TCS,2109.757568359375
2020-09-18,TCS,2100.284423828125
2020-09-21,TCS,2113.48681640625
2020-09-22,TCS,2162.90966796875
2020-09-23,TCS,2115.329833984375
2020-09-24,TCS,1999.4246826171875
2020-09-25,TCS,2076.622802734375
2020-09-28,TCS,2080.05224609375
2020-09-29,TCS,2133.2900390625
2020-09-30,TCS,2136.6328125
2020-10-01,TCS,2163.33837890625
2020-10-05,TCS,2319.665771484375
2020-10-06,TCS,2326.95361328125
2020-10-07,TCS,2345.513427734375
2020-10-08,TCS,2422.455810546875
2020-10-09,TCS,2411.525634765625
2020-10-12,TCS,2426.142333984375
2020-10-13,TCS,2423.183349609375
2020-10-14,TCS,2418.9228515625
2020-10-15,TCS,2359.51708984375
2020-10-16,TCS,2379.060546875
2020-10-19,TCS,2334.506591796875
2020-10-20,TCS,2358.139404296875
2020-10-21,TCS,2303.383056640625
2020-10-22,TCS,2299.72412109375
2020-10-23,TCS,2313.1982421875
2020-10-26,TCS,2314.4033203125
2020-10-27,TCS,2264.4248046875
2020-10-28,TCS,2257.58056640625
2020-10-29,TCS,2266.5771484375
2020-10-30,TCS,2294.2998046875
2020-11-02,TCS,2242.427734375
2020-11-03,TCS,2267.395751953125
2020-11-04,TCS,2284.2275390625
2020-11-05,TCS,2312.2509765625
2020-11-06,TCS,2330.976806640625
2020-11-09,TCS,2347.462890625
2020-11-10,TCS,2281.170654296875
2020-11-11,TCS,2314.05908203125
2020-11-12,TCS,2299.637939453125
2020-11-13,TCS,2287.412841796875
2020-11-14,TCS,2299.03515625
2020-11-17,TCS,2295.333251953125
2020-11-18,TCS,2261.411376953125
2020-11-19,TCS,2270.236083984375
2020-11-20,TCS,2290.33984375
2020-11-23,TCS,2345.440673828125
2020-11-24,TCS,2343.546142578125
2020-11-25,TCS,2325.681884765625
2020-11-26,TCS,2342.29833984375
2020-11-27,TCS,2307.042724609375
2020-12-01,TCS,2347.63623046875
2020-12-02,TCS,2367.222412109375
2020-12-03,TCS,2332.697998046875
2020-12-04,TCS,2348.281494140625
2020-12-07,TCS,2357.019775390625
2020-12-08,TCS,2408.33251953125
2020-12-09,TCS,2419.955322265625
2020-12-10,TCS,2397.140380859375
2020-12-11,TCS,2396.53759765625
2020-12-14,TCS,2408.676513671875
2020-12-15,TCS,2377.553466796875
2020-12-16,TCS,2422.8828125
2020-12-17,TCS,2443.5458984375
2020-12-18,TCS,2463.17529296875
2020-12-21,TCS,2428.00537109375
2020-12-22,TCS,2473.076171875
2020-12-23,TCS,2504.284912109375
2020-12-24,TCS,2504.802490234375
2020-12-28,TCS,2522.064208984375
2020-12-29,TCS,2523.011474609375
2020-12-30,TCS,2504.759033203125
2020-12-31,TCS,2464.6826171875
2021-01-01,TCS,2521.07421875
2021-01-04,TCS,2616.811279296875
2021-01-05,TCS,2662.91552734375
2021-01-06,TCS,2627.185791015625
2021-01-07,TCS,2611.086181640625
2021-01-08,TCS,2686.936279296875
2021-01-11,TCS,2734.761474609375
2021-01-12,TCS,2733.384521484375
2021-01-13,TCS,2719.6953125
2021-01-14,TCS,2804.0126953125
2021-01-15,TCS,2789.04736328125
2021-01-18,TCS,2779.041259765625
2021-01-19,TCS,2812.638671875
2021-01-20,TCS,2854.129150390625
2021-01-21,TCS,2823.9814453125
2021-01-22,TCS,2849.212646484375
2021-01-25,TCS,2839.0341796875
2021-01-27,TCS,2812.940673828125
2021-01-28,TCS,2757.304443359375
2021-01-29,TCS,2683.811767578125
2021-02-01,TCS,2707.96435546875
2021-02-02,TCS,2763.255615234375
2021-02-03,TCS,2760.322509765625
2021-02-04,TCS,2750.31689453125
2021-02-05,TCS,2724.008056640625
2021-02-08,TCS,2772.442138671875
2021-02-09,TCS,2740.35400390625
2021-02-10,TCS,2771.752197265625
2021-02-11,TCS,2765.45556640625
2021-02-12,TCS,2752.34375
2021-02-15,TCS,2708.39501953125
2021-02-16,TCS,2681.611572265625
2021-02-17,TCS,2650.8173828125
2021-02-18,TCS,2637.231689453125
2021-02-19,TCS,2649.73876953125
2021-02-22,TCS,2551.921875
2021-02-23,TCS,2570.682861328125
2021-02-24,TCS,2542.993896484375
2021-02-25,TCS,2583.707763671875
2021-02-26,TCS,2496.5869140625
2021-03-01,TCS,2522.3779296875
2021-03-02,TCS,2593.2392578125
2021-03-03,TCS,2638.740966796875
2021-03-04,TCS,2630.6328125
2021-03-05,TCS,2594.7060546875
2021-03-08,TCS,2593.7578125
2021-03-09,TCS,2631.710693359375
2021-03-10,TCS,2648.963134765625
2021-03-12,TCS,2637.748779296875
2021-03-15,TCS,2644.822021484375
2021-03-16,TCS,2682.68994140625
2021-03-17,TCS,2685.19140625
2021-03-18,TCS,2619.2470703125
2021-03-19,TCS,2631.06396484375
2021-03-22,TCS,2699.596923828125
2021-03-23,TCS,2710.76708984375
2021-03-24,TCS,2692.221923828125
2021-03-25,TCS,2643.70166015625
2021-03-26,TCS,2645.38330078125
2021-03-30,TCS,2724.525634765625
2021-03-31,TCS,2741.174072265625
2021-04-01,TCS,2730.089599609375
2021-04-05,TCS,2793.834716796875
2021-04-06,TCS,2816.08935546875
2021-04-07,TCS,2821.86865234375
2021-04-08,TCS,2861.504150390625
2021-04-09,TCS,2865.73095703125
2021-04-12,TCS,2800.43359375
2021-04-13,TCS,2677.514892578125
2021-04-15,TCS,2776.625732421875
2021-04-16,TCS,2756.095703125
2021-04-19,TCS,2727.328857421875
2021-04-20,TCS,2712.449951171875
2021-04-22,TCS,2690.237548828125
2021-04-23,TCS,2682.21533203125
2021-04-26,TCS,2674.7109375
2021-04-27,TCS,2701.624267578125
2021-04-28,TCS,2694.80908203125
2021-04-29,TCS,2687.175537109375
2021-04-30,TCS,2618.513427734375
2021-05-03,TCS,2619.677490234375
2021-05-04,TCS,2630.676025390625
2021-05-05,TCS,2670.311767578125
2021-05-06,TCS,2683.8974609375
2021-05-07,TCS,2702.400634765625
2021-05-10,TCS,2713.2685546875
2021-05-11,TCS,2693.51513671875
2021-05-12,TCS,2663.324951171875
2021-05-14,TCS,2632.185546875
2021-05-17,TCS,2647.92724609375
2021-05-18,TCS,2664.3603515625
2021-05-19,TCS,2658.494384765625
2021-05-20,TCS,2639.517822265625
2021-05-21,TCS,2657.200927734375
2021-05-24,TCS,2658.0634765625
2021-05-25,TCS,2699.23681640625
2021-05-26,TCS,2737.808837890625
2021-05-27,TCS,2756.4453125
2021-05-28,TCS,2724.89404296875
2021-05-31,TCS,2738.372802734375
2021-06-01,TCS,2733.041748046875
2021-06-02,TCS,2712.62841796875
2021-06-03,TCS,2722.85693359375
2021-06-04,TCS,2725.024169921875
2021-06-07,TCS,2759.219970703125
2021-06-08,TCS,2773.91162109375
2021-06-09,TCS,2773.99853515625
2021-06-10,TCS,2788.344482421875
2021-06-11,TCS,2837.75244140625
2021-06-14,TCS,2839.962646484375
2021-06-15,TCS,2828.17431640625
2021-06-16,TCS,2838.22900390625
2021-06-17,TCS,2875.848388671875
2021-06-18,TCS,2858.1220703125
2021-06-21,TCS,2837.1455078125
2021-06-22,TCS,2861.50244140625
2021-06-23,TCS,2827.003173828125
2021-06-24,TCS,2924.259765625
2021-06-25,TCS,2930.500244140625
2021-06-28,TCS,2892.317626953125
2021-06-29,TCS,2895.871826171875
2021-06-30,TCS,2900.119140625
2021-07-01,TCS,2896.4345703125
2021-07-02,TCS,2882.5224609375
2021-07-05,TCS,2878.665283203125
2021-07-06,TCS,2827.7841796875
2021-07-07,TCS,2838.74853515625
2021-07-08,TCS,2824.48974609375
2021-07-09,TCS,2780.84619140625
2021-07-12,TCS,2767.80126953125
2021-07-13,TCS,2762.990234375
2021-07-14,TCS,2786.39404296875
2021-07-15,TCS,2782.398193359375
2021-07-16,TCS,2775.318359375
2021-07-19,TCS,2766.45751953125
2021-07-20,TCS,2784.87353515625
2021-07-22,TCS,2794.03857421875
2021-07-23,TCS,2790.998046875
2021-07-26,TCS,2777.706298828125
2021-07-27,TCS,2765.02392578125
2021-07-28,TCS,2777.923583984375
2021-07-29,TCS,2776.186767578125
2021-07-30,TCS,2751.55859375
2021-08-02,TCS,2796.6875
2021-08-03,TCS,2853.587890625
2021-08-04,TCS,2844.07568359375
2021-08-05,TCS,2852.762451171875
2021-08-06,TCS,2875.218505859375
2021-08-09,TCS,2886.42431640625
2021-08-10,TCS,2896.15380859375
2021-08-11,TCS,2905.101806640625
2021-08-12,TCS,2911.65966796875
2021-08-13,TCS,3008.650390625
2021-08-16,TCS,3016.946533203125
2021-08-17,TCS,3086.529052734375
2021-08-18,TCS,3093.044921875
2021-08-20,TCS,3092.132080078125
2021-08-23,TCS,3159.803466796875
2021-08-24,TCS,3138.78125
2021-08-25,TCS,3178.56787109375
2021-08-26,TCS,3189.730712890625
2021-08-27,TCS,3231.688720703125
2021-08-30,TCS,3215.31298828125
2021-08-31,TCS,3289.28369140625
2021-09-01,TCS,3227.171875
2021-09-02,TCS,3332.97900390625
2021-09-03,TCS,3337.5830078125
2021-09-06,TCS,3346.2265625
2021-09-07,TCS,3314.86669921875
2021-09-08,TCS,3278.5986328125
2021-09-09,TCS,3293.583740234375
2021-09-13,TCS,3340.449462890625
2021-09-14,TCS,3375.675537109375
2021-09-15,TCS,3435.31201171875
2021-09-16,TCS,3390.790771484375
2021-09-17,TCS,3325.247802734375
2021-09-20,TCS,3321.468994140625
2021-09-21,TCS,3355.739013671875
2021-09-22,TCS,3355.04345703125
2021-09-23,TCS,3361.211669921875
2021-09-24,TCS,3362.992431640625
2021-09-27,TCS,3333.153076171875
2021-09-28,TCS,3282.941650390625
2021-09-29,TCS,3294.01708984375
2021-09-30,TCS,3279.81494140625
2021-10-01,TCS,3240.41943359375
2021-10-04,TCS,3277.8603515625
2021-10-05,TCS,3329.982421875
2021-10-06,TCS,3310.52294921875
2021-10-07,TCS,3381.756591796875
2021-10-08,TCS,3418.893310546875
2021-10-11,TCS,3201.67529296875
2021-10-12,TCS,3173.225341796875
2021-10-13,TCS,3175.266357421875
2021-10-14,TCS,3143.28076171875
2021-10-18,TCS,3174.352783203125
2021-10-19,TCS,3163.038330078125
2021-10-20,TCS,3141.01806640625
2021-10-21,TCS,3074.5654296875
2021-10-22,TCS,3045.278076171875
2021-10-25,TCS,3040.142333984375
2021-10-26,TCS,3031.1337890625
2021-10-27,TCS,3037.357666015625
2021-10-28,TCS,2978.0849609375
2021-10-29,TCS,2957.2841796875
2021-11-01,TCS,3025.73779296875
2021-11-02,TCS,3032.52685546875
2021-11-03,TCS,3039.53369140625
2021-11-04,TCS,3053.806884765625
2021-11-08,TCS,3048.67236328125
2021-11-09,TCS,3051.2392578125
2021-11-10,TCS,3032.61376953125
2021-11-11,TCS,3036.008544921875
2021-11-12,TCS,3068.951416015625
2021-11-15,TCS,3092.6689453125
2021-11-16,TCS,3095.367431640625
2021-11-17,TCS,3065.33935546875
2021-11-18,TCS,3025.128662109375
2021-11-22,TCS,3010.0712890625
2021-11-23,TCS,3015.1630859375
2021-11-24,TCS,2996.928955078125
2021-11-25,TCS,2999.1923828125
2021-11-26,TCS,3000.0185546875
2021-11-29,TCS,3048.019287109375
2021-11-30,TCS,3071.649169921875
2021-12-01,TCS,3113.99267578125
2021-12-02,TCS,3170.654052734375
2021-12-03,TCS,3168.52099609375
2021-12-06,TCS,3077.9599609375
2021-12-07,TCS,3119.82421875
2021-12-08,TCS,3156.727783203125
2021-12-09,TCS,3134.83837890625
2021-12-10,TCS,3165.3447265625
2021-12-13,TCS,3141.7138671875
2021-12-14,TCS,3154.030029296875
2021-12-15,TCS,3107.509033203125
2021-12-16,TCS,3117.30029296875
2021-12-17,TCS,3119.694091796875
2021-12-20,TCS,3095.802978515625
2021-12-21,TCS,3140.538818359375
2021-12-22,TCS,3160.07861328125
2021-12-23,TCS,3187.88671875
2021-12-24,TCS,3195.024169921875
2021-12-27,TCS,3216.957763671875
2021-12-28,TCS,3226.052734375
2021-12-29,TCS,3215.73876953125
2021-12-30,TCS,3249.72705078125
2021-12-31,TCS,3253.730224609375
2022-01-03,TCS,3322.836669921875
2022-01-04,TCS,3381.152099609375
2022-01-05,TCS,3360.437255859375
2022-01-06,TCS,3313.872314453125
2022-01-07,TCS,3353.952392578125
2022-01-10,TCS,3376.88720703125
2022-01-11,TCS,3408.263671875
2022-01-12,TCS,3359.523193359375
2022-01-13,TCS,3392.59716796875
2022-01-14,TCS,3453.740478515625
2022-01-17,TCS,3498.128662109375
2022-01-18,TCS,3473.279541015625
2022-01-19,TCS,3413.162841796875
2022-01-20,TCS,3336.34912109375
2022-01-21,TCS,3342.40869140625
2022-01-24,TCS,3288.219970703125
2022-01-25,TCS,3286.95556640625
2022-01-27,TCS,3181.761962890625
2022-01-28,TCS,3217.335205078125
2022-01-31,TCS,3257.61669921875
2022-02-01,TCS,3313.766357421875
2022-02-02,TCS,3362.2001953125
2022-02-03,TCS,3334.6484375
2022-02-04,TCS,3326.190673828125
2022-02-07,TCS,3294.89013671875
2022-02-08,TCS,3263.89501953125
2022-02-09,TCS,3278.803466796875
2022-02-10,TCS,3287.34814453125
2022-02-11,TCS,3221.607421875
2022-02-14,TCS,3255.43701171875
2022-02-15,TCS,3328.719482421875
2022-02-16,TCS,3324.62158203125
2022-02-17,TCS,3299.423583984375
2022-02-18,TCS,3307.880859375
2022-02-21,TCS,3242.925048828125
2022-02-22,TCS,3126.963134765625
2022-02-23,TCS,3107.2587890625
2022-02-24,TCS,2965.880615234375
2022-02-25,TCS,3069.7236328125
2022-02-28,TCS,3098.888427734375
2022-03-02,TCS,3091.869140625
2022-03-03,TCS,3090.343505859375
2022-03-04,TCS,3072.8623046875
2022-03-07,TCS,3038.4658203125
2022-03-08,TCS,3138.777099609375
2022-03-09,TCS,3167.2451171875
2022-03-10,TCS,3157.087158203125
2022-03-11,TCS,3138.080078125
2022-03-14,TCS,3176.312744140625
2022-03-15,TCS,3133.502685546875
2022-03-16,TCS,3187.5595703125
2022-03-17,TCS,3202.251220703125
2022-03-21,TCS,3162.100830078125
2022-03-22,TCS,3226.838623046875
2022-03-23,TCS,3236.8212890625
2022-03-24,TCS,3269.474609375
2022-03-25,TCS,3232.506103515625
2022-03-28,TCS,3232.724365234375
2022-03-29,TCS,3230.67529296875
2022-03-30,TCS,3253.51904296875
2022-03-31,TCS,3260.8427734375
2022-04-01,TCS,3277.234375
2022-04-04,TCS,3287.34814453125
2022-04-05,TCS,3326.104248046875
2022-04-06,TCS,3274.27001953125
2022-04-07,TCS,3212.1904296875
2022-04-08,TCS,3213.4990234375
2022-04-11,TCS,3222.871826171875
2022-04-12,TCS,3218.2509765625
2022-04-13,TCS,3192.835205078125
2022-04-18,TCS,3076.087890625
2022-04-19,TCS,3027.130859375
2022-04-20,TCS,3101.1552734375
2022-04-21,TCS,3163.80078125
2022-04-22,TCS,3149.76318359375
2022-04-25,TCS,3093.65673828125
2022-04-26,TCS,3092.0
2022-04-27,TCS,3104.99169921875
2022-04-28,TCS,3125.132080078125
2022-04-29,TCS,3092.348876953125
2022-05-02,TCS,3088.599853515625
2022-05-04,TCS,3033.975341796875
2022-05-05,TCS,3063.315185546875
2022-05-06,TCS,2992.86572265625
2022-05-09,TCS,3003.7646484375
2022-05-10,TCS,2998.227783203125
2022-05-11,TCS,2974.904541015625
2022-05-12,TCS,2971.984130859375
2022-05-13,TCS,2977.432861328125
2022-05-16,TCS,2944.213623046875
2022-05-17,TCS,3009.43212890625
2022-05-18,TCS,3006.990478515625
2022-05-19,TCS,2844.07666015625
2022-05-20,TCS,2871.1494140625
2022-05-23,TCS,2896.2158203125
2022-05-24,TCS,2866.7900390625
2022-05-25,TCS,2780.4609375
2022-05-26,TCS,2832.5126953125
2022-05-27,TCS,2862.664306640625
2022-05-30,TCS,2962.68603515625
2022-05-31,TCS,2953.1181640625
2022-06-01,TCS,2945.086669921875
2022-06-02,TCS,3004.599853515625
2022-06-03,TCS,3019.6533203125
2022-06-06,TCS,3011.577392578125
2022-06-07,TCS,2951.67041015625
2022-06-08,TCS,2988.053466796875
2022-06-09,TCS,3008.1982421875
2022-06-10,TCS,2949.212158203125
2022-06-13,TCS,2826.06103515625
2022-06-14,TCS,2818.1171875
2022-06-15,TCS,2814.387451171875
2022-06-16,TCS,2757.947265625
2022-06-17,TCS,2711.337158203125
2022-06-20,TCS,2731.96484375
2022-06-21,TCS,2819.3466796875
2022-06-22,TCS,2829.001708984375
2022-06-23,TCS,2904.358642578125
2022-06-24,TCS,2890.577392578125
2022-06-27,TCS,2909.537109375
2022-06-28,TCS,2912.5654296875
2022-06-29,TCS,2888.294677734375
2022-06-30,TCS,2867.755859375
2022-07-01,TCS,2909.887939453125
2022-07-04,TCS,2839.62255859375
2022-07-05,TCS,2823.164794921875
2022-07-06,TCS,2862.181396484375
2022-07-07,TCS,2885.968994140625
2022-07-08,TCS,2866.306884765625
2022-07-11,TCS,2733.193603515625
2022-07-12,TCS,2707.650634765625
2022-07-13,TCS,2667.316650390625
2022-07-14,TCS,2639.154052734375
2022-07-15,TCS,2635.501708984375
2022-07-18,TCS,2696.14013671875
2022-07-19,TCS,2705.60107421875
2022-07-20,TCS,2785.29248046875
2022-07-21,TCS,2796.293701171875
2022-07-22,TCS,2790.749267578125
2022-07-25,TCS,2787.008544921875
2022-07-26,TCS,2742.255859375
2022-07-27,TCS,2806.45849609375
2022-07-28,TCS,2869.51708984375
2022-07-29,TCS,2905.9521484375
2022-08-01,TCS,2903.223876953125
2022-08-02,TCS,2897.063232421875
2022-08-03,TCS,2939.043212890625
2022-08-04,TCS,2952.640869140625
2022-08-05,TCS,2961.529541015625
2022-08-08,TCS,2969.802490234375
2022-08-10,TCS,2952.02490234375
2022-08-11,TCS,3012.09033203125
2022-08-12,TCS,2993.652587890625
2022-08-16,TCS,2985.863525390625
2022-08-17,TCS,2993.256591796875
2022-08-18,TCS,2975.787109375
2022-08-19,TCS,2979.746826171875
2022-08-22,TCS,2952.28857421875
2022-08-23,TCS,2890.7265625
2022-08-24,TCS,2864.984619140625
2022-08-25,TCS,2832.28857421875
2022-08-26,TCS,2835.80908203125
2022-08-29,TCS,2756.91015625
2022-08-30,TCS,2826.084228515625
2022-09-01,TCS,2756.161376953125
2022-09-02,TCS,2755.017333984375
2022-09-05,TCS,2757.657470703125
2022-09-06,TCS,2752.069580078125
2022-09-07,TCS,2771.915283203125
2022-09-08,TCS,2789.56103515625
2022-09-09,TCS,2831.804931640625
2022-09-12,TCS,2854.0712890625
2022-09-13,TCS,2842.101806640625
2022-09-14,TCS,2746.21630859375
2022-09-15,TCS,2732.09130859375
2022-09-16,TCS,2647.910888671875
2022-09-19,TCS,2665.60107421875
2022-09-20,TCS,2675.7216796875
2022-09-21,TCS,2641.310546875
2022-09-22,TCS,2646.767333984375
2022-09-23,TCS,2624.456787109375
2022-09-26,TCS,2635.32568359375
2022-09-27,TCS,2655.61181640625
2022-09-28,TCS,2671.629150390625
2022-09-29,TCS,2637.87841796875
2022-09-30,TCS,2644.2587890625
2022-10-03,TCS,2627.009033203125
2022-10-04,TCS,2720.474365234375
2022-10-06,TCS,2729.979248046875
2022-10-07,TCS,2697.3720703125
2022-10-10,TCS,2744.589111328125
2022-10-11,TCS,2701.464599609375
2022-10-12,TCS,2728.923095703125
2022-10-13,TCS,2731.167236328125
2022-10-14,TCS,2727.514404296875
2022-10-17,TCS,2745.691162109375
2022-10-18,TCS,2774.765380859375
2022-10-19,TCS,2754.603515625
2022-10-20,TCS,2785.88330078125
2022-10-21,TCS,2768.323974609375
2022-10-24,TCS,2789.765380859375
2022-10-25,TCS,2790.11865234375
2022-10-27,TCS,2785.97119140625
2022-10-28,TCS,2791.13330078125
2022-10-31,TCS,2817.515869140625
2022-11-01,TCS,2876.237060546875
2022-11-02,TCS,2860.354736328125
2022-11-03,TCS,2829.515869140625
2022-11-04,TCS,2838.913330078125
2022-11-07,TCS,2853.294921875
2022-11-09,TCS,2837.72216796875
2022-11-10,TCS,2828.545166015625
2022-11-11,TCS,2925.869873046875
2022-11-14,TCS,2943.1201171875
2022-11-15,TCS,2940.5615234375
2022-11-16,TCS,2960.63525390625
2022-11-17,TCS,2955.031982421875
2022-11-18,TCS,2950.134521484375
2022-11-21,TCS,2897.237060546875
2022-11-22,TCS,2924.987548828125
2022-11-23,TCS,2919.11962890625
2022-11-24,TCS,2982.517578125
2022-11-25,TCS,2990.900146484375
2022-11-28,TCS,2995.8408203125
2022-11-29,TCS,2997.6943359375
2022-11-30,TCS,2991.915283203125
2022-12-01,TCS,3066.783447265625
2022-12-02,TCS,3034.57763671875
2022-12-05,TCS,3022.885986328125
2022-12-06,TCS,2987.106201171875
2022-12-07,TCS,2982.9150390625
2022-12-08,TCS,2956.39990234375
2022-12-09,TCS,2905.3994140625
2022-12-12,TCS,2899.840087890625
2022-12-13,TCS,2940.1201171875
2022-12-14,TCS,2969.458740234375
2022-12-15,TCS,2916.29638671875
2022-12-16,TCS,2859.07568359375
2022-12-19,TCS,2825.36962890625
2022-12-20,TCS,2862.33984375
2022-12-21,TCS,2884.04638671875
2022-12-22,TCS,2876.237060546875
2022-12-23,TCS,2848.5751953125
2022-12-26,TCS,2870.237060546875
2022-12-27,TCS,2876.06103515625
2022-12-28,TCS,2873.943359375
2022-12-29,TCS,2884.22265625
2022-12-30,TCS,2873.58984375
2023-01-02,TCS,2877.781494140625
2023-01-03,TCS,2921.811279296875
2023-01-04,TCS,2924.722900390625
2023-01-05,TCS,2921.59033203125
2023-01-06,TCS,2833.751953125
2023-01-09,TCS,2929.39892578125
2023-01-10,TCS,2899.796142578125
2023-01-11,TCS,2937.12060546875
2023-01-12,TCS,2942.10546875
2023-01-13,TCS,2977.576416015625
2023-01-16,TCS,3008.71044921875
2023-01-17,TCS,3048.731689453125
2023-01-18,TCS,3059.2001953125
2023-01-19,TCS,3043.949462890625
2023-01-20,TCS,3034.925537109375
2023-01-23,TCS,3081.67041015625
2023-01-24,TCS,3100.982666015625
2023-01-25,TCS,3095.071533203125
2023-01-27,TCS,3078.196044921875
2023-01-30,TCS,3098.59130859375
2023-01-31,TCS,3030.954833984375
2023-02-01,TCS,3075.76025390625
2023-02-02,TCS,3122.730712890625
2023-02-03,TCS,3142.493408203125
2023-02-06,TCS,3122.32421875
2023-02-07,TCS,3133.695068359375
2023-02-08,TCS,3176.605224609375
2023-02-09,TCS,3195.330810546875
2023-02-10,TCS,3192.3525390625
2023-02-13,TCS,3142.583984375
2023-02-14,TCS,3158.55712890625
2023-02-15,TCS,3177.10107421875
2023-02-16,TCS,3210.851806640625
2023-02-17,TCS,3159.50390625
2023-02-20,TCS,3147.005615234375
2023-02-21,TCS,3114.248291015625
2023-02-22,TCS,3069.62353515625
2023-02-23,TCS,3080.67822265625
2023-02-24,TCS,3068.631103515625
2023-02-27,TCS,3006.724853515625
2023-02-28,TCS,2989.578857421875
2023-03-01,TCS,3055.319580078125
2023-03-02,TCS,2997.33935546875
2023-03-03,TCS,3016.019287109375
2023-03-06,TCS,3042.8212890625
2023-03-08,TCS,3059.560791015625
2023-03-09,TCS,3011.23681640625
2023-03-10,TCS,3005.957275390625
2023-03-13,TCS,2961.693603515625
2023-03-14,TCS,2901.23193359375
2023-03-15,TCS,2886.748046875
2023-03-16,TCS,2874.2041015625
2023-03-17,TCS,2869.060302734375
2023-03-20,TCS,2836.57373046875
2023-03-21,TCS,2803.003662109375
2023-03-22,TCS,2825.293701171875
2023-03-23,TCS,2819.743408203125
2023-03-24,TCS,2815.99853515625
2023-03-27,TCS,2817.62255859375
2023-03-28,TCS,2811.846923828125
2023-03-29,TCS,2832.6025390625
2023-03-31,TCS,2893.06494140625
2023-04-03,TCS,2887.740966796875
2023-04-05,TCS,2923.65673828125
2023-04-06,TCS,2906.4208984375
2023-04-10,TCS,2944.9541015625
2023-04-11,TCS,2900.1943359375
2023-04-12,TCS,2925.326416015625
2023-04-13,TCS,2877.679443359375
2023-04-17,TCS,2833.144287109375
2023-04-18,TCS,2825.247802734375
2023-04-19,TCS,2788.113037109375
2023-04-20,TCS,2801.830078125
2023-04-21,TCS,2852.4111328125
2023-04-24,TCS,2865.0
2023-04-25,TCS,2866.082275390625
2023-04-26,TCS,2886.071044921875
2023-04-27,TCS,2876.866455078125
2023-04-28,TCS,2905.11279296875
2023-05-02,TCS,2905.247802734375
2023-05-03,TCS,2869.601806640625
2023-05-04,TCS,2906.4208984375
2023-05-05,TCS,2915.444580078125
2023-05-08,TCS,2933.403076171875
2023-05-09,TCS,2962.866943359375
2023-05-10,TCS,2966.07080078125
2023-05-11,TCS,2961.874267578125
2023-05-12,TCS,2954.790771484375
2023-05-15,TCS,2937.419189453125
2023-05-16,TCS,2940.21630859375
2023-05-17,TCS,2895.59130859375
2023-05-18,TCS,2887.60546875
2023-05-19,TCS,2908.361328125
2023-05-22,TCS,2976.809326171875
2023-05-23,TCS,2975.320556640625
2023-05-24,TCS,2981.005859375
2023-05-25,TCS,2972.117431640625
2023-05-26,TCS,3004.0625
2023-05-29,TCS,2996.347412109375
2023-05-30,TCS,2992.601806640625
2023-05-31,TCS,2968.50732421875
2023-06-01,TCS,2999.640380859375
2023-06-02,TCS,2983.0361328125
2023-06-05,TCS,2967.9658203125
2023-06-06,TCS,2916.88916015625
2023-06-07,TCS,2955.33203125
2023-06-08,TCS,2920.63427734375
2023-06-09,TCS,2896.133056640625
2023-06-12,TCS,2930.06396484375
2023-06-13,TCS,2927.176513671875
2023-06-14,TCS,2933.809326171875
2023-06-15,TCS,2924.036376953125
2023-06-16,TCS,2886.398193359375
2023-06-19,TCS,2918.672119140625
2023-06-20,TCS,2934.39990234375
2023-06-21,TCS,2962.12890625
2023-06-22,TCS,2944.21875
2023-06-23,TCS,2924.08154296875
2023-06-26,TCS,2899.8076171875
2023-06-27,TCS,2906.807861328125
2023-06-28,TCS,2923.26318359375
2023-06-30,TCS,3002.17578125
2023-07-03,TCS,2974.947021484375
2023-07-04,TCS,3008.176025390625
2023-07-05,TCS,3018.26708984375
2023-07-06,TCS,3020.949462890625
2023-07-07,TCS,3026.72216796875
2023-07-10,TCS,2974.629150390625
2023-07-11,TCS,2975.037841796875
2023-07-12,TCS,2963.674072265625
2023-07-13,TCS,3036.99609375
2023-07-14,TCS,3195.275146484375
2023-07-17,TCS,3174.41064453125
2023-07-18,TCS,3179.092041015625
2023-07-19,TCS,3154.727783203125
2023-07-20,TCS,3156.77880859375
2023-07-21,TCS,3070.186767578125
2023-07-24,TCS,3094.295654296875
2023-07-25,TCS,3098.30615234375
2023-07-26,TCS,3088.416748046875
2023-07-27,TCS,3096.255615234375
2023-07-28,TCS,3058.42822265625
2023-07-31,TCS,3118.63232421875
2023-08-01,TCS,3146.524169921875
2023-08-02,TCS,3136.133544921875
2023-08-03,TCS,3099.03564453125
2023-08-04,TCS,3138.776611328125
2023-08-07,TCS,3175.6923828125
2023-08-08,TCS,3163.432373046875
2023-08-09,TCS,3156.049560546875
2023-08-10,TCS,3137.45458984375
2023-08-11,TCS,3143.56201171875
2023-08-14,TCS,3144.51953125
2023-08-16,TCS,3152.312255859375
2023-08-17,TCS,3131.66748046875
2023-08-18,TCS,3069.093505859375
2023-08-21,TCS,3100.5849609375
2023-08-22,TCS,3082.810791015625
2023-08-23,TCS,3097.486083984375
2023-08-24,TCS,3087.91552734375
2023-08-25,TCS,3082.03662109375
2023-08-28,TCS,3076.795166015625
2023-08-29,TCS,3077.341796875
2023-08-30,TCS,3090.832275390625
2023-08-31,TCS,3059.70458984375
2023-09-01,TCS,3080.1220703125
2023-09-04,TCS,3115.94384765625
2023-09-05,TCS,3125.833984375
2023-09-06,TCS,3126.334716796875
2023-09-07,TCS,3149.441162109375
2023-09-08,TCS,3137.272705078125
2023-09-11,TCS,3172.593017578125
2023-09-12,TCS,3263.879150390625
2023-09-13,TCS,3252.07568359375
2023-09-14,TCS,3244.9658203125
2023-09-15,TCS,3279.830322265625
2023-09-18,TCS,3286.985595703125
2023-09-20,TCS,3286.894775390625
2023-09-21,TCS,3267.981201171875
2023-09-22,TCS,3284.70654296875
2023-09-25,TCS,3260.552490234375
2023-09-26,TCS,3268.345703125
2023-09-27,TCS,3271.626708984375
2023-09-28,TCS,3223.727783203125
2023-09-29,TCS,3216.2998046875
2023-10-03,TCS,3202.8544921875
2023-10-04,TCS,3224.639404296875
2023-10-05,TCS,3271.6728515625
2023-10-06,TCS,3300.885986328125
2023-10-09,TCS,3316.3359375
2023-10-10,TCS,3307.722412109375
2023-10-11,TCS,3290.40380859375
2023-10-12,TCS,3229.014404296875
2023-10-13,TCS,3254.810302734375
2023-10-16,TCS,3212.15185546875
2023-10-17,TCS,3196.656494140625
2023-10-18,TCS,3178.609130859375
2023-10-19,TCS,3157.95556640625
2023-10-20,TCS,3193.5048828125
2023-10-23,TCS,3116.375732421875
2023-10-25,TCS,3098.052978515625
2023-10-26,TCS,3049.298828125
2023-10-27,TCS,3062.275146484375
2023-10-30,TCS,3087.49755859375
2023-10-31,TCS,3078.54248046875
2023-11-01,TCS,3043.724609375
2023-11-02,TCS,3070.637451171875
2023-11-03,TCS,3062.22998046875
2023-11-06,TCS,3089.051513671875
2023-11-07,TCS,3080.095703125
2023-11-08,TCS,3090.239501953125
2023-11-09,TCS,3059.077392578125
2023-11-10,TCS,3046.28271484375
2023-11-13,TCS,3044.546875
2023-11-15,TCS,3111.029541015625
2023-11-16,TCS,3196.520263671875
2023-11-17,TCS,3200.72412109375
2023-11-20,TCS,3216.3974609375
2023-11-21,TCS,3207.806884765625
2023-11-22,TCS,3226.0380859375
2023-11-23,TCS,3206.02490234375
2023-11-24,TCS,3159.28125
2023-11-28,TCS,3171.206787109375
2023-11-29,TCS,3211.05126953125
2023-11-30,TCS,3187.15380859375
2023-12-01,TCS,3209.131591796875
2023-12-04,TCS,3209.86279296875
2023-12-05,TCS,3227.36328125
2023-12-06,TCS,3293.61767578125
2023-12-07,TCS,3303.4873046875
2023-12-08,TCS,3314.270751953125
2023-12-11,TCS,3329.07470703125
2023-12-12,TCS,3355.759521484375
2023-12-13,TCS,3283.976318359375
2023-12-14,TCS,3351.3271484375
2023-12-15,TCS,3528.386474609375
2023-12-18,TCS,3526.740966796875
2023-12-19,TCS,3487.445556640625
2023-12-20,TCS,3454.409912109375
2023-12-21,TCS,3461.218017578125
2023-12-22,TCS,3494.573974609375
2023-12-26,TCS,3468.574462890625
2023-12-27,TCS,3482.87646484375
2023-12-28,TCS,3472.5498046875
2023-12-29,TCS,3466.609619140625
2024-01-01,TCS,3482.785400390625
2024-01-02,TCS,3457.2880859375
2024-01-03,TCS,3373.71630859375
2024-01-04,TCS,3350.915771484375
2024-01-05,TCS,3415.890625
2024-01-08,TCS,3361.425537109375
2024-01-09,TCS,3372.02587890625
2024-01-10,TCS,3393.181396484375
2024-01-11,TCS,3413.7431640625
2024-01-12,TCS,3548.308349609375
2024-01-15,TCS,3567.499267578125
2024-01-16,TCS,3528.66015625
2024-01-17,TCS,3549.953125
2024-01-18,TCS,3566.402587890625
2024-01-19,TCS,3628.470947265625
2024-01-23,TCS,3550.43701171875
2024-01-24,TCS,3535.299560546875
2024-01-25,TCS,3506.3125
2024-01-29,TCS,3497.75390625
2024-01-30,TCS,3497.340087890625
2024-01-31,TCS,3511.51171875
2024-02-01,TCS,3546.663818359375
2024-02-02,TCS,3649.86669921875
2024-02-05,TCS,3656.30810546875
2024-02-06,TCS,3806.02783203125
2024-02-07,TCS,3757.623779296875
2024-02-08,TCS,3804.279052734375
2024-02-09,TCS,3803.91162109375
2024-02-12,TCS,3791.948974609375
2024-02-13,TCS,3818.45068359375
2024-02-14,TCS,3772.9921875
2024-02-15,TCS,3775.8447265625
2024-02-16,TCS,3798.94189453125
2024-02-19,TCS,3776.396484375
2024-02-20,TCS,3709.082275390625
2024-02-21,TCS,3673.0556640625
2024-02-22,TCS,3761.029052734375
2024-02-23,TCS,3728.822021484375
2024-02-26,TCS,3681.844482421875
2024-02-27,TCS,3776.94873046875
2024-02-28,TCS,3790.338134765625
2024-02-29,TCS,3768.390869140625
2024-03-01,TCS,3767.700439453125
2024-03-04,TCS,3755.139404296875
2024-03-05,TCS,3692.01220703125
2024-03-06,TCS,3740.048095703125
2024-03-07,TCS,3780.8134765625
2024-03-11,TCS,3793.466796875
2024-03-12,TCS,3857.79052734375
2024-03-13,TCS,3817.99072265625
2024-03-14,TCS,3871.915283203125
2024-03-15,TCS,3882.63623046875
2024-03-18,TCS,3821.21142578125
2024-03-19,TCS,3659.989013671875
2024-03-20,TCS,3654.099853515625
2024-03-21,TCS,3655.985595703125
2024-03-22,TCS,3598.885986328125
2024-03-26,TCS,3568.151123046875
2024-03-27,TCS,3534.470947265625
2024-03-28,TCS,3567.046875
2024-04-01,TCS,3604.26953125
2024-04-02,TCS,3573.948486328125
2024-04-03,TCS,3632.38232421875
2024-04-04,TCS,3683.91455078125
2024-04-05,TCS,3661.783203125
2024-04-08,TCS,3655.617919921875
2024-04-09,TCS,3631.692138671875
2024-04-10,TCS,3666.75244140625
2024-04-12,TCS,3682.166015625
2024-04-15,TCS,3626.7685546875
2024-04-16,TCS,3563.82568359375
2024-04-18,TCS,3553.887451171875
2024-04-19,TCS,3520.943603515625
2024-04-22,TCS,3556.2802734375
2024-04-23,TCS,3565.57470703125
2024-04-24,TCS,3525.40673828125
2024-04-25,TCS,3544.86962890625
2024-04-26,TCS,3516.48046875
2024-04-29,TCS,3561.433837890625
2024-04-30,TCS,3515.836669921875
2024-05-02,TCS,3555.083984375
2024-05-03,TCS,3536.771484375
2024-05-06,TCS,3608.226318359375
2024-05-07,TCS,3661.507080078125
2024-05-08,TCS,3659.6669921875
2024-05-09,TCS,3644.253173828125
2024-05-10,TCS,3583.242919921875
2024-05-13,TCS,3632.84228515625
2024-05-14,TCS,3589.960205078125
2024-05-15,TCS,3570.81982421875
2024-05-16,TCS,3615.82080078125
2024-05-17,TCS,3553.85693359375
2024-05-21,TCS,3540.97314453125
2024-05-22,TCS,3551.91064453125
2024-05-23,TCS,3608.869140625
2024-05-24,TCS,3568.13134765625
2024-05-27,TCS,3565.8603515625
2024-05-28,TCS,3559.233154296875
2024-05-29,TCS,3525.6328125
2024-05-30,TCS,3463.0205078125
2024-05-31,TCS,3402.632080078125
2024-06-03,TCS,3432.20068359375
2024-06-04,TCS,3443.462646484375
2024-06-05,TCS,3472.61328125
2024-06-06,TCS,3550.427734375
2024-06-07,TCS,3609.332275390625
2024-06-10,TCS,3576.6591796875
2024-06-11,TCS,3570.541748046875
2024-06-12,TCS,3551.586181640625
2024-06-13,TCS,3594.687255859375
2024-06-14,TCS,3551.95703125
2024-06-18,TCS,3536.24609375
2024-06-19,TCS,3523.825439453125
2024-06-20,TCS,3510.431640625
2024-06-21,TCS,3532.2138671875
2024-06-24,TCS,3537.82177734375
2024-06-25,TCS,3557.889404296875
2024-06-26,TCS,3574.017333984375
2024-06-27,TCS,3646.59423828125
2024-06-28,TCS,3618.787109375
2024-07-01,TCS,3687.42431640625
2024-07-02,TCS,3723.759521484375
2024-07-03,TCS,3675.421142578125
2024-07-04,TCS,3727.0498046875
2024-07-05,TCS,3718.568603515625
2024-07-08,TCS,3701.328125
2024-07-09,TCS,3694.190673828125
2024-07-10,TCS,3623.421630859375
2024-07-11,TCS,3636.90771484375
2024-07-12,TCS,3878.135986328125
2024-07-15,TCS,3864.464111328125
2024-07-16,TCS,3873.0380859375
2024-07-18,TCS,4000.11669921875
2024-07-19,TCS,3997.189697265625
2024-07-22,TCS,3983.2080078125
2024-07-23,TCS,3997.143798828125
2024-07-24,TCS,4000.767333984375
2024-07-25,TCS,4015.8642578125
2024-07-26,TCS,4076.578125
2024-07-29,TCS,4070.307861328125
2024-07-30,TCS,4055.6748046875
2024-07-31,TCS,4074.25634765625
2024-08-01,TCS,4085.172119140625
2024-08-02,TCS,3979.212646484375
2024-08-05,TCS,3860.293212890625
2024-08-06,TCS,3875.298095703125
2024-08-07,TCS,3902.472900390625
2024-08-08,TCS,3876.5517578125
2024-08-09,TCS,3928.764404296875
2024-08-12,TCS,3898.012939453125
2024-08-13,TCS,3899.221435546875
2024-08-14,TCS,3990.548095703125
2024-08-16,TCS,4102.7783203125
2024-08-19,TCS,4171.48291015625
2024-08-20,TCS,4202.41943359375
2024-08-21,TCS,4228.61865234375
2024-08-22,TCS,4182.6318359375
2024-08-23,TCS,4147.2333984375
2024-08-26,TCS,4183.048828125
2024-08-27,TCS,4178.125
2024-08-28,TCS,4186.3935546875
2024-08-29,TCS,4191.7353515625
2024-08-30,TCS,4230.71044921875
2024-09-02,TCS,4200.32958984375
2024-09-03,TCS,4192.2470703125
2024-09-04,TCS,4161.49462890625
2024-09-05,TCS,4158.4296875
2024-09-06,TCS,4140.5908203125
2024-09-09,TCS,4133.90185546875
2024-09-10,TCS,4188.06689453125
2024-09-11,TCS,4161.587890625
2024-09-12,TCS,4197.21728515625
2024-09-13,TCS,4201.76953125
2024-09-16,TCS,4193.0830078125
2024-09-17,TCS,4186.02197265625
2024-09-18,TCS,4037.83642578125
2024-09-19,TCS,3991.383544921875
2024-09-20,TCS,3980.932373046875
2024-09-23,TCS,3965.6953125
2024-09-24,TCS,3968.29638671875
2024-09-25,TCS,3971.50146484375
2024-09-26,TCS,3987.992431640625
2024-09-27,TCS,4003.04345703125
2024-09-30,TCS,3965.6953125
2024-10-01,TCS,3983.719482421875
2024-10-03,TCS,3932.48095703125
2024-10-04,TCS,3950.59814453125
2024-10-07,TCS,3969.736083984375
2024-10-08,TCS,3951.527099609375
2024-10-09,TCS,3951.24853515625
2024-10-10,TCS,3927.51025390625
2024-10-11,TCS,3854.8583984375
2024-10-14,TCS,3843.19873046875
2024-10-15,TCS,3824.7568359375
2024-10-16,TCS,3804.45703125
2024-10-17,TCS,3817.510009765625
2024-10-18,TCS,3839.907958984375
2024-10-21,TCS,3799.6748046875
2024-10-22,TCS,3739.744140625
2024-10-23,TCS,3787.00927734375
2024-10-24,TCS,3769.9189453125
2024-10-25,TCS,3778.906494140625
2024-10-28,TCS,3809.919677734375
2024-10-29,TCS,3795.39111328125
2024-10-30,TCS,3804.145263671875
2024-10-31,TCS,3695.92529296875
2024-11-01,TCS,3710.59375
2024-11-04,TCS,3691.920166015625
2024-11-05,TCS,3698.626220703125
2024-11-06,TCS,3855.368408203125
2024-11-07,TCS,3865.845947265625
2024-11-08,TCS,3862.214111328125
2024-11-11,TCS,3910.363037109375
2024-11-12,TCS,3909.15234375
2024-11-13,TCS,3865.333740234375
2024-11-14,TCS,3861.18896484375
2024-11-18,TCS,3743.4697265625
2024-11-19,TCS,3762.142822265625
2024-11-21,TCS,3793.156005859375
2024-11-22,TCS,3953.111083984375
2024-11-25,TCS,4018.77001953125
2024-11-26,TCS,4053.787353515625
2024-11-27,TCS,4035.02099609375
2024-11-28,TCS,3953.390625
2024-11-29,TCS,3977.55810546875
2024-12-02,TCS,3982.960205078125
2024-12-03,TCS,4007.268310546875
2024-12-04,TCS,4055.37109375
2024-12-05,TCS,4157.490234375
2024-12-06,TCS,4140.21484375
2024-12-09,TCS,4146.408203125
2024-12-10,TCS,4128.15380859375
2024-12-11,TCS,4123.40478515625
2024-12-12,TCS,4149.01611328125
2024-12-13,TCS,4166.6650390625
2024-12-16,TCS,4111.99609375
2024-12-17,TCS,4031.249267578125
2024-12-18,TCS,4049.27099609375
2024-12-19,TCS,3978.5361328125
2024-12-20,TCS,3883.9130859375
2024-12-23,TCS,3872.737060546875
2024-12-24,TCS,3892.48193359375
2024-12-26,TCS,3882.7958984375
2024-12-27,TCS,3878.837890625
2024-12-30,TCS,3873.203369140625
2024-12-31,TCS,3813.598388671875
2025-01-01,TCS,3830.03662109375
2025-01-02,TCS,3888.989013671875
2025-01-03,TCS,3818.347900390625
2025-01-06,TCS,3813.784423828125
2025-01-07,TCS,3751.665283203125
2025-01-08,TCS,3826.26416015625
2025-01-09,TCS,3761.490478515625
2025-01-10,TCS,3972.715576171875
2025-01-13,TCS,3996.417724609375
2025-01-14,TCS,3942.354248046875
2025-01-15,TCS,3957.76806640625
2025-01-16,TCS,3917.44091796875
2025-01-17,TCS,3911.750244140625
2025-01-20,TCS,3867.647216796875
2025-01-21,TCS,3827.85888671875
2025-01-22,TCS,3942.385986328125
2025-01-23,TCS,3931.81103515625
2025-01-24,TCS,3938.35498046875
2025-01-27,TCS,3855.648681640625
2025-01-28,TCS,3832.07958984375
2025-01-29,TCS,3888.512939453125
2025-01-30,TCS,3888.750244140625
2025-01-31,TCS,3900.4638671875
2025-02-01,TCS,3863.236572265625
2025-02-03,TCS,3858.968505859375
2025-02-04,TCS,3895.389404296875
2025-02-05,TCS,3880.261474609375
2025-02-06,TCS,3872.341796875
2025-02-07,TCS,3821.741455078125
2025-02-10,TCS,3828.902099609375
2025-02-11,TCS,3759.284912109375
2025-02-12,TCS,3746.575439453125
2025-02-13,TCS,3708.636962890625
2025-02-14,TCS,3732.064208984375
2025-02-17,TCS,3703.2783203125
2025-02-18,TCS,3673.591064453125
2025-02-19,TCS,3589.083251953125
2025-02-20,TCS,3584.625244140625
2025-02-21,TCS,3590.885009765625
2025-02-24,TCS,3486.174560546875
2025-02-25,TCS,3442.498046875
2025-02-27,TCS,3426.3740234375
2025-02-28,TCS,3303.737548828125
2025-03-03,TCS,3313.03271484375
2025-03-04,TCS,3350.022705078125
2025-03-05,TCS,3364.24951171875
2025-03-06,TCS,3415.988037109375
2025-03-07,TCS,3425.09375
2025-03-10,TCS,3404.654052734375
2025-03-11,TCS,3391.043701171875
2025-03-12,TCS,3325.5048828125
2025-03-13,TCS,3330.10498046875
2025-03-17,TCS,3317.44287109375
2025-03-18,TCS,3317.44287109375
2025-03-19,TCS,3316.8740234375
2025-03-20,TCS,3379.51953125
2025-03-21,TCS,3393.69970703125
2025-03-24,TCS,3441.928955078125
2025-03-25,TCS,3469.24462890625
2025-03-26,TCS,3448.426025390625
2025-03-27,TCS,3463.0322265625
2025-03-28,TCS,3420.30322265625
2025-04-01,TCS,3367.806396484375
2025-04-02,TCS,3361.309326171875
2025-04-03,TCS,3227.765380859375
2025-04-04,TCS,3129.362548828125
2025-04-07,TCS,3105.31884765625
2025-04-08,TCS,3123.244873046875
2025-04-09,TCS,3079.28369140625
2025-04-11,TCS,3064.9619140625
2025-04-15,TCS,3080.80126953125
2025-04-16,TCS,3105.08203125
2025-04-17,TCS,3128.887939453125
2025-04-21,TCS,3150.41845703125
2025-04-22,TCS,3143.58935546875
2025-04-23,TCS,3237.108154296875
2025-04-24,TCS,3226.29541015625
2025-04-25,TCS,3270.30419921875
2025-04-28,TCS,3266.036376953125
2025-04-29,TCS,3293.54150390625
2025-04-30,TCS,3275.71044921875
2025-05-02,TCS,3254.180419921875
2025-05-05,TCS,3276.27978515625
2025-05-06,TCS,3281.68603515625
2025-05-07,TCS,3267.553955078125
2025-05-08,TCS,3271.15771484375
2025-05-09,TCS,3263.00146484375
2025-05-12,TCS,3433.8193359375
2025-05-13,TCS,3333.851318359375
2025-05-14,TCS,3365.814453125
2025-05-15,TCS,3395.406494140625
2025-05-16,TCS,3377.765380859375
2025-05-19,TCS,3337.45556640625
2025-05-20,TCS,3318.01220703125
2025-05-21,TCS,3344.094970703125
2025-05-22,TCS,3297.8095703125
2025-05-23,TCS,3333.471923828125
2025-05-26,TCS,3355.002197265625
2025-05-27,TCS,3318.391357421875
2025-05-28,TCS,3317.44287109375
2025-05-29,TCS,3317.822509765625
2025-05-30,TCS,3284.910400390625
2025-06-02,TCS,3272.01171875
2025-06-03,TCS,3229.709716796875
2025-06-04,TCS,3235.164306640625
2025-06-05,TCS,3225.786865234375
2025-06-06,TCS,3238.32177734375
2025-06-09,TCS,3274.39697265625
2025-06-10,TCS,3313.62939453125
2025-06-11,TCS,3322.241455078125
2025-06-12,TCS,3286.166748046875
2025-06-13,TCS,3297.1708984375
2025-06-16,TCS,3345.590087890625
2025-06-17,TCS,3363.770751953125
2025-06-18,TCS,3302.625
2025-06-19,TCS,3276.406494140625
2025-06-20,TCS,3287.60205078125
2025-06-23,TCS,3247.31689453125
2025-06-24,TCS,3244.254638671875
2025-06-25,TCS,3296.309814453125
2025-06-26,TCS,3293.43896484375
2025-06-27,TCS,3292.76953125
2025-06-30,TCS,3312.76806640625
2025-07-01,TCS,3281.8603515625
2025-07-02,TCS,3275.736572265625
2025-07-03,TCS,3254.20654296875
2025-07-04,TCS,3272.387451171875
2025-07-07,TCS,3264.636474609375
2025-07-08,TCS,3259.37353515625
2025-07-09,TCS,3237.939453125
2025-07-10,TCS,3236.217041015625
2025-07-11,TCS,3125.216796875
2025-07-14,TCS,3083.783447265625
2025-07-15,TCS,3112.107666015625
2025-07-16,TCS,3104.234619140625
2025-07-17,TCS,3081.287109375
2025-07-18,TCS,3062.756103515625
2025-07-21,TCS,3032.320068359375
2025-07-22,TCS,3033.6640625
2025-07-23,TCS,3052.38671875
2025-07-24,TCS,3022.526611328125
2025-07-25,TCS,3010.812744140625
2025-07-28,TCS,2956.564697265625
2025-07-29,TCS,2934.193359375
2025-07-30,TCS,2931.888916015625
2025-07-31,TCS,2915.758544921875
2025-08-01,TCS,2883.3056640625
2025-08-04,TCS,2951.85986328125
2025-08-05,TCS,2941.7783203125
2025-08-06,TCS,2911.437744140625
2025-08-07,TCS,2925.552001953125
2025-08-08,TCS,2915.374267578125
2025-08-11,TCS,2919.59912109375
2025-08-12,TCS,2914.414306640625
2025-08-13,TCS,2915.182373046875
2025-08-14,TCS,2901.83642578125
2025-08-18,TCS,2891.178955078125
2025-08-19,TCS,2895.979736328125
2025-08-20,TCS,2975.095458984375
2025-08-21,TCS,2978.936279296875
2025-08-22,TCS,2932.273193359375
2025-08-25,TCS,3015.421630859375
2025-08-26,TCS,3031.359619140625
2025-08-28,TCS,2970.390625
2025-08-29,TCS,2961.74951171875
2025-09-01,TCS,2988.537353515625
2025-09-02,TCS,2987.4814453125
2025-09-03,TCS,2974.03955078125
2025-09-04,TCS,2972.310791015625
2025-09-05,TCS,2926.800048828125
2025-09-08,TCS,2898.667724609375
2025-09-09,TCS,2927.856201171875
2025-09-10,TCS,2986.041015625
2025-09-11,TCS,2999.675048828125
2025-09-12,TCS,3008.508056640625
2025-09-15,TCS,2987.865234375
2025-09-16,TCS,3020.31787109375
2025-09-17,TCS,3046.337890625
2025-09-18,TCS,3050.08251953125
2025-09-19,TCS,3042.881103515625
2025-09-22,TCS,2951.283935546875
2025-09-23,TCS,2940.338134765625
2025-09-24,TCS,2914.414306640625
2025-09-25,TCS,2839.523193359375
2025-09-26,TCS,2783.54736328125
2025-09-29,TCS,2780.66650390625
2025-09-30,TCS,2773.2734375
2025-10-01,TCS,2798.045166015625
2025-10-03,TCS,2786.2353515625
2025-10-06,TCS,2869.28759765625
2025-10-07,TCS,2855.17333984375
2025-10-08,TCS,2906.541259765625
2025-10-09,TCS,2939.666259765625
2025-10-10,TCS,2907.597412109375
2025-10-13,TCS,2887.33837890625
2025-10-14,TCS,2842.307861328125
2025-10-15,TCS,2862.06396484375
2025-10-16,TCS,2862.931396484375
2025-10-17,TCS,2854.739501953125
2025-10-20,TCS,2905.81689453125
2025-10-21,TCS,2897.62548828125
2025-10-23,TCS,2961.712890625
2025-10-24,TCS,2952.07568359375
2025-10-27,TCS,2972.98828125
2025-10-28,TCS,2946.968017578125
2025-10-29,TCS,2946.678955078125
2025-10-30,TCS,2925.187744140625
2025-10-31,TCS,2947.064208984375
2025-11-03,TCS,2907.35888671875
2025-11-04,TCS,2881.72412109375
2025-11-06,TCS,2901.673095703125
2025-11-07,TCS,2883.26611328125
2025-11-10,TCS,2915.4541015625
2025-11-11,TCS,2936.46337890625
2025-11-12,TCS,3018.18701171875
2025-11-13,TCS,2993.033935546875
2025-11-14,TCS,2993.322998046875
2025-11-17,TCS,2989.660888671875
2025-11-18,TCS,2975.10888671875
2025-11-19,TCS,3033.51025390625
2025-11-20,TCS,3030.7158203125
2025-11-21,TCS,3036.304931640625
2025-11-24,TCS,3027.24609375
2025-11-25,TCS,3006.044189453125
2025-11-26,TCS,3048.15869140625
2025-11-27,TCS,3022.81298828125
2025-11-28,TCS,3023.68017578125
2025-12-01,TCS,3019.728759765625
2025-12-02,TCS,3021.945556640625
2025-12-03,TCS,3064.638427734375
2025-12-04,TCS,3112.053466796875
2025-12-05,TCS,3120.72705078125
2025-12-08,TCS,3119.0888671875
2025-12-09,TCS,3091.911865234375
2025-12-10,TCS,3073.5048828125
2025-12-11,TCS,3076.106689453125
2025-12-12,TCS,3103.669189453125
2025-12-15,TCS,3113.017333984375
2025-12-16,TCS,3088.828125
2025-12-17,TCS,3101.0673828125
2025-12-18,TCS,3161.781982421875
2025-12-19,TCS,3162.938232421875
2025-12-22,TCS,3204.281982421875
2025-12-23,TCS,3189.92236328125
2025-12-24,TCS,3198.595947265625
2025-12-26,TCS,3161.010986328125
2025-12-29,TCS,3133.54443359375
2025-12-30,TCS,3129.01513671875
2025-12-31,TCS,3089.887939453125
2026-01-01,TCS,3110.31884765625
2026-01-02,TCS,3132.773681640625
2026-01-05,TCS,3099.428955078125
2026-01-06,TCS,3137.688720703125
2026-01-07,TCS,3176.044921875
2026-01-08,TCS,3087.67138671875
2026-01-09,TCS,3091.429931640625
2026-01-12,TCS,3122.07666015625
2026-01-13,TCS,3149.446044921875
2026-01-14,TCS,3076.68505859375
2026-01-15,TCS,3076.68505859375
2026-01-16,TCS,3146.54931640625
2026-01-19,TCS,3104.258056640625
2026-01-20,TCS,3044.10791015625
2026-01-21,TCS,3064.027099609375
2026-01-22,TCS,3091.305419921875
2026-01-23,TCS,3103.178466796875
2026-01-27,TCS,3098.762939453125
2026-01-28,TCS,3140.073486328125
2026-01-29,TCS,3085.41796875
2026-01-30,TCS,3065.302490234375
2026-02-02,TCS,3110.1455078125
2026-02-03,TCS,3164.800537109375
2026-02-04,TCS,2942.84375
2026-02-05,TCS,2935.38623046875
2026-02-06,TCS,2886.422119140625
2026-02-09,TCS,2892.8984375
2026-02-10,TCS,2928.61572265625
2026-02-11,TCS,2855.21875
2026-02-12,TCS,2698.51416015625
2026-02-13,TCS,2641.7001953125
2026-02-16,TCS,2655.830322265625
2026-02-17,TCS,2666.427490234375
2026-02-18,TCS,2644.349609375
2026-02-19,TCS,2627.66845703125
2026-02-20,TCS,2635.812744140625
2026-02-23,TCS,2626.0986328125
2026-02-24,TCS,2525.423095703125
2026-02-25,TCS,2579.980224609375
2026-02-26,TCS,2598.034912109375
2026-02-27,TCS,2587.92822265625
2026-03-02,TCS,2564.4765625
2026-03-04,TCS,2539.2587890625
2026-03-05,TCS,2530.427490234375
2026-03-06,TCS,2509.625244140625
2026-03-09,TCS,2479.991455078125
2026-03-10,TCS,2465.9599609375
2026-03-11,TCS,2418.663818359375
2026-03-12,TCS,2396.5859375
2026-03-13,TCS,2365.284423828125
2026-03-16,TCS,2364.0087890625
2026-03-17,TCS,2346.8369140625
2026-03-18,TCS,2395.01611328125
2026-03-19,TCS,2311.806640625
2026-03-20,TCS,2345.7578125
2026-03-23,TCS,2339.085205078125
2026-03-24,TCS,2353.803955078125
2026-03-25,TCS,2332.80517578125
2026-03-27,TCS,2344.97265625
2026-03-30,TCS,2314.652099609375
2026-04-01,TCS,2363.027587890625
2026-04-02,TCS,2404.730224609375
2026-04-06,TCS,2427.4951171875
2026-04-07,TCS,2492.1591796875
2026-04-08,TCS,2511.195068359375
2026-04-09,TCS,2540.43603515625
2026-04-10,TCS,2476.94970703125
2026-04-13,TCS,2426.2197265625
2026-04-15,TCS,2506.9755859375
2026-04-16,TCS,2528.56298828125
2026-04-17,TCS,2533.076904296875
2026-04-20,TCS,2531.212646484375
2026-04-21,TCS,2561.532958984375
2026-04-22,TCS,2490.88330078125
2026-04-23,TCS,2474.49658203125
2026-04-24,TCS,2351.939453125
2026-04-27,TCS,2401.6884765625
2026-04-28,TCS,2398.8427734375
2026-04-29,TCS,2428.280029296875
2026-04-30,TCS,2427.4951171875
2026-05-01,TCS,2427.4951171875
2026-05-04,TCS,2385.6943359375
2026-05-05,TCS,2381.769287109375
2026-05-06,TCS,2389.717041015625
2026-05-07,TCS,2356.35498046875
2026-05-08,TCS,2349.486328125
2026-05-11,TCS,2348.014404296875
2026-05-12,TCS,2257.151611328125
2026-05-13,TCS,2230.16748046875
2026-05-14,TCS,2203.8701171875
2026-05-15,TCS,2221.5322265625
2026-05-18,TCS,2240.3720703125
2026-05-19,TCS,2283.448974609375
2026-05-20,TCS,2283.742919921875
2026-05-21,TCS,2283.546875
2026-05-22,TCS,2273.832763671875
2026-05-25,TCS,2295.61328125
2026-05-26,TCS,2263.78759765625
2026-05-27,TCS,2271.744140625
2026-05-28,TCS,2271.744140625
2026-05-29,TCS,2246.58203125
2026-06-01,TCS,2284.8720703125
2026-06-02,TCS,2433.556884765625
2026-06-03,TCS,2229.475830078125
2026-06-04,TCS,2228.77978515625
2026-06-05,TCS,2186.9091796875
2026-06-08,TCS,2139.668212890625
2026-06-09,TCS,2139.2705078125
2026-06-10,TCS,2142.154541015625
2026-06-11,TCS,2123.95458984375
2026-06-12,TCS,2149.61376953125
2026-06-15,TCS,2150.21044921875
2026-06-16,TCS,2187.0087890625
2026-06-17,TCS,2210.8779296875
2026-06-18,TCS,2191.285400390625
2026-06-19,TCS,2113.412353515625
2026-06-22,TCS,2116.197021484375
2026-06-23,TCS,2048.368896484375
2026-06-24,TCS,2097.49951171875
2026-06-25,TCS,2083.27734375
2026-06-26,TCS,2083.27734375
2026-06-29,TCS,2086.4599609375
2026-06-30,TCS,2020.422119140625
2026-07-01,TCS,1971.788818359375
2026-07-02,TCS,2056.82275390625
2026-07-03,TCS,2082.083984375
2026-07-06,TCS,2046.3798828125
2026-07-07,TCS,2084.669921875
2026-07-08,TCS,2046.2803955078125
2026-07-09,TCS,2038.323974609375
2026-07-10,TCS,2057.717529296875
2026-07-13,TCS,2169.604248046875
2026-07-14,TCS,2188.60009765625
2026-07-15,TCS,2189.199951171875
2026-07-16,TCS,2201.0
2026-07-17,TCS,2269.0
2026-07-20,TCS,2251.10009765625
2026-07-21,TCS,2221.10009765625
2026-07-22,TCS,2208.300048828125
2026-07-23,TCS,2242.89990234375
2026-07-24,TCS,2254.300048828125
2026-07-27,TCS,2295.60009765625
2026-07-28,TCS,2398.0
2026-07-29,TCS,2446.60009765625
2026-07-30,TCS,2431.800048828125
2026-07-31,TCS,2365.60009765625
2026-08-03,TCS,2473.699951171875
2026-08-04,TCS,2460.0
2026-08-05,TCS,2413.0
2020-01-01,NIFTY 50,12182.5
2020-01-02,NIFTY 50,12282.2001953125
2020-01-03,NIFTY 50,12226.650390625
2020-01-06,NIFTY 50,11993.0498046875
2020-01-07,NIFTY 50,12052.9501953125
2020-01-08,NIFTY 50,12025.349609375
2020-01-09,NIFTY 50,12215.900390625
2020-01-10,NIFTY 50,12256.7998046875
2020-01-13,NIFTY 50,12329.5498046875
2020-01-14,NIFTY 50,12362.2998046875
2020-01-15,NIFTY 50,12343.2998046875
2020-01-16,NIFTY 50,12355.5
2020-01-17,NIFTY 50,12352.349609375
2020-01-20,NIFTY 50,12224.5498046875
2020-01-21,NIFTY 50,12169.849609375
2020-01-22,NIFTY 50,12106.900390625
2020-01-23,NIFTY 50,12180.349609375
2020-01-24,NIFTY 50,12248.25
2020-01-27,NIFTY 50,12119.0
2020-01-28,NIFTY 50,12055.7998046875
2020-01-29,NIFTY 50,12129.5
2020-01-30,NIFTY 50,12035.7998046875
2020-01-31,NIFTY 50,11962.099609375
2020-02-03,NIFTY 50,11707.900390625
2020-02-04,NIFTY 50,11979.650390625
2020-02-05,NIFTY 50,12089.150390625
2020-02-06,NIFTY 50,12137.9501953125
2020-02-07,NIFTY 50,12098.349609375
2020-02-10,NIFTY 50,12031.5
2020-02-11,NIFTY 50,12107.900390625
2020-02-12,NIFTY 50,12201.2001953125
2020-02-13,NIFTY 50,12174.650390625
2020-02-14,NIFTY 50,12113.4501953125
2020-02-17,NIFTY 50,12045.7998046875
2020-02-18,NIFTY 50,11992.5
2020-02-19,NIFTY 50,12125.900390625
2020-02-20,NIFTY 50,12080.849609375
2020-02-24,NIFTY 50,11829.400390625
2020-02-25,NIFTY 50,11797.900390625
2020-02-26,NIFTY 50,11678.5
2020-02-27,NIFTY 50,11633.2998046875
2020-02-28,NIFTY 50,11201.75
2020-03-02,NIFTY 50,11132.75
2020-03-03,NIFTY 50,11303.2998046875
2020-03-04,NIFTY 50,11251.0
2020-03-05,NIFTY 50,11269.0
2020-03-06,NIFTY 50,10989.4501953125
2020-03-09,NIFTY 50,10451.4501953125
2020-03-11,NIFTY 50,10458.400390625
2020-03-12,NIFTY 50,9590.150390625
2020-03-13,NIFTY 50,9955.2001953125
2020-03-16,NIFTY 50,9197.400390625
2020-03-17,NIFTY 50,8967.0498046875
2020-03-18,NIFTY 50,8468.7998046875
2020-03-19,NIFTY 50,8263.4501953125
2020-03-20,NIFTY 50,8745.4501953125
2020-03-23,NIFTY 50,7610.25
2020-03-24,NIFTY 50,7801.0498046875
2020-03-25,NIFTY 50,8317.849609375
2020-03-26,NIFTY 50,8641.4501953125
2020-03-27,NIFTY 50,8660.25
2020-03-30,NIFTY 50,8281.099609375
2020-03-31,NIFTY 50,8597.75
2020-04-01,NIFTY 50,8253.7998046875
2020-04-03,NIFTY 50,8083.7998046875
2020-04-07,NIFTY 50,8792.2001953125
2020-04-08,NIFTY 50,8748.75
2020-04-09,NIFTY 50,9111.900390625
2020-04-13,NIFTY 50,8993.849609375
2020-04-15,NIFTY 50,8925.2998046875
2020-04-16,NIFTY 50,8992.7998046875
2020-04-17,NIFTY 50,9266.75
2020-04-20,NIFTY 50,9261.849609375
2020-04-21,NIFTY 50,8981.4501953125
2020-04-22,NIFTY 50,9187.2998046875
2020-04-23,NIFTY 50,9313.900390625
2020-04-24,NIFTY 50,9154.400390625
2020-04-27,NIFTY 50,9282.2998046875
2020-04-28,NIFTY 50,9380.900390625
2020-04-29,NIFTY 50,9553.349609375
2020-04-30,NIFTY 50,9859.900390625
2020-05-04,NIFTY 50,9293.5
2020-05-05,NIFTY 50,9205.599609375
2020-05-06,NIFTY 50,9270.900390625
2020-05-07,NIFTY 50,9199.0498046875
2020-05-08,NIFTY 50,9251.5
2020-05-11,NIFTY 50,9239.2001953125
2020-05-12,NIFTY 50,9196.5498046875
2020-05-13,NIFTY 50,9383.5498046875
2020-05-14,NIFTY 50,9142.75
2020-05-15,NIFTY 50,9136.849609375
2020-05-18,NIFTY 50,8823.25
2020-05-19,NIFTY 50,8879.099609375
2020-05-20,NIFTY 50,9066.5498046875
2020-05-21,NIFTY 50,9106.25
2020-05-22,NIFTY 50,9039.25
2020-05-26,NIFTY 50,9029.0498046875
2020-05-27,NIFTY 50,9314.9501953125
2020-05-28,NIFTY 50,9490.099609375
2020-05-29,NIFTY 50,9580.2998046875
2020-06-01,NIFTY 50,9826.150390625
2020-06-02,NIFTY 50,9979.099609375
2020-06-03,NIFTY 50,10061.5498046875
2020-06-04,NIFTY 50,10029.099609375
2020-06-05,NIFTY 50,10142.150390625
2020-06-08,NIFTY 50,10167.4501953125
2020-06-09,NIFTY 50,10046.650390625
2020-06-10,NIFTY 50,10116.150390625
2020-06-11,NIFTY 50,9902.0
2020-06-12,NIFTY 50,9972.900390625
2020-06-15,NIFTY 50,9813.7001953125
2020-06-16,NIFTY 50,9914.0
2020-06-17,NIFTY 50,9881.150390625
2020-06-18,NIFTY 50,10091.650390625
2020-06-19,NIFTY 50,10244.400390625
2020-06-22,NIFTY 50,10311.2001953125
2020-06-23,NIFTY 50,10471.0
2020-06-24,NIFTY 50,10305.2998046875
2020-06-25,NIFTY 50,10288.900390625
2020-06-26,NIFTY 50,10383.0
2020-06-29,NIFTY 50,10312.400390625
2020-06-30,NIFTY 50,10302.099609375
2020-07-01,NIFTY 50,10430.0498046875
2020-07-02,NIFTY 50,10551.7001953125
2020-07-03,NIFTY 50,10607.349609375
2020-07-06,NIFTY 50,10763.650390625
2020-07-07,NIFTY 50,10799.650390625
2020-07-08,NIFTY 50,10705.75
2020-07-09,NIFTY 50,10813.4501953125
2020-07-10,NIFTY 50,10768.0498046875
2020-07-13,NIFTY 50,10802.7001953125
2020-07-14,NIFTY 50,10607.349609375
2020-07-15,NIFTY 50,10618.2001953125
2020-07-16,NIFTY 50,10739.9501953125
2020-07-17,NIFTY 50,10901.7001953125
2020-07-20,NIFTY 50,11022.2001953125
2020-07-21,NIFTY 50,11162.25
2020-07-22,NIFTY 50,11132.599609375
2020-07-23,NIFTY 50,11215.4501953125
2020-07-24,NIFTY 50,11194.150390625
2020-07-27,NIFTY 50,11131.7998046875
2020-07-28,NIFTY 50,11300.5498046875
2020-07-29,NIFTY 50,11202.849609375
2020-07-30,NIFTY 50,11102.150390625
2020-07-31,NIFTY 50,11073.4501953125
2020-08-03,NIFTY 50,10891.599609375
2020-08-04,NIFTY 50,11095.25
2020-08-05,NIFTY 50,11101.650390625
2020-08-06,NIFTY 50,11200.150390625
2020-08-07,NIFTY 50,11214.0498046875
2020-08-10,NIFTY 50,11270.150390625
2020-08-11,NIFTY 50,11322.5
2020-08-12,NIFTY 50,11308.400390625
2020-08-13,NIFTY 50,11300.4501953125
2020-08-14,NIFTY 50,11178.400390625
2020-08-17,NIFTY 50,11247.099609375
2020-08-18,NIFTY 50,11385.349609375
2020-08-19,NIFTY 50,11408.400390625
2020-08-20,NIFTY 50,11312.2001953125
2020-08-21,NIFTY 50,11371.599609375
2020-08-24,NIFTY 50,11466.4501953125
2020-08-25,NIFTY 50,11472.25
2020-08-26,NIFTY 50,11549.599609375
2020-08-27,NIFTY 50,11559.25
2020-08-28,NIFTY 50,11647.599609375
2020-08-31,NIFTY 50,11387.5
2020-09-01,NIFTY 50,11470.25
2020-09-02,NIFTY 50,11535.0
2020-09-03,NIFTY 50,11527.4501953125
2020-09-04,NIFTY 50,11333.849609375
2020-09-07,NIFTY 50,11355.0498046875
2020-09-08,NIFTY 50,11317.349609375
2020-09-09,NIFTY 50,11278.0
2020-09-10,NIFTY 50,11449.25
2020-09-11,NIFTY 50,11464.4501953125
2020-09-14,NIFTY 50,11440.0498046875
2020-09-15,NIFTY 50,11521.7998046875
2020-09-16,NIFTY 50,11604.5498046875
2020-09-17,NIFTY 50,11516.099609375
2020-09-18,NIFTY 50,11504.9501953125
2020-09-21,NIFTY 50,11250.5498046875
2020-09-22,NIFTY 50,11153.650390625
2020-09-23,NIFTY 50,11131.849609375
2020-09-24,NIFTY 50,10805.5498046875
2020-09-25,NIFTY 50,11050.25
2020-09-28,NIFTY 50,11227.5498046875
2020-09-29,NIFTY 50,11222.400390625
2020-09-30,NIFTY 50,11247.5498046875
2020-10-01,NIFTY 50,11416.9501953125
2020-10-05,NIFTY 50,11503.349609375
2020-10-06,NIFTY 50,11662.400390625
2020-10-07,NIFTY 50,11738.849609375
2020-10-08,NIFTY 50,11834.599609375
2020-10-09,NIFTY 50,11914.2001953125
2020-10-12,NIFTY 50,11930.9501953125
2020-10-13,NIFTY 50,11934.5
2020-10-14,NIFTY 50,11971.0498046875
2020-10-15,NIFTY 50,11680.349609375
2020-10-16,NIFTY 50,11762.4501953125
2020-10-19,NIFTY 50,11873.0498046875
2020-10-20,NIFTY 50,11896.7998046875
2020-10-21,NIFTY 50,11937.650390625
2020-10-22,NIFTY 50,11896.4501953125
2020-10-23,NIFTY 50,11930.349609375
2020-10-26,NIFTY 50,11767.75
2020-10-27,NIFTY 50,11889.400390625
2020-10-28,NIFTY 50,11729.599609375
2020-10-29,NIFTY 50,11670.7998046875
2020-10-30,NIFTY 50,11642.400390625
2020-11-02,NIFTY 50,11669.150390625
2020-11-03,NIFTY 50,11813.5
2020-11-04,NIFTY 50,11908.5
2020-11-05,NIFTY 50,12120.2998046875
2020-11-06,NIFTY 50,12263.5498046875
2020-11-09,NIFTY 50,12461.0498046875
2020-11-10,NIFTY 50,12631.099609375
2020-11-11,NIFTY 50,12749.150390625
2020-11-12,NIFTY 50,12690.7998046875
2020-11-13,NIFTY 50,12719.9501953125
2020-11-14,NIFTY 50,12719.9501953125
2020-11-17,NIFTY 50,12874.2001953125
2020-11-18,NIFTY 50,12938.25
2020-11-19,NIFTY 50,12771.7001953125
2020-11-20,NIFTY 50,12859.0498046875
2020-11-23,NIFTY 50,12926.4501953125
2020-11-24,NIFTY 50,13055.150390625
2020-11-25,NIFTY 50,12858.400390625
2020-11-26,NIFTY 50,12987.0
2020-11-27,NIFTY 50,12968.9501953125
2020-12-01,NIFTY 50,13109.0498046875
2020-12-02,NIFTY 50,13113.75
2020-12-03,NIFTY 50,13133.900390625
2020-12-04,NIFTY 50,13258.5498046875
2020-12-07,NIFTY 50,13355.75
2020-12-08,NIFTY 50,13392.9501953125
2020-12-09,NIFTY 50,13529.099609375
2020-12-10,NIFTY 50,13478.2998046875
2020-12-11,NIFTY 50,13513.849609375
2020-12-14,NIFTY 50,13558.150390625
2020-12-15,NIFTY 50,13567.849609375
2020-12-16,NIFTY 50,13682.7001953125
2020-12-17,NIFTY 50,13740.7001953125
2020-12-18,NIFTY 50,13760.5498046875
2020-12-21,NIFTY 50,13328.400390625
2020-12-22,NIFTY 50,13466.2998046875
2020-12-23,NIFTY 50,13601.099609375
2020-12-24,NIFTY 50,13749.25
2020-12-28,NIFTY 50,13873.2001953125
2020-12-29,NIFTY 50,13932.599609375
2020-12-30,NIFTY 50,13981.9501953125
2020-12-31,NIFTY 50,13981.75
2021-01-01,NIFTY 50,14018.5
2021-01-04,NIFTY 50,14132.900390625
2021-01-05,NIFTY 50,14199.5
2021-01-06,NIFTY 50,14146.25
2021-01-07,NIFTY 50,14137.349609375
2021-01-08,NIFTY 50,14347.25
2021-01-11,NIFTY 50,14484.75
2021-01-12,NIFTY 50,14563.4501953125
2021-01-13,NIFTY 50,14564.849609375
2021-01-14,NIFTY 50,14595.599609375
2021-01-15,NIFTY 50,14433.7001953125
2021-01-18,NIFTY 50,14281.2998046875
2021-01-19,NIFTY 50,14521.150390625
2021-01-20,NIFTY 50,14644.7001953125
2021-01-21,NIFTY 50,14590.349609375
2021-01-22,NIFTY 50,14371.900390625
2021-01-25,NIFTY 50,14238.900390625
2021-01-27,NIFTY 50,13967.5
2021-01-28,NIFTY 50,13817.5498046875
2021-01-29,NIFTY 50,13634.599609375
2021-02-01,NIFTY 50,14281.2001953125
2021-02-02,NIFTY 50,14647.849609375
2021-02-03,NIFTY 50,14789.9501953125
2021-02-04,NIFTY 50,14895.650390625
2021-02-05,NIFTY 50,14924.25
2021-02-08,NIFTY 50,15115.7998046875
2021-02-09,NIFTY 50,15109.2998046875
2021-02-10,NIFTY 50,15106.5
2021-02-11,NIFTY 50,15173.2998046875
2021-02-12,NIFTY 50,15163.2998046875
2021-02-15,NIFTY 50,15314.7001953125
2021-02-16,NIFTY 50,15313.4501953125
2021-02-17,NIFTY 50,15208.900390625
2021-02-18,NIFTY 50,15118.9501953125
2021-02-19,NIFTY 50,14981.75
2021-02-22,NIFTY 50,14675.7001953125
2021-02-23,NIFTY 50,14707.7998046875
2021-02-24,NIFTY 50,14982.0
2021-02-25,NIFTY 50,15097.349609375
2021-02-26,NIFTY 50,14529.150390625
2021-03-01,NIFTY 50,14761.5498046875
2021-03-02,NIFTY 50,14919.099609375
2021-03-03,NIFTY 50,15245.599609375
2021-03-04,NIFTY 50,15080.75
2021-03-05,NIFTY 50,14938.099609375
2021-03-08,NIFTY 50,14956.2001953125
2021-03-09,NIFTY 50,15098.400390625
2021-03-10,NIFTY 50,15174.7998046875
2021-03-12,NIFTY 50,15030.9501953125
2021-03-15,NIFTY 50,14929.5
2021-03-16,NIFTY 50,14910.4501953125
2021-03-17,NIFTY 50,14721.2998046875
2021-03-18,NIFTY 50,14557.849609375
2021-03-19,NIFTY 50,14744.0
2021-03-22,NIFTY 50,14736.400390625
2021-03-23,NIFTY 50,14814.75
2021-03-24,NIFTY 50,14549.400390625
2021-03-25,NIFTY 50,14324.900390625
2021-03-26,NIFTY 50,14507.2998046875
2021-03-30,NIFTY 50,14845.099609375
2021-03-31,NIFTY 50,14690.7001953125
2021-04-01,NIFTY 50,14867.349609375
2021-04-05,NIFTY 50,14637.7998046875
2021-04-06,NIFTY 50,14683.5
2021-04-07,NIFTY 50,14819.0498046875
2021-04-08,NIFTY 50,14873.7998046875
2021-04-09,NIFTY 50,14834.849609375
2021-04-12,NIFTY 50,14310.7998046875
2021-04-13,NIFTY 50,14504.7998046875
2021-04-15,NIFTY 50,14581.4501953125
2021-04-16,NIFTY 50,14617.849609375
2021-04-19,NIFTY 50,14359.4501953125
2021-04-20,NIFTY 50,14296.400390625
2021-04-22,NIFTY 50,14406.150390625
2021-04-23,NIFTY 50,14341.349609375
2021-04-26,NIFTY 50,14485.0
2021-04-27,NIFTY 50,14653.0498046875
2021-04-28,NIFTY 50,14864.5498046875
2021-04-29,NIFTY 50,14894.900390625
2021-04-30,NIFTY 50,14631.099609375
2021-05-03,NIFTY 50,14634.150390625
2021-05-04,NIFTY 50,14496.5
2021-05-05,NIFTY 50,14617.849609375
2021-05-06,NIFTY 50,14724.7998046875
2021-05-07,NIFTY 50,14823.150390625
2021-05-10,NIFTY 50,14942.349609375
2021-05-11,NIFTY 50,14850.75
2021-05-12,NIFTY 50,14696.5
2021-05-14,NIFTY 50,14677.7998046875
2021-05-17,NIFTY 50,14923.150390625
2021-05-18,NIFTY 50,15108.099609375
2021-05-19,NIFTY 50,15030.150390625
2021-05-20,NIFTY 50,14906.0498046875
2021-05-21,NIFTY 50,15175.2998046875
2021-05-24,NIFTY 50,15197.7001953125
2021-05-25,NIFTY 50,15208.4501953125
2021-05-26,NIFTY 50,15301.4501953125
2021-05-27,NIFTY 50,15337.849609375
2021-05-28,NIFTY 50,15435.650390625
2021-05-31,NIFTY 50,15582.7998046875
2021-06-01,NIFTY 50,15574.849609375
2021-06-02,NIFTY 50,15576.2001953125
2021-06-03,NIFTY 50,15690.349609375
2021-06-04,NIFTY 50,15670.25
2021-06-07,NIFTY 50,15751.650390625
2021-06-08,NIFTY 50,15740.099609375
2021-06-09,NIFTY 50,15635.349609375
2021-06-10,NIFTY 50,15737.75
2021-06-11,NIFTY 50,15799.349609375
2021-06-14,NIFTY 50,15811.849609375
2021-06-15,NIFTY 50,15869.25
2021-06-16,NIFTY 50,15767.5498046875
2021-06-17,NIFTY 50,15691.400390625
2021-06-18,NIFTY 50,15683.349609375
2021-06-21,NIFTY 50,15746.5
2021-06-22,NIFTY 50,15772.75
2021-06-23,NIFTY 50,15686.9501953125
2021-06-24,NIFTY 50,15790.4501953125
2021-06-25,NIFTY 50,15860.349609375
2021-06-28,NIFTY 50,15814.7001953125
2021-06-29,NIFTY 50,15748.4501953125
2021-06-30,NIFTY 50,15721.5
2021-07-01,NIFTY 50,15680.0
2021-07-02,NIFTY 50,15722.2001953125
2021-07-05,NIFTY 50,15834.349609375
2021-07-06,NIFTY 50,15818.25
2021-07-07,NIFTY 50,15879.650390625
2021-07-08,NIFTY 50,15727.900390625
2021-07-09,NIFTY 50,15689.7998046875
2021-07-12,NIFTY 50,15692.599609375
2021-07-13,NIFTY 50,15812.349609375
2021-07-14,NIFTY 50,15853.9501953125
2021-07-15,NIFTY 50,15924.2001953125
2021-07-16,NIFTY 50,15923.400390625
2021-07-19,NIFTY 50,15752.400390625
2021-07-20,NIFTY 50,15632.099609375
2021-07-22,NIFTY 50,15824.0498046875
2021-07-23,NIFTY 50,15856.0498046875
2021-07-26,NIFTY 50,15824.4501953125
2021-07-27,NIFTY 50,15746.4501953125
2021-07-28,NIFTY 50,15709.400390625
2021-07-29,NIFTY 50,15778.4501953125
2021-07-30,NIFTY 50,15763.0498046875
2021-08-02,NIFTY 50,15885.150390625
2021-08-03,NIFTY 50,16130.75
2021-08-04,NIFTY 50,16258.7998046875
2021-08-05,NIFTY 50,16294.599609375
2021-08-06,NIFTY 50,16238.2001953125
2021-08-09,NIFTY 50,16258.25
2021-08-10,NIFTY 50,16280.099609375
2021-08-11,NIFTY 50,16282.25
2021-08-12,NIFTY 50,16364.400390625
2021-08-13,NIFTY 50,16529.099609375
2021-08-16,NIFTY 50,16563.05078125
2021-08-17,NIFTY 50,16614.599609375
2021-08-18,NIFTY 50,16568.849609375
2021-08-20,NIFTY 50,16450.5
2021-08-23,NIFTY 50,16496.44921875
2021-08-24,NIFTY 50,16624.599609375
2021-08-25,NIFTY 50,16634.650390625
2021-08-26,NIFTY 50,16636.900390625
2021-08-27,NIFTY 50,16705.19921875
2021-08-30,NIFTY 50,16931.05078125
2021-08-31,NIFTY 50,17132.19921875
2021-09-01,NIFTY 50,17076.25
2021-09-02,NIFTY 50,17234.150390625
2021-09-03,NIFTY 50,17323.599609375
2021-09-06,NIFTY 50,17377.80078125
2021-09-07,NIFTY 50,17362.099609375
2021-09-08,NIFTY 50,17353.5
2021-09-09,NIFTY 50,17369.25
2021-09-13,NIFTY 50,17355.30078125
2021-09-14,NIFTY 50,17380.0
2021-09-15,NIFTY 50,17519.44921875
2021-09-16,NIFTY 50,17629.5
2021-09-17,NIFTY 50,17585.150390625
2021-09-20,NIFTY 50,17396.900390625
2021-09-21,NIFTY 50,17562.0
2021-09-22,NIFTY 50,17546.650390625
2021-09-23,NIFTY 50,17822.94921875
2021-09-24,NIFTY 50,17853.19921875
2021-09-27,NIFTY 50,17855.099609375
2021-09-28,NIFTY 50,17748.599609375
2021-09-29,NIFTY 50,17711.30078125
2021-09-30,NIFTY 50,17618.150390625
2021-10-01,NIFTY 50,17532.05078125
2021-10-04,NIFTY 50,17691.25
2021-10-05,NIFTY 50,17822.30078125
2021-10-06,NIFTY 50,17646.0
2021-10-07,NIFTY 50,17790.349609375
2021-10-08,NIFTY 50,17895.19921875
2021-10-11,NIFTY 50,17945.94921875
2021-10-12,NIFTY 50,17991.94921875
2021-10-13,NIFTY 50,18161.75
2021-10-14,NIFTY 50,18338.55078125
2021-10-18,NIFTY 50,18477.05078125
2021-10-19,NIFTY 50,18418.75
2021-10-20,NIFTY 50,18266.599609375
2021-10-21,NIFTY 50,18178.099609375
2021-10-22,NIFTY 50,18114.900390625
2021-10-25,NIFTY 50,18125.400390625
2021-10-26,NIFTY 50,18268.400390625
2021-10-27,NIFTY 50,18210.94921875
2021-10-28,NIFTY 50,17857.25
2021-10-29,NIFTY 50,17671.650390625
2021-11-01,NIFTY 50,17929.650390625
2021-11-02,NIFTY 50,17888.94921875
2021-11-03,NIFTY 50,17829.19921875
2021-11-04,NIFTY 50,17916.80078125
2021-11-08,NIFTY 50,18068.55078125
2021-11-09,NIFTY 50,18044.25
2021-11-10,NIFTY 50,18017.19921875
2021-11-11,NIFTY 50,17873.599609375
2021-11-12,NIFTY 50,18102.75
2021-11-15,NIFTY 50,18109.44921875
2021-11-16,NIFTY 50,17999.19921875
2021-11-17,NIFTY 50,17898.650390625
2021-11-18,NIFTY 50,17764.80078125
2021-11-22,NIFTY 50,17416.55078125
2021-11-23,NIFTY 50,17503.349609375
2021-11-24,NIFTY 50,17415.05078125
2021-11-25,NIFTY 50,17536.25
2021-11-26,NIFTY 50,17026.44921875
2021-11-29,NIFTY 50,17053.94921875
2021-11-30,NIFTY 50,16983.19921875
2021-12-01,NIFTY 50,17166.900390625
2021-12-02,NIFTY 50,17401.650390625
2021-12-03,NIFTY 50,17196.69921875
2021-12-06,NIFTY 50,16912.25
2021-12-07,NIFTY 50,17176.69921875
2021-12-08,NIFTY 50,17469.75
2021-12-09,NIFTY 50,17516.849609375
2021-12-10,NIFTY 50,17511.30078125
2021-12-13,NIFTY 50,17368.25
2021-12-14,NIFTY 50,17324.900390625
2021-12-15,NIFTY 50,17221.400390625
2021-12-16,NIFTY 50,17248.400390625
2021-12-17,NIFTY 50,16985.19921875
2021-12-20,NIFTY 50,16614.19921875
2021-12-21,NIFTY 50,16770.849609375
2021-12-22,NIFTY 50,16955.44921875
2021-12-23,NIFTY 50,17072.599609375
2021-12-24,NIFTY 50,17003.75
2021-12-27,NIFTY 50,17086.25
2021-12-28,NIFTY 50,17233.25
2021-12-29,NIFTY 50,17213.599609375
2021-12-30,NIFTY 50,17203.94921875
2021-12-31,NIFTY 50,17354.05078125
2022-01-03,NIFTY 50,17625.69921875
2022-01-04,NIFTY 50,17805.25
2022-01-05,NIFTY 50,17925.25
2022-01-06,NIFTY 50,17745.900390625
2022-01-07,NIFTY 50,17812.69921875
2022-01-10,NIFTY 50,18003.30078125
2022-01-11,NIFTY 50,18055.75
2022-01-12,NIFTY 50,18212.349609375
2022-01-13,NIFTY 50,18257.80078125
2022-01-14,NIFTY 50,18255.75
2022-01-17,NIFTY 50,18308.099609375
2022-01-18,NIFTY 50,18113.05078125
2022-01-19,NIFTY 50,17938.400390625
2022-01-20,NIFTY 50,17757.0
2022-01-21,NIFTY 50,17617.150390625
2022-01-24,NIFTY 50,17149.099609375
2022-01-25,NIFTY 50,17277.94921875
2022-01-27,NIFTY 50,17110.150390625
2022-01-28,NIFTY 50,17101.94921875
2022-01-31,NIFTY 50,17339.849609375
2022-02-01,NIFTY 50,17576.849609375
2022-02-02,NIFTY 50,17780.0
2022-02-03,NIFTY 50,17560.19921875
2022-02-04,NIFTY 50,17516.30078125
2022-02-07,NIFTY 50,17213.599609375
2022-02-08,NIFTY 50,17266.75
2022-02-09,NIFTY 50,17463.80078125
2022-02-10,NIFTY 50,17605.849609375
2022-02-11,NIFTY 50,17374.75
2022-02-14,NIFTY 50,16842.80078125
2022-02-15,NIFTY 50,17352.44921875
2022-02-16,NIFTY 50,17322.19921875
2022-02-17,NIFTY 50,17304.599609375
2022-02-18,NIFTY 50,17276.30078125
2022-02-21,NIFTY 50,17206.650390625
2022-02-22,NIFTY 50,17092.19921875
2022-02-23,NIFTY 50,17063.25
2022-02-24,NIFTY 50,16247.9501953125
2022-02-25,NIFTY 50,16658.400390625
2022-02-28,NIFTY 50,16793.900390625
2022-03-02,NIFTY 50,16605.94921875
2022-03-03,NIFTY 50,16498.05078125
2022-03-04,NIFTY 50,16245.349609375
2022-03-07,NIFTY 50,15863.150390625
2022-03-08,NIFTY 50,16013.4501953125
2022-03-09,NIFTY 50,16345.349609375
2022-03-10,NIFTY 50,16594.900390625
2022-03-11,NIFTY 50,16630.44921875
2022-03-14,NIFTY 50,16871.30078125
2022-03-15,NIFTY 50,16663.0
2022-03-16,NIFTY 50,16975.349609375
2022-03-17,NIFTY 50,17287.05078125
2022-03-21,NIFTY 50,17117.599609375
2022-03-22,NIFTY 50,17315.5
2022-03-23,NIFTY 50,17245.650390625
2022-03-24,NIFTY 50,17222.75
2022-03-25,NIFTY 50,17153.0
2022-03-28,NIFTY 50,17222.0
2022-03-29,NIFTY 50,17325.30078125
2022-03-30,NIFTY 50,17498.25
2022-03-31,NIFTY 50,17464.75
2022-04-01,NIFTY 50,17670.44921875
2022-04-04,NIFTY 50,18053.400390625
2022-04-05,NIFTY 50,17957.400390625
2022-04-06,NIFTY 50,17807.650390625
2022-04-07,NIFTY 50,17639.55078125
2022-04-08,NIFTY 50,17784.349609375
2022-04-11,NIFTY 50,17674.94921875
2022-04-12,NIFTY 50,17530.30078125
2022-04-13,NIFTY 50,17475.650390625
2022-04-18,NIFTY 50,17173.650390625
2022-04-19,NIFTY 50,16958.650390625
2022-04-20,NIFTY 50,17136.55078125
2022-04-21,NIFTY 50,17392.599609375
2022-04-22,NIFTY 50,17171.94921875
2022-04-25,NIFTY 50,16953.94921875
2022-04-26,NIFTY 50,17200.80078125
2022-04-27,NIFTY 50,17038.400390625
2022-04-28,NIFTY 50,17245.05078125
2022-04-29,NIFTY 50,17102.55078125
2022-05-02,NIFTY 50,17069.099609375
2022-05-04,NIFTY 50,16677.599609375
2022-05-05,NIFTY 50,16682.650390625
2022-05-06,NIFTY 50,16411.25
2022-05-09,NIFTY 50,16301.849609375
2022-05-10,NIFTY 50,16240.0498046875
2022-05-11,NIFTY 50,16167.099609375
2022-05-12,NIFTY 50,15808.0
2022-05-13,NIFTY 50,15782.150390625
2022-05-16,NIFTY 50,15842.2998046875
2022-05-17,NIFTY 50,16259.2998046875
2022-05-18,NIFTY 50,16240.2998046875
2022-05-19,NIFTY 50,15809.400390625
2022-05-20,NIFTY 50,16266.150390625
2022-05-23,NIFTY 50,16214.7001953125
2022-05-24,NIFTY 50,16125.150390625
2022-05-25,NIFTY 50,16025.7998046875
2022-05-26,NIFTY 50,16170.150390625
2022-05-27,NIFTY 50,16352.4501953125
2022-05-30,NIFTY 50,16661.400390625
2022-05-31,NIFTY 50,16584.55078125
2022-06-01,NIFTY 50,16522.75
2022-06-02,NIFTY 50,16628.0
2022-06-03,NIFTY 50,16584.30078125
2022-06-06,NIFTY 50,16569.55078125
2022-06-07,NIFTY 50,16416.349609375
2022-06-08,NIFTY 50,16356.25
2022-06-09,NIFTY 50,16478.099609375
2022-06-10,NIFTY 50,16201.7998046875
2022-06-13,NIFTY 50,15774.400390625
2022-06-14,NIFTY 50,15732.099609375
2022-06-15,NIFTY 50,15692.150390625
2022-06-16,NIFTY 50,15360.599609375
2022-06-17,NIFTY 50,15293.5
2022-06-20,NIFTY 50,15350.150390625
2022-06-21,NIFTY 50,15638.7998046875
2022-06-22,NIFTY 50,15413.2998046875
2022-06-23,NIFTY 50,15556.650390625
2022-06-24,NIFTY 50,15699.25
2022-06-27,NIFTY 50,15832.0498046875
2022-06-28,NIFTY 50,15850.2001953125
2022-06-29,NIFTY 50,15799.099609375
2022-06-30,NIFTY 50,15780.25
2022-07-01,NIFTY 50,15752.0498046875
2022-07-04,NIFTY 50,15835.349609375
2022-07-05,NIFTY 50,15810.849609375
2022-07-06,NIFTY 50,15989.7998046875
2022-07-07,NIFTY 50,16132.900390625
2022-07-08,NIFTY 50,16220.599609375
2022-07-11,NIFTY 50,16216.0
2022-07-12,NIFTY 50,16058.2998046875
2022-07-13,NIFTY 50,15966.650390625
2022-07-14,NIFTY 50,15938.650390625
2022-07-15,NIFTY 50,16049.2001953125
2022-07-18,NIFTY 50,16278.5
2022-07-19,NIFTY 50,16340.5498046875
2022-07-20,NIFTY 50,16520.849609375
2022-07-21,NIFTY 50,16605.25
2022-07-22,NIFTY 50,16719.44921875
2022-07-25,NIFTY 50,16631.0
2022-07-26,NIFTY 50,16483.849609375
2022-07-27,NIFTY 50,16641.80078125
2022-07-28,NIFTY 50,16929.599609375
2022-07-29,NIFTY 50,17158.25
2022-08-01,NIFTY 50,17340.05078125
2022-08-02,NIFTY 50,17345.44921875
2022-08-03,NIFTY 50,17388.150390625
2022-08-04,NIFTY 50,17382.0
2022-08-05,NIFTY 50,17397.5
2022-08-08,NIFTY 50,17525.099609375
2022-08-10,NIFTY 50,17534.75
2022-08-11,NIFTY 50,17659.0
2022-08-12,NIFTY 50,17698.150390625
2022-08-16,NIFTY 50,17825.25
2022-08-17,NIFTY 50,17944.25
2022-08-18,NIFTY 50,17956.5
2022-08-19,NIFTY 50,17758.44921875
2022-08-22,NIFTY 50,17490.69921875
2022-08-23,NIFTY 50,17577.5
2022-08-24,NIFTY 50,17604.94921875
2022-08-25,NIFTY 50,17522.44921875
2022-08-26,NIFTY 50,17558.900390625
2022-08-29,NIFTY 50,17312.900390625
2022-08-30,NIFTY 50,17759.30078125
2022-09-01,NIFTY 50,17542.80078125
2022-09-02,NIFTY 50,17539.44921875
2022-09-05,NIFTY 50,17665.80078125
2022-09-06,NIFTY 50,17655.599609375
2022-09-07,NIFTY 50,17624.400390625
2022-09-08,NIFTY 50,17798.75
2022-09-09,NIFTY 50,17833.349609375
2022-09-12,NIFTY 50,17936.349609375
2022-09-13,NIFTY 50,18070.05078125
2022-09-14,NIFTY 50,18003.75
2022-09-15,NIFTY 50,17877.400390625
2022-09-16,NIFTY 50,17530.849609375
2022-09-19,NIFTY 50,17622.25
2022-09-20,NIFTY 50,17816.25
2022-09-21,NIFTY 50,17718.349609375
2022-09-22,NIFTY 50,17629.80078125
2022-09-23,NIFTY 50,17327.349609375
2022-09-26,NIFTY 50,17016.30078125
2022-09-27,NIFTY 50,17007.400390625
2022-09-28,NIFTY 50,16858.599609375
2022-09-29,NIFTY 50,16818.099609375
2022-09-30,NIFTY 50,17094.349609375
2022-10-03,NIFTY 50,16887.349609375
2022-10-04,NIFTY 50,17274.30078125
2022-10-06,NIFTY 50,17331.80078125
2022-10-07,NIFTY 50,17314.650390625
2022-10-10,NIFTY 50,17241.0
2022-10-11,NIFTY 50,16983.55078125
2022-10-12,NIFTY 50,17123.599609375
2022-10-13,NIFTY 50,17014.349609375
2022-10-14,NIFTY 50,17185.69921875
2022-10-17,NIFTY 50,17311.80078125
2022-10-18,NIFTY 50,17486.94921875
2022-10-19,NIFTY 50,17512.25
2022-10-20,NIFTY 50,17563.94921875
2022-10-21,NIFTY 50,17576.30078125
2022-10-24,NIFTY 50,17730.75
2022-10-25,NIFTY 50,17656.349609375
2022-10-27,NIFTY 50,17736.94921875
2022-10-28,NIFTY 50,17786.80078125
2022-10-31,NIFTY 50,18012.19921875
2022-11-01,NIFTY 50,18145.400390625
2022-11-02,NIFTY 50,18082.849609375
2022-11-03,NIFTY 50,18052.69921875
2022-11-04,NIFTY 50,18117.150390625
2022-11-07,NIFTY 50,18202.80078125
2022-11-09,NIFTY 50,18157.0
2022-11-10,NIFTY 50,18028.19921875
2022-11-11,NIFTY 50,18349.69921875
2022-11-14,NIFTY 50,18329.150390625
2022-11-15,NIFTY 50,18403.400390625
2022-11-16,NIFTY 50,18409.650390625
2022-11-17,NIFTY 50,18343.900390625
2022-11-18,NIFTY 50,18307.650390625
2022-11-21,NIFTY 50,18159.94921875
2022-11-22,NIFTY 50,18244.19921875
2022-11-23,NIFTY 50,18267.25
2022-11-24,NIFTY 50,18484.099609375
2022-11-25,NIFTY 50,18512.75
2022-11-28,NIFTY 50,18562.75
2022-11-29,NIFTY 50,18618.05078125
2022-11-30,NIFTY 50,18758.349609375
2022-12-01,NIFTY 50,18812.5
2022-12-02,NIFTY 50,18696.099609375
2022-12-05,NIFTY 50,18701.05078125
2022-12-06,NIFTY 50,18642.75
2022-12-07,NIFTY 50,18560.5
2022-12-08,NIFTY 50,18609.349609375
2022-12-09,NIFTY 50,18496.599609375
2022-12-12,NIFTY 50,18497.150390625
2022-12-13,NIFTY 50,18608.0
2022-12-14,NIFTY 50,18660.30078125
2022-12-15,NIFTY 50,18414.900390625
2022-12-16,NIFTY 50,18269.0
2022-12-19,NIFTY 50,18420.44921875
2022-12-20,NIFTY 50,18385.30078125
2022-12-21,NIFTY 50,18199.099609375
2022-12-22,NIFTY 50,18127.349609375
2022-12-23,NIFTY 50,17806.80078125
2022-12-26,NIFTY 50,18014.599609375
2022-12-27,NIFTY 50,18132.30078125
2022-12-28,NIFTY 50,18122.5
2022-12-29,NIFTY 50,18191.0
2022-12-30,NIFTY 50,18105.30078125
2023-01-02,NIFTY 50,18197.44921875
2023-01-03,NIFTY 50,18232.55078125
2023-01-04,NIFTY 50,18042.94921875
2023-01-05,NIFTY 50,17992.150390625
2023-01-06,NIFTY 50,17859.44921875
2023-01-09,NIFTY 50,18101.19921875
2023-01-10,NIFTY 50,17914.150390625
2023-01-11,NIFTY 50,17895.69921875
2023-01-12,NIFTY 50,17858.19921875
2023-01-13,NIFTY 50,17956.599609375
2023-01-16,NIFTY 50,17894.849609375
2023-01-17,NIFTY 50,18053.30078125
2023-01-18,NIFTY 50,18165.349609375
2023-01-19,NIFTY 50,18107.849609375
2023-01-20,NIFTY 50,18027.650390625
2023-01-23,NIFTY 50,18118.55078125
2023-01-24,NIFTY 50,18118.30078125
2023-01-25,NIFTY 50,17891.94921875
2023-01-27,NIFTY 50,17604.349609375
2023-01-30,NIFTY 50,17648.94921875
2023-01-31,NIFTY 50,17662.150390625
2023-02-01,NIFTY 50,17616.30078125
2023-02-02,NIFTY 50,17610.400390625
2023-02-03,NIFTY 50,17854.05078125
2023-02-06,NIFTY 50,17764.599609375
2023-02-07,NIFTY 50,17721.5
2023-02-08,NIFTY 50,17871.69921875
2023-02-09,NIFTY 50,17893.44921875
2023-02-10,NIFTY 50,17856.5
2023-02-13,NIFTY 50,17770.900390625
2023-02-14,NIFTY 50,17929.849609375
2023-02-15,NIFTY 50,18015.849609375
2023-02-16,NIFTY 50,18035.849609375
2023-02-17,NIFTY 50,17944.19921875
2023-02-20,NIFTY 50,17844.599609375
2023-02-21,NIFTY 50,17826.69921875
2023-02-22,NIFTY 50,17554.30078125
2023-02-23,NIFTY 50,17511.25
2023-02-24,NIFTY 50,17465.80078125
2023-02-27,NIFTY 50,17392.69921875
2023-02-28,NIFTY 50,17303.94921875
2023-03-01,NIFTY 50,17450.900390625
2023-03-02,NIFTY 50,17321.900390625
2023-03-03,NIFTY 50,17594.349609375
2023-03-06,NIFTY 50,17711.44921875
2023-03-08,NIFTY 50,17754.400390625
2023-03-09,NIFTY 50,17589.599609375
2023-03-10,NIFTY 50,17412.900390625
2023-03-13,NIFTY 50,17154.30078125
2023-03-14,NIFTY 50,17043.30078125
2023-03-15,NIFTY 50,16972.150390625
2023-03-16,NIFTY 50,16985.599609375
2023-03-17,NIFTY 50,17100.05078125
2023-03-20,NIFTY 50,16988.400390625
2023-03-21,NIFTY 50,17107.5
2023-03-22,NIFTY 50,17151.900390625
2023-03-23,NIFTY 50,17076.900390625
2023-03-24,NIFTY 50,16945.05078125
2023-03-27,NIFTY 50,16985.69921875
2023-03-28,NIFTY 50,16951.69921875
2023-03-29,NIFTY 50,17080.69921875
2023-03-31,NIFTY 50,17359.75
2023-04-03,NIFTY 50,17398.05078125
2023-04-05,NIFTY 50,17557.05078125
2023-04-06,NIFTY 50,17599.150390625
2023-04-10,NIFTY 50,17624.05078125
2023-04-11,NIFTY 50,17722.30078125
2023-04-12,NIFTY 50,17812.400390625
2023-04-13,NIFTY 50,17828.0
2023-04-17,NIFTY 50,17706.849609375
2023-04-18,NIFTY 50,17660.150390625
2023-04-19,NIFTY 50,17618.75
2023-04-20,NIFTY 50,17624.44921875
2023-04-21,NIFTY 50,17624.05078125
2023-04-24,NIFTY 50,17743.400390625
2023-04-25,NIFTY 50,17769.25
2023-04-26,NIFTY 50,17813.599609375
2023-04-27,NIFTY 50,17915.05078125
2023-04-28,NIFTY 50,18065.0
2023-05-02,NIFTY 50,18147.650390625
2023-05-03,NIFTY 50,18089.849609375
2023-05-04,NIFTY 50,18255.80078125
2023-05-05,NIFTY 50,18069.0
2023-05-08,NIFTY 50,18264.400390625
2023-05-09,NIFTY 50,18265.94921875
2023-05-10,NIFTY 50,18315.099609375
2023-05-11,NIFTY 50,18297.0
2023-05-12,NIFTY 50,18314.80078125
2023-05-15,NIFTY 50,18398.849609375
2023-05-16,NIFTY 50,18286.5
2023-05-17,NIFTY 50,18181.75
2023-05-18,NIFTY 50,18129.94921875
2023-05-19,NIFTY 50,18203.400390625
2023-05-22,NIFTY 50,18314.400390625
2023-05-23,NIFTY 50,18348.0
2023-05-24,NIFTY 50,18285.400390625
2023-05-25,NIFTY 50,18321.150390625
2023-05-26,NIFTY 50,18499.349609375
2023-05-29,NIFTY 50,18598.650390625
2023-05-30,NIFTY 50,18633.849609375
2023-05-31,NIFTY 50,18534.400390625
2023-06-01,NIFTY 50,18487.75
2023-06-02,NIFTY 50,18534.099609375
2023-06-05,NIFTY 50,18593.849609375
2023-06-06,NIFTY 50,18599.0
2023-06-07,NIFTY 50,18726.400390625
2023-06-08,NIFTY 50,18634.55078125
2023-06-09,NIFTY 50,18563.400390625
2023-06-12,NIFTY 50,18601.5
2023-06-13,NIFTY 50,18716.150390625
2023-06-14,NIFTY 50,18755.900390625
2023-06-15,NIFTY 50,18688.099609375
2023-06-16,NIFTY 50,18826.0
2023-06-19,NIFTY 50,18755.44921875
2023-06-20,NIFTY 50,18816.69921875
2023-06-21,NIFTY 50,18856.849609375
2023-06-22,NIFTY 50,18771.25
2023-06-23,NIFTY 50,18665.5
2023-06-26,NIFTY 50,18691.19921875
2023-06-27,NIFTY 50,18817.400390625
2023-06-28,NIFTY 50,18972.099609375
2023-06-30,NIFTY 50,19189.05078125
2023-07-03,NIFTY 50,19322.55078125
2023-07-04,NIFTY 50,19389.0
2023-07-05,NIFTY 50,19398.5
2023-07-06,NIFTY 50,19497.30078125
2023-07-07,NIFTY 50,19331.80078125
2023-07-10,NIFTY 50,19355.900390625
2023-07-11,NIFTY 50,19439.400390625
2023-07-12,NIFTY 50,19384.30078125
2023-07-13,NIFTY 50,19413.75
2023-07-14,NIFTY 50,19564.5
2023-07-17,NIFTY 50,19711.44921875
2023-07-18,NIFTY 50,19749.25
2023-07-19,NIFTY 50,19833.150390625
2023-07-20,NIFTY 50,19979.150390625
2023-07-21,NIFTY 50,19745.0
2023-07-24,NIFTY 50,19672.349609375
2023-07-25,NIFTY 50,19680.599609375
2023-07-26,NIFTY 50,19778.30078125
2023-07-27,NIFTY 50,19659.900390625
2023-07-28,NIFTY 50,19646.05078125
2023-07-31,NIFTY 50,19753.80078125
2023-08-01,NIFTY 50,19733.55078125
2023-08-02,NIFTY 50,19526.55078125
2023-08-03,NIFTY 50,19381.650390625
2023-08-04,NIFTY 50,19517.0
2023-08-07,NIFTY 50,19597.30078125
2023-08-08,NIFTY 50,19570.849609375
2023-08-09,NIFTY 50,19632.55078125
2023-08-10,NIFTY 50,19543.099609375
2023-08-11,NIFTY 50,19428.30078125
2023-08-14,NIFTY 50,19434.55078125
2023-08-16,NIFTY 50,19465.0
2023-08-17,NIFTY 50,19365.25
2023-08-18,NIFTY 50,19310.150390625
2023-08-21,NIFTY 50,19393.599609375
2023-08-22,NIFTY 50,19396.44921875
2023-08-23,NIFTY 50,19444.0
2023-08-24,NIFTY 50,19386.69921875
2023-08-25,NIFTY 50,19265.80078125
2023-08-28,NIFTY 50,19306.05078125
2023-08-29,NIFTY 50,19342.650390625
2023-08-30,NIFTY 50,19347.44921875
2023-08-31,NIFTY 50,19253.80078125
2023-09-01,NIFTY 50,19435.30078125
2023-09-04,NIFTY 50,19528.80078125
2023-09-05,NIFTY 50,19574.900390625
2023-09-06,NIFTY 50,19611.05078125
2023-09-07,NIFTY 50,19727.05078125
2023-09-08,NIFTY 50,19819.94921875
2023-09-11,NIFTY 50,19996.349609375
2023-09-12,NIFTY 50,19993.19921875
2023-09-13,NIFTY 50,20070.0
2023-09-14,NIFTY 50,20103.099609375
2023-09-15,NIFTY 50,20192.349609375
2023-09-18,NIFTY 50,20133.30078125
2023-09-20,NIFTY 50,19901.400390625
2023-09-21,NIFTY 50,19742.349609375
2023-09-22,NIFTY 50,19674.25
2023-09-25,NIFTY 50,19674.55078125
2023-09-26,NIFTY 50,19664.69921875
2023-09-27,NIFTY 50,19716.44921875
2023-09-28,NIFTY 50,19523.55078125
2023-09-29,NIFTY 50,19638.30078125
2023-10-03,NIFTY 50,19528.75
2023-10-04,NIFTY 50,19436.099609375
2023-10-05,NIFTY 50,19545.75
2023-10-06,NIFTY 50,19653.5
2023-10-09,NIFTY 50,19512.349609375
2023-10-10,NIFTY 50,19689.849609375
2023-10-11,NIFTY 50,19811.349609375
2023-10-12,NIFTY 50,19794.0
2023-10-13,NIFTY 50,19751.05078125
2023-10-16,NIFTY 50,19731.75
2023-10-17,NIFTY 50,19811.5
2023-10-18,NIFTY 50,19671.099609375
2023-10-19,NIFTY 50,19624.69921875
2023-10-20,NIFTY 50,19542.650390625
2023-10-23,NIFTY 50,19281.75
2023-10-25,NIFTY 50,19122.150390625
2023-10-26,NIFTY 50,18857.25
2023-10-27,NIFTY 50,19047.25
2023-10-30,NIFTY 50,19140.900390625
2023-10-31,NIFTY 50,19079.599609375
2023-11-01,NIFTY 50,18989.150390625
2023-11-02,NIFTY 50,19133.25
2023-11-03,NIFTY 50,19230.599609375
2023-11-06,NIFTY 50,19411.75
2023-11-07,NIFTY 50,19406.69921875
2023-11-08,NIFTY 50,19443.5
2023-11-09,NIFTY 50,19395.30078125
2023-11-10,NIFTY 50,19425.349609375
2023-11-13,NIFTY 50,19443.55078125
2023-11-15,NIFTY 50,19675.44921875
2023-11-16,NIFTY 50,19765.19921875
2023-11-17,NIFTY 50,19731.80078125
2023-11-20,NIFTY 50,19694.0
2023-11-21,NIFTY 50,19783.400390625
2023-11-22,NIFTY 50,19811.849609375
2023-11-23,NIFTY 50,19802.0
2023-11-24,NIFTY 50,19794.69921875
2023-11-28,NIFTY 50,19889.69921875
2023-11-29,NIFTY 50,20096.599609375
2023-11-30,NIFTY 50,20133.150390625
2023-12-01,NIFTY 50,20267.900390625
2023-12-04,NIFTY 50,20686.80078125
2023-12-05,NIFTY 50,20855.099609375
2023-12-06,NIFTY 50,20937.69921875
2023-12-07,NIFTY 50,20901.150390625
2023-12-08,NIFTY 50,20969.400390625
2023-12-11,NIFTY 50,20997.099609375
2023-12-12,NIFTY 50,20906.400390625
2023-12-13,NIFTY 50,20926.349609375
2023-12-14,NIFTY 50,21182.69921875
2023-12-15,NIFTY 50,21456.650390625
2023-12-18,NIFTY 50,21418.650390625
2023-12-19,NIFTY 50,21453.099609375
2023-12-20,NIFTY 50,21150.150390625
2023-12-21,NIFTY 50,21255.05078125
2023-12-22,NIFTY 50,21349.400390625
2023-12-26,NIFTY 50,21441.349609375
2023-12-27,NIFTY 50,21654.75
2023-12-28,NIFTY 50,21778.69921875
2023-12-29,NIFTY 50,21731.400390625
2024-01-01,NIFTY 50,21741.900390625
2024-01-02,NIFTY 50,21665.80078125
2024-01-03,NIFTY 50,21517.349609375
2024-01-04,NIFTY 50,21658.599609375
2024-01-05,NIFTY 50,21710.80078125
2024-01-08,NIFTY 50,21513.0
2024-01-09,NIFTY 50,21544.849609375
2024-01-10,NIFTY 50,21618.69921875
2024-01-11,NIFTY 50,21647.19921875
2024-01-12,NIFTY 50,21894.55078125
2024-01-15,NIFTY 50,22097.44921875
2024-01-16,NIFTY 50,22032.30078125
2024-01-17,NIFTY 50,21571.94921875
2024-01-18,NIFTY 50,21462.25
2024-01-19,NIFTY 50,21622.400390625
2024-01-23,NIFTY 50,21238.80078125
2024-01-24,NIFTY 50,21453.94921875
2024-01-25,NIFTY 50,21352.599609375
2024-01-29,NIFTY 50,21737.599609375
2024-01-30,NIFTY 50,21522.099609375
2024-01-31,NIFTY 50,21725.69921875
2024-02-01,NIFTY 50,21697.44921875
2024-02-02,NIFTY 50,21853.80078125
2024-02-05,NIFTY 50,21771.69921875
2024-02-06,NIFTY 50,21929.400390625
2024-02-07,NIFTY 50,21930.5
2024-02-08,NIFTY 50,21717.94921875
2024-02-09,NIFTY 50,21782.5
2024-02-12,NIFTY 50,21616.05078125
2024-02-13,NIFTY 50,21743.25
2024-02-14,NIFTY 50,21840.05078125
2024-02-15,NIFTY 50,21910.75
2024-02-16,NIFTY 50,22040.69921875
2024-02-19,NIFTY 50,22122.25
2024-02-20,NIFTY 50,22196.94921875
2024-02-21,NIFTY 50,22055.05078125
2024-02-22,NIFTY 50,22217.44921875
2024-02-23,NIFTY 50,22212.69921875
2024-02-26,NIFTY 50,22122.05078125
2024-02-27,NIFTY 50,22198.349609375
2024-02-28,NIFTY 50,21951.150390625
2024-02-29,NIFTY 50,21982.80078125
2024-03-01,NIFTY 50,22338.75
2024-03-04,NIFTY 50,22405.599609375
2024-03-05,NIFTY 50,22356.30078125
2024-03-06,NIFTY 50,22474.05078125
2024-03-07,NIFTY 50,22493.55078125
2024-03-11,NIFTY 50,22332.650390625
2024-03-12,NIFTY 50,22335.69921875
2024-03-13,NIFTY 50,21997.69921875
2024-03-14,NIFTY 50,22146.650390625
2024-03-15,NIFTY 50,22023.349609375
2024-03-18,NIFTY 50,22055.69921875
2024-03-19,NIFTY 50,21817.44921875
2024-03-20,NIFTY 50,21839.099609375
2024-03-21,NIFTY 50,22011.94921875
2024-03-22,NIFTY 50,22096.75
2024-03-26,NIFTY 50,22004.69921875
2024-03-27,NIFTY 50,22123.650390625
2024-03-28,NIFTY 50,22326.900390625
2024-04-01,NIFTY 50,22462.0
2024-04-02,NIFTY 50,22453.30078125
2024-04-03,NIFTY 50,22434.650390625
2024-04-04,NIFTY 50,22514.650390625
2024-04-05,NIFTY 50,22513.69921875
2024-04-08,NIFTY 50,22666.30078125
2024-04-09,NIFTY 50,22642.75
2024-04-10,NIFTY 50,22753.80078125
2024-04-12,NIFTY 50,22519.400390625
2024-04-15,NIFTY 50,22272.5
2024-04-16,NIFTY 50,22147.900390625
2024-04-18,NIFTY 50,21995.849609375
2024-04-19,NIFTY 50,22147.0
2024-04-22,NIFTY 50,22336.400390625
2024-04-23,NIFTY 50,22368.0
2024-04-24,NIFTY 50,22402.400390625
2024-04-25,NIFTY 50,22570.349609375
2024-04-26,NIFTY 50,22419.94921875
2024-04-29,NIFTY 50,22643.400390625
2024-04-30,NIFTY 50,22604.849609375
2024-05-02,NIFTY 50,22648.19921875
2024-05-03,NIFTY 50,22475.849609375
2024-05-06,NIFTY 50,22442.69921875
2024-05-07,NIFTY 50,22302.5
2024-05-08,NIFTY 50,22302.5
2024-05-09,NIFTY 50,21957.5
2024-05-10,NIFTY 50,22055.19921875
2024-05-13,NIFTY 50,22104.05078125
2024-05-14,NIFTY 50,22217.849609375
2024-05-15,NIFTY 50,22200.55078125
2024-05-16,NIFTY 50,22403.849609375
2024-05-17,NIFTY 50,22466.099609375
2024-05-21,NIFTY 50,22529.05078125
2024-05-22,NIFTY 50,22597.80078125
2024-05-23,NIFTY 50,22967.650390625
2024-05-24,NIFTY 50,22957.099609375
2024-05-27,NIFTY 50,22932.44921875
2024-05-28,NIFTY 50,22888.150390625
2024-05-29,NIFTY 50,22704.69921875
2024-05-30,NIFTY 50,22488.650390625
2024-05-31,NIFTY 50,22530.69921875
2024-06-03,NIFTY 50,23263.900390625
2024-06-04,NIFTY 50,21884.5
2024-06-05,NIFTY 50,22620.349609375
2024-06-06,NIFTY 50,22821.400390625
2024-06-07,NIFTY 50,23290.150390625
2024-06-10,NIFTY 50,23259.19921875
2024-06-11,NIFTY 50,23264.849609375
2024-06-12,NIFTY 50,23322.94921875
2024-06-13,NIFTY 50,23398.900390625
2024-06-14,NIFTY 50,23465.599609375
2024-06-18,NIFTY 50,23557.900390625
2024-06-19,NIFTY 50,23516.0
2024-06-20,NIFTY 50,23567.0
2024-06-21,NIFTY 50,23501.099609375
2024-06-24,NIFTY 50,23537.849609375
2024-06-25,NIFTY 50,23721.30078125
2024-06-26,NIFTY 50,23868.80078125
2024-06-27,NIFTY 50,24044.5
2024-06-28,NIFTY 50,24010.599609375
2024-07-01,NIFTY 50,24141.94921875
2024-07-02,NIFTY 50,24123.849609375
2024-07-03,NIFTY 50,24286.5
2024-07-04,NIFTY 50,24302.150390625
2024-07-05,NIFTY 50,24323.849609375
2024-07-08,NIFTY 50,24320.55078125
2024-07-09,NIFTY 50,24433.19921875
2024-07-10,NIFTY 50,24324.44921875
2024-07-11,NIFTY 50,24315.94921875
2024-07-12,NIFTY 50,24502.150390625
2024-07-15,NIFTY 50,24586.69921875
2024-07-16,NIFTY 50,24613.0
2024-07-18,NIFTY 50,24800.849609375
2024-07-19,NIFTY 50,24530.900390625
2024-07-22,NIFTY 50,24509.25
2024-07-23,NIFTY 50,24479.05078125
2024-07-24,NIFTY 50,24413.5
2024-07-25,NIFTY 50,24406.099609375
2024-07-26,NIFTY 50,24834.849609375
2024-07-29,NIFTY 50,24836.099609375
2024-07-30,NIFTY 50,24857.30078125
2024-07-31,NIFTY 50,24951.150390625
2024-08-01,NIFTY 50,25010.900390625
2024-08-02,NIFTY 50,24717.69921875
2024-08-05,NIFTY 50,24055.599609375
2024-08-06,NIFTY 50,23992.55078125
2024-08-07,NIFTY 50,24297.5
2024-08-08,NIFTY 50,24117.0
2024-08-09,NIFTY 50,24367.5
2024-08-12,NIFTY 50,24347.0
2024-08-13,NIFTY 50,24139.0
2024-08-14,NIFTY 50,24143.75
2024-08-16,NIFTY 50,24541.150390625
2024-08-19,NIFTY 50,24572.650390625
2024-08-20,NIFTY 50,24698.849609375
2024-08-21,NIFTY 50,24770.19921875
2024-08-22,NIFTY 50,24811.5
2024-08-23,NIFTY 50,24823.150390625
2024-08-26,NIFTY 50,25010.599609375
2024-08-27,NIFTY 50,25017.75
2024-08-28,NIFTY 50,25052.349609375
2024-08-29,NIFTY 50,25151.94921875
2024-08-30,NIFTY 50,25235.900390625
2024-09-02,NIFTY 50,25278.69921875
2024-09-03,NIFTY 50,25279.849609375
2024-09-04,NIFTY 50,25198.69921875
2024-09-05,NIFTY 50,25145.099609375
2024-09-06,NIFTY 50,24852.150390625
2024-09-09,NIFTY 50,24936.400390625
2024-09-10,NIFTY 50,25041.099609375
2024-09-11,NIFTY 50,24918.44921875
2024-09-12,NIFTY 50,25388.900390625
2024-09-13,NIFTY 50,25356.5
2024-09-16,NIFTY 50,25383.75
2024-09-17,NIFTY 50,25418.55078125
2024-09-18,NIFTY 50,25377.55078125
2024-09-19,NIFTY 50,25415.80078125
2024-09-20,NIFTY 50,25790.94921875
2024-09-23,NIFTY 50,25939.05078125
2024-09-24,NIFTY 50,25940.400390625
2024-09-25,NIFTY 50,26004.150390625
2024-09-26,NIFTY 50,26216.05078125
2024-09-27,NIFTY 50,26178.94921875
2024-09-30,NIFTY 50,25810.849609375
2024-10-01,NIFTY 50,25796.900390625
2024-10-03,NIFTY 50,25250.099609375
2024-10-04,NIFTY 50,25014.599609375
2024-10-07,NIFTY 50,24795.75
2024-10-08,NIFTY 50,25013.150390625
2024-10-09,NIFTY 50,24981.94921875
2024-10-10,NIFTY 50,24998.44921875
2024-10-11,NIFTY 50,24964.25
2024-10-14,NIFTY 50,25127.94921875
2024-10-15,NIFTY 50,25057.349609375
2024-10-16,NIFTY 50,24971.30078125
2024-10-17,NIFTY 50,24749.849609375
2024-10-18,NIFTY 50,24854.05078125
2024-10-21,NIFTY 50,24781.099609375
2024-10-22,NIFTY 50,24472.099609375
2024-10-23,NIFTY 50,24435.5
2024-10-24,NIFTY 50,24399.400390625
2024-10-25,NIFTY 50,24180.80078125
2024-10-28,NIFTY 50,24339.150390625
2024-10-29,NIFTY 50,24466.849609375
2024-10-30,NIFTY 50,24340.849609375
2024-10-31,NIFTY 50,24205.349609375
2024-11-01,NIFTY 50,24304.349609375
2024-11-04,NIFTY 50,23995.349609375
2024-11-05,NIFTY 50,24213.30078125
2024-11-06,NIFTY 50,24484.05078125
2024-11-07,NIFTY 50,24199.349609375
2024-11-08,NIFTY 50,24148.19921875
2024-11-11,NIFTY 50,24141.30078125
2024-11-12,NIFTY 50,23883.44921875
2024-11-13,NIFTY 50,23559.05078125
2024-11-14,NIFTY 50,23532.69921875
2024-11-18,NIFTY 50,23453.80078125
2024-11-19,NIFTY 50,23518.5
2024-11-21,NIFTY 50,23349.900390625
2024-11-22,NIFTY 50,23907.25
2024-11-25,NIFTY 50,24221.900390625
2024-11-26,NIFTY 50,24194.5
2024-11-27,NIFTY 50,24274.900390625
2024-11-28,NIFTY 50,23914.150390625
2024-11-29,NIFTY 50,24131.099609375
2024-12-02,NIFTY 50,24276.05078125
2024-12-03,NIFTY 50,24457.150390625
2024-12-04,NIFTY 50,24467.44921875
2024-12-05,NIFTY 50,24708.400390625
2024-12-06,NIFTY 50,24677.80078125
2024-12-09,NIFTY 50,24619.0
2024-12-10,NIFTY 50,24610.05078125
2024-12-11,NIFTY 50,24641.80078125
2024-12-12,NIFTY 50,24548.69921875
2024-12-13,NIFTY 50,24768.30078125
2024-12-16,NIFTY 50,24668.25
2024-12-17,NIFTY 50,24336.0
2024-12-18,NIFTY 50,24198.849609375
2024-12-19,NIFTY 50,23951.69921875
2024-12-20,NIFTY 50,23587.5
2024-12-23,NIFTY 50,23753.44921875
2024-12-24,NIFTY 50,23727.650390625
2024-12-26,NIFTY 50,23750.19921875
2024-12-27,NIFTY 50,23813.400390625
2024-12-30,NIFTY 50,23644.900390625
2024-12-31,NIFTY 50,23644.80078125
2025-01-01,NIFTY 50,23742.900390625
2025-01-02,NIFTY 50,24188.650390625
2025-01-03,NIFTY 50,24004.75
2025-01-06,NIFTY 50,23616.05078125
2025-01-07,NIFTY 50,23707.900390625
2025-01-08,NIFTY 50,23688.94921875
2025-01-09,NIFTY 50,23526.5
2025-01-10,NIFTY 50,23431.5
2025-01-13,NIFTY 50,23085.94921875
2025-01-14,NIFTY 50,23176.05078125
2025-01-15,NIFTY 50,23213.19921875
2025-01-16,NIFTY 50,23311.80078125
2025-01-17,NIFTY 50,23203.19921875
2025-01-20,NIFTY 50,23344.75
2025-01-21,NIFTY 50,23024.650390625
2025-01-22,NIFTY 50,23155.349609375
2025-01-23,NIFTY 50,23205.349609375
2025-01-24,NIFTY 50,23092.19921875
2025-01-27,NIFTY 50,22829.150390625
2025-01-28,NIFTY 50,22957.25
2025-01-29,NIFTY 50,23163.099609375
2025-01-30,NIFTY 50,23249.5
2025-01-31,NIFTY 50,23508.400390625
2025-02-01,NIFTY 50,23482.150390625
2025-02-03,NIFTY 50,23361.05078125
2025-02-04,NIFTY 50,23739.25
2025-02-05,NIFTY 50,23696.30078125
2025-02-06,NIFTY 50,23603.349609375
2025-02-07,NIFTY 50,23559.94921875
2025-02-10,NIFTY 50,23381.599609375
2025-02-11,NIFTY 50,23071.80078125
2025-02-12,NIFTY 50,23045.25
2025-02-13,NIFTY 50,23031.400390625
2025-02-14,NIFTY 50,22929.25
2025-02-17,NIFTY 50,22959.5
2025-02-18,NIFTY 50,22945.30078125
2025-02-19,NIFTY 50,22932.900390625
2025-02-20,NIFTY 50,22913.150390625
2025-02-21,NIFTY 50,22795.900390625
2025-02-24,NIFTY 50,22553.349609375
2025-02-25,NIFTY 50,22547.55078125
2025-02-27,NIFTY 50,22545.05078125
2025-02-28,NIFTY 50,22124.69921875
2025-03-03,NIFTY 50,22119.30078125
2025-03-04,NIFTY 50,22082.650390625
2025-03-05,NIFTY 50,22337.30078125
2025-03-06,NIFTY 50,22544.69921875
2025-03-07,NIFTY 50,22552.5
2025-03-10,NIFTY 50,22460.30078125
2025-03-11,NIFTY 50,22497.900390625
2025-03-12,NIFTY 50,22470.5
2025-03-13,NIFTY 50,22397.19921875
2025-03-17,NIFTY 50,22508.75
2025-03-18,NIFTY 50,22834.30078125
2025-03-19,NIFTY 50,22907.599609375
2025-03-20,NIFTY 50,23190.650390625
2025-03-21,NIFTY 50,23350.400390625
2025-03-24,NIFTY 50,23658.349609375
2025-03-25,NIFTY 50,23668.650390625
2025-03-26,NIFTY 50,23486.849609375
2025-03-27,NIFTY 50,23591.94921875
2025-03-28,NIFTY 50,23519.349609375
2025-04-01,NIFTY 50,23165.69921875
2025-04-02,NIFTY 50,23332.349609375
2025-04-03,NIFTY 50,23250.099609375
2025-04-04,NIFTY 50,22904.44921875
2025-04-07,NIFTY 50,22161.599609375
2025-04-08,NIFTY 50,22535.849609375
2025-04-09,NIFTY 50,22399.150390625
2025-04-11,NIFTY 50,22828.55078125
2025-04-15,NIFTY 50,23328.55078125
2025-04-16,NIFTY 50,23437.19921875
2025-04-17,NIFTY 50,23851.650390625
2025-04-21,NIFTY 50,24125.55078125
2025-04-22,NIFTY 50,24167.25
2025-04-23,NIFTY 50,24328.94921875
2025-04-24,NIFTY 50,24246.69921875
2025-04-25,NIFTY 50,24039.349609375
2025-04-28,NIFTY 50,24328.5
2025-04-29,NIFTY 50,24335.94921875
2025-04-30,NIFTY 50,24334.19921875
2025-05-02,NIFTY 50,24346.69921875
2025-05-05,NIFTY 50,24461.150390625
2025-05-06,NIFTY 50,24379.599609375
2025-05-07,NIFTY 50,24414.400390625
2025-05-08,NIFTY 50,24273.80078125
2025-05-09,NIFTY 50,24008.0
2025-05-12,NIFTY 50,24924.69921875
2025-05-13,NIFTY 50,24578.349609375
2025-05-14,NIFTY 50,24666.900390625
2025-05-15,NIFTY 50,25062.099609375
2025-05-16,NIFTY 50,25019.80078125
2025-05-19,NIFTY 50,24945.44921875
2025-05-20,NIFTY 50,24683.900390625
2025-05-21,NIFTY 50,24813.44921875
2025-05-22,NIFTY 50,24609.69921875
2025-05-23,NIFTY 50,24853.150390625
2025-05-26,NIFTY 50,25001.150390625
2025-05-27,NIFTY 50,24826.19921875
2025-05-28,NIFTY 50,24752.44921875
2025-05-29,NIFTY 50,24833.599609375
2025-05-30,NIFTY 50,24750.69921875
2025-06-02,NIFTY 50,24716.599609375
2025-06-03,NIFTY 50,24542.5
2025-06-04,NIFTY 50,24620.19921875
2025-06-05,NIFTY 50,24750.900390625
2025-06-06,NIFTY 50,25003.05078125
2025-06-09,NIFTY 50,25103.19921875
2025-06-10,NIFTY 50,25104.25
2025-06-11,NIFTY 50,25141.400390625
2025-06-12,NIFTY 50,24888.19921875
2025-06-13,NIFTY 50,24718.599609375
2025-06-16,NIFTY 50,24946.5
2025-06-17,NIFTY 50,24853.400390625
2025-06-18,NIFTY 50,24812.05078125
2025-06-19,NIFTY 50,24793.25
2025-06-20,NIFTY 50,25112.400390625
2025-06-23,NIFTY 50,24971.900390625
2025-06-24,NIFTY 50,25044.349609375
2025-06-25,NIFTY 50,25244.75
2025-06-26,NIFTY 50,25549.0
2025-06-27,NIFTY 50,25637.80078125
2025-06-30,NIFTY 50,25517.05078125
2025-07-01,NIFTY 50,25541.80078125
2025-07-02,NIFTY 50,25453.400390625
2025-07-03,NIFTY 50,25405.30078125
2025-07-04,NIFTY 50,25461.0
2025-07-07,NIFTY 50,25461.30078125
2025-07-08,NIFTY 50,25522.5
2025-07-09,NIFTY 50,25476.099609375
2025-07-10,NIFTY 50,25355.25
2025-07-11,NIFTY 50,25149.849609375
2025-07-14,NIFTY 50,25082.30078125
2025-07-15,NIFTY 50,25195.80078125
2025-07-16,NIFTY 50,25212.05078125
2025-07-17,NIFTY 50,25111.44921875
2025-07-18,NIFTY 50,24968.400390625
2025-07-21,NIFTY 50,25090.69921875
2025-07-22,NIFTY 50,25060.900390625
2025-07-23,NIFTY 50,25219.900390625
2025-07-24,NIFTY 50,25062.099609375
2025-07-25,NIFTY 50,24837.0
2025-07-28,NIFTY 50,24680.900390625
2025-07-29,NIFTY 50,24821.099609375
2025-07-30,NIFTY 50,24855.05078125
2025-07-31,NIFTY 50,24768.349609375
2025-08-01,NIFTY 50,24565.349609375
2025-08-04,NIFTY 50,24722.75
2025-08-05,NIFTY 50,24649.55078125
2025-08-06,NIFTY 50,24574.19921875
2025-08-07,NIFTY 50,24596.150390625
2025-08-08,NIFTY 50,24363.30078125
2025-08-11,NIFTY 50,24585.05078125
2025-08-12,NIFTY 50,24487.400390625
2025-08-13,NIFTY 50,24619.349609375
2025-08-14,NIFTY 50,24631.30078125
2025-08-18,NIFTY 50,24876.94921875
2025-08-19,NIFTY 50,24980.650390625
2025-08-20,NIFTY 50,25050.55078125
2025-08-21,NIFTY 50,25083.75
2025-08-22,NIFTY 50,24870.099609375
2025-08-25,NIFTY 50,24967.75
2025-08-26,NIFTY 50,24712.05078125
2025-08-28,NIFTY 50,24500.900390625
2025-08-29,NIFTY 50,24426.849609375
2025-09-01,NIFTY 50,24625.05078125
2025-09-02,NIFTY 50,24579.599609375
2025-09-03,NIFTY 50,24715.05078125
2025-09-04,NIFTY 50,24734.30078125
2025-09-05,NIFTY 50,24741.0
2025-09-08,NIFTY 50,24773.150390625
2025-09-09,NIFTY 50,24868.599609375
2025-09-10,NIFTY 50,24973.099609375
2025-09-11,NIFTY 50,25005.5
2025-09-12,NIFTY 50,25114.0
2025-09-15,NIFTY 50,25069.19921875
2025-09-16,NIFTY 50,25239.099609375
2025-09-17,NIFTY 50,25330.25
2025-09-18,NIFTY 50,25423.599609375
2025-09-19,NIFTY 50,25327.05078125
2025-09-22,NIFTY 50,25202.349609375
2025-09-23,NIFTY 50,25169.5
2025-09-24,NIFTY 50,25056.900390625
2025-09-25,NIFTY 50,24890.849609375
2025-09-26,NIFTY 50,24654.69921875
2025-09-29,NIFTY 50,24634.900390625
2025-09-30,NIFTY 50,24611.099609375
2025-10-01,NIFTY 50,24836.30078125
2025-10-03,NIFTY 50,24894.25
2025-10-06,NIFTY 50,25077.650390625
2025-10-07,NIFTY 50,25108.30078125
2025-10-08,NIFTY 50,25046.150390625
2025-10-09,NIFTY 50,25181.80078125
2025-10-10,NIFTY 50,25285.349609375
2025-10-13,NIFTY 50,25227.349609375
2025-10-14,NIFTY 50,25145.5
2025-10-15,NIFTY 50,25323.55078125
2025-10-16,NIFTY 50,25585.30078125
2025-10-17,NIFTY 50,25709.849609375
2025-10-20,NIFTY 50,25843.150390625
2025-10-21,NIFTY 50,25868.599609375
2025-10-23,NIFTY 50,25891.400390625
2025-10-24,NIFTY 50,25795.150390625
2025-10-27,NIFTY 50,25966.05078125
2025-10-28,NIFTY 50,25936.19921875
2025-10-29,NIFTY 50,26053.900390625
2025-10-30,NIFTY 50,25877.849609375
2025-10-31,NIFTY 50,25722.099609375
2025-11-03,NIFTY 50,25763.349609375
2025-11-04,NIFTY 50,25597.650390625
2025-11-06,NIFTY 50,25509.69921875
2025-11-07,NIFTY 50,25492.30078125
2025-11-10,NIFTY 50,25574.349609375
2025-11-11,NIFTY 50,25694.94921875
2025-11-12,NIFTY 50,25875.80078125
2025-11-13,NIFTY 50,25879.150390625
2025-11-14,NIFTY 50,25910.05078125
2025-11-17,NIFTY 50,26013.44921875
2025-11-18,NIFTY 50,25910.05078125
2025-11-19,NIFTY 50,26052.650390625
2025-11-20,NIFTY 50,26192.150390625
2025-11-21,NIFTY 50,26068.150390625
2025-11-24,NIFTY 50,25959.5
2025-11-25,NIFTY 50,25884.80078125
2025-11-26,NIFTY 50,26205.30078125
2025-11-27,NIFTY 50,26215.55078125
2025-11-28,NIFTY 50,26202.94921875
2025-12-01,NIFTY 50,26175.75
2025-12-02,NIFTY 50,26032.19921875
2025-12-03,NIFTY 50,25986.0
2025-12-04,NIFTY 50,26033.75
2025-12-05,NIFTY 50,26186.44921875
2025-12-08,NIFTY 50,25960.55078125
2025-12-09,NIFTY 50,25839.650390625
2025-12-10,NIFTY 50,25758.0
2025-12-11,NIFTY 50,25898.55078125
2025-12-12,NIFTY 50,26046.94921875
2025-12-15,NIFTY 50,26027.30078125
2025-12-16,NIFTY 50,25860.099609375
2025-12-17,NIFTY 50,25818.55078125
2025-12-18,NIFTY 50,25815.55078125
2025-12-19,NIFTY 50,25966.400390625
2025-12-22,NIFTY 50,26172.400390625
2025-12-23,NIFTY 50,26177.150390625
2025-12-24,NIFTY 50,26142.099609375
2025-12-26,NIFTY 50,26042.30078125
2025-12-29,NIFTY 50,25942.099609375
2025-12-30,NIFTY 50,25938.849609375
2025-12-31,NIFTY 50,26129.599609375
2026-01-01,NIFTY 50,26146.55078125
2026-01-02,NIFTY 50,26328.55078125
2026-01-05,NIFTY 50,26250.30078125
2026-01-06,NIFTY 50,26178.69921875
2026-01-07,NIFTY 50,26140.75
2026-01-08,NIFTY 50,25876.849609375
2026-01-09,NIFTY 50,25683.30078125
2026-01-12,NIFTY 50,25790.25
2026-01-13,NIFTY 50,25732.30078125
2026-01-14,NIFTY 50,25665.599609375
2026-01-15,NIFTY 50,25665.599609375
2026-01-16,NIFTY 50,25694.349609375
2026-01-19,NIFTY 50,25585.5
2026-01-20,NIFTY 50,25232.5
2026-01-21,NIFTY 50,25157.5
2026-01-22,NIFTY 50,25289.900390625
2026-01-23,NIFTY 50,25048.650390625
2026-01-27,NIFTY 50,25175.400390625
2026-01-28,NIFTY 50,25342.75
2026-01-29,NIFTY 50,25418.900390625
2026-01-30,NIFTY 50,25320.650390625
2026-02-02,NIFTY 50,25088.400390625
2026-02-03,NIFTY 50,25727.55078125
2026-02-04,NIFTY 50,25776.0
2026-02-05,NIFTY 50,25642.80078125
2026-02-06,NIFTY 50,25693.69921875
2026-02-09,NIFTY 50,25867.30078125
2026-02-10,NIFTY 50,25935.150390625
2026-02-11,NIFTY 50,25953.849609375
2026-02-12,NIFTY 50,25807.19921875
2026-02-13,NIFTY 50,25471.099609375
2026-02-16,NIFTY 50,25682.75
2026-02-17,NIFTY 50,25725.400390625
2026-02-18,NIFTY 50,25819.349609375
2026-02-19,NIFTY 50,25454.349609375
2026-02-20,NIFTY 50,25571.25
2026-02-23,NIFTY 50,25713.0
2026-02-24,NIFTY 50,25424.650390625
2026-02-25,NIFTY 50,25482.5
2026-02-26,NIFTY 50,25496.55078125
2026-02-27,NIFTY 50,25178.650390625
2026-03-02,NIFTY 50,24865.69921875
2026-03-04,NIFTY 50,24480.5
2026-03-05,NIFTY 50,24765.900390625
2026-03-06,NIFTY 50,24450.44921875
2026-03-09,NIFTY 50,24028.05078125
2026-03-10,NIFTY 50,24261.599609375
2026-03-11,NIFTY 50,23866.849609375
2026-03-12,NIFTY 50,23639.150390625
2026-03-13,NIFTY 50,23151.099609375
2026-03-16,NIFTY 50,23408.80078125
2026-03-17,NIFTY 50,23581.150390625
2026-03-18,NIFTY 50,23777.80078125
2026-03-19,NIFTY 50,23002.150390625
2026-03-20,NIFTY 50,23114.5
2026-03-23,NIFTY 50,22512.650390625
2026-03-24,NIFTY 50,22912.400390625
2026-03-25,NIFTY 50,23306.44921875
2026-03-27,NIFTY 50,22819.599609375
2026-03-30,NIFTY 50,22331.400390625
2026-04-01,NIFTY 50,22679.400390625
2026-04-02,NIFTY 50,22713.099609375
2026-04-06,NIFTY 50,22968.25
2026-04-07,NIFTY 50,23123.650390625
2026-04-08,NIFTY 50,23997.349609375
2026-04-09,NIFTY 50,23775.099609375
2026-04-10,NIFTY 50,24050.599609375
2026-04-13,NIFTY 50,23842.650390625
2026-04-15,NIFTY 50,24231.30078125
2026-04-16,NIFTY 50,24196.75
2026-04-17,NIFTY 50,24353.55078125
2026-04-20,NIFTY 50,24364.849609375
2026-04-21,NIFTY 50,24576.599609375
2026-04-22,NIFTY 50,24378.099609375
2026-04-23,NIFTY 50,24173.05078125
2026-04-24,NIFTY 50,23897.94921875
2026-04-27,NIFTY 50,24092.69921875
2026-04-28,NIFTY 50,23995.69921875
2026-04-29,NIFTY 50,24177.650390625
2026-04-30,NIFTY 50,23997.55078125
2026-05-01,NIFTY 50,23997.55078125
2026-05-04,NIFTY 50,24119.30078125
2026-05-05,NIFTY 50,24032.80078125
2026-05-06,NIFTY 50,24330.94921875
2026-05-07,NIFTY 50,24326.650390625
2026-05-08,NIFTY 50,24176.150390625
2026-05-11,NIFTY 50,23815.849609375
2026-05-12,NIFTY 50,23379.55078125
2026-05-13,NIFTY 50,23412.599609375
2026-05-14,NIFTY 50,23689.599609375
2026-05-15,NIFTY 50,23643.5
2026-05-18,NIFTY 50,23649.94921875
2026-05-19,NIFTY 50,23618.0
2026-05-20,NIFTY 50,23659.0
2026-05-21,NIFTY 50,23654.69921875
2026-05-22,NIFTY 50,23719.30078125
2026-05-25,NIFTY 50,24031.69921875
2026-05-26,NIFTY 50,23913.69921875
2026-05-27,NIFTY 50,23907.150390625
2026-05-28,NIFTY 50,23907.150390625
2026-05-29,NIFTY 50,23547.75
2026-06-01,NIFTY 50,23382.599609375
2026-06-02,NIFTY 50,23483.55078125
2026-06-03,NIFTY 50,23405.599609375
2026-06-04,NIFTY 50,23416.55078125
2026-06-05,NIFTY 50,23366.69921875
2026-06-08,NIFTY 50,23123.0
2026-06-09,NIFTY 50,23242.099609375
2026-06-10,NIFTY 50,23214.94921875
2026-06-11,NIFTY 50,23161.599609375
2026-06-12,NIFTY 50,23622.900390625
2026-06-15,NIFTY 50,23853.900390625
2026-06-16,NIFTY 50,23989.150390625
2026-06-17,NIFTY 50,24085.69921875
2026-06-18,NIFTY 50,24168.0
2026-06-19,NIFTY 50,24013.099609375
2026-06-22,NIFTY 50,24102.900390625
2026-06-23,NIFTY 50,23824.099609375
2026-06-24,NIFTY 50,24021.650390625
2026-06-25,NIFTY 50,24056.0
2026-06-26,NIFTY 50,24056.0
2026-06-29,NIFTY 50,23946.25
2026-06-30,NIFTY 50,23865.75
2026-07-01,NIFTY 50,24005.849609375
2026-07-02,NIFTY 50,24175.69921875
2026-07-03,NIFTY 50,24270.849609375
2026-07-06,NIFTY 50,24430.349609375
2026-07-07,NIFTY 50,24398.69921875
2026-07-08,NIFTY 50,23882.05078125
2026-07-09,NIFTY 50,23962.80078125
2026-07-10,NIFTY 50,24206.900390625
2026-07-13,NIFTY 50,24211.0
2026-07-14,NIFTY 50,24052.05078125
2026-07-15,NIFTY 50,24078.5
2026-07-16,NIFTY 50,24072.75
2026-07-17,NIFTY 50,24334.30078125
2026-07-20,NIFTY 50,24238.5
2026-07-21,NIFTY 50,24187.69921875
2026-07-22,NIFTY 50,23996.25
2026-07-23,NIFTY 50,23869.599609375
2026-07-24,NIFTY 50,23767.44921875
2026-07-27,NIFTY 50,23995.94921875
2026-07-28,NIFTY 50,23985.349609375
2026-07-29,NIFTY 50,24250.19921875
2026-07-30,NIFTY 50,24317.150390625
2026-07-31,NIFTY 50,24383.599609375
2026-08-03,NIFTY 50,24774.30078125
2026-08-04,NIFTY 50,24614.900390625
2026-08-05,NIFTY 50,24624.650390625
