Simulation,Terminal Portfolio Value,Profit or Loss
1,1030975.7101135321,30975.710113532143
2,993501.9105999365,-6498.089400063502
3,1077589.7184280006,77589.71842800057
4,1087529.5691099027,87529.56910990272
5,1012899.6506566161,12899.650656616082
6,985417.859666738,-14582.14033326204
7,970588.3633367012,-29411.63666329882
8,970464.2257630669,-29535.774236933095
9,973603.5799951807,-26396.420004819287
10,1023313.5147568987,23313.514756898745
11,1074064.1601191233,74064.16011912329
12,1062655.9831296862,62655.98312968621
13,1275475.9680191188,275475.96801911877
14,995737.0316509361,-4262.968349063885
15,992819.7957211294,-7180.204278870602
16,1125278.4634089887,125278.46340898867
17,979229.5362412712,-20770.463758728816
18,1079930.0907547886,79930.0907547886
19,1021455.7177740402,21455.717774040182
20,1168507.4945829904,168507.49458299042
21,956154.1441745346,-43845.855825465405
22,968054.5842796358,-31945.415720364195
23,1114458.5896474326,114458.58964743256
24,942554.2720445358,-57445.72795546416
25,988767.7027171978,-11232.297282802174
26,1240216.296598759,240216.296598759
27,1024313.1482393093,24313.148239309317
28,989507.5670094417,-10492.432990558329
29,962465.1130521302,-37534.88694786979
30,942589.6492416384,-57410.35075836163
31,942794.9943679326,-57205.00563206745
32,1037784.8899476647,37784.88994766469
33,1101762.682922962,101762.68292296189
34,1037993.9217318866,37993.92173188657
35,979584.598843391,-20415.401156608947
36,906488.0129864855,-93511.9870135145
37,1056128.1156109679,56128.115610967856
38,962596.7381653211,-37403.26183467894
39,959386.387574714,-40613.61242528597
40,1058793.3646535526,58793.36465355265
41,1034916.8202701882,34916.82027018815
42,1005113.0000788808,5113.00007888081
43,820128.2908320769,-179871.70916792308
44,1042960.2379227589,42960.23792275891
45,1038703.1222353687,38703.122235368704
46,924490.0274901879,-75509.9725098121
47,1050850.6512587673,50850.65125876735
48,951987.2323782102,-48012.767621789826
49,1031947.5694843625,31947.569484362495
50,1081643.5960214222,81643.59602142219
51,1032208.1544746719,32208.15447467193
52,1134024.1057455812,134024.1057455812
53,1085738.0389844426,85738.0389844426
54,1102256.5927043967,102256.5927043967
55,1116798.5036928323,116798.50369283231
56,1049615.106287571,49615.1062875709
57,1014690.7646688153,14690.764668815304
58,1025459.8018045084,25459.80180450843
59,1150648.2555175903,150648.25551759033
60,835849.373355678,-164150.62664432195
61,933027.2772130688,-66972.7227869312
62,1093432.0663426323,93432.06634263229
63,1064213.0287068365,64213.028706836514
64,948742.0309443154,-51257.96905568463
65,1050879.7846287473,50879.784628747264
66,979802.4727476008,-20197.527252399246
67,1022497.3671862581,22497.36718625808
68,1174722.2065580366,174722.20655803662
69,1066831.9152290013,66831.91522900132
70,1049150.4953804668,49150.495380466804
71,982691.4529818855,-17308.547018114477
72,1124290.039638987,124290.03963898704
73,1120071.6543794055,120071.65437940555
74,976010.8387755686,-23989.16122443136
75,1122877.5720312968,122877.57203129679
76,1047758.9850809725,47758.98508097255
77,941293.0801972133,-58706.919802786666
78,1044519.3036586525,44519.30365865247
79,1039855.2290181855,39855.22901818552
80,993174.0299708047,-6825.970029195305
81,929718.1485137072,-70281.85148629278
82,1066816.6275051208,66816.62750512082
83,1107801.22748365,107801.22748364997
84,981177.31261948,-18822.687380520045
85,1003891.3517559993,3891.3517559992615
86,1085985.502852167,85985.502852167
87,1103117.5205307868,103117.52053078683
88,1054238.7138623234,54238.713862323435
89,1115430.3181643514,115430.3181643514
90,1033251.9836997911,33251.98369979113
91,1073722.495403664,73722.49540366395
92,996667.4856107713,-3332.514389228658
93,992199.8419579099,-7800.15804209013
94,986083.4032780809,-13916.596721919137
95,982796.569852746,-17203.430147254025
96,953726.0930656551,-46273.90693434491
97,924307.1874897626,-75692.81251023745
98,990424.1440550004,-9575.85594499961
99,1049963.1653245026,49963.165324502625
100,956256.7166783101,-43743.28332168993
101,1078055.811771147,78055.81177114695
102,1068732.3044733482,68732.3044733482
103,883450.3331605118,-116549.6668394882
104,988653.1588454852,-11346.841154514812
105,989991.7354915324,-10008.264508467633
106,1014520.4356970097,14520.43569700967
107,1100800.5652240778,100800.56522407779
108,1125876.6469795953,125876.6469795953
109,957757.5696353721,-42242.43036462786
110,951733.4914157316,-48266.50858426839
111,1010883.0172745276,10883.017274527578
112,1039240.5719265505,39240.571926550474
113,953968.8256074879,-46031.17439251207
114,1060303.717891029,60303.71789102908
115,997361.6421298435,-2638.3578701565275
116,1033674.4645401461,33674.46454014606
117,1024917.1686423866,24917.16864238656
118,979026.1699881691,-20973.830011830898
119,1008475.8998265734,8475.89982657344
120,968740.3047869415,-31259.695213058498
121,880665.6974223189,-119334.30257768114
122,1046218.6083240204,46218.6083240204
123,1043977.462580862,43977.46258086199
124,980000.4400127399,-19999.559987260145
125,944427.5191242561,-55572.4808757439
126,925102.476118288,-74897.523881712
127,1002558.5725761523,2558.572576152277
128,1026507.4990082185,26507.499008218525
129,1039214.3295463305,39214.3295463305
130,1061962.0948632348,61962.094863234786
131,942837.337166914,-57162.66283308598
132,920274.0709930307,-79725.92900696932
133,1041317.036526177,41317.03652617696
134,883309.1840079344,-116690.81599206559
135,988546.0202256442,-11453.979774355772
136,1003869.4870503974,3869.487050397438
137,1172658.1648329447,172658.16483294475
138,1207569.7913744652,207569.79137446522
139,1008496.9588889285,8496.958888928522
140,1008514.0944163649,8514.094416364911
141,985760.369545431,-14239.630454569007
142,944022.6557399643,-55977.344260035665
143,1004338.8109252193,4338.810925219324
144,1050857.8402943206,50857.8402943206
145,918040.4327135212,-81959.56728647882
146,990196.1978672766,-9803.802132723387
147,925997.1939374389,-74002.80606256111
148,1056089.3508715292,56089.3508715292
149,1069804.198869024,69804.19886902394
150,1122248.2243773171,122248.22437731712
151,968300.7954168024,-31699.2045831976
152,1017313.1851391142,17313.185139114154
153,997963.7702535938,-2036.2297464061994
154,967200.5022043481,-32799.4977956519
155,973933.6498552569,-26066.350144743104
156,977174.9944928642,-22825.005507135764
157,907787.3842492191,-92212.61575078091
158,1002470.726092891,2470.7260928909527
159,970852.7986840104,-29147.2013159896
160,923537.4629125333,-76462.53708746668
161,1069845.5059232349,69845.50592323486
162,1034963.6744150136,34963.67441501364
163,999441.0564689604,-558.9435310396366
164,1032351.9797412029,32351.9797412029
165,865767.9808482092,-134232.01915179077
166,1003898.5783783098,3898.578378309845
167,1014583.7696182369,14583.769618236925
168,1090621.6793252146,90621.67932521459
169,974324.36751436,-25675.632485640002
170,974737.3654340412,-25262.634565958753
171,1034915.8875862315,34915.88758623146
172,922130.9811617413,-77869.0188382587
173,1115867.321761996,115867.32176199602
174,1072204.6418943743,72204.64189437428
175,952644.8035109824,-47355.19648901757
176,988679.3630815516,-11320.636918448377
177,1017186.0572472058,17186.057247205754
178,1059542.3166936743,59542.31669367431
179,985695.4821238634,-14304.517876136582
180,890897.6444520392,-109102.35554796085
181,945902.3494077225,-54097.650592277525
182,1002174.3663429426,2174.3663429425796
183,1079261.7535907582,79261.75359075819
184,998412.1383700683,-1587.8616299317218
185,960061.7515090205,-39938.248490979546
186,1081640.3369766609,81640.33697666088
187,1121794.0701085296,121794.07010852965
188,1116997.378282821,116997.37828282104
189,1123675.909189362,123675.90918936208
190,956060.0753128541,-43939.92468714586
191,984169.788810775,-15830.211189224967
192,1202230.5596047759,202230.55960477586
193,1058005.4798216836,58005.479821683606
194,978742.5013819422,-21257.498618057813
195,943128.7454729266,-56871.25452707335
196,1059330.08057688,59330.080576879904
197,981073.0878992765,-18926.91210072348
198,1114755.5122720434,114755.51227204339
199,1018500.6586783336,18500.658678333624
200,1092546.2959909448,92546.29599094484
201,930087.134248074,-69912.86575192597
202,1096221.6182717788,96221.6182717788
203,854379.3683277104,-145620.63167228957
204,1089406.5302911107,89406.53029111074
205,1160774.6065440665,160774.60654406645
206,891123.4731177246,-108876.52688227536
207,981657.7001460809,-18342.299853919074
208,1089444.287379495,89444.2873794951
209,979971.1648684602,-20028.835131539847
210,986480.8118951813,-13519.188104818691
211,1096749.2763202675,96749.27632026747
212,1043048.2270043875,43048.22700438753
213,1033959.4395879487,33959.43958794873
214,1094064.251570581,94064.251570581
215,1127077.8849039942,127077.88490399416
216,950157.0433774701,-49842.95662252989
217,904917.315692366,-95082.68430763402
218,1089380.8283301224,89380.8283301224
219,987623.0338479908,-12376.966152009205
220,1092513.9552969628,92513.95529696275
221,917276.8058284735,-82723.19417152647
222,949076.6708730554,-50923.32912694465
223,902902.5994878929,-97097.40051210707
224,1046932.772184354,46932.77218435402
225,908484.3529860285,-91515.64701397147
226,981612.0863157219,-18387.913684278145
227,1002128.2840141461,2128.2840141460765
228,1060601.4893544787,60601.48935447866
229,1012093.9961668387,12093.996166838682
230,1019362.4422994268,19362.442299426766
231,1104477.7770470525,104477.77704705251
232,1064958.0574502468,64958.057450246764
233,1137733.786869731,137733.78686973103
234,1115800.938674503,115800.938674503
235,1016139.7315695479,16139.731569547905
236,997752.7056904564,-2247.294309543562
237,970049.7433500363,-29950.256649963674
238,974150.4575528362,-25849.54244716384
239,944469.7780639107,-55530.221936089336
240,1003496.4976673439,3496.497667343938
241,1020633.3239622028,20633.32396220276
242,971999.6095859847,-28000.390414015274
243,945363.8593597464,-54636.14064025355
244,1006186.2788746629,6186.278874662938
245,980215.3718217211,-19784.628178278916
246,997205.2844537016,-2794.715546298423
247,1157644.6459921536,157644.64599215356
248,994999.1520526661,-5000.847947333939
249,1038971.5669477135,38971.566947713494
250,948631.5670139607,-51368.43298603932
251,967375.7885685188,-32624.211431481177
252,1076028.5769106653,76028.57691066526
253,1010805.7436269446,10805.743626944604
254,1043390.0935141911,43390.0935141911
255,1036139.994262099,36139.99426209903
256,1038950.2155995924,38950.215599592426
257,1043852.1850961288,43852.185096128844
258,1025394.6412230693,25394.64122306928
259,1082995.6794732555,82995.67947325553
260,1040260.4138509182,40260.41385091818
261,1080777.0234710544,80777.02347105439
262,980836.8590224676,-19163.14097753237
263,1016719.2656597557,16719.265659755678
264,1011175.6346221861,11175.634622186073
265,1052271.4292066346,52271.42920663464
266,1023448.9773039381,23448.977303938125
267,1087400.99237056,87400.99237056007
268,1014279.3994154029,14279.399415402906
269,930994.758397204,-69005.24160279601
270,901214.4419919805,-98785.55800801946
271,1050580.8341283374,50580.83412833745
272,920531.9775440809,-79468.02245591907
273,915616.0581882782,-84383.94181172177
274,1019681.3027654968,19681.302765496774
275,1010158.3103608063,10158.310360806296
276,1032944.6825769903,32944.68257699034
277,1202519.8366787015,202519.83667870145
278,1074964.4963393165,74964.49633931648
279,1059035.3986301098,59035.39863010985
280,1161802.703230154,161802.703230154
281,1053232.493541362,53232.493541362
282,1025064.2889744904,25064.288974490366
283,1042897.6969370589,42897.696937058936
284,1040289.846717549,40289.84671754902
285,969231.7142564462,-30768.285743553774
286,931974.4611636699,-68025.53883633006
287,1000680.6090412395,680.6090412394842
288,1101012.380975156,101012.38097515609
289,1117084.556369182,117084.55636918196
290,996207.4198674805,-3792.580132519477
291,1005185.9266986544,5185.926698654424
292,1014830.207989135,14830.207989134942
293,1092665.613141817,92665.61314181704
294,921952.2259772203,-78047.77402277966
295,1020997.7888593858,20997.788859385764
296,1014275.2124812257,14275.212481225724
297,883818.3485737769,-116181.6514262231
298,1098645.320430891,98645.32043089089
299,1044609.880642567,44609.880642566946
300,962165.0175760263,-37834.982423973735
301,1030498.2218273772,30498.221827377216
302,1046308.3632495735,46308.36324957351
303,981969.8824054396,-18030.117594560375
304,1003948.6126906559,3948.612690655864
305,1242599.7179285164,242599.71792851645
306,1185217.232116902,185217.232116902
307,1082801.7828143279,82801.78281432786
308,1037475.2929170564,37475.29291705636
309,1019297.0868304117,19297.08683041169
310,1111651.1986797492,111651.19867974916
311,1063702.9415556826,63702.94155568257
312,857050.4974628042,-142949.5025371958
313,1028311.3627370992,28311.362737099174
314,1006421.3151885994,6421.315188599401
315,998178.4268411439,-1821.573158856132
316,992312.13281331,-7687.867186689982
317,1053629.946969051,53629.946969050914
318,1000746.9652291428,746.9652291428065
319,1060737.1435026005,60737.14350260049
320,953573.1281726434,-46426.871827356634
321,922124.2928787845,-77875.70712121553
322,1069916.2513535682,69916.25135356816
323,963374.0451364003,-36625.954863599734
324,982404.9977356322,-17595.002264367766
325,1080102.3114183575,80102.31141835754
326,1015642.9269818324,15642.926981832366
327,1213406.180289069,213406.18028906896
328,1104285.5596653428,104285.5596653428
329,1051332.4114163127,51332.41141631268
330,1108831.8243139256,108831.82431392558
331,1020976.7458578456,20976.745857845643
332,990935.5616836667,-9064.43831633334
333,939416.9675861135,-60583.03241388651
334,967753.6983033959,-32246.301696604118
335,1045355.4346056861,45355.43460568611
336,960519.8322558954,-39480.167744104634
337,971502.169948898,-28497.830051101977
338,983710.4356152083,-16289.56438479165
339,1052111.0517147162,52111.051714716246
340,976862.037860509,-23137.962139490992
341,1091818.7205761592,91818.72057615919
342,948660.5232937399,-51339.47670626012
343,1044149.5320521046,44149.532052104594
344,964817.9645145901,-35182.0354854099
345,1045404.7437947793,45404.74379477929
346,1085452.9043015244,85452.9043015244
347,959931.4032206514,-40068.59677934856
348,1032850.2517183886,32850.25171838864
349,965369.3315400492,-34630.66845995083
350,1081255.9201323262,81255.9201323262
351,927497.1777691446,-72502.82223085535
352,991256.9503845912,-8743.04961540876
353,1002042.5028052502,2042.5028052502312
354,1106381.2899059523,106381.28990595229
355,1059021.4092205872,59021.40922058723
356,1083910.8181682338,83910.81816823385
357,1199231.6902969729,199231.69029697287
358,1020324.5829863175,20324.58298631746
359,1019786.9360979872,19786.93609798723
360,990500.3503930743,-9499.649606925668
361,1086845.3582964318,86845.35829643183
362,1049640.9854399937,49640.985439993674
363,1062262.5329447347,62262.532944734674
364,982314.0975946743,-17685.902405325673
365,1122932.3522022665,122932.35220226645
366,1040351.8058514361,40351.805851436104
367,1069251.7879932292,69251.78799322923
368,1077757.0753375532,77757.07533755316
369,1071045.509700874,71045.5097008741
370,952980.731382854,-47019.26861714595
371,912512.5787608301,-87487.4212391699
372,1107689.6954083876,107689.69540838758
373,1091790.020801339,91790.02080133907
374,1096849.5769839569,96849.57698395685
375,1059350.142673851,59350.14267385099
376,1085920.53953184,85920.53953184001
377,1140762.6562932285,140762.6562932285
378,857702.4208947292,-142297.5791052708
379,954612.1485344539,-45387.85146554606
380,985403.3754270556,-14596.624572944362
381,1023707.5240386071,23707.52403860714
382,1024625.8867666312,24625.886766631156
383,991616.9647481882,-8383.035251811845
384,1151659.049687753,151659.04968775297
385,1018445.9233213654,18445.92332136538
386,927632.766238828,-72367.23376117204
387,1046473.2907537337,46473.290753733716
388,1026983.6182600291,26983.61826002912
389,965379.9871362197,-34620.012863780255
390,952794.8599875531,-47205.14001244691
391,1096973.5310957895,96973.53109578951
392,944496.6653110154,-55503.334688984556
393,1040483.5129519246,40483.51295192458
394,992106.4013383904,-7893.598661609576
395,943847.6013136571,-56152.39868634287
396,972520.9593322349,-27479.040667765075
397,992559.7205961341,-7440.279403865919
398,1030502.5522816045,30502.552281604498
399,968224.4854631153,-31775.51453688473
400,1062767.4932724058,62767.493272405816
401,1019716.5715836922,19716.571583692217
402,1111530.7532072947,111530.75320729474
403,1130698.2106960102,130698.21069601015
404,934133.8289113436,-65866.17108865641
405,942027.8612800371,-57972.13871996291
406,1009931.2220631136,9931.222063113586
407,1054207.7934673352,54207.79346733517
408,1065281.0229331374,65281.02293313737
409,1091416.8836011975,91416.8836011975
410,1017493.5672440752,17493.56724407524
411,1081978.1402029057,81978.14020290575
412,945803.7008835957,-54196.29911640426
413,911151.6026471261,-88848.39735287393
414,930549.0112834537,-69450.98871654633
415,1066107.474080126,66107.47408012603
416,1094946.863646463,94946.86364646303
417,954343.0061636809,-45656.993836319074
418,1035458.8221237839,35458.82212378387
419,965467.0476015494,-34532.95239845058
420,1006186.1576400108,6186.157640010817
421,1034710.2214964177,34710.22149641765
422,929930.0069017797,-70069.99309822032
423,998450.7128028501,-1549.2871971499408
424,1016844.0874462272,16844.087446227204
425,978413.3024979944,-21586.697502005612
426,962946.1680464266,-37053.83195357339
427,1081752.335444538,81752.33544453792
428,939578.8807006497,-60421.11929935031
429,955511.2059123014,-44488.79408769857
430,949299.7147113911,-50700.285288608866
431,980194.4863342562,-19805.513665743754
432,1041171.8044302966,41171.804430296645
433,1105930.412822564,105930.4128225639
434,1051137.433214118,51137.433214118006
435,1109831.8760760534,109831.87607605336
436,954337.0864026301,-45662.913597369916
437,1010002.0372172563,10002.037217256264
438,974691.3939022312,-25308.60609776876
439,981785.3155834471,-18214.68441655289
440,1049080.3558783024,49080.35587830236
441,1029471.3794538763,29471.37945387629
442,991198.1499954521,-8801.850004547858
443,1006906.8858720203,6906.88587202027
444,1037420.3745619836,37420.374561983626
445,938097.1814892635,-61902.818510736455
446,982432.7849758449,-17567.2150241551
447,1059549.8225641963,59549.82256419631
448,1049789.5525571888,49789.552557188785
449,942532.3069598711,-57467.693040128914
450,1063862.103524014,63862.10352401389
451,1036952.2139346041,36952.21393460408
452,895353.2774012212,-104646.72259877878
453,946049.4988649805,-53950.50113501947
454,933447.8619714756,-66552.13802852435
455,1121309.5233420976,121309.52334209764
456,1066271.5457904788,66271.54579047882
457,1099367.2028898012,99367.20288980124
458,1138777.2748674618,138777.27486746176
459,1124996.271071105,124996.27107110503
460,975614.398257282,-24385.60174271802
461,1112359.9737115598,112359.97371155978
462,1066734.9132585656,66734.91325856559
463,992789.4749053082,-7210.52509469178
464,1028596.6310768422,28596.631076842197
465,1058286.2959963235,58286.29599632346
466,1037159.0702947202,37159.07029472024
467,949368.1175767632,-50631.88242323685
468,1061024.4663310628,61024.46633106284
469,1055234.567429502,55234.56742950203
470,1005180.1805684455,5180.180568445474
471,943162.106847832,-56837.89315216802
472,1091742.513705081,91742.51370508107
473,1078160.8674312355,78160.8674312355
474,935803.5710752509,-64196.42892474914
475,878415.7210193969,-121584.27898060309
476,1196086.7690838994,196086.76908389945
477,984211.355799562,-15788.644200438051
478,1022870.3129830636,22870.31298306363
479,1011740.4960261188,11740.496026118752
480,959725.3074351344,-40274.692564865574
481,1123277.8831206618,123277.88312066183
482,1022188.5192263667,22188.519226366654
483,904777.2597049336,-95222.74029506638
484,1087513.9707776369,87513.97077763686
485,1014288.8957534914,14288.895753491437
486,1078685.0703694664,78685.07036946644
487,1100521.469469301,100521.46946930094
488,1110359.7086327316,110359.70863273158
489,996821.4508668137,-3178.549133186345
490,1075294.7840875254,75294.78408752545
491,1074428.5323377335,74428.53233773354
492,916295.5248085189,-83704.47519148106
493,936784.4004948535,-63215.5995051465
494,1043537.5195866261,43537.51958662609
495,1018233.3434795856,18233.3434795856
496,1041524.1657707606,41524.16577076062
497,1100978.515664032,100978.51566403196
498,937339.1177779493,-62660.882222050685
499,1009083.0025065247,9083.002506524674
500,945845.9648602838,-54154.03513971623
501,1065171.3394545107,65171.339454510715
502,1056966.4596838478,56966.45968384785
503,988582.0197056358,-11417.980294364155
504,1014921.6826213956,14921.682621395565
505,1091157.597970037,91157.59797003702
506,1023847.214894929,23847.21489492897
507,915191.2093507805,-84808.79064921953
508,1094924.1363327254,94924.13633272541
509,956173.0994150501,-43826.90058494988
510,1017161.5994311218,17161.59943112184
511,1056830.684387177,56830.684387176996
512,1105432.7476871465,105432.74768714653
513,1107570.344307132,107570.34430713207
514,1013926.776531882,13926.776531882002
515,934334.4949410001,-65665.50505899987
516,1003087.4163605499,3087.4163605498616
517,965033.7210917474,-34966.2789082526
518,1075322.2416953614,75322.24169536144
519,1055327.372689448,55327.372689448064
520,1083863.5836862475,83863.58368624747
521,1018525.3658583881,18525.365858388133
522,1080982.9746456766,80982.97464567656
523,1083598.3197080486,83598.3197080486
524,997416.2133271586,-2583.7866728414083
525,1077150.5555053006,77150.55550530064
526,1004745.4972405507,4745.4972405507
527,1017969.5584089836,17969.558408983634
528,1059660.269618555,59660.26961855497
529,1010439.8328902156,10439.832890215563
530,978147.0246838123,-21852.975316187716
531,965160.9756634285,-34839.024336571456
532,946767.0940119259,-53232.90598807414
533,952038.280868962,-47961.71913103794
534,1021725.3470468519,21725.34704685188
535,1084861.6506272706,84861.65062727057
536,1033652.0523094961,33652.052309496095
537,909573.9394310887,-90426.06056891126
538,1089894.0025125786,89894.00251257862
539,905541.7570897436,-94458.24291025638
540,1059928.8797637643,59928.87976376433
541,924248.8357762008,-75751.16422379925
542,1084319.2661133658,84319.26611336577
543,997565.9186484603,-2434.081351539702
544,970180.6993034971,-29819.300696502905
545,922465.8987774362,-77534.10122256377
546,961715.2388096061,-38284.76119039394
547,1071942.7090444984,71942.70904449839
548,1005310.4299264646,5310.429926464567
549,961900.8078791017,-38099.19212089828
550,1059655.5431857721,59655.54318577214
551,1061605.0085821988,61605.00858219876
552,930511.4487282675,-69488.55127173255
553,1159238.7343689085,159238.73436890845
554,892787.6263563255,-107212.37364367454
555,845323.0455048507,-154676.95449514932
556,970975.0114331751,-29024.988566824934
557,1001215.1802979799,1215.1802979798522
558,979559.289876426,-20440.710123574012
559,968672.2127949146,-31327.78720508539
560,1012388.7851845736,12388.785184573615
561,1039473.3854576086,39473.385457608616
562,1039046.1954516479,39046.19545164786
563,1003596.8698741983,3596.869874198339
564,896463.1560047793,-103536.84399522073
565,1005264.4469984387,5264.4469984386815
566,1219555.3185990187,219555.31859901873
567,984062.755491022,-15937.24450897798
568,995840.3427317424,-4159.657268257579
569,924530.3543633252,-75469.64563667483
570,885185.3736555383,-114814.62634446169
571,1035464.7483940051,35464.74839400512
572,1015334.4176138934,15334.417613893398
573,1067951.1949969484,67951.19499694835
574,982617.3758431984,-17382.624156801612
575,1100204.7792623683,100204.77926236833
576,983608.5073703725,-16391.492629627464
577,945252.5125165961,-54747.48748340388
578,963546.106972001,-36453.89302799897
579,1005505.928272282,5505.928272282006
580,1001067.0049067212,1067.0049067211803
581,1098956.8636653034,98956.86366530345
582,1088508.0076084146,88508.00760841463
583,961643.1960471511,-38356.80395284889
584,1107893.3332778022,107893.33327780222
585,1014969.5763458657,14969.576345865731
586,1084381.6576953072,84381.65769530716
587,1037865.5285034965,37865.52850349655
588,1072201.0372937755,72201.03729377547
589,1100842.0852254268,100842.08522542682
590,961618.4878279136,-38381.5121720864
591,998108.419513189,-1891.580486810999
592,902296.5628716284,-97703.43712837156
593,1071641.8506841713,71641.85068417131
594,984956.9413171596,-15043.058682840434
595,973513.2405521143,-26486.759447885677
596,965357.1666088983,-34642.83339110168
597,951785.0457271907,-48214.95427280932
598,1023901.4638904112,23901.463890411193
599,1117104.4026830944,117104.40268309438
600,1105303.7994785854,105303.79947858537
601,1215127.9120809203,215127.9120809203
602,976726.3633181183,-23273.636681881733
603,1093272.8281497334,93272.82814973337
604,937191.0544312224,-62808.94556877762
605,1050946.4982516791,50946.49825167912
606,1046426.5555332255,46426.55553322553
607,992192.376179522,-7807.62382047798
608,1119456.4554982437,119456.45549824368
609,1036583.4096339995,36583.40963399946
610,1037597.4307567935,37597.430756793474
611,963268.819574781,-36731.180425219005
612,894650.8581532175,-105349.14184678253
613,965971.4008291967,-34028.599170803325
614,982108.8141828574,-17891.1858171426
615,809945.555408817,-190054.44459118298
616,1128296.1020317064,128296.10203170637
617,1030547.3560801861,30547.356080186088
618,1004394.7824503259,4394.7824503259035
619,1141515.3809844337,141515.3809844337
620,1083637.1498701668,83637.14987016679
621,1087356.3516235664,87356.35162356636
622,1042170.9481100232,42170.948110023164
623,1010762.6479732834,10762.647973283427
624,977635.3141270373,-22364.6858729627
625,978755.461820969,-21244.53817903099
626,996617.9189419121,-3382.081058087875
627,990139.010280981,-9860.989719019039
628,984738.5954371046,-15261.404562895419
629,1015170.7067450768,15170.706745076808
630,1065010.892710709,65010.89271070901
631,1032022.6391888887,32022.639188888716
632,940826.0270680498,-59173.97293195024
633,907155.3504286594,-92844.64957134065
634,1036933.6782087344,36933.678208734374
635,1065203.0577609183,65203.05776091828
636,971394.1925673785,-28605.807432621485
637,1090465.1750873893,90465.1750873893
638,1002492.07265496,2492.0726549599785
639,1040995.3967637368,40995.39676373685
640,979145.8916327939,-20854.108367206063
641,1040595.5160050535,40595.516005053534
642,946298.1223282405,-53701.87767175946
643,1068512.7794750056,68512.77947500558
644,969631.9749015816,-30368.02509841835
645,980399.1738056306,-19600.82619436935
646,1060407.02810032,60407.028100319905
647,934071.0065491665,-65928.99345083348
648,1000278.4477227347,278.4477227346506
649,1108702.1403275202,108702.1403275202
650,1034886.283538683,34886.28353868297
651,1018651.362262087,18651.362262086943
652,1154051.97832879,154051.97832879005
653,954090.0485790824,-45909.95142091764
654,909750.2482652195,-90249.7517347805
655,1194749.5198104144,194749.5198104144
656,1130464.9620045277,130464.96200452768
657,1007932.1885607236,7932.18856072356
658,993029.5647596192,-6970.435240380815
659,1062104.8435110461,62104.84351104614
660,1034660.0447790705,34660.04477907054
661,1020976.739481065,20976.739481064957
662,908248.403879748,-91751.59612025204
663,1042958.03823906,42958.03823905997
664,1139279.3708768212,139279.37087682122
665,913911.7923215689,-86088.20767843106
666,1074783.3502707544,74783.35027075442
667,962015.2607495895,-37984.739250410465
668,1131475.0743377858,131475.07433778583
669,1048104.2676289342,48104.267628934234
670,944945.0455401385,-55054.9544598615
671,1032523.6820357748,32523.682035774807
672,1069618.1959292092,69618.19592920924
673,1023311.8229438658,23311.822943865787
674,916286.6344671642,-83713.36553283583
675,1058491.5235297529,58491.523529752856
676,1031395.6415118409,31395.641511840862
677,1040147.4367601831,40147.436760183075
678,1092848.3464578695,92848.34645786951
679,1039037.6636832168,39037.663683216786
680,959904.7195884412,-40095.28041155881
681,913734.2782447417,-86265.72175525827
682,979001.8978193164,-20998.102180683636
683,1161875.5739390082,161875.57393900817
684,1066020.032180268,66020.03218026808
685,1072232.6796314402,72232.6796314402
686,1005940.2328374783,5940.232837478281
687,967630.7133729012,-32369.2866270988
688,1058807.9999612982,58807.99996129819
689,1037856.0775467693,37856.07754676929
690,1014884.2011504822,14884.201150482171
691,939324.9351231909,-60675.064876809134
692,1181596.4811547243,181596.48115472426
693,895672.1076217233,-104327.89237827668
694,1118509.9028854594,118509.90288545936
695,997364.6293741285,-2635.3706258714665
696,1056897.3820975993,56897.38209759933
697,1035715.3011768932,35715.301176893176
698,1061659.7591732505,61659.759173250524
699,1056159.108991279,56159.108991279034
700,1050126.7433854286,50126.74338542856
701,916943.6916844848,-83056.30831551517
702,1021014.4738936615,21014.473893661518
703,1035046.1625398018,35046.16253980179
704,1006284.4501057378,6284.450105737778
705,1020204.7023033516,20204.7023033516
706,1080431.8390179956,80431.83901799563
707,1019433.7681161371,19433.76811613713
708,1003030.0198990838,3030.019899083767
709,953682.2464237894,-46317.75357621058
710,907483.7163561129,-92516.28364388715
711,1018679.2774705506,18679.277470550616
712,1030920.5589627766,30920.55896277656
713,1032358.9569309932,32358.95693099324
714,959764.7745782257,-40235.22542177432
715,1082834.156367976,82834.15636797599
716,1129752.6347296366,129752.6347296366
717,1004380.0774321548,4380.077432154794
718,1000144.0442592613,144.0442592613399
719,979108.8650840516,-20891.13491594838
720,1159349.8589667324,159349.8589667324
721,1014107.524785049,14107.524785049027
722,994539.1177841569,-5460.88221584307
723,958859.2782804988,-41140.72171950119
724,871197.5317391542,-128802.46826084575
725,1035771.707968143,35771.70796814305
726,1076175.247009748,76175.2470097479
727,1071361.4826162488,71361.48261624877
728,968710.2114150455,-31289.788584954455
729,1036571.4749730172,36571.47497301723
730,967670.3631695418,-32329.636830458185
731,1015822.1023246128,15822.102324612788
732,1006455.701038826,6455.701038826024
733,1036992.2569357124,36992.256935712416
734,1013336.3950978667,13336.395097866654
735,1029012.5315307525,29012.531530752545
736,1030285.8652752396,30285.865275239572
737,951412.8847209354,-48587.11527906463
738,1053983.821201915,53983.82120191492
739,1037498.3516928197,37498.351692819735
740,1041798.2150749267,41798.21507492673
741,1019552.4985086817,19552.49850868166
742,1000977.8576252259,977.8576252259081
743,950233.3864844306,-49766.61351556936
744,1032965.5425749841,32965.54257498414
745,962687.6762698347,-37312.323730165255
746,1067100.5310788658,67100.53107886575
747,1054838.648091144,54838.64809114393
748,1078083.3712051476,78083.37120514759
749,945347.726653352,-54652.27334664797
750,1169929.0985040904,169929.09850409045
751,1086522.164806693,86522.1648066931
752,1108966.5606387067,108966.56063870667
753,1058555.0641995263,58555.06419952633
754,970876.4719688938,-29123.528031106223
755,1015751.9313643326,15751.931364332559
756,931665.3361413528,-68334.66385864723
757,1004191.9624186391,4191.962418639101
758,1066860.6391667319,66860.63916673185
759,1206360.6134788506,206360.61347885057
760,849873.0608916803,-150126.9391083197
761,1034471.4822628082,34471.48226280825
762,960220.6860146279,-39779.31398537208
763,1019779.4169236574,19779.41692365741
764,975377.9931767525,-24622.00682324753
765,929899.6604230586,-70100.33957694145
766,926748.5549749963,-73251.44502500375
767,1041672.6728805292,41672.67288052919
768,991950.2350399182,-8049.764960081782
769,985993.5214984339,-14006.478501566104
770,1087687.3742167135,87687.37421671348
771,861074.4248246553,-138925.5751753447
772,999087.8506890751,-912.1493109249277
773,1091148.7245242677,91148.72452426772
774,1002901.4763298985,2901.4763298984617
775,899794.2522081624,-100205.74779183755
776,1107363.4237097714,107363.42370977136
777,1020825.2453616234,20825.245361623354
778,995195.8306193316,-4804.169380668434
779,976906.0760377051,-23093.92396229494
780,900520.8413757258,-99479.15862427419
781,1003531.1100496893,3531.110049689305
782,1009226.2858050261,9226.28580502607
783,1075453.1254701302,75453.12547013024
784,1035550.0922373421,35550.09223734215
785,990617.6528078662,-9382.347192133777
786,1049862.1431957057,49862.14319570572
787,1003602.6484907372,3602.6484907371923
788,997536.0526855636,-2463.947314436431
789,904180.5098558486,-95819.49014415138
790,1065514.0345252783,65514.03452527826
791,963681.1658640996,-36318.83413590037
792,1170709.3117020372,170709.31170203723
793,910645.404660258,-89354.59533974202
794,1001036.7722407914,1036.7722407913534
795,1108889.3689853381,108889.36898533814
796,930479.2589196675,-69520.74108033255
797,1056535.1042801985,56535.10428019846
798,1062936.4699429483,62936.469942948315
799,1086572.7183044848,86572.71830448485
800,923481.3516856275,-76518.64831437252
801,1077712.4389718468,77712.43897184683
802,1036461.6301299649,36461.630129964906
803,976111.0666860727,-23888.933313927264
804,1059673.4779889546,59673.47798895463
805,1037300.7915860201,37300.79158602015
806,948051.4480280252,-51948.55197197478
807,929074.1571366482,-70925.8428633518
808,964164.7886844489,-35835.211315551074
809,934000.6540502766,-65999.34594972339
810,1037001.9797539491,37001.9797539491
811,970725.0454128905,-29274.954587109503
812,890066.4277717617,-109933.57222823834
813,905060.8523143334,-94939.14768566657
814,997299.3790084649,-2700.6209915351355
815,1055783.3247956387,55783.32479563868
816,1079025.4277238376,79025.42772383755
817,981338.885603148,-18661.114396851975
818,943284.622262312,-56715.37773768802
819,1061999.0036283203,61999.00362832029
820,944120.5086677964,-55879.491332203615
821,994169.959092332,-5830.04090766795
822,991124.1783952338,-8875.821604766184
823,994793.9344955418,-5206.065504458151
824,990296.4473396539,-9703.552660346148
825,1088660.9843843707,88660.98438437073
826,1195389.0380150788,195389.03801507875
827,961417.1355715832,-38582.864428416826
828,1027610.0025375043,27610.002537504304
829,994114.3452290962,-5885.654770903755
830,1069598.0660968553,69598.06609685533
831,1002292.7214748171,2292.721474817139
832,993291.3621718535,-6708.637828146457
833,1043575.8835605546,43575.88356055459
834,1015763.3732457621,15763.373245762079
835,1076415.9373216329,76415.93732163287
836,1047144.8668294037,47144.866829403676
837,941862.6091006286,-58137.390899371356
838,1048558.4363935348,48558.436393534765
839,1033213.8455164756,33213.845516475616
840,1000529.4390675134,529.4390675134491
841,1017058.3133638045,17058.313363804482
842,1085422.4896226781,85422.48962267814
843,1041144.7513066208,41144.751306620776
844,1062852.8042075355,62852.80420753546
845,1000840.2925600881,840.292560088099
846,1153983.9253953754,153983.92539537535
847,1166506.4276013516,166506.42760135164
848,930012.6932731098,-69987.30672689015
849,1124904.945436912,124904.94543691189
850,988028.8800761552,-11971.119923844817
851,1048583.3582447977,48583.35824479768
852,963936.873150219,-36063.12684978102
853,938485.9473759361,-61514.052624063916
854,873914.7123960756,-126085.2876039244
855,1007720.9962998622,7720.996299862163
856,1003727.786248689,3727.7862486890517
857,912504.2630377507,-87495.73696224927
858,970667.5812341638,-29332.418765836162
859,1070757.6625914264,70757.6625914264
860,957038.9167358445,-42961.083264155546
861,981927.9940596914,-18072.00594030856
862,943765.6578584327,-56234.342141567264
863,1124013.879612278,124013.87961227796
864,940871.5461298368,-59128.45387016318
865,1196773.6617023274,196773.66170232743
866,924838.3631445519,-75161.63685544813
867,921249.8057614669,-78750.19423853315
868,962260.7948472651,-37739.20515273488
869,1045217.9889404573,45217.98894045735
870,1002863.3333638519,2863.3333638518816
871,1016459.952214115,16459.95221411495
872,1103266.6430396447,103266.6430396447
873,999493.8543309727,-506.14566902734805
874,1173351.5832712941,173351.58327129413
875,890188.4902058757,-109811.50979412429
876,1129393.6507239467,129393.65072394675
877,1188879.8107596727,188879.81075967266
878,1012238.1864192734,12238.186419273377
879,997579.0870757911,-2420.912924208911
880,1038445.2025347021,38445.20253470214
881,1084437.1535016634,84437.15350166336
882,1096561.7264885828,96561.72648858279
883,981636.6300751546,-18363.369924845407
884,1020131.2080393173,20131.20803931728
885,1052557.4707920584,52557.47079205839
886,905821.1533281532,-94178.84667184681
887,953808.6967502388,-46191.30324976123
888,1088704.2909241694,88704.29092416936
889,1051876.1246801715,51876.12468017149
890,1184154.3020593447,184154.3020593447
891,997399.3481718531,-2600.651828146889
892,927116.5015789286,-72883.49842107145
893,986163.9861880896,-13836.013811910409
894,1090389.7897577186,90389.78975771856
895,965661.6958630579,-34338.30413694214
896,951807.629626489,-48192.37037351099
897,1021129.5789877428,21129.578987742774
898,1104025.3566014885,104025.35660148854
899,982185.6885066688,-17814.311493331217
900,1050275.027871511,50275.027871510945
901,867312.2740453925,-132687.72595460748
902,1003132.9256152035,3132.9256152034504
903,1037725.454004063,37725.45400406304
904,1035274.968395407,35274.96839540696
905,993482.5084132632,-6517.491586736753
906,1013945.3397753244,13945.33977532445
907,1014646.213798666,14646.213798666024
908,1004347.2465700072,4347.246570007177
909,1062293.2578896875,62293.25788968755
910,1027939.7991603818,27939.79916038178
911,981820.6794056006,-18179.320594399353
912,1036998.5268285433,36998.52682854328
913,1033809.338420437,33809.33842043695
914,1023702.6153594491,23702.61535944906
915,986742.2603284041,-13257.73967159586
916,962831.5100636724,-37168.48993632756
917,1137683.1480286983,137683.14802869828
918,1002500.3692560161,2500.3692560161
919,1110141.2034142474,110141.20341424737
920,1075837.613414893,75837.61341489293
921,1038258.8318593407,38258.83185934066
922,951102.7964677799,-48897.2035322201
923,968747.3926529427,-31252.607347057317
924,970280.7865180738,-29719.213481926243
925,1026067.0139543731,26067.013954373077
926,980971.4413417649,-19028.558658235124
927,1034859.2550674445,34859.25506744452
928,1035341.7706058788,35341.77060587879
929,995851.7791641636,-4148.220835836371
930,1160940.7546216007,160940.75462160073
931,1054075.2850326875,54075.285032687476
932,987356.2139098723,-12643.786090127658
933,1152339.3394311112,152339.33943111124
934,1069687.8718845632,69687.87188456324
935,1021044.5568413995,21044.55684139952
936,1052577.6417950122,52577.64179501217
937,981097.6436093787,-18902.35639062128
938,1023450.8915696737,23450.891569673666
939,1126113.0004958306,126113.00049583055
940,940630.6469533972,-59369.3530466028
941,1017279.5996572259,17279.59965722589
942,895570.404588411,-104429.59541158902
943,997207.3217475637,-2792.678252436337
944,1157755.9806092975,157755.98060929752
945,1177109.776317063,177109.77631706302
946,892350.3383087184,-107649.6616912816
947,1042876.8504147219,42876.85041472188
948,1076568.936118804,76568.93611880392
949,1081280.5074890032,81280.50748900324
950,1036120.9671521115,36120.967152111465
951,1029751.1932393357,29751.19323933567
952,915405.145515672,-84594.85448432795
953,1061781.5075087142,61781.50750871422
954,1062071.7449542265,62071.74495422654
955,982260.3053028348,-17739.694697165163
956,1050317.8049317908,50317.8049317908
957,1026202.1409254094,26202.14092540939
958,1082409.9272985007,82409.92729850067
959,1216874.910961192,216874.9109611921
960,1013437.5770906185,13437.57709061855
961,1168455.268420213,168455.2684202129
962,1086410.6800939557,86410.68009395571
963,950690.5376698704,-49309.46233012958
964,1129605.403288819,129605.4032888189
965,972526.798432046,-27473.201567954035
966,1008605.2040074941,8605.204007494147
967,961576.0169211534,-38423.98307884659
968,1047416.4149955763,47416.414995576255
969,1058455.2358161823,58455.235816182336
970,1013846.0628268485,13846.062826848472
971,959985.8352990294,-40014.164700970636
972,848353.4262231023,-151646.57377689774
973,1006131.487941778,6131.487941778032
974,993099.5588744434,-6900.441125556594
975,1015407.101446302,15407.101446302026
976,1058474.8313169484,58474.8313169484
977,1172188.2140401993,172188.2140401993
978,933243.0174761711,-66756.98252382886
979,1017872.537555656,17872.537555656047
980,1076500.0849797125,76500.0849797125
981,1125141.5039009685,125141.50390096847
982,968570.599617071,-31429.400382929016
983,1044805.7139743889,44805.7139743889
984,998527.2704050784,-1472.7295949215768
985,1003994.5516489787,3994.551648978726
986,1035395.0804328518,35395.0804328518
987,967814.9676256322,-32185.032374367816
988,987418.2419114915,-12581.758088508504
989,966965.6521600931,-33034.34783990693
990,929371.6565702653,-70628.3434297347
991,983454.3219599344,-16545.67804006557
992,1252111.7088433933,252111.70884339325
993,1034521.8831591561,34521.883159156074
994,1016036.8470416004,16036.847041600384
995,1034168.0055530196,34168.00555301958
996,1016501.5019690988,16501.501969098812
997,1047912.2281523359,47912.228152335854
998,868260.0217713779,-131739.97822862212
999,999160.8443769529,-839.155623047147
1000,938639.8640893339,-61360.13591066608
1001,991318.0272638277,-8681.972736172262
1002,1007308.2276344753,7308.227634475334
1003,1033569.5604837342,33569.56048373424
1004,1042308.1286715528,42308.12867155275
1005,1034453.8601885382,34453.86018853821
1006,963013.219847824,-36986.78015217604
1007,1045367.6916325063,45367.69163250632
1008,1088706.4152170026,88706.41521700262
1009,1028730.5409278857,28730.540927885682
1010,981478.0026201104,-18521.997379889595
1011,1108550.626683598,108550.62668359792
1012,935149.2359796562,-64850.76402034378
1013,972045.4708818235,-27954.52911817655
1014,1038808.0662921262,38808.0662921262
1015,1077525.9626775489,77525.96267754887
1016,989934.9434914639,-10065.056508536101
1017,976344.6478372164,-23655.352162783616
1018,1081014.4610467472,81014.46104674716
1019,974158.8050609388,-25841.194939061184
1020,1025311.4653317044,25311.465331704356
1021,1028503.9231013204,28503.923101320397
1022,902655.4073243333,-97344.59267566667
1023,1079040.4112238558,79040.4112238558
1024,956805.4002082975,-43194.599791702465
1025,1015430.2781554827,15430.278155482723
1026,950793.3797948771,-49206.62020512286
1027,1041621.6498499524,41621.64984995243
1028,1042559.7293041513,42559.72930415126
1029,945138.6322039419,-54861.36779605807
1030,960869.7827724606,-39130.2172275394
1031,981067.355082211,-18932.64491778903
1032,946524.7466710176,-53475.25332898239
1033,895349.1491678922,-104650.85083210783
1034,1074331.2360008913,74331.23600089131
1035,941562.8021622512,-58437.1978377488
1036,947222.6016407997,-52777.398359200335
1037,964901.0541762881,-35098.945823711925
1038,1123973.781280761,123973.78128076089
1039,943266.6223369502,-56733.37766304985
1040,1066967.5436904505,66967.54369045049
1041,978884.9143120768,-21115.085687923245
1042,962171.616558277,-37828.38344172295
1043,1044839.0230371918,44839.02303719183
1044,935276.4247200468,-64723.57527995319
1045,1152837.261898729,152837.26189872902
1046,960353.5636476224,-39646.43635237764
1047,1092490.2020556158,92490.20205561584
1048,1070927.397443286,70927.39744328591
1049,1041176.6485480445,41176.6485480445
1050,972823.0897460554,-27176.910253944574
1051,964194.1886922567,-35805.81130774331
1052,1000036.2756297474,36.27562974742614
1053,1099116.5745099322,99116.5745099322
1054,1066172.581724562,66172.58172456198
1055,1065133.2809899563,65133.28098995634
1056,1132001.393388239,132001.39338823897
1057,886467.8303494193,-113532.16965058073
1058,926904.2815587724,-73095.71844122757
1059,1026347.6573864387,26347.65738643869
1060,1003606.6878845044,3606.687884504441
1061,1028951.9230838054,28951.923083805363
1062,931415.7449875809,-68584.25501241907
1063,1035423.2061869045,35423.206186904456
1064,1026933.589772123,26933.58977212303
1065,1005038.2519929288,5038.2519929287955
1066,981835.5718372948,-18164.428162705153
1067,855659.7224601574,-144340.27753984265
1068,929691.6929145351,-70308.30708546494
1069,960436.4624064437,-39563.537593556335
1070,1008960.7168846655,8960.71688466554
1071,961815.7359204955,-38184.26407950453
1072,995450.299374773,-4549.700625226949
1073,952732.2094199468,-47267.79058005323
1074,982323.0615836142,-17676.93841638579
1075,916681.9567991715,-83318.04320082848
1076,1014372.0490676517,14372.049067651737
1077,982123.8962842949,-17876.103715705103
1078,1027964.8132167552,27964.813216755167
1079,1021472.6315623763,21472.63156237628
1080,990620.0475696878,-9379.952430312173
1081,895060.3941025063,-104939.60589749366
1082,1007967.8823951712,7967.882395171211
1083,993372.8141131612,-6627.185886838823
1084,1131126.06340955,131126.06340955012
1085,1015053.8424283486,15053.84242834861
1086,1092636.9998462836,92636.99984628358
1087,916450.3536210401,-83549.64637895988
1088,915752.7869616034,-84247.21303839656
1089,973257.5630711827,-26742.436928817304
1090,1052443.6712173065,52443.67121730652
1091,1020697.005237287,20697.005237287027
1092,1053654.040800108,53654.04080010811
1093,996307.0406803399,-3692.959319660091
1094,955126.5433197296,-44873.45668027038
1095,1051643.4847856795,51643.484785679495
1096,1074814.597259942,74814.59725994198
1097,893087.1538531446,-106912.84614685539
1098,1086407.965436501,86407.96543650096
1099,1031460.4129005655,31460.41290056554
1100,892085.273656285,-107914.72634371498
1101,1032850.6579865435,32850.65798654349
1102,920075.1644312214,-79924.83556877857
1103,952121.7740312445,-47878.22596875555
1104,977722.4156785627,-22277.584321437287
1105,1000571.9881890536,571.9881890536053
1106,1076735.5626474363,76735.56264743628
1107,1028128.9638346862,28128.963834686205
1108,1033339.477034886,33339.47703488602
1109,865356.3848815936,-134643.61511840636
1110,979904.5726034645,-20095.427396535524
1111,1104613.0347224942,104613.0347224942
1112,1187350.259502776,187350.25950277597
1113,974161.2384973004,-25838.761502699577
1114,935635.0297402657,-64364.97025973431
1115,908838.3713518619,-91161.62864813814
1116,1089385.0039752473,89385.00397524727
1117,958791.4108262925,-41208.58917370753
1118,1000688.8863703057,688.8863703056704
1119,968716.0927795717,-31283.907220428344
1120,1111662.3695274333,111662.3695274333
1121,1084738.2424818897,84738.24248188967
1122,1014639.8126481848,14639.81264818483
1123,861753.7258808475,-138246.27411915245
1124,1050110.9224937244,50110.922493724385
1125,974724.6567194506,-25275.343280549394
1126,1028060.8036337127,28060.803633712698
1127,1038751.1275954511,38751.12759545108
1128,1061138.342071765,61138.3420717651
1129,1038731.8356100859,38731.835610085865
1130,1072761.8010120331,72761.80101203313
1131,898731.7966767226,-101268.20332327741
1132,987658.3385976836,-12341.661402316415
1133,950558.5725903391,-49441.427409660886
1134,1006282.2287089068,6282.228708906798
1135,968971.9047747884,-31028.095225211582
1136,1019659.4327189298,19659.432718929835
1137,1070411.4213228128,70411.42132281279
1138,961241.5556183631,-38758.44438163692
1139,1124295.4649009542,124295.46490095416
1140,1059352.0601564716,59352.06015647156
1141,1176680.1514235204,176680.1514235204
1142,1021064.583772107,21064.583772107027
1143,1080637.0883223426,80637.0883223426
1144,1037464.6941270471,37464.694127047085
1145,946878.1654663221,-53121.8345336779
1146,1065341.6293916937,65341.62939169374
1147,1059225.0980909462,59225.09809094621
1148,988257.3616794449,-11742.638320555096
1149,939658.6525647598,-60341.34743524017
1150,911065.2394458235,-88934.76055417652
1151,1073526.4788268807,73526.47882688069
1152,927812.6961993648,-72187.30380063516
1153,1031232.945780467,31232.94578046701
1154,975786.9746512545,-24213.02534874552
1155,1036537.8872383948,36537.88723839482
1156,861272.8993697958,-138727.1006302042
1157,1010379.2405866612,10379.240586661152
1158,1040313.6214604086,40313.621460408554
1159,1003147.070241017,3147.0702410170343
1160,929008.1898179837,-70991.81018201634
1161,1002745.4325875647,2745.43258756469
1162,940538.9347749354,-59461.06522506464
1163,1001216.9241472966,1216.9241472965805
1164,968189.2462389561,-31810.75376104389
1165,961404.1610811331,-38595.83891886694
1166,1107262.8081627896,107262.80816278956
1167,944276.5478485146,-55723.45215148537
1168,965331.082895694,-34668.91710430605
1169,988035.393402979,-11964.60659702099
1170,1005335.8077974921,5335.8077974921325
1171,951437.1751992502,-48562.824800749775
1172,915010.1035947806,-84989.89640521945
1173,1025371.7477703237,25371.74777032365
1174,1082257.0475915445,82257.04759154445
1175,1012559.1507743598,12559.15077435982
1176,868851.1411790919,-131148.85882090812
1177,1150826.2913825973,150826.2913825973
1178,926315.7362468087,-73684.26375319134
1179,937718.279913199,-62281.72008680098
1180,895539.8352407691,-104460.16475923092
1181,1025636.134658066,25636.134658065974
1182,945449.5077894181,-54550.4922105819
1183,1011154.704637484,11154.704637484043
1184,1006528.4299024462,6528.429902446223
1185,1019545.8068069419,19545.806806941866
1186,1044350.0887202033,44350.08872020326
1187,967942.9514278695,-32057.0485721305
1188,989535.7395032428,-10464.260496757226
1189,1123015.8306462842,123015.83064628416
1190,1021440.6996398974,21440.699639897444
1191,958930.4959972214,-41069.50400277856
1192,947833.9760572253,-52166.023942774744
1193,888924.5587641179,-111075.44123588211
1194,1040234.5360024523,40234.53600245225
1195,959739.3519392001,-40260.648060799926
1196,922377.3529385965,-77622.64706140349
1197,919089.8710836128,-80910.12891638721
1198,958969.4198844358,-41030.58011556417
1199,1073431.9865727562,73431.9865727562
1200,1061672.720848716,61672.7208487161
1201,1007681.9232110567,7681.923211056739
1202,908926.4879664247,-91073.51203357533
1203,969303.5801359132,-30696.419864086783
1204,1051898.7665683287,51898.76656832872
1205,936120.4176320788,-63879.58236792125
1206,1083001.404286575,83001.40428657504
1207,948890.4124026512,-51109.587597348844
1208,1091535.1580261074,91535.15802610735
1209,1074619.8164969678,74619.8164969678
1210,1116207.0158566535,116207.01585665345
1211,927257.608305354,-72742.39169464598
1212,1143381.4909652579,143381.49096525786
1213,1132984.0781157739,132984.07811577385
1214,910338.174115685,-89661.82588431495
1215,945093.1806722345,-54906.819327765494
1216,1148429.1835184332,148429.18351843324
1217,998754.4675701197,-1245.5324298803462
1218,1133445.4771642655,133445.47716426547
1219,991336.8482870107,-8663.151712989318
1220,944572.2679232381,-55427.732076761895
1221,1013721.412628046,13721.412628046004
1222,868519.3694457976,-131480.63055420236
1223,1062771.4943872232,62771.49438722315
1224,991442.5089863798,-8557.491013620165
1225,1081853.878473331,81853.87847333099
1226,1011393.0765466678,11393.076546667842
1227,1001102.4632402034,1102.4632402034476
1228,1011027.1687743277,11027.168774327729
1229,991424.6163111501,-8575.383688849863
1230,1149974.4281027522,149974.4281027522
1231,969161.2465161898,-30838.75348381023
1232,1089193.9689341956,89193.96893419558
1233,949103.1478945501,-50896.852105449885
1234,1158570.316427256,158570.31642725598
1235,987997.1483763377,-12002.851623662282
1236,1048270.5033466846,48270.50334668462
1237,979742.4450517601,-20257.554948239936
1238,987049.1459314147,-12950.854068585322
1239,1025785.6104146519,25785.61041465192
1240,874722.5001265231,-125277.49987347692
1241,1016234.6844342806,16234.684434280614
1242,1010003.5446026343,10003.544602634269
1243,1011360.0466068329,11360.046606832882
1244,1022546.9220296593,22546.92202965927
1245,982480.053187981,-17519.946812018985
1246,1017049.3533514995,17049.353351499536
1247,932094.6092292963,-67905.39077070367
1248,973711.2345523902,-26288.765447609825
1249,1092667.7217851172,92667.72178511717
1250,977327.7081628183,-22672.291837181663
1251,909980.6863824078,-90019.31361759221
1252,1030595.9350421357,30595.93504213565
1253,1032444.3657258673,32444.365725867334
1254,1084461.5598860625,84461.55988606252
1255,1032604.2540314324,32604.254031432443
1256,1163459.1148277952,163459.1148277952
1257,1007923.7285205002,7923.728520500241
1258,1090104.7016000636,90104.70160006359
1259,1042664.1011094331,42664.101109433104
1260,981556.4559750252,-18443.544024974806
1261,1024700.8270905722,24700.827090572217
1262,1095744.7980824115,95744.79808241152
1263,1089003.2215361719,89003.22153617186
1264,1067166.461453147,67166.461453147
1265,1048315.777643406,48315.77764340595
1266,1090938.2690551672,90938.26905516721
1267,1033608.7968383292,33608.79683832917
1268,930885.5392201063,-69114.46077989368
1269,1082723.9070809982,82723.90708099818
1270,962662.9611361127,-37337.03886388731
1271,987668.856341471,-12331.143658529036
1272,949221.5583110412,-50778.44168895879
1273,1061618.268308127,61618.268308127066
1274,1001177.2806846945,1177.2806846945314
1275,889704.3487525663,-110295.65124743374
1276,1083472.913205466,83472.913205466
1277,1107168.5550413935,107168.5550413935
1278,1126559.4713095585,126559.47130955849
1279,1047571.2645292609,47571.26452926092
1280,1158260.6732636483,158260.6732636483
1281,1013516.8027595151,13516.802759515122
1282,1029543.5284538104,29543.528453810373
1283,1063990.7629984675,63990.762998467544
1284,976221.870323489,-23778.129676511046
1285,884249.3098482396,-115750.69015176035
1286,1072673.4400167079,72673.44001670787
1287,1003492.968867826,3492.9688678260427
1288,1029034.5584686737,29034.558468673727
1289,901327.0769514443,-98672.92304855573
1290,1032595.5954632428,32595.595463242847
1291,1092689.2134875671,92689.21348756715
1292,954290.7635134746,-45709.23648652539
1293,1259096.7224499984,259096.72244999837
1294,963867.9554652754,-36132.044534724555
1295,940548.638925802,-59451.36107419804
1296,1063631.9433809663,63631.94338096632
1297,1051848.065155134,51848.06515513407
1298,995054.4362932419,-4945.563706758083
1299,990363.7943588145,-9636.205641185516
1300,937742.4554799476,-62257.54452005238
1301,1143963.9667738106,143963.96677381056
1302,1033267.9011175041,33267.90111750411
1303,1039006.3470502819,39006.34705028194
1304,1049910.209922901,49910.20992290089
1305,1075845.2262749788,75845.22627497884
1306,1072528.7120606655,72528.71206066548
1307,1091608.9086833752,91608.90868337522
1308,1020471.8920874767,20471.892087476677
1309,915331.7445359903,-84668.25546400971
1310,977050.6133656241,-22949.3866343759
1311,1038494.5784779536,38494.57847795356
1312,1128502.4166303917,128502.41663039173
1313,1085263.3754470423,85263.37544704229
1314,1000424.837486084,424.83748608396854
1315,1038607.8027062889,38607.80270628887
1316,1100644.3640749517,100644.36407495174
1317,959134.4530782308,-40865.54692176916
1318,961773.6102647579,-38226.38973524212
1319,1004704.9333988172,4704.9333988172
1320,1124303.3577400248,124303.3577400248
1321,975623.9584464637,-24376.041553536314
1322,1009829.6525831895,9829.652583189541
1323,1038254.854853305,38254.854853305034
1324,1020320.9616764667,20320.961676466744
1325,903340.5420900611,-96659.45790993888
1326,1053324.057609997,53324.05760999699
1327,999025.1400921392,-974.8599078607513
1328,1043515.1543290649,43515.154329064884
1329,995275.5536529734,-4724.44634702662
1330,1070181.3633075627,70181.36330756266
1331,982975.3797435194,-17024.620256480644
1332,1032932.5305089392,32932.53050893918
1333,941429.8845787344,-58570.1154212656
1334,1122696.2576826194,122696.25768261938
1335,1052419.0369589322,52419.03695893218
1336,1057738.502234428,57738.50223442796
1337,986087.561042828,-13912.43895717198
1338,1085125.1732434568,85125.17324345675
1339,1064684.475018069,64684.475018068915
1340,1122331.57180374,122331.57180374
1341,1026673.4922339827,26673.49223398266
1342,1109382.2769947194,109382.2769947194
1343,970135.6295820853,-29864.370417914703
1344,1239756.1098898954,239756.10988989542
1345,1104579.6030727236,104579.6030727236
1346,1041707.1143047602,41707.11430476024
1347,980560.7664654807,-19439.233534519328
1348,946427.4196495855,-53572.5803504145
1349,912324.8468859028,-87675.1531140972
1350,1040763.928056694,40763.928056693985
1351,1086129.3738308775,86129.37383087748
1352,1015248.6509573173,15248.650957317324
1353,1011186.3614815756,11186.361481575645
1354,951051.7571929338,-48948.242807066184
1355,951032.0572690571,-48967.94273094286
1356,968399.8597841761,-31600.140215823893
1357,921229.5710579831,-78770.42894201691
1358,1077313.7491545146,77313.74915451463
1359,1028033.6171532143,28033.61715321429
1360,1048622.285954042,48622.285954042105
1361,955206.563186123,-44793.436813876964
1362,936019.19788617,-63980.802113829996
1363,995353.6668550406,-4646.333144959412
1364,1030676.2746348339,30676.274634833913
1365,1039145.4518644789,39145.45186447888
1366,1072561.2868654386,72561.28686543857
1367,970144.4853405266,-29855.51465947344
1368,1010415.2699080233,10415.2699080233
1369,1027926.2691462232,27926.269146223203
1370,1052500.0055065162,52500.0055065162
1371,1053971.88914952,53971.88914952008
1372,910043.9316136463,-89956.06838635367
1373,900612.8364105413,-99387.16358945868
1374,1040277.2241752055,40277.224175205454
1375,1061836.6229092255,61836.62290922552
1376,991201.3320156753,-8798.66798432474
1377,1087425.5899499168,87425.58994991682
1378,970212.3303321983,-29787.669667801703
1379,1034056.1766062833,34056.17660628329
1380,1006215.9710962498,6215.971096249763
1381,1069870.821806148,69870.82180614793
1382,1049990.817681253,49990.81768125296
1383,960305.8819957909,-39694.11800420913
1384,935542.0803732586,-64457.91962674144
1385,1050107.5469274935,50107.54692749353
1386,973456.9842587359,-26543.0157412641
1387,985428.6795262749,-14571.320473725093
1388,1052289.0363724104,52289.036372410366
1389,964458.2076324823,-35541.792367517715
1390,983637.5081002527,-16362.491899747285
1391,1028143.2535602724,28143.253560272395
1392,966690.1762309858,-33309.82376901421
1393,975365.5262580211,-24634.473741978873
1394,1200343.1080098888,200343.1080098888
1395,1169129.6057264423,169129.6057264423
1396,959090.5403227658,-40909.459677234176
1397,1010582.7059870216,10582.70598702156
1398,1046870.3575003598,46870.357500359765
1399,987818.1263733661,-12181.873626633896
1400,941875.2196114467,-58124.78038855328
1401,984552.7089114981,-15447.291088501923
1402,1027873.514611952,27873.514611952007
1403,1028247.500773789,28247.500773789012
1404,1134981.2712957188,134981.27129571885
1405,962551.1188772372,-37448.8811227628
1406,998530.7646467338,-1469.2353532662382
1407,919370.5570198634,-80629.4429801366
1408,937445.7614631155,-62554.23853688454
1409,939692.2954164705,-60307.7045835295
1410,1032125.6659442071,32125.66594420711
1411,949038.5381319041,-50961.46186809591
1412,975809.5270173119,-24190.47298268811
1413,837512.8118248679,-162487.18817513215
1414,944007.2978226618,-55992.702177338186
1415,1048668.6341195013,48668.63411950134
1416,955030.2019329094,-44969.79806709057
1417,957637.3328532317,-42362.667146768305
1418,1114773.2039923528,114773.20399235282
1419,1017153.4921919802,17153.492191980244
1420,999160.0200434139,-839.9799565861467
1421,918823.6354943758,-81176.36450562417
1422,988619.4120571045,-11380.58794289548
1423,1026144.1222329033,26144.12223290326
1424,901464.1111339983,-98535.88886600174
1425,955104.884310177,-44895.115689823055
1426,1048611.740661184,48611.74066118407
1427,1023260.0004413468,23260.000441346783
1428,1049584.762681316,49584.762681315886
1429,1054592.1996141102,54592.19961411017
1430,1061224.3634318793,61224.36343187932
1431,954978.0119723333,-45021.988027666695
1432,1073172.393622911,73172.39362291107
1433,1041849.0066726933,41849.0066726933
1434,894060.9783562854,-105939.02164371463
1435,963062.327369672,-36937.67263032799
1436,1049553.287093284,49553.287093284074
1437,1009862.8499258453,9862.84992584528
1438,1166722.4812354024,166722.4812354024
1439,979597.8023812346,-20402.197618765407
1440,1137712.4815558353,137712.48155583534
1441,1107129.560743801,107129.56074380106
1442,1189775.2653202387,189775.26532023866
1443,1022138.9526791862,22138.952679186244
1444,1073326.379092604,73326.37909260392
1445,983013.2845490279,-16986.715450972086
1446,1045224.3921320264,45224.392132026376
1447,1008673.5909339524,8673.590933952364
1448,1056871.3925560776,56871.39255607757
1449,1061869.1766081657,61869.176608165726
1450,1173858.1224473405,173858.12244734052
1451,1055777.098517646,55777.09851764608
1452,1015280.6467033256,15280.646703325561
1453,1073748.6970271613,73748.69702716125
1454,1192568.8274153403,192568.82741534035
1455,972579.3234476544,-27420.676552345627
1456,999844.4752648064,-155.52473519358318
1457,959173.9687380784,-40826.03126192163
1458,1125039.3002616689,125039.30026166886
1459,984342.3252129315,-15657.674787068507
1460,1100046.819433466,100046.81943346607
1461,930366.3427929122,-69633.65720708785
1462,894381.2957095313,-105618.70429046871
1463,982345.3587640575,-17654.641235942487
1464,983191.9723738027,-16808.02762619732
1465,970741.8657816823,-29258.13421831769
1466,957835.0604448243,-42164.93955517572
1467,872210.4961725714,-127789.50382742856
1468,1139052.653851493,139052.65385149303
1469,935817.27421357,-64182.725786429946
1470,925106.7888699825,-74893.21113001753
1471,1134693.5719006497,134693.5719006497
1472,1155284.385145897,155284.38514589705
1473,1164605.027848266,164605.02784826607
1474,911244.8164174745,-88755.18358252547
1475,1133698.738059516,133698.73805951606
1476,992974.8316251714,-7025.168374828645
1477,945841.235317276,-54158.764682724024
1478,862391.0517834238,-137608.94821657625
1479,1109215.2501215432,109215.25012154318
1480,973262.9179295142,-26737.082070485805
1481,956807.3314666216,-43192.6685333784
1482,1025211.7491838592,25211.74918385921
1483,1001780.9575523167,1780.957552316715
1484,1062510.8520753894,62510.85207538935
1485,1018068.9364043929,18068.936404392938
1486,1021307.2660155644,21307.26601556444
1487,1165441.8210684336,165441.82106843358
1488,976606.5536974705,-23393.44630252954
1489,1053185.4874416313,53185.48744163127
1490,1012822.7034470079,12822.703447007923
1491,929952.4797399465,-70047.52026005345
1492,1095308.1468885464,95308.14688854641
1493,943793.9047907725,-56206.095209227526
1494,1097952.2020654746,97952.20206547459
1495,969177.9926721603,-30822.007327839732
1496,908721.5728784398,-91278.4271215602
1497,1073316.472975939,73316.47297593905
1498,942597.9549047843,-57402.04509521567
1499,880428.2230276093,-119571.77697239071
1500,1000066.5157534949,66.51575349492487
1501,1071748.9683290955,71748.96832909551
1502,924769.0388995075,-75230.96110049251
1503,1084639.8729047244,84639.87290472444
1504,1121310.774244374,121310.7742443739
1505,964455.7642011504,-35544.23579884961
1506,977052.1140597686,-22947.885940231383
1507,967856.9706981345,-32143.029301865492
1508,1103400.5736975442,103400.57369754417
1509,936404.2235246712,-63595.776475328836
1510,856518.9620659006,-143481.03793409944
1511,995784.484022733,-4215.515977266943
1512,1010996.4523714194,10996.452371419407
1513,919511.9344355799,-80488.06556442007
1514,1043892.4273522099,43892.427352209925
1515,982714.3672301677,-17285.63276983227
1516,976081.5259566188,-23918.474043381168
1517,1107989.777793593,107989.777793593
1518,1098354.4545732173,98354.45457321731
1519,994646.9966629351,-5353.003337064874
1520,1011665.9333580886,11665.933358088601
1521,1013967.2332705405,13967.233270540484
1522,1017675.70852494,17675.708524939953
1523,1021011.4261711723,21011.426171172294
1524,1029467.8850796801,29467.885079680127
1525,992682.3422300142,-7317.657769985846
1526,1034512.2474236464,34512.24742364639
1527,1115630.818378292,115630.81837829202
1528,998261.2759425037,-1738.7240574962925
1529,958658.8341994375,-41341.16580056248
1530,1190580.1344042206,190580.13440422062
1531,879686.1204853952,-120313.8795146048
1532,976563.1444973395,-23436.855502660503
1533,968882.7203737447,-31117.279626255273
1534,963266.8183119157,-36733.18168808427
1535,1068144.1363624793,68144.1363624793
1536,1071129.2283383142,71129.22833831422
1537,922265.2507891139,-77734.74921088608
1538,990626.8127131095,-9373.187286890461
1539,998696.1597118556,-1303.84028814442
1540,969649.4206638208,-30350.579336179188
1541,934136.6927877682,-65863.3072122318
1542,985037.7851797342,-14962.21482026577
1543,1105892.0172672146,105892.0172672146
1544,948095.6799207829,-51904.32007921708
1545,862525.2222140513,-137474.7777859487
1546,1012700.276247996,12700.276247996022
1547,1057740.8818230839,57740.88182308385
1548,1000999.0240483355,999.024048335501
1549,1134806.9233431169,134806.92334311688
1550,950613.7974197111,-49386.20258028887
1551,1025758.0657607466,25758.0657607466
1552,999201.634705698,-798.3652943019988
1553,1121674.4784557726,121674.47845577262
1554,989908.777648313,-10091.222351687029
1555,1129376.9011735003,129376.90117350034
1556,1061033.3351995132,61033.33519951324
1557,1012805.4104865834,12805.410486583365
1558,1008873.3060699226,8873.306069922633
1559,1001158.9824955198,1158.9824955197982
1560,1053462.4595075473,53462.45950754732
1561,1141455.8708712508,141455.87087125075
1562,931407.3469779837,-68592.65302201628
1563,975711.9954655416,-24288.004534458392
1564,977035.0077869814,-22964.992213018588
1565,1016122.3985191479,16122.398519147886
1566,975639.0024018532,-24360.997598146787
1567,1084413.249351254,84413.24935125397
1568,1087425.3848372486,87425.3848372486
1569,1162194.4490808113,162194.44908081135
1570,1077690.1791479043,77690.17914790427
1571,961261.6315355987,-38738.36846440134
1572,912155.6016606691,-87844.39833933092
1573,1004743.4063009679,4743.4063009679085
1574,911353.0648988194,-88646.93510118057
1575,1038219.511132642,38219.511132642045
1576,946324.6823993642,-53675.31760063581
1577,1045451.1792516963,45451.17925169633
1578,885835.8251448491,-114164.17485515086
1579,989998.2865313685,-10001.713468631497
1580,1034603.8309853254,34603.83098532539
1581,918200.1612029203,-81799.83879707975
1582,1079458.9321803122,79458.93218031223
1583,1032234.9399704442,32234.93997044419
1584,1039812.2195036865,39812.21950368653
1585,954770.6343843194,-45229.36561568058
1586,1012173.3728841913,12173.37288419134
1587,980593.0405097394,-19406.959490260575
1588,1025438.37677719,25438.376777190017
1589,988395.9096307175,-11604.090369282523
1590,980158.9979764661,-19841.002023533918
1591,1127173.2599363518,127173.2599363518
1592,1073794.6469552137,73794.64695521374
1593,1112574.6318417538,112574.63184175384
1594,1053770.183813303,53770.18381330301
1595,1068811.4043610333,68811.40436103335
1596,942954.477183325,-57045.52281667502
1597,1037768.452295603,37768.452295603
1598,975875.1379037423,-24124.86209625774
1599,1043016.4849159605,43016.484915960464
1600,1097692.8449439604,97692.84494396043
1601,1055337.8727120312,55337.87271203124
1602,947332.88341766,-52667.11658233998
1603,1005397.7818715309,5397.781871530926
1604,1015060.1223819599,15060.122381959925
1605,1032482.1974367761,32482.19743677613
1606,974922.672269706,-25077.327730293968
1607,1086715.1445123863,86715.1445123863
1608,955353.7407600447,-44646.25923995534
1609,1015349.23500908,15349.235009080032
1610,1102015.4753000406,102015.47530004056
1611,1054793.6494579522,54793.64945795224
1612,1015066.1042099129,15066.10420991294
1613,958836.096397459,-41163.90360254096
1614,1061834.3222366308,61834.32223663083
1615,974010.3829521845,-25989.617047815467
1616,1012565.1916400584,12565.191640058416
1617,1083645.340676657,83645.34067665692
1618,994645.1143289898,-5354.885671010241
1619,963080.4848578976,-36919.51514210238
1620,1067186.49349048,67186.49349047989
1621,1003457.2288571593,3457.2288571592653
1622,933816.1473678717,-66183.85263212828
1623,983626.1733380818,-16373.826661918196
1624,1108691.1441495395,108691.14414953953
1625,963608.9095698938,-36391.09043010615
1626,1055177.3715608194,55177.37156081945
1627,1026069.5178617516,26069.517861751607
1628,1047497.2219891403,47497.221989140264
1629,956678.4928986978,-43321.50710130215
1630,1023653.4200733114,23653.420073311427
1631,1037256.7132556431,37256.713255643146
1632,945263.2719434121,-54736.72805658786
1633,980897.2223141575,-19102.777685842477
1634,1018843.171789869,18843.171789868968
1635,984929.5571224092,-15070.442877590773
1636,990058.2106056819,-9941.789394318126
1637,1232893.536689811,232893.53668981092
1638,980791.4490402349,-19208.550959765096
1639,1032487.9178979148,32487.91789791477
1640,967732.1117546491,-32267.888245350914
1641,936828.2414571865,-63171.75854281348
1642,860853.0598496315,-139146.9401503685
1643,1071429.8839248957,71429.88392489566
1644,1007654.2265966233,7654.22659662331
1645,1041324.4866944937,41324.48669449368
1646,820540.4288341235,-179459.57116587646
1647,990984.5541403384,-9015.445859661559
1648,993124.1911183253,-6875.80888167466
1649,915987.416127796,-84012.58387220395
1650,1053439.134531793,53439.13453179295
1651,1117992.9652019755,117992.96520197554
1652,1010677.594051763,10677.59405176295
1653,1115583.938917568,115583.93891756795
1654,1114089.0587520425,114089.05875204247
1655,1023095.7651320691,23095.765132069122
1656,979210.1310237075,-20789.86897629255
1657,965985.3482036167,-34014.65179638332
1658,905707.4030920167,-94292.5969079833
1659,1013017.2161861741,13017.216186174075
1660,1002624.1726663772,2624.172666377155
1661,1049127.6331433514,49127.63314335141
1662,991306.6617852465,-8693.338214753545
1663,1072709.063020519,72709.06302051898
1664,877790.2495282182,-122209.75047178182
1665,1007523.5787508948,7523.578750894754
1666,1156209.3972647102,156209.39726471016
1667,1091175.5589600608,91175.55896006082
1668,1053407.559474958,53407.55947495811
1669,1018240.2616486099,18240.261648609885
1670,1155385.5577601043,155385.5577601043
1671,1114336.9459961618,114336.94599616178
1672,955889.8284798313,-44110.17152016866
1673,994755.4690336655,-5244.530966334511
1674,1013486.793716871,13486.793716870947
1675,963278.7267754914,-36721.27322450862
1676,980324.3924768327,-19675.607523167273
1677,1014435.5693666063,14435.569366606302
1678,1056167.399406361,56167.39940636093
1679,1182565.4423791629,182565.44237916288
1680,929502.414832939,-70497.58516706096
1681,976905.6339572307,-23094.36604276928
1682,1001161.6624599604,1161.6624599604402
1683,864873.5565859786,-135126.4434140214
1684,1055152.2375593493,55152.237559349276
1685,980538.3288018138,-19461.67119818623
1686,913650.429435387,-86349.57056461298
1687,950129.2239638594,-49870.776036140625
1688,1033090.4868309845,33090.486830984475
1689,1032012.7475078886,32012.74750788859
1690,981214.1103465692,-18785.889653430786
1691,1069243.109319717,69243.10931971692
1692,973520.2267801452,-26479.773219854804
1693,953673.599109022,-46326.40089097805
1694,954710.526616607,-45289.47338339302
1695,1095500.7251661117,95500.72516611172
1696,951713.1665240336,-48286.833475966356
1697,1064586.45438486,64586.454384859884
1698,1031539.8055769562,31539.80557695625
1699,912412.6419319046,-87587.3580680954
1700,1079119.1696909335,79119.16969093354
1701,979937.9256692699,-20062.07433073013
1702,1142930.2340519764,142930.23405197635
1703,1016743.4213603295,16743.421360329492
1704,1058546.2223469878,58546.22234698781
1705,818422.5498229063,-181577.45017709373
1706,1043420.4041655344,43420.40416553442
1707,1044928.1857111639,44928.18571116391
1708,1052268.9073367023,52268.90733670234
1709,1023937.8315115366,23937.831511536613
1710,925174.7411521388,-74825.2588478612
1711,1005998.5386663179,5998.538666317938
1712,1103435.7151162012,103435.7151162012
1713,1174894.9872182286,174894.98721822863
1714,1054900.0534587693,54900.05345876934
1715,1066255.1387336266,66255.13873362658
1716,1063811.8384498043,63811.838449804345
1717,1038487.8950206689,38487.89502066886
1718,997863.4643661788,-2136.535633821157
1719,981492.4726029468,-18507.5273970532
1720,1101609.8782333673,101609.87823336734
1721,1091292.1209224286,91292.12092242856
1722,978975.1335654366,-21024.866434563417
1723,1009536.1171944743,9536.117194474326
1724,1120705.7802548576,120705.78025485761
1725,1103359.1731837553,103359.17318375525
1726,1057504.076244443,57504.07624444296
1727,968113.2913671386,-31886.70863286138
1728,1056269.3959547214,56269.395954721374
1729,1062656.6499982239,62656.649998223875
1730,1033172.7038327467,33172.703832746716
1731,1052914.7510935825,52914.75109358248
1732,1032161.7860693571,32161.78606935707
1733,1015802.7762099846,15802.776209984557
1734,963196.1267995792,-36803.873200420756
1735,963256.5018669764,-36743.49813302362
1736,1038389.2913589878,38389.2913589878
1737,955662.5420843596,-44337.457915640436
1738,974328.349115632,-25671.65088436799
1739,1154192.9597755838,154192.95977558382
1740,1083414.5413631478,83414.54136314779
1741,1020850.0456605303,20850.045660530333
1742,1045766.6850035443,45766.68500354432
1743,985078.5757585082,-14921.424241491826
1744,953007.397814843,-46992.60218515701
1745,1081265.7330354627,81265.73303546268
1746,1028707.1325400372,28707.132540037157
1747,1038397.7406527023,38397.74065270228
1748,1020185.7095464206,20185.709546420607
1749,913472.4753925123,-86527.52460748772
1750,992858.9362480053,-7141.063751994749
1751,988506.5775760759,-11493.422423924087
1752,1025923.475522371,25923.47552237101
1753,1085547.293907994,85547.29390799394
1754,1163079.0857877792,163079.0857877792
1755,893279.3327173529,-106720.6672826471
1756,1081481.9923486095,81481.99234860949
1757,1022918.0275495487,22918.027549548657
1758,991344.7894339004,-8655.210566099617
1759,939527.135273419,-60472.86472658103
1760,1089441.2291478396,89441.2291478396
1761,1041659.508780349,41659.508780349046
1762,1055331.3768402308,55331.376840230776
1763,980976.0067942219,-19023.993205778068
1764,1063202.1494743973,63202.1494743973
1765,960188.8661875793,-39811.13381242065
1766,1064599.6216388126,64599.62163881259
1767,962589.967342481,-37410.03265751898
1768,926249.8431012792,-73750.15689872077
1769,954939.5801489061,-45060.4198510939
1770,1178706.6509552388,178706.65095523885
1771,1016751.7384398417,16751.73843984166
1772,992381.5890189162,-7618.410981083754
1773,942915.6093072001,-57084.390692799934
1774,1076283.6242771968,76283.62427719682
1775,1017039.5992290003,17039.599229000276
1776,977067.7568379948,-22932.24316200521
1777,993101.1199112077,-6898.880088792299
1778,974446.6039767977,-25553.39602320234
1779,1051684.8960337392,51684.896033739205
1780,1115671.348992395,115671.34899239498
1781,963213.7237134953,-36786.2762865047
1782,1033169.3106251825,33169.310625182465
1783,945502.4763629092,-54497.52363709081
1784,1018538.109501697,18538.109501697007
1785,939056.4723162734,-60943.52768372663
1786,998919.0292157917,-1080.9707842082717
1787,1093090.089496666,93090.0894966661
1788,1021244.806953534,21244.80695353402
1789,951180.3312895787,-48819.668710421305
1790,1044745.3900397519,44745.39003975189
1791,975539.1022269769,-24460.897773023113
1792,983298.1338980888,-16701.866101911175
1793,983778.1706880827,-16221.829311917303
1794,1048013.3439151831,48013.3439151831
1795,1075745.6380794786,75745.63807947864
1796,902274.5897336005,-97725.4102663995
1797,1045187.4479662182,45187.44796621823
1798,1102348.786059849,102348.78605984896
1799,1055474.8724702718,55474.87247027177
1800,1066710.795327608,66710.79532760801
1801,1036859.0472326647,36859.047232664656
1802,1164392.2860176875,164392.28601768753
1803,1008375.7752391389,8375.775239138864
1804,1014862.7184602601,14862.718460260076
1805,1035537.8414854916,35537.841485491605
1806,1148153.3964968384,148153.39649683842
1807,1070311.76999922,70311.76999922004
1808,932296.3909586741,-67703.60904132586
1809,968610.4691689836,-31389.530831016367
1810,1087207.3499288817,87207.34992888174
1811,885624.1867343085,-114375.81326569151
1812,952338.7658411907,-47661.2341588093
1813,1031632.3075071387,31632.3075071387
1814,978292.5200555251,-21707.47994447488
1815,1080671.104832057,80671.10483205691
1816,951227.6403326655,-48772.35966733447
1817,969157.2679274749,-30842.732072525076
1818,899574.0736753523,-100425.92632464773
1819,1072295.5375708553,72295.53757085535
1820,942692.7734747954,-57307.226525204605
1821,910067.8018148135,-89932.19818518648
1822,899195.1612303074,-100804.83876969258
1823,991150.8747681157,-8849.125231884304
1824,893718.8819460619,-106281.11805393815
1825,1064120.938496525,64120.938496524934
1826,997890.1049008871,-2109.8950991128804
1827,1039923.1458469857,39923.145846985746
1828,1007620.0802867599,7620.080286759883
1829,1070768.794014774,70768.79401477403
1830,966613.2829972077,-33386.717002792284
1831,1000674.3120427502,674.3120427501854
1832,990831.0619130108,-9168.93808698922
1833,979857.3161896969,-20142.683810303104
1834,941410.6701597944,-58589.32984020561
1835,959074.2173219257,-40925.78267807432
1836,1096342.3504629738,96342.35046297382
1837,973531.6658449649,-26468.33415503509
1838,1064837.8252024874,64837.82520248741
1839,952196.8645979475,-47803.13540205255
1840,990373.3930226372,-9626.606977362768
1841,1011705.5117120886,11705.511712088599
1842,981168.6073183024,-18831.392681697616
1843,950181.5723183379,-49818.42768166214
1844,1025981.2657404259,25981.265740425908
1845,920796.8799771902,-79203.12002280983
1846,1038602.9890957124,38602.98909571243
1847,938928.4920836455,-61071.50791635446
1848,1029442.2257025763,29442.22570257634
1849,1000916.6987536213,916.6987536213128
1850,1068752.5447056773,68752.54470567731
1851,933447.6790096044,-66552.32099039562
1852,991510.5755136709,-8489.42448632908
1853,1126634.9500374752,126634.95003747521
1854,1091529.063209447,91529.06320944708
1855,1113935.1291074313,113935.12910743128
1856,1135837.198829822,135837.198829822
1857,989895.5297706261,-10104.470229373896
1858,1030313.662290872,30313.66229087196
1859,1079996.2520621833,79996.25206218334
1860,865658.4934215415,-134341.50657845847
1861,1052234.8110507468,52234.81105074682
1862,945631.0787517373,-54368.92124826275
1863,998299.6498615223,-1700.3501384777483
1864,1058085.726615471,58085.72661547107
1865,1120406.9918486415,120406.99184864154
1866,953526.0727229597,-46473.92727704032
1867,936721.7828061167,-63278.21719388326
1868,1032808.1505055054,32808.150505505386
1869,993341.5710730929,-6658.4289269071305
1870,951128.825298688,-48871.174701311975
1871,1001474.8949833268,1474.8949833267834
1872,966433.8050264212,-33566.19497357879
1873,929102.1835405666,-70897.81645943341
1874,957886.4666624798,-42113.5333375202
1875,1103608.9917768715,103608.9917768715
1876,1012160.2519164095,12160.25191640947
1877,1047777.0798324739,47777.079832473886
1878,1004820.5576438399,4820.557643839857
1879,1017082.08309632,17082.083096320042
1880,1087026.3764083907,87026.3764083907
1881,1052329.9305019926,52329.93050199258
1882,979710.7181853319,-20289.281814668095
1883,855661.4413697622,-144338.55863023782
1884,1056626.112897579,56626.11289757909
1885,1063215.8729431715,63215.87294317153
1886,927044.0065375767,-72955.99346242333
1887,974414.0689117288,-25585.9310882712
1888,1000872.5727489296,872.5727489296114
1889,996797.5701213776,-3202.42987862241
1890,1012770.8882466966,12770.888246696559
1891,1032216.4029080548,32216.402908054763
1892,966204.6471901715,-33795.35280982847
1893,1040310.9433435211,40310.943343521096
1894,979330.7632895046,-20669.236710495432
1895,1089611.325042999,89611.32504299888
1896,987690.0175349235,-12309.982465076493
1897,957640.1415860831,-42359.858413916896
1898,981742.7457401758,-18257.25425982417
1899,1015666.221080858,15666.221080858028
1900,1015092.9003267562,15092.900326756178
1901,964511.2417690287,-35488.75823097129
1902,973182.1160936948,-26817.883906305186
1903,940397.792597578,-59602.20740242198
1904,1077286.2284141805,77286.22841418046
1905,992773.6293711556,-7226.370628844365
1906,1051875.0165543328,51875.016554332804
1907,1034263.9135519201,34263.91355192009
1908,1051462.8601475789,51462.860147578875
1909,982563.7937436581,-17436.206256341888
1910,1092951.8387210122,92951.83872101223
1911,1067620.2868354018,67620.28683540178
1912,1010195.6928742357,10195.692874235683
1913,940749.6665002094,-59250.333499790635
1914,1039662.7909994047,39662.79099940474
1915,1033892.0438456791,33892.043845679145
1916,1023153.8311591584,23153.831159158377
1917,956877.4030120376,-43122.59698796237
1918,1055842.6211421771,55842.621142177144
1919,1049814.2664542503,49814.26645425032
1920,936317.4307681157,-63682.56923188432
1921,948528.1538096295,-51471.8461903705
1922,980745.5829971106,-19254.417002889444
1923,1004387.9917275956,4387.991727595567
1924,1091923.4344396226,91923.43443962256
1925,1118827.653250969,118827.65325096902
1926,986616.8766762201,-13383.123323779902
1927,944130.6201029795,-55869.379897020524
1928,1085677.0925682248,85677.09256822476
1929,859361.5291829013,-140638.47081709874
1930,1060399.0199238237,60399.01992382365
1931,928505.8908803214,-71494.10911967861
1932,1099478.920684897,99478.92068489711
1933,1076911.5080069215,76911.5080069215
1934,1012984.5829755268,12984.582975526806
1935,1011258.7184861857,11258.718486185651
1936,1025414.3854780617,25414.38547806174
1937,1065454.852508108,65454.8525081079
1938,1106754.0310449142,106754.03104491415
1939,978136.2372094044,-21863.762790595647
1940,1043672.6075466496,43672.60754664964
1941,1075829.1360629662,75829.1360629662
1942,1166006.7285164217,166006.72851642175
1943,1009636.4617189722,9636.46171897219
1944,992460.0280011526,-7539.971998847439
1945,1046610.4555370961,46610.45553709613
1946,947360.4430685393,-52639.55693146074
1947,1043894.6077652889,43894.60776528891
1948,1102570.4434796805,102570.44347968046
1949,1052203.5049538843,52203.50495388429
1950,899790.5194444753,-100209.4805555247
1951,997921.1134679039,-2078.886532096076
1952,996635.4002968922,-3364.599703107844
1953,1017417.5274651702,17417.52746517025
1954,996022.3318690514,-3977.6681309485575
1955,1007794.4120236895,7794.412023689481
1956,1008759.3980001062,8759.398000106215
1957,1045048.008555367,45048.00855536701
1958,1029768.8202839077,29768.8202839077
1959,1006294.1022738727,6294.102273872704
1960,920868.9168099017,-79131.08319009829
1961,933444.5674931329,-66555.4325068671
1962,1100103.912182441,100103.91218244098
1963,1137625.059714225,137625.0597142249
1964,985520.6197702657,-14479.38022973435
1965,956325.8347089604,-43674.16529103962
1966,1086012.1624281153,86012.16242811526
1967,1102653.802114948,102653.80211494793
1968,1014888.1683897226,14888.168389722588
1969,1071020.2861830741,71020.28618307412
1970,1005851.267694958,5851.26769495802
1971,971653.5470923733,-28346.45290762675
1972,985097.4306258918,-14902.569374108221
1973,961643.3404942959,-38356.65950570407
1974,1034452.3936349705,34452.39363497053
1975,1124422.8949076107,124422.89490761072
1976,999799.5168602259,-200.4831397740636
1977,936840.2112444222,-63159.788755577756
1978,1050140.9029642914,50140.902964291396
1979,1054065.669840687,54065.669840686955
1980,1172400.0547625388,172400.05476253876
1981,1045561.140064736,45561.14006473601
1982,1083543.654700174,83543.654700174
1983,998940.6300379506,-1059.3699620494153
1984,1092814.1272135668,92814.1272135668
1985,1010870.5259359482,10870.525935948244
1986,899631.2738418523,-100368.72615814768
1987,1050361.3192282268,50361.319228226785
1988,1051611.2984568772,51611.29845687724
1989,989671.4107004798,-10328.589299520245
1990,947144.0940164371,-52855.90598356293
1991,1006456.9321038072,6456.932103807223
1992,1147631.5387622444,147631.5387622444
1993,977755.1261199453,-22244.873880054685
1994,954996.3668482834,-45003.63315171655
1995,974199.8623453415,-25800.137654658523
1996,977130.6097874411,-22869.39021255891
1997,928527.5532831085,-71472.44671689149
1998,1080624.4862119667,80624.48621196672
1999,1008858.6966548148,8858.696654814761
2000,1029591.7495551694,29591.749555169372
2001,1063502.3316581333,63502.331658133306
2002,859378.7403833283,-140621.2596166717
2003,1082914.3252787467,82914.32527874666
2004,994826.3946961535,-5173.6053038465325
2005,963625.7503967857,-36374.249603214324
2006,1124370.5075839686,124370.50758396857
2007,1034506.8048448336,34506.80484483356
2008,987203.4904944137,-12796.50950558635
2009,1096745.5377928796,96745.53779287962
2010,996578.8678436646,-3421.1321563353995
2011,1033434.1646777523,33434.1646777523
2012,980354.4152527433,-19645.58474725671
2013,1092688.844513077,92688.84451307706
2014,1064958.2316853534,64958.23168535344
2015,923614.409956674,-76385.59004332602
2016,1020464.6592870903,20464.659287090297
2017,980530.7966306381,-19469.20336936193
2018,1036911.7974841866,36911.797484186594
2019,915875.1911516705,-84124.80884832947
2020,1089199.057144227,89199.05714422697
2021,1053311.5086066478,53311.50860664784
2022,992006.7525202468,-7993.2474797532195
2023,994698.1237647521,-5301.876235247939
2024,1005927.857854723,5927.857854722999
2025,955328.9641757925,-44671.03582420747
2026,1025013.203571917,25013.203571917024
2027,1091520.0052421938,91520.00524219382
2028,1132426.0215405296,132426.02154052956
2029,995255.8190024678,-4744.18099753221
2030,1017554.9263497081,17554.926349708112
2031,993687.3365267087,-6312.663473291323
2032,1016725.3709769127,16725.370976912673
2033,961491.4337918008,-38508.56620819925
2034,987434.1041119978,-12565.89588800224
2035,1084781.9380845886,84781.93808458862
2036,1017073.795765629,17073.79576562904
2037,994059.8753207481,-5940.124679251923
2038,1109969.3497563093,109969.3497563093
2039,1003858.2551858571,3858.255185857066
2040,954949.3802585842,-45050.61974141584
2041,1027434.8399641382,27434.839964138228
2042,1055086.5726886322,55086.57268863218
2043,1014943.7195921156,14943.719592115609
2044,934759.3805414886,-65240.619458511355
2045,1041234.8420457796,41234.84204577957
2046,969293.9312106364,-30706.068789363606
2047,955374.781539226,-44625.21846077405
2048,915899.4952053291,-84100.50479467085
2049,937719.5562157141,-62280.44378428592
2050,1019039.7972941294,19039.797294129385
2051,1016169.7485475192,16169.748547519208
2052,1068180.2850923904,68180.28509239038
2053,1109069.639669681,109069.63966968097
2054,1054146.538562315,54146.53856231505
2055,1035453.4312771683,35453.43127716833
2056,1002616.6990054626,2616.6990054625785
2057,993440.7116532251,-6559.288346774876
2058,1074067.7385177384,74067.73851773841
2059,1045166.7923227787,45166.792322778725
2060,986294.9388041913,-13705.061195808696
2061,1035671.7292158708,35671.729215870844
2062,1034808.4249130125,34808.42491301254
2063,973013.3430422078,-26986.656957792235
2064,993333.9738849087,-6666.026115091285
2065,970670.4281039215,-29329.57189607853
2066,937591.3251203052,-62408.67487969482
2067,972825.4450983986,-27174.554901601397
2068,1097578.0831360084,97578.08313600835
2069,936240.1393591659,-63759.860640834086
2070,994685.0307989792,-5314.96920102078
2071,1007129.3586777726,7129.358677772572
2072,975242.5513310058,-24757.448668994242
2073,1111200.5337134846,111200.53371348465
2074,900285.3376059883,-99714.66239401174
2075,1039595.3729775911,39595.37297759112
2076,1018476.0808594954,18476.080859495443
2077,1059829.4221359426,59829.422135942616
2078,1000412.4906344285,412.49063442845363
2079,1075784.7470624954,75784.74706249544
2080,960849.198639656,-39150.80136034405
2081,1002090.0031083353,2090.0031083353097
2082,1101202.043615526,101202.04361552605
2083,1056073.7844153724,56073.784415372415
2084,1169518.4072865304,169518.40728653036
2085,996678.6310478015,-3321.368952198536
2086,1033748.6596795113,33748.65967951133
2087,1098278.6920640308,98278.6920640308
2088,1052535.0128881605,52535.012888160534
2089,1152228.056456963,152228.05645696307
2090,1013061.5196070425,13061.519607042545
2091,994813.3771234946,-5186.6228765053675
2092,1024382.3837638368,24382.383763836813
2093,1029961.6351467293,29961.6351467293
2094,1083975.7029480685,83975.7029480685
2095,959036.2413580089,-40963.758641991066
2096,913971.0143699398,-86028.9856300602
2097,1016108.5311597399,16108.531159739941
2098,1070839.381578362,70839.38157836208
2099,997206.7725401951,-2793.2274598048534
2100,1000337.2092306293,337.2092306292616
2101,995106.8953591345,-4893.104640865466
2102,1121419.5935335886,121419.59353358857
2103,1099672.9614825808,99672.96148258075
2104,888270.5238645591,-111729.47613544087
2105,1063858.092098824,63858.09209882398
2106,1087495.7770926016,87495.77709260164
2107,952329.6956571471,-47670.304342852905
2108,1001614.8176735624,1614.8176735624438
2109,1053755.3576429454,53755.35764294537
2110,1064210.8219691492,64210.82196914917
2111,956264.1597565692,-43735.84024343081
2112,998922.5519222255,-1077.4480777744902
2113,893029.3622577986,-106970.63774220145
2114,1110148.4884877554,110148.48848775541
2115,1064114.404942372,64114.404942372115
2116,1078908.5494422219,78908.54944222188
2117,970142.9816507328,-29857.018349267193
2118,957832.5181284968,-42167.48187150317
2119,896158.1545008282,-103841.84549917176
2120,962452.1772458715,-37547.82275412849
2121,1102022.5975190708,102022.59751907084
2122,966224.64526052,-33775.35473947995
2123,1039942.8761267926,39942.87612679263
2124,1140175.9049931373,140175.90499313734
2125,909262.3129556015,-90737.68704439851
2126,1110641.4483848803,110641.44838488032
2127,1070046.612393629,70046.61239362904
2128,953217.7622167645,-46782.2377832355
2129,1037914.1598615762,37914.15986157616
2130,993738.3631000889,-6261.6368999111
2131,964151.8054809426,-35848.194519057404
2132,919738.0128217113,-80261.98717828875
2133,905557.2234674173,-94442.7765325827
2134,1038501.0196234732,38501.01962347317
2135,1012024.1213739791,12024.121373979142
2136,983877.7134238271,-16122.286576172919
2137,845771.5193283875,-154228.48067161255
2138,1040172.7812836469,40172.78128364694
2139,915460.2778014546,-84539.72219854535
2140,1040645.9136336177,40645.91363361769
2141,851878.0683957805,-148121.93160421948
2142,1035802.8856814487,35802.88568144874
2143,986370.3265274981,-13629.67347250192
2144,1036677.9559873394,36677.955987339374
2145,969068.129430139,-30931.87056986103
2146,1048825.5526019826,48825.55260198261
2147,936899.9881357893,-63100.01186421071
2148,968263.8827165425,-31736.11728345754
2149,976777.9566149365,-23222.04338506353
2150,997694.7276745649,-2305.2723254350713
2151,995331.28913644,-4668.7108635599725
2152,1068809.9235568861,68809.92355688615
2153,1147570.0281729917,147570.0281729917
2154,987332.9811996479,-12667.018800352118
2155,1075020.6823951525,75020.68239515251
2156,989473.0066132084,-10526.993386791553
2157,1045797.6091070493,45797.6091070493
2158,1001435.5748011365,1435.5748011365067
2159,1012813.6361888036,12813.63618880359
2160,1079163.275898731,79163.27589873108
2161,938240.8503072141,-61759.149692785926
2162,1095722.8271669527,95722.82716695266
2163,1044328.1654679844,44328.16546798439
2164,968869.1119655754,-31130.888034424628
2165,1009342.336022109,9342.336022109026
2166,957214.9966758988,-42785.00332410121
2167,1013537.7531828722,13537.753182872199
2168,1076186.6840713858,76186.68407138577
2169,1079848.6713271493,79848.67132714926
2170,1008312.9076591637,8312.907659163699
2171,950303.985249248,-49696.014750752016
2172,1007578.0455106569,7578.045510656899
2173,881303.8962710775,-118696.10372892255
2174,1099587.5376709881,99587.53767098812
2175,1111387.9235541378,111387.92355413781
2176,890093.5647144989,-109906.43528550107
2177,980457.7834865727,-19542.216513427324
2178,1026294.2333141285,26294.233314128476
2179,957421.6253149037,-42578.37468509632
2180,983506.6474096663,-16493.35259033367
2181,954044.4047165553,-45955.59528344474
2182,1139645.1547705273,139645.15477052727
2183,1084747.6991708397,84747.69917083974
2184,1016166.2629885304,16166.262988530449
2185,1240657.2030593457,240657.20305934572
2186,981335.7407764494,-18664.259223550558
2187,1100436.4701508118,100436.47015081183
2188,1004463.5892331499,4463.589233149891
2189,1004705.9897413659,4705.989741365891
2190,999305.208499274,-694.7915007260162
2191,940284.939625166,-59715.06037483399
2192,1093792.4427726336,93792.44277263363
2193,1006152.6620324887,6152.6620324887335
2194,1041562.1512317169,41562.15123171685
2195,975018.8488130849,-24981.151186915115
2196,963291.9362671357,-36708.063732864335
2197,1004735.8061495499,4735.806149549899
2198,999532.7549467891,-467.2450532108778
2199,872398.1470231301,-127601.85297686991
2200,1059792.1419612118,59792.141961211804
2201,1082753.782271047,82753.78227104689
2202,1226544.731673927,226544.73167392705
2203,1023509.7992440811,23509.799244081136
2204,955564.1163972428,-44435.88360275724
2205,953148.0573420331,-46851.942657966865
2206,1022254.152577909,22254.152577908942
2207,959775.62438677,-40224.37561323005
2208,1011217.8210842072,11217.821084207157
2209,1092989.6569254275,92989.6569254275
2210,1021259.3881939364,21259.388193936436
2211,870653.61376976,-129346.38623024
2212,1018634.3473238524,18634.34732385236
2213,993873.301067794,-6126.698932206025
2214,1091766.3519539484,91766.35195394838
2215,1056721.9775423778,56721.977542377776
2216,1045649.3786412558,45649.37864125578
2217,979984.5968574483,-20015.40314255166
2218,1025504.1773131599,25504.17731315992
2219,1024359.4963366025,24359.49633660249
2220,1107930.522462674,107930.52246267395
2221,1068440.9888639664,68440.98886396643
2222,1057326.004283216,57326.00428321608
2223,1130494.7823124412,130494.78231244115
2224,1052479.5226792197,52479.52267921972
2225,990170.1996448501,-9829.800355149899
2226,985988.315775639,-14011.684224360972
2227,958059.8206220272,-41940.17937797285
2228,954142.5091411065,-45857.49085889349
2229,983797.0929334122,-16202.907066587824
2230,990100.9524749933,-9899.047525006696
2231,881825.9612086054,-118174.03879139456
2232,1004878.7031787705,4878.703178770491
2233,1041285.1525547142,41285.15255471424
2234,1011688.101431472,11688.101431471994
2235,1111142.6658928595,111142.66589285946
2236,993220.7150680536,-6779.284931946429
2237,1122129.2108858754,122129.21088587539
2238,1075785.1702708616,75785.17027086159
2239,1050719.2736718205,50719.27367182053
2240,968940.6027682603,-31059.397231739713
2241,1030314.6410531605,30314.641053160536
2242,1052266.0440694499,52266.04406944988
2243,1023818.4323002328,23818.432300232816
2244,1063828.876968583,63828.87696858309
2245,942776.120124345,-57223.87987565505
2246,900367.9919061658,-99632.00809383416
2247,1022640.3732675511,22640.37326755107
2248,977611.0778173594,-22388.922182640643
2249,1032952.9468087895,32952.94680878951
2250,957424.733895972,-42575.26610402798
2251,1044570.4907819664,44570.490781966364
2252,937760.4206656612,-62239.57933433878
2253,1075752.8337455175,75752.83374551754
2254,1152893.396776945,152893.3967769451
2255,1014621.3620213573,14621.362021357287
2256,957614.0086294138,-42385.99137058621
2257,1068218.1036793988,68218.10367939877
2258,983474.3818084158,-16525.618191584246
2259,910451.5966248151,-89548.40337518486
2260,943311.3640859706,-56688.63591402944
2261,1014786.7691792878,14786.769179287832
2262,1124590.2737635614,124590.27376356139
2263,864319.3243204735,-135680.67567952652
2264,1045873.307075167,45873.30707516696
2265,1026767.7070007065,26767.70700070646
2266,1125323.8246363192,125323.82463631919
2267,968712.1015515309,-31287.898448469117
2268,1011267.2936112616,11267.293611261644
2269,1037411.1944526784,37411.194452678435
2270,996579.6262976709,-3420.373702329118
2271,1107120.7271541022,107120.72715410218
2272,995167.9496763343,-4832.050323665724
2273,998698.7108158018,-1301.2891841982491
2274,935661.0985497711,-64338.90145022888
2275,1004359.648196723,4359.648196722963
2276,990752.8974630455,-9247.102536954451
2277,1059986.618948469,59986.61894846894
2278,952937.7299906692,-47062.27000933082
2279,931828.6975836783,-68171.3024163217
2280,1015532.9766345873,15532.976634587278
2281,965591.9916486175,-34408.00835138245
2282,1047521.6463207618,47521.64632076176
2283,1035903.8554013837,35903.85540138371
2284,1036218.0878497578,36218.08784975775
2285,1134744.3170905064,134744.31709050643
2286,1069085.185531608,69085.18553160806
2287,1091853.2173179265,91853.21731792646
2288,974690.5924635587,-25309.407536441344
2289,954562.0537159158,-45437.94628408423
2290,984998.1968173152,-15001.803182684816
2291,1064037.3970630588,64037.3970630588
2292,1048663.6416134282,48663.64161342825
2293,1003024.1230363545,3024.1230363545474
2294,1030887.6034195344,30887.603419534396
2295,1100203.1890226598,100203.18902265979
2296,859310.8576897364,-140689.1423102636
2297,1127669.247060649,127669.2470606491
2298,1094052.5661038384,94052.56610383838
2299,1041864.4993722854,41864.49937228544
2300,1010060.9348295748,10060.934829574777
2301,992968.2183390247,-7031.781660975306
2302,1084138.3324957318,84138.33249573177
2303,909637.8941196406,-90362.10588035942
2304,988237.8474216298,-11762.15257837018
2305,983197.8479227291,-16802.152077270905
2306,1036440.0989060117,36440.09890601167
2307,954613.1940556397,-45386.80594436033
2308,1032324.0333632318,32324.033363231807
2309,1050390.4310352448,50390.43103524484
2310,909358.9655582159,-90641.03444178414
2311,1071803.041857873,71803.04185787309
2312,974452.2219655464,-25547.77803445363
2313,806625.8539268733,-193374.1460731267
2314,1099043.610782171,99043.6107821709
2315,1094491.8266441151,94491.82664411515
2316,1021313.875976192,21313.87597619195
2317,1013753.643566551,13753.643566551036
2318,1135893.5895338363,135893.58953383635
2319,909379.4007672647,-90620.59923273535
2320,942874.2056716427,-57125.794328357326
2321,1109596.4729065371,109596.47290653712
2322,886799.7376811713,-113200.26231882873
2323,966622.1138355772,-33377.886164422845
2324,1071399.9029385017,71399.90293850168
2325,1178245.66922957,178245.66922957008
2326,933352.5359319453,-66647.46406805469
2327,875816.2090431193,-124183.79095688066
2328,1016999.9263872058,16999.926387205836
2329,974813.7119285787,-25186.288071421324
2330,975048.0837401289,-24951.916259871097
2331,1133850.4601633209,133850.46016332088
2332,925958.0008843968,-74041.99911560316
2333,861139.0807013816,-138860.91929861845
2334,1007251.134525791,7251.134525791043
2335,1058054.597105062,58054.5971050621
2336,998131.3528876326,-1868.6471123674419
2337,944719.5709833638,-55280.42901663622
2338,1037030.1622274114,37030.162227411405
2339,1035068.4717548642,35068.47175486421
2340,955525.3052462083,-44474.69475379167
2341,920435.2843364317,-79564.71566356835
2342,1222477.3005787095,222477.30057870946
2343,1049530.0701797758,49530.07017977582
2344,999599.8039297512,-400.19607024884317
2345,971998.3493263684,-28001.65067363158
2346,913487.5755305619,-86512.42446943815
2347,1136283.5402625448,136283.54026254476
2348,949040.3826727774,-50959.6173272226
2349,1042055.1877781863,42055.187778186286
2350,1034816.1514526148,34816.15145261481
2351,975373.5217154376,-24626.478284562356
2352,1012354.657479532,12354.657479531947
2353,983902.35649338,-16097.643506619963
2354,1060761.3658536857,60761.36585368565
2355,1034476.5954075368,34476.595407536835
2356,1001769.0167832489,1769.016783248866
2357,1040503.552572637,40503.55257263698
2358,1067295.339822469,67295.33982246905
2359,948373.7179404473,-51626.28205955273
2360,1056930.246448629,56930.24644862907
2361,978771.9524326675,-21228.047567332513
2362,1023880.9898913989,23880.98989139893
2363,1121648.143011032,121648.1430110319
2364,1161242.322626618,161242.32262661797
2365,980052.2490789139,-19947.75092108606
2366,1013084.6967879819,13084.696787981899
2367,1023127.610135752,23127.61013575201
2368,1025845.5537549271,25845.553754927125
2369,1072222.8332152208,72222.83321522083
2370,1111647.29732034,111647.29732034006
2371,1085197.5058557668,85197.50585576682
2372,914134.3958285045,-85865.60417149554
2373,1137776.184816809,137776.1848168089
2374,1147779.8659427126,147779.86594271264
2375,993440.4770004717,-6559.52299952833
2376,1080028.7737538803,80028.77375388029
2377,1014917.980181379,14917.98018137901
2378,1037279.8559612635,37279.85596126353
2379,1057713.328325075,57713.3283250751
2380,863800.6241776318,-136199.3758223682
2381,1081177.8296819148,81177.82968191477
2382,1061018.7153536957,61018.715353695676
2383,945556.5637696969,-54443.43623030314
2384,999686.7562334882,-313.24376651179045
2385,1068547.877985335,68547.87798533496
2386,1006511.598727204,6511.598727204022
2387,1052485.8851432363,52485.88514323626
2388,1055346.1252953166,55346.12529531657
2389,956822.208474175,-43177.79152582504
2390,1005957.5858925927,5957.585892592673
2391,987823.7912992623,-12176.208700737683
2392,1025450.3822573435,25450.382257343503
2393,954676.5441758678,-45323.455824132194
2394,1032590.729044494,32590.729044493986
2395,946066.5319485029,-53933.468051497126
2396,927962.8851593185,-72037.11484068155
2397,1001532.0005374622,1532.0005374621833
2398,1055310.038489272,55310.03848927189
2399,1009465.7961039104,9465.796103910427
2400,1029532.7942492736,29532.794249273604
2401,1022017.1490304051,22017.149030405097
2402,1013270.4076517414,13270.407651741407
2403,1068183.0347529612,68183.03475296125
2404,1084664.5683097115,84664.56830971153
2405,1116631.6428636857,116631.64286368573
2406,957634.5342961656,-42365.46570383443
2407,1086799.8741085483,86799.87410854828
2408,975214.2523853043,-24785.74761469569
2409,850381.4532663348,-149618.54673366516
2410,986804.8059832684,-13195.194016731577
2411,1052541.8883876575,52541.88838765747
2412,1035737.9946615217,35737.99466152175
2413,1035326.8049177154,35326.80491771537
2414,1034019.047604861,34019.04760486097
2415,1006025.8363959993,6025.8363959993
2416,1041882.828543399,41882.828543398995
2417,993070.6094457062,-6929.390554293757
2418,1000400.9313181412,400.9313181411708
2419,1075339.1648317287,75339.16483172867
2420,1009337.8747363624,9337.87473636237
2421,1034245.2137671767,34245.21376717673
2422,1005458.1391533288,5458.139153328841
2423,1035327.2561845548,35327.256184554775
2424,937626.5341078303,-62373.46589216974
2425,1028919.9435165599,28919.9435165599
2426,995661.653961309,-4338.346038691001
2427,963077.0762209087,-36922.92377909133
2428,1048373.5873042435,48373.58730424347
2429,976727.3917054826,-23272.608294517384
2430,969135.3632987135,-30864.636701286538
2431,1104901.1830511715,104901.18305117148
2432,951889.7826681965,-48110.21733180352
2433,1034134.5454008019,34134.54540080193
2434,1094911.864656721,94911.86465672101
2435,963779.2920779376,-36220.70792206237
2436,1207073.1424691884,207073.14246918843
2437,967424.9048099135,-32575.09519008652
2438,945534.547826469,-54465.452173531055
2439,952821.8061284908,-47178.19387150917
2440,1004691.6455044021,4691.645504402113
2441,984230.5224395483,-15769.47756045172
2442,930629.2043052376,-69370.79569476238
2443,1172006.4433334456,172006.44333344558
2444,1020394.7267154632,20394.726715463214
2445,1136967.3950656748,136967.3950656748
2446,970576.0291353025,-29423.970864697476
2447,1084210.60404119,84210.60404118989
2448,1113242.7479784521,113242.74797845213
2449,999471.2840855897,-528.7159144103061
2450,995214.000870581,-4785.999129418982
2451,1162405.8708518827,162405.87085188273
2452,970036.9553883951,-29963.044611604884
2453,1061347.3639833792,61347.36398337921
2454,989923.098392793,-10076.901607207023
2455,1028661.4572795831,28661.45727958309
2456,1052333.5572472233,52333.55724722333
2457,946174.0833701629,-53825.91662983713
2458,1045409.8049474936,45409.8049474936
2459,1064599.152141889,64599.15214188909
2460,1111551.42550933,111551.42550932989
2461,1083234.0848581686,83234.08485816862
2462,953201.6037050439,-46798.396294956096
2463,1063562.3706887017,63562.37068870175
2464,1035126.3105051111,35126.31050511112
2465,943764.261492731,-56235.73850726895
2466,1185030.4583529977,185030.45835299767
2467,915302.411465819,-84697.588534181
2468,1034262.9012984814,34262.90129848139
2469,1059319.4064343935,59319.40643439349
2470,947444.8105699283,-52555.18943007174
2471,999672.5160474314,-327.48395256861113
2472,1012781.4077153787,12781.407715378678
2473,1042768.9905207173,42768.99052071734
2474,1094383.7567323884,94383.7567323884
2475,1005778.8149635817,5778.814963581739
2476,1033588.976377698,33588.97637769801
2477,1143779.7558087176,143779.75580871757
2478,956338.6443828369,-43661.35561716312
2479,1097936.5107356342,97936.51073563425
2480,994675.062972055,-5324.93702794495
2481,967704.1095818604,-32295.890418139636
2482,982315.1586266311,-17684.841373368865
2483,1043835.934854493,43835.93485449301
2484,964881.7876616846,-35118.21233831544
2485,991034.8994030812,-8965.10059691884
2486,889793.5175014723,-110206.48249852774
2487,1030652.3165603661,30652.316560366075
2488,984665.0203935112,-15334.979606488836
2489,1005343.4413856133,5343.441385613289
2490,1072017.6375868523,72017.6375868523
2491,1030943.0400150481,30943.040015048115
2492,983966.6232233254,-16033.376776674646
2493,958044.4434052795,-41955.55659472046
2494,1028440.3465389945,28440.34653899446
2495,1130963.3703099885,130963.3703099885
2496,1099575.1563221002,99575.1563221002
2497,1110104.179141511,110104.17914151098
2498,1014619.0229400023,14619.022940002265
2499,977574.6493180743,-22425.350681925658
2500,980018.5083225318,-19981.491677468177
2501,1056979.7930462689,56979.79304626887
2502,1067689.1987596005,67689.19875960052
2503,837488.8747609897,-162511.12523901032
2504,1107500.1222428684,107500.12224286841
2505,1045420.4412989852,45420.441298985155
2506,918710.4902520301,-81289.50974796992
2507,1075250.9688320064,75250.96883200645
2508,1015198.0716832327,15198.071683232673
2509,993476.7940408536,-6523.205959146377
2510,1189462.895876982,189462.89587698202
2511,1127768.6798653377,127768.67986533768
2512,988323.8245875221,-11676.175412477925
2513,990917.6347214287,-9082.365278571262
2514,998747.05643346,-1252.9435665400233
2515,1003908.7016550683,3908.7016550683184
2516,1076784.7680695471,76784.76806954714
2517,1046553.7819363091,46553.78193630907
2518,963266.8497924525,-36733.15020754747
2519,1073674.1010249248,73674.10102492478
2520,1037569.4165094763,37569.41650947626
2521,935838.2081422459,-64161.79185775411
2522,947013.4147093692,-52986.585290630814
2523,1226866.9257922848,226866.92579228478
2524,1050070.1400629645,50070.14006296452
2525,985485.2571879114,-14514.742812088574
2526,1001124.3054322061,1124.3054322061362
2527,1088562.157203847,88562.15720384708
2528,998073.7052917838,-1926.2947082162136
2529,961202.9896815752,-38797.010318424786
2530,998576.4586620077,-1423.5413379922975
2531,1048931.4640476536,48931.4640476536
2532,987960.917204598,-12039.082795402035
2533,859628.0028268672,-140371.99717313284
2534,1071774.0268556818,71774.02685568179
2535,938081.4954482131,-61918.50455178693
2536,1020403.1042011244,20403.1042011244
2537,897598.5125624808,-102401.48743751924
2538,1121122.5006762717,121122.50067627174
2539,991618.5987114927,-8381.401288507273
2540,946928.7725777865,-53071.22742221353
2541,1008380.3809961893,8380.380996189313
2542,1037912.3193143804,37912.31931438041
2543,1000460.8207286518,460.82072865183
2544,1004692.3869663182,4692.386966318241
2545,1096465.4398318713,96465.4398318713
2546,1038798.6868726107,38798.686872610706
2547,1028907.8209718559,28907.820971855894
2548,1122253.3700881258,122253.37008812581
2549,1018142.7981893596,18142.7981893596
2550,1036224.5936187902,36224.59361879015
2551,946629.5424017615,-53370.457598238485
2552,1059885.8369902736,59885.83699027356
2553,904348.2395134078,-95651.76048659219
2554,942275.0430788342,-57724.95692116581
2555,916104.0822221705,-83895.91777782945
2556,1075536.5764929273,75536.57649292727
2557,1003410.9651198777,3410.9651198777137
2558,1035833.6446697385,35833.64466973848
2559,1074136.3471676232,74136.34716762323
2560,979441.052146879,-20558.947853120975
2561,965276.2515480791,-34723.748451920925
2562,1000907.6013996279,907.6013996278634
2563,1026828.7292252866,26828.729225286632
2564,1010166.7611684253,10166.76116842532
2565,1052982.5018800944,52982.50188009441
2566,1031925.0190583282,31925.01905832824
2567,1083822.1986732997,83822.19867329975
2568,979577.6563600638,-20422.34363993618
2569,1124985.064448186,124985.06444818596
2570,994758.7450941908,-5241.254905809183
2571,992806.5113615963,-7193.488638403709
2572,1147087.1256730766,147087.1256730766
2573,901781.2533239167,-98218.7466760833
2574,957679.1479093414,-42320.85209065862
2575,1052842.4736620411,52842.47366204113
2576,1139958.0810843387,139958.08108433872
2577,1049854.8487217415,49854.848721741466
2578,966971.6204945735,-33028.37950542651
2579,1034049.3494031702,34049.34940317017
2580,1050745.0725739256,50745.0725739256
2581,966477.1904896195,-33522.809510380495
2582,971070.8218687383,-28929.178131261724
2583,1153290.0063152513,153290.00631525135
2584,1076590.6243462334,76590.62434623344
2585,1079373.3624223138,79373.36242231377
2586,1088489.521577217,88489.52157721692
2587,990412.6422801185,-9587.35771988146
2588,960639.2246544119,-39360.7753455881
2589,960430.969735274,-39569.030264726025
2590,1019500.9518543228,19500.951854322804
2591,1106427.2861907638,106427.28619076381
2592,1039658.513360832,39658.513360832
2593,860891.1438236965,-139108.85617630347
2594,994388.2003816789,-5611.799618321122
2595,960406.381424034,-39593.618575965986
2596,893632.1703960189,-106367.82960398111
2597,1054838.886295968,54838.88629596797
2598,1021839.4217067575,21839.42170675751
2599,956451.8796238389,-43548.12037616107
2600,899029.5549621909,-100970.44503780908
2601,953029.3909775114,-46970.609022488585
2602,1039532.756964348,39532.756964348024
2603,1084162.1364280328,84162.13642803277
2604,858211.361325185,-141788.63867481495
2605,1087462.587363163,87462.58736316301
2606,1123200.5984335155,123200.59843351552
2607,1022512.9331696923,22512.93316969229
2608,1022541.73781352,22541.737813520012
2609,991339.8245027042,-8660.1754972958
2610,919515.1001572459,-80484.89984275412
2611,1048932.828485984,48932.82848598389
2612,952306.8715787512,-47693.12842124875
2613,1019005.1223441021,19005.12234410213
2614,995464.5508895556,-4535.449110444402
2615,988129.6249798504,-11870.37502014963
2616,996941.1977305746,-3058.8022694253596
2617,1006545.0721427134,6545.072142713354
2618,966915.0646832176,-33084.935316782445
2619,1090590.6761393172,90590.67613931722
2620,1069760.3681535309,69760.36815353087
2621,964220.0895861493,-35779.91041385068
2622,1119856.991281591,119856.99128159089
2623,1034324.4740629877,34324.47406298772
2624,959102.7724398082,-40897.227560191764
2625,1005877.9666655766,5877.966665576561
2626,1086840.7780893645,86840.77808936452
2627,1030616.0298097763,30616.029809776344
2628,980524.1328728229,-19475.867127177073
2629,994814.6893375898,-5185.310662410222
2630,1125499.1301460518,125499.13014605176
2631,1123245.1367161472,123245.13671614719
2632,1033584.015654875,33584.015654874966
2633,922542.6838169072,-77457.31618309277
2634,1008858.6714471057,8858.671447105706
2635,957648.1811412341,-42351.81885876588
2636,899670.9084061736,-100329.09159382642
2637,991809.3663089803,-8190.633691019728
2638,1007482.2682054223,7482.268205422326
2639,994346.112137847,-5653.887862153002
2640,922674.3766922243,-77325.6233077757
2641,1020746.1967737126,20746.19677371264
2642,970623.3434729167,-29376.65652708325
2643,988216.6541754458,-11783.345824554213
2644,1134435.7066865964,134435.7066865964
2645,972866.1326548206,-27133.86734517943
2646,962859.7097922124,-37140.29020778765
2647,1080148.1070877677,80148.10708776768
2648,1041009.8070600257,41009.80706002575
2649,983719.6182295798,-16280.381770420237
2650,994610.9295938071,-5389.070406192914
2651,997406.1662320803,-2593.8337679196848
2652,1022569.2285261798,22569.228526179795
2653,931483.0609602702,-68516.93903972977
2654,995359.7401456123,-4640.259854387725
2655,915574.5547484938,-84425.44525150617
2656,980799.4016798981,-19200.598320101853
2657,940565.960326086,-59434.03967391397
2658,1028468.6865860698,28468.686586069758
2659,1026129.5394872894,26129.53948728938
2660,1024825.1432636261,24825.143263626145
2661,997499.4600826018,-2500.539917398244
2662,1056034.8091297508,56034.80912975082
2663,941962.3099234692,-58037.690076530795
2664,1007966.9176069326,7966.917606932577
2665,960774.4957183142,-39225.504281685804
2666,904272.1243151037,-95727.87568489625
2667,1008773.8009457812,8773.800945781171
2668,1034048.547039726,34048.54703972605
2669,980606.4686153412,-19393.531384658767
2670,996454.5106961714,-3545.4893038285663
2671,980564.3730482442,-19435.62695175584
2672,1112965.5290917174,112965.52909171744
2673,927852.7924588514,-72147.20754114864
2674,1006999.8700352694,6999.870035269414
2675,1128402.0679922367,128402.0679922367
2676,952364.7121915463,-47635.287808453664
2677,997927.751931629,-2072.2480683709728
2678,961932.648376386,-38067.35162361397
2679,944439.1192087437,-55560.88079125632
2680,933212.3477463013,-66787.65225369867
2681,1022083.4787151136,22083.478715113597
2682,1015602.3945218431,15602.39452184306
2683,943741.1737666451,-56258.82623335486
2684,870289.5481362705,-129710.45186372951
2685,1000070.9719128447,70.97191284468863
2686,1033819.6605403458,33819.66054034582
2687,1055291.1230086547,55291.123008654686
2688,1073731.7231302597,73731.72313025966
2689,1071778.2403051856,71778.24030518555
2690,1045828.7885802155,45828.788580215536
2691,985840.7026404645,-14159.29735953547
2692,947062.6989251935,-52937.301074806484
2693,1084118.647040271,84118.64704027097
2694,942881.1012392322,-57118.89876076777
2695,1031951.9481634864,31951.948163486435
2696,1011029.0921668978,11029.09216689784
2697,957180.168047985,-42819.831952015054
2698,1075673.8208618509,75673.82086185087
2699,987023.3221882277,-12976.67781177233
2700,1037164.4865032017,37164.48650320165
2701,1122958.2955765717,122958.29557657172
2702,980765.214917333,-19234.78508266702
2703,1032025.309375536,32025.309375536046
2704,937764.6278068247,-62235.37219317525
2705,935396.4837934612,-64603.51620653877
2706,960477.4002952265,-39522.599704773515
2707,855808.8637612965,-144191.1362387035
2708,959563.2859848265,-40436.71401517349
2709,1036765.4784234688,36765.47842346877
2710,1020859.9847502251,20859.984750225092
2711,1094779.242898924,94779.24289892404
2712,1165564.4986082215,165564.49860822153
2713,919833.0511950382,-80166.94880496175
2714,973803.6053683404,-26196.394631659612
2715,956956.0772193667,-43043.92278063332
2716,988397.4637189314,-11602.536281068576
2717,1096422.5720807563,96422.5720807563
2718,927443.3884733523,-72556.6115266477
2719,1065259.8050395155,65259.805039515486
2720,970688.1702849197,-29311.829715080326
2721,987871.580227197,-12128.419772802969
2722,1105069.7820652674,105069.78206526744
2723,1064218.500911159,64218.500911158975
2724,950321.1021494778,-49678.89785052219
2725,930662.347166969,-69337.65283303102
2726,1021178.9504722704,21178.95047227037
2727,1110442.5294379015,110442.52943790145
2728,993988.7256467856,-6011.274353214423
2729,989021.3902881965,-10978.609711803496
2730,1067183.4188713501,67183.41887135012
2731,967718.3507465919,-32281.649253408075
2732,960130.7688365233,-39869.23116347671
2733,1017840.932334773,17840.93233477301
2734,1056703.236991629,56703.236991629004
2735,979884.0412573142,-20115.95874268585
2736,1106575.3157001503,106575.31570015033
2737,1139671.0305469176,139671.03054691758
2738,958521.7288450236,-41478.27115497645
2739,943984.0751885264,-56015.92481147358
2740,993954.4541820048,-6045.545817995211
2741,1050692.07595785,50692.07595785009
2742,1024193.7576506836,24193.757650683634
2743,996254.0003082039,-3745.99969179614
2744,1040848.2579029845,40848.25790298451
2745,996630.272038689,-3369.7279613110004
2746,887917.6173601408,-112082.38263985922
2747,1115442.9534126164,115442.95341261639
2748,1024132.160396333,24132.16039633297
2749,1036717.2265686288,36717.2265686288
2750,1035926.6648866594,35926.66488665936
2751,975732.6630955394,-24267.336904460564
2752,925833.35079209,-74166.64920791006
2753,874714.1927518357,-125285.80724816432
2754,1091912.8601025997,91912.86010259972
2755,988880.750243532,-11119.249756467994
2756,1200015.4909214985,200015.4909214985
2757,1082740.2686178836,82740.26861788356
2758,1063937.5072203183,63937.50722031831
2759,1068468.4402108416,68468.4402108416
2760,1041916.7374746727,41916.73747467273
2761,1067060.032423118,67060.0324231179
2762,1147256.5892401282,147256.58924012817
2763,1117324.3169244528,117324.31692445278
2764,1018848.9848145957,18848.984814595664
2765,1029507.1887366684,29507.18873666844
2766,1000696.7660859269,696.766085926909
2767,997740.3579354687,-2259.6420645313337
2768,1024343.7536475142,24343.753647514153
2769,1148089.7930446886,148089.79304468865
2770,992970.9614269207,-7029.038573079277
2771,1084177.4235031782,84177.42350317817
2772,932361.878745027,-67638.121254973
2773,965049.0265975038,-34950.973402496194
2774,1050107.2270833089,50107.227083308855
2775,1012468.0114535296,12468.011453529587
2776,960113.841208942,-39886.158791058
2777,861334.0633360933,-138665.93666390667
2778,855018.234251958,-144981.76574804203
2779,1169899.5640101072,169899.5640101072
2780,1031919.2210519555,31919.22105195548
2781,1073210.1183799228,73210.11837992282
2782,902186.2039492958,-97813.7960507042
2783,1036684.841152572,36684.84115257196
2784,959966.9964785965,-40033.00352140353
2785,1000998.702984564,998.7029845640063
2786,988279.4020157591,-11720.597984240856
2787,939491.4369831531,-60508.56301684689
2788,1033222.2984742325,33222.29847423255
2789,1152236.1318012036,152236.1318012036
2790,1101590.469923823,101590.46992382291
2791,1174620.1233165455,174620.1233165455
2792,989580.0137433301,-10419.986256669858
2793,1015928.3499164373,15928.349916437292
2794,1038115.4255597643,38115.42555976426
2795,1059037.1834930142,59037.18349301419
2796,1045866.3889608588,45866.38896085881
2797,1021984.8572461184,21984.857246118365
2798,1018637.7371092588,18637.73710925877
2799,960277.9631858459,-39722.036814154126
2800,1065292.5171767222,65292.51717672218
2801,963645.9881388361,-36354.01186116389
2802,946646.0890962601,-53353.91090373986
2803,964224.1229359988,-35775.877064001164
2804,994657.4688738919,-5342.531126108137
2805,1075904.9636842494,75904.96368424944
2806,991825.5230273629,-8174.476972637116
2807,914215.801442541,-85784.19855745905
2808,1156049.2773940337,156049.27739403374
2809,950929.7294669885,-49070.27053301153
2810,973085.4175983265,-26914.582401673542
2811,1031702.929284501,31702.929284501006
2812,955158.8860459626,-44841.11395403743
2813,1035876.3070310382,35876.30703103822
2814,943285.1262873345,-56714.87371266552
2815,1138970.835236136,138970.8352361361
2816,964873.8012074372,-35126.19879256282
2817,1174467.1565554282,174467.15655542817
2818,964170.1531312601,-35829.84686873993
2819,961595.9589193108,-38404.041080689174
2820,953289.3747527347,-46710.62524726533
2821,932682.873316951,-67317.12668304902
2822,988686.7873635582,-11313.212636441807
2823,949479.6342623334,-50520.36573766661
2824,989608.9157274966,-10391.084272503387
2825,1011272.6829292758,11272.68292927579
2826,1024095.5609811655,24095.5609811655
2827,1031898.0586107074,31898.058610707405
2828,979927.3690798542,-20072.630920145777
2829,962420.0638679983,-37579.93613200169
2830,1021969.9787923837,21969.978792383685
2831,1017738.1961978988,17738.196197898826
2832,1074793.7941926895,74793.79419268947
2833,986940.9120538911,-13059.087946108892
2834,853898.6477527301,-146101.35224726994
2835,1072795.6763119458,72795.67631194578
2836,1053009.5041513075,53009.50415130751
2837,959240.0525049226,-40759.94749507739
2838,1113459.6658628285,113459.6658628285
2839,982833.3806187931,-17166.619381206925
2840,948187.9183621624,-51812.081637837575
2841,1057329.1677100481,57329.16771004815
2842,957464.0019908398,-42535.99800916016
2843,970033.3135533044,-29966.68644669559
2844,1000492.4820146837,492.4820146836573
2845,1097878.072388322,97878.07238832209
2846,1000658.6736701595,658.6736701595364
2847,1035562.5697841413,35562.56978414126
2848,1068615.0318100161,68615.03181001614
2849,1288045.6025769408,288045.6025769408
2850,1052059.1477741515,52059.14777415153
2851,1005092.0786979831,5092.078697983059
2852,996533.6189550697,-3466.381044930313
2853,983762.9809686086,-16237.019031391363
2854,1059585.9432589244,59585.94325892441
2855,1031419.2446459065,31419.244645906496
2856,1094025.4863903525,94025.48639035248
2857,1048932.3935877185,48932.393587718485
2858,1018916.7500707979,18916.75007079786
2859,1072996.847062982,72996.84706298192
2860,1001662.2093681913,1662.2093681913102
2861,999393.0492530501,-606.9507469498785
2862,991836.3130572328,-8163.686942767235
2863,1207585.9418390943,207585.94183909427
2864,952004.4601693652,-47995.539830634836
2865,1131172.9102068637,131172.91020686366
2866,1058457.1982419034,58457.19824190345
2867,997948.5500765601,-2051.4499234398827
2868,1075446.1870292502,75446.1870292502
2869,1061337.5168693012,61337.51686930121
2870,1186446.5688826179,186446.56888261787
2871,1112111.8864158294,112111.88641582942
2872,1078425.2655625483,78425.2655625483
2873,1016688.970520857,16688.970520857023
2874,1024116.4551819339,24116.45518193394
2875,1180541.007035186,180541.00703518605
2876,1015948.5053824562,15948.505382456235
2877,928240.7657331569,-71759.23426684306
2878,1110203.3067678548,110203.30676785484
2879,1024843.1974545955,24843.197454595473
2880,1003779.1383141705,3779.13831417053
2881,1053217.374658134,53217.37465813407
2882,1048559.2868270401,48559.28682704014
2883,1061994.3874960982,61994.38749609818
2884,1048835.4096860683,48835.409686068306
2885,991698.2176739599,-8301.782326040091
2886,1009412.7347127968,9412.734712796751
2887,899969.71552985,-100030.28447015001
2888,971863.2971674794,-28136.70283252059
2889,1025196.7045036121,25196.704503612127
2890,1093045.039253437,93045.03925343696
2891,1099803.198443925,99803.19844392501
2892,1010503.1173225094,10503.11732250941
2893,1053552.3753870563,53552.375387056265
2894,1118256.6388586157,118256.63885861565
2895,963342.37472945,-36657.62527055002
2896,1047931.2296796108,47931.22967961081
2897,922450.5138135578,-77549.4861864422
2898,1213498.1205308537,213498.12053085375
2899,1071165.3973725813,71165.3973725813
2900,986065.2265896725,-13934.7734103275
2901,1029857.1010630393,29857.10106303927
2902,1096959.1806750959,96959.18067509588
2903,1033193.9900413083,33193.99004130834
2904,896673.9608624175,-103326.03913758253
2905,949727.6010279141,-50272.39897208591
2906,879777.1381377336,-120222.86186226644
2907,1018431.3163446328,18431.316344632767
2908,1061345.7790520324,61345.77905203239
2909,1000948.5794912218,948.5794912218116
2910,1001777.9786409262,1777.978640926187
2911,975285.6380090496,-24714.36199095042
2912,933287.1605956383,-66712.83940436167
2913,1068569.0813403092,68569.08134030923
2914,911167.4797021664,-88832.5202978336
2915,1013843.8604032318,13843.86040323181
2916,846581.3907139985,-153418.60928600153
2917,1024806.2188362661,24806.21883626608
2918,1002932.1486013676,2932.148601367604
2919,1043620.5181643865,43620.51816438651
2920,919563.9641209082,-80436.03587909183
2921,1010242.4868718856,10242.486871885601
2922,923234.5838640671,-76765.4161359329
2923,1039492.0504465448,39492.050446544774
2924,910758.0419957599,-89241.95800424006
2925,1017148.9199135129,17148.919913512887
2926,1009707.8055926185,9707.805592618533
2927,993576.8048518152,-6423.195148184779
2928,1028194.4229443491,28194.42294434912
2929,1054420.7781601837,54420.77816018369
2930,1011304.884004709,11304.884004708962
2931,1041677.0863287697,41677.086328769685
2932,946181.8147832113,-53818.18521678867
2933,1140315.3741355168,140315.37413551682
2934,1143575.495755388,143575.49575538794
2935,938758.4807368823,-61241.51926311769
2936,1102983.2996204204,102983.29962042044
2937,1094329.8145101261,94329.81451012613
2938,1045630.8335911973,45630.83359119727
2939,924026.2637902834,-75973.73620971665
2940,970076.1987697411,-29923.80123025889
2941,1097945.2584415819,97945.25844158186
2942,1083136.0630718255,83136.06307182554
2943,931755.248909946,-68244.75109005405
2944,970091.7545525624,-29908.245447437628
2945,993439.137721466,-6560.862278533983
2946,1047626.5300939047,47626.5300939047
2947,911106.7155173606,-88893.2844826394
2948,1112287.8991684138,112287.89916841383
2949,1044168.3664929888,44168.366492988775
2950,951280.4352179696,-48719.564782030415
2951,1026400.8619123073,26400.86191230733
2952,963340.0842778122,-36659.91572218784
2953,1091748.5696640278,91748.56966402777
2954,1212055.8996198568,212055.89961985685
2955,940927.2739512448,-59072.72604875523
2956,996283.3182773744,-3716.6817226256244
2957,951210.5446558214,-48789.4553441786
2958,1037286.9328426413,37286.932842641254
2959,920836.517258935,-79163.48274106497
2960,993062.8884953524,-6937.111504647648
2961,1039273.072980808,39273.07298080798
2962,908591.3238173157,-91408.67618268426
2963,1096851.4064857308,96851.40648573078
2964,972805.874826566,-27194.125173434033
2965,1020312.4626262195,20312.462626219494
2966,1063596.276454313,63596.27645431296
2967,1042885.9484417272,42885.9484417272
2968,1045361.0577179791,45361.05771797907
2969,906379.7624540413,-93620.23754595872
2970,964901.9665311752,-35098.03346882481
2971,958889.5078477594,-41110.49215224059
2972,984030.3713360291,-15969.628663970856
2973,1109686.1089529903,109686.10895299027
2974,1125871.728721332,125871.72872133204
2975,1007902.5934643637,7902.593464363716
2976,958901.6023278964,-41098.3976721036
2977,993500.3200151159,-6499.679984884104
2978,1080167.3065612721,80167.30656127213
2979,984721.5414658977,-15278.458534102305
2980,1059717.997098265,59717.99709826498
2981,1017130.2045432138,17130.204543213826
2982,1131635.8535197454,131635.8535197454
2983,973486.5710199479,-26513.428980052122
2984,952318.6526132913,-47681.347386708716
2985,965561.8989672132,-34438.10103278677
2986,1054460.2493772688,54460.24937726883
2987,1125383.0474043998,125383.04740439984
2988,928376.24165687,-71623.75834313
2989,1052000.988040677,52000.98804067704
2990,976710.4291296244,-23289.57087037561
2991,1065706.9012144902,65706.90121449018
2992,1055574.9101765968,55574.91017659684
2993,1016081.4702055496,16081.470205549616
2994,1090660.9980406826,90660.99804068264
2995,1019159.9736414371,19159.97364143713
2996,941426.4992466326,-58573.500753367436
2997,1102889.8161963883,102889.81619638833
2998,1009803.0797027284,9803.079702728428
2999,974367.495784842,-25632.504215158056
3000,1036702.5415867079,36702.54158670793
3001,1084906.567561735,84906.56756173493
3002,1022942.0461053123,22942.0461053123
3003,997722.9829058583,-2277.0170941416873
3004,984006.9576426418,-15993.04235735815
3005,982096.1792391101,-17903.82076088991
3006,995850.9097837885,-4149.090216211509
3007,1043726.5577429922,43726.55774299218
3008,865412.3676727801,-134587.63232721994
3009,1024601.1885939332,24601.188593933242
3010,1002931.9483005335,2931.9483005334623
3011,1026340.4382086778,26340.438208677806
3012,877124.0097953066,-122875.9902046934
3013,1018186.6702030109,18186.6702030109
3014,1037788.3895336814,37788.389533681446
3015,888213.9534015225,-111786.04659847752
3016,1046447.6362631661,46447.63626316609
3017,991862.0987773926,-8137.901222607354
3018,977451.3419107891,-22548.65808921086
3019,979611.7156379754,-20388.284362024628
3020,970349.1749253018,-29650.825074698194
3021,1000469.1588701946,469.15887019457296
3022,956467.4658287927,-43532.53417120734
3023,903189.7478110072,-96810.2521889928
3024,984592.7228471552,-15407.277152844821
3025,957073.7676681167,-42926.23233188328
3026,979340.0994079496,-20659.9005920504
3027,1007672.9020218764,7672.90202187642
3028,906134.2910474353,-93865.70895256475
3029,1089128.2589694741,89128.25896947412
3030,982982.3241000376,-17017.67589996243
3031,961617.4732751041,-38382.52672489593
3032,990921.338115548,-9078.661884451983
3033,1057610.6810839819,57610.68108398188
3034,1084758.0421270786,84758.04212707863
3035,958758.5059329683,-41241.49406703166
3036,1020302.9231133065,20302.92311330652
3037,937513.4265366199,-62486.573463380104
3038,1061341.0289489706,61341.028948970605
3039,1119876.6417625358,119876.64176253579
3040,1043594.250660246,43594.250660246005
3041,1015965.202690313,15965.202690312988
3042,1002308.3479746722,2308.347974672215
3043,981386.0921457018,-18613.907854298246
3044,1088025.3921593297,88025.39215932973
3045,994240.1355203341,-5759.864479665877
3046,956869.3744900076,-43130.62550999236
3047,1014426.0247174626,14426.024717462598
3048,1107910.1168942112,107910.11689421115
3049,1051874.3752938728,51874.375293872785
3050,989023.4689559771,-10976.531044022879
3051,1092623.7245575525,92623.72455755249
3052,1063813.6195420728,63813.61954207276
3053,1103301.3813999842,103301.38139998424
3054,922837.3011606551,-77162.6988393449
3055,1139164.2207078068,139164.22070780676
3056,966966.3184574979,-33033.681542502134
3057,907015.3498380657,-92984.65016193432
3058,980864.680499431,-19135.31950056902
3059,1020208.392071001,20208.392071001
3060,976012.1772123734,-23987.822787626646
3061,1040333.1962502471,40333.19625024707
3062,1018525.7419084423,18525.741908442345
3063,1109274.9617689552,109274.96176895523
3064,975029.4625912699,-24970.53740873013
3065,1050234.3128762294,50234.31287622941
3066,1124211.0916184878,124211.09161848784
3067,1073381.6921128111,73381.69211281114
3068,1027347.3854611765,27347.385461176513
3069,950670.0391586844,-49329.960841315566
3070,972393.0515063457,-27606.948493654258
3071,928205.8099023177,-71794.1900976823
3072,997881.5932202244,-2118.406779775629
3073,1007598.4730539708,7598.47305397084
3074,1141321.123169022,141321.1231690219
3075,1013057.5230244041,13057.523024404072
3076,1013685.5777813625,13685.577781362459
3077,918106.5134128748,-81893.48658712523
3078,1066573.644642959,66573.64464295912
3079,1128820.649984061,128820.64998406102
3080,963774.8480688883,-36225.1519311117
3081,1064376.1555014611,64376.15550146112
3082,1010139.6092614981,10139.609261498088
3083,936210.0362061438,-63789.96379385621
3084,965559.7029200894,-34440.29707991064
3085,1067167.3495181084,67167.34951810841
3086,1025951.4782688417,25951.478268841747
3087,932756.3064993442,-67243.69350065582
3088,960133.6514223476,-39866.34857765236
3089,897606.2379463288,-102393.76205367118
3090,1071232.754753806,71232.75475380593
3091,1041246.0166281519,41246.016628151876
3092,1160710.7788924428,160710.77889244282
3093,1206692.757615408,206692.75761540793
3094,960931.9561220806,-39068.04387791944
3095,972675.6072592838,-27324.392740716226
3096,895188.0218184269,-104811.9781815731
3097,1133790.1404868967,133790.14048689674
3098,1015371.4497115451,15371.449711545138
3099,1022815.3145220355,22815.314522035536
3100,1015753.4783569966,15753.478356996551
3101,971199.236105841,-28800.763894158998
3102,1026846.2918610715,26846.291861071484
3103,948281.9454440385,-51718.05455596151
3104,1027357.3955048949,27357.3955048949
3105,931169.9570296423,-68830.0429703577
3106,998807.4769004442,-1192.5230995557504
3107,965037.3175988412,-34962.68240115885
3108,1021342.2496418008,21342.249641800765
3109,958526.7498941855,-41473.25010581454
3110,1128543.2472261288,128543.24722612882
3111,1048013.2440080658,48013.24400806578
3112,1075162.483342036,75162.4833420359
3113,906127.7955103527,-93872.2044896473
3114,994711.541098935,-5288.4589010650525
3115,1028219.3968323297,28219.396832329687
3116,1058909.7026407297,58909.70264072972
3117,986843.209761416,-13156.790238584043
3118,1059638.050586,59638.050586000085
3119,980808.1858429901,-19191.81415700994
3120,1109559.0845079313,109559.08450793126
3121,1145639.0569929802,145639.0569929802
3122,1066748.4095541816,66748.40955418162
3123,1055046.1995295763,55046.19952957635
3124,1099318.023871291,99318.02387129096
3125,957031.1174502212,-42968.88254977879
3126,1034158.1101553965,34158.11015539651
3127,1050403.1698094252,50403.16980942525
3128,1024438.5807772791,24438.5807772791
3129,937195.2968944241,-62804.70310557587
3130,979687.4777339287,-20312.52226607129
3131,994058.3889625677,-5941.6110374323325
3132,1018511.1677482035,18511.1677482035
3133,1107542.4163475004,107542.4163475004
3134,941566.3316935631,-58433.668306436855
3135,940233.194864445,-59766.80513555498
3136,899999.7864295718,-100000.2135704282
3137,975753.8068426371,-24246.193157362868
3138,950713.4569011218,-49286.54309887823
3139,1084948.0647061006,84948.06470610062
3140,1067819.5562337337,67819.55623373366
3141,985771.9689055126,-14228.031094487407
3142,890996.809363575,-109003.19063642505
3143,1072568.7708294243,72568.77082942426
3144,1071011.5609950686,71011.56099506863
3145,1088920.2053660224,88920.20536602242
3146,983021.9553683582,-16978.044631641824
3147,957873.1167861316,-42126.883213868365
3148,1108476.8745614665,108476.87456146651
3149,1072827.76869829,72827.76869828999
3150,989130.4049217649,-10869.595078235143
3151,1169236.2289287087,169236.2289287087
3152,1017401.582799683,17401.582799682976
3153,918018.1840387286,-81981.81596127141
3154,900841.0213905713,-99158.97860942874
3155,979331.7872050533,-20668.21279494674
3156,1111838.860034454,111838.86003445392
3157,1012207.5119176819,12207.511917681899
3158,1013503.3290818057,13503.329081805656
3159,928172.6182212903,-71827.3817787097
3160,1089003.5875784562,89003.58757845615
3161,1088648.5108955733,88648.5108955733
3162,983822.7127027939,-16177.287297206116
3163,1003260.3386304735,3260.338630473474
3164,978581.9255344287,-21418.07446557132
3165,858229.0167652218,-141770.98323477816
3166,1188523.8243359658,188523.8243359658
3167,934126.4049278868,-65873.59507211321
3168,1040969.4962894663,40969.496289466275
3169,1147480.0986457788,147480.09864577884
3170,1057672.8253096226,57672.82530962257
3171,1012465.3654763905,12465.365476390463
3172,1083340.1576491636,83340.15764916362
3173,1047211.3462808952,47211.34628089517
3174,934223.567031239,-65776.43296876096
3175,1004424.0324015775,4424.032401577453
3176,988027.5824037088,-11972.417596291169
3177,960935.6084085517,-39064.39159144834
3178,1020800.3215737916,20800.32157379156
3179,895516.4543459247,-104483.54565407534
3180,995592.5690682102,-4407.4309317898005
3181,995692.7862765009,-4307.213723499095
3182,1111899.731589362,111899.73158936203
3183,915866.115031802,-84133.88496819802
3184,972549.9692316251,-27450.030768374912
3185,907352.6437299574,-92647.3562700426
3186,1028228.2863094303,28228.28630943026
3187,936208.8223375757,-63791.17766242428
3188,939355.8013804168,-60644.198619583156
3189,982841.7895170377,-17158.210482962313
3190,1017713.1986463417,17713.198646341683
3191,903447.460168694,-96552.53983130597
3192,996796.3693930359,-3203.630606964114
3193,1067277.2500607974,67277.25006079744
3194,1047628.854060193,47628.85406019306
3195,1036905.1889400115,36905.18894001155
3196,1093331.4462868276,93331.44628682756
3197,1125978.3453924656,125978.34539246559
3198,1121743.3761071712,121743.37610717118
3199,962738.8581945994,-37261.141805400606
3200,1005878.4714973286,5878.471497328603
3201,1081543.4933917075,81543.49339170754
3202,1054606.1381655233,54606.1381655233
3203,1053018.3894076797,53018.38940767967
3204,1089018.7364497671,89018.73644976714
3205,1017923.3323008965,17923.332300896524
3206,1020284.242808019,20284.242808019044
3207,893206.0493833766,-106793.95061662339
3208,1168097.6832043743,168097.68320437428
3209,1034963.7598608783,34963.759860878345
3210,1036040.2799487459,36040.279948745854
3211,1055971.1540363338,55971.154036333784
3212,1094651.7851176995,94651.78511769953
3213,1012617.7167063432,12617.716706343228
3214,950153.5772765311,-49846.42272346886
3215,1007790.3666960651,7790.366696065059
3216,993207.798790278,-6792.20120972197
3217,1033005.9208989477,33005.92089894775
3218,1070730.101750361,70730.10175036103
3219,1191450.4717794822,191450.4717794822
3220,1010033.40743459,10033.407434590044
3221,1050117.3912009841,50117.39120098413
3222,949882.6924910382,-50117.30750896176
3223,950997.3122950945,-49002.68770490552
3224,970810.97592067,-29189.024079330033
3225,911079.4665030134,-88920.53349698661
3226,918947.2757516436,-81052.72424835642
3227,958442.0249963804,-41557.97500361956
3228,1102439.8003687682,102439.80036876816
3229,1069812.041781705,69812.0417817051
3230,1119096.0054850213,119096.00548502128
3231,948585.716752684,-51414.28324731602
3232,961294.4054680709,-38705.59453192912
3233,1052487.0779045534,52487.077904553385
3234,1042551.4583047086,42551.45830470859
3235,934993.0314082539,-65006.96859174606
3236,926873.7741009934,-73126.22589900659
3237,975043.6403069046,-24956.359693095437
3238,1065158.2785981528,65158.2785981528
3239,1121340.31919285,121340.31919285003
3240,1060079.834315027,60079.83431502711
3241,1043433.3598745491,43433.35987454909
3242,1056462.011321661,56462.01132166106
3243,960922.1725391753,-39077.827460824745
3244,942795.2900551035,-57204.70994489652
3245,983380.2085698183,-16619.791430181707
3246,1095649.4600106203,95649.4600106203
3247,997408.1708553948,-2591.8291446052026
3248,1134345.7257970413,134345.72579704132
3249,1050252.2568674653,50252.25686746533
3250,1269888.6639240053,269888.66392400535
3251,1040500.973781785,40500.973781785
3252,1014458.844697993,14458.844697993016
3253,988880.8323210457,-11119.167678954313
3254,1033913.4363552423,33913.43635524227
3255,1052126.0910284529,52126.09102845285
3256,981213.4279647792,-18786.5720352208
3257,967704.1673203433,-32295.832679656683
3258,1095933.84920358,95933.84920358006
3259,990341.2454645063,-9658.754535493674
3260,1005617.6646316674,5617.6646316674305
3261,1010632.9391742687,10632.939174268744
3262,1109381.7372687082,109381.73726870818
3263,1145287.618892391,145287.61889239098
3264,1038789.3904432479,38789.39044324786
3265,1059479.5020145657,59479.50201456575
3266,993881.0017255285,-6118.998274471494
3267,873616.4703747914,-126383.52962520858
3268,1003181.8548285316,3181.854828531621
3269,1067217.942773153,67217.94277315307
3270,1018810.2727463621,18810.27274636214
3271,1184799.966111801,184799.9661118011
3272,1065684.273491671,65684.27349167108
3273,984309.7256553003,-15690.27434469969
3274,1008432.9298190917,8432.929819091689
3275,995060.738760599,-4939.261239400948
3276,967910.7550725739,-32089.2449274261
3277,984780.2893975497,-15219.710602450301
3278,1133389.6498398944,133389.64983989438
3279,1004311.7123245591,4311.7123245591065
3280,1010360.3406531025,10360.340653102496
3281,956698.9665015928,-43301.033498407225
3282,972621.5987432213,-27378.401256778743
3283,1066944.9701266238,66944.97012662375
3284,969395.3025047205,-30604.697495279484
3285,953515.9633028526,-46484.036697147414
3286,1005491.4038710698,5491.403871069779
3287,1071472.7684154385,71472.76841543848
3288,934026.021266646,-65973.97873335402
3289,927623.203049972,-72376.79695002805
3290,1022996.4314752452,22996.43147524516
3291,932811.2198565126,-67188.78014348738
3292,861782.1480333249,-138217.85196667514
3293,1008429.7233379191,8429.723337919102
3294,1022971.3810311754,22971.381031175377
3295,990553.0071079416,-9446.99289205845
3296,1095892.8539903979,95892.85399039788
3297,1026309.4968332613,26309.496833261335
3298,925082.7244683439,-74917.27553165611
3299,984808.8699035738,-15191.130096426234
3300,980606.9027915843,-19393.09720841574
3301,887550.4322454476,-112449.56775455235
3302,1012186.9919817807,12186.991981780739
3303,979157.6436042915,-20842.356395708513
3304,889258.3464050383,-110741.65359496174
3305,950738.1681560539,-49261.83184394613
3306,943707.3280958378,-56292.671904162155
3307,1079423.4924943987,79423.49249439873
3308,952146.940425677,-47853.05957432301
3309,1157282.6861273313,157282.68612733134
3310,979908.9249764782,-20091.075023521786
3311,1097680.474275988,97680.47427598806
3312,1006012.8482261769,6012.848226176924
3313,903275.1476798247,-96724.85232017527
3314,961460.2460197575,-38539.75398024253
3315,1170437.04146585,170437.04146585008
3316,907978.5235805179,-92021.47641948215
3317,1144481.776439441,144481.7764394409
3318,983616.4452147636,-16383.554785236367
3319,1028725.8435621343,28725.84356213431
3320,1010568.0935355574,10568.09353555739
3321,964188.8643991306,-35811.13560086943
3322,942892.9323301716,-57107.06766982842
3323,1040773.9813673162,40773.98136731621
3324,1007898.4194875949,7898.41948759486
3325,1006338.8271352864,6338.82713528641
3326,1046160.5119000134,46160.51190001343
3327,917689.9117342893,-82310.08826571074
3328,960350.3056769657,-39649.69432303426
3329,958887.0426653208,-41112.9573346792
3330,1048173.2666229598,48173.26662295975
3331,1016506.2393184956,16506.239318495616
3332,921929.7342703074,-78070.26572969265
3333,959411.868190826,-40588.13180917397
3334,1057502.2805697143,57502.28056971426
3335,1024261.6943494962,24261.69434949616
3336,995338.7342130198,-4661.265786980162
3337,1072724.6014699915,72724.6014699915
3338,1106023.2388993965,106023.2388993965
3339,1017090.5940000942,17090.59400009422
3340,1067361.1341255659,67361.13412556588
3341,1035467.9646082706,35467.96460827056
3342,946534.745723096,-53465.254276904045
3343,925456.6973531154,-74543.30264688458
3344,915750.0750423769,-84249.92495762312
3345,1046311.1848349787,46311.18483497866
3346,1115700.6588537667,115700.65885376674
3347,969398.2497879697,-30601.750212030252
3348,968291.7221773175,-31708.277822682518
3349,1001013.0378658538,1013.037865853752
3350,935337.7007675574,-64662.29923244263
3351,1189542.524782126,189542.52478212607
3352,906913.7411731452,-93086.25882685476
3353,945864.2952509535,-54135.704749046476
3354,897715.6249513113,-102284.37504868873
3355,1069294.1873255998,69294.18732559984
3356,1166519.917470417,166519.917470417
3357,1067005.193172666,67005.19317266601
3358,880394.4528859721,-119605.5471140279
3359,1031982.7211000223,31982.721100022318
3360,1064883.067239127,64883.06723912689
3361,995789.2135096818,-4210.786490318249
3362,1078653.8290924488,78653.82909244881
3363,1049174.0924142145,49174.09241421451
3364,1096831.8672094324,96831.86720943241
3365,1123696.1442306368,123696.14423063677
3366,1006685.6647241884,6685.664724188391
3367,1106094.6166217162,106094.61662171618
3368,949220.9922290768,-50779.0077709232
3369,1004607.9542168957,4607.954216895741
3370,1081765.541537657,81765.54153765691
3371,1171486.9239430688,171486.92394306883
3372,894952.6360340962,-105047.36396590376
3373,970780.5689727786,-29219.431027221377
3374,985588.4202067576,-14411.579793242388
3375,1040077.8790564431,40077.87905644311
3376,924064.1831834479,-75935.81681655208
3377,1143360.8288947807,143360.82889478072
3378,943615.0567658562,-56384.94323414378
3379,1074630.9963091202,74630.99630912021
3380,1061158.4774956151,61158.47749561514
3381,981050.4627106776,-18949.537289322354
3382,937429.156188931,-62570.84381106903
3383,996722.6211917523,-3277.3788082477404
3384,1010059.5103935776,10059.510393577628
3385,968554.5875352132,-31445.412464786787
3386,1142804.5097790326,142804.50977903255
3387,1036207.6043653802,36207.60436538025
3388,1024765.907890097,24765.907890097005
3389,1053033.6840106526,53033.68401065259
3390,1052963.0362892235,52963.03628922347
3391,1145884.4709641202,145884.47096412024
3392,1037093.3274322104,37093.32743221044
3393,1037178.2009513275,37178.20095132745
3394,983005.4018543143,-16994.59814568574
3395,1114209.1642312633,114209.16423126333
3396,1079173.1501803605,79173.15018036054
3397,991298.5571788831,-8701.442821116885
3398,995852.1420613914,-4147.85793860862
3399,1018627.0553612442,18627.055361244245
3400,1065781.4524061654,65781.45240616542
3401,986058.8162740705,-13941.18372592947
3402,1045845.2952458621,45845.2952458621
3403,1071609.054851599,71609.05485159904
3404,958438.1466250252,-41561.8533749748
3405,979297.4233104661,-20702.57668953389
3406,958157.3454071232,-41842.65459287679
3407,961548.7442690082,-38451.255730991834
3408,1100957.7652319889,100957.76523198886
3409,1132465.6473035456,132465.64730354561
3410,934753.6954785102,-65246.30452148977
3411,1045571.451490384,45571.451490383944
3412,958984.9823484132,-41015.01765158679
3413,1019912.7898942677,19912.789894267684
3414,946960.7029025432,-53039.29709745676
3415,951933.0163573868,-48066.983642613166
3416,1074081.9882863783,74081.98828637833
3417,1049109.163133948,49109.16313394811
3418,999821.5726555676,-178.4273444324499
3419,974475.0792868255,-25524.920713174506
3420,1118735.154915005,118735.15491500497
3421,996138.3555999727,-3861.6444000273477
3422,1005730.1352545074,5730.135254507419
3423,1111809.931118596,111809.93111859611
3424,951584.6939079012,-48415.30609209882
3425,1062976.0544928603,62976.054492860334
3426,1114585.0863105615,114585.08631056151
3427,1023298.490326652,23298.490326651954
3428,937966.5959071782,-62033.40409282176
3429,1080660.7887696715,80660.78876967146
3430,916457.2410968863,-83542.75890311366
3431,1023224.2287284732,23224.228728473186
3432,1041171.1374454797,41171.13744547975
3433,1011636.6804828934,11636.680482893367
3434,903949.5285241386,-96050.47147586138
3435,1002475.3412930947,2475.3412930946797
3436,918236.2667212252,-81763.73327877477
3437,1025760.0615522318,25760.061552231782
3438,1160604.4988040046,160604.49880400463
3439,1073847.563971978,73847.56397197791
3440,994508.5352786995,-5491.464721300523
3441,1006130.8655135464,6130.865513546392
3442,1011005.0067302525,11005.006730252528
3443,1091325.2440145214,91325.24401452136
3444,1010982.6215605573,10982.62156055728
3445,1111736.5555733824,111736.55557338241
3446,921150.0272388278,-78849.97276117222
3447,988540.5581355458,-11459.441864454187
3448,1031001.8979566953,31001.89795669529
3449,1013825.364569145,13825.364569145022
3450,1113790.910108972,113790.91010897211
3451,1013349.0928487902,13349.092848790227
3452,917608.6438736226,-82391.35612637736
3453,1082542.9564604994,82542.95646049944
3454,1107560.4088291472,107560.40882914723
3455,1069262.6993681071,69262.69936810713
3456,972188.7537954968,-27811.24620450323
3457,1022002.5677008362,22002.567700836225
3458,1042510.7215608265,42510.721560826525
3459,1059115.7880346475,59115.78803464747
3460,1026075.9277976275,26075.92779762752
3461,1134253.0596100565,134253.05961005646
3462,947891.2151675852,-52108.78483241482
3463,1073855.0726536887,73855.07265368872
3464,960391.243115699,-39608.756884300965
3465,1026495.5904045344,26495.590404534363
3466,1050679.013318883,50679.01331888302
3467,999849.3747131962,-150.62528680381365
3468,960779.3099412418,-39220.69005875825
3469,989593.388548173,-10406.61145182699
3470,973159.6017546237,-26840.398245376302
3471,1126856.9757894173,126856.97578941728
3472,950630.3993226038,-49369.60067739617
3473,988400.2570435423,-11599.74295645766
3474,995059.2622331652,-4940.737766834791
3475,947492.8485358085,-52507.1514641915
3476,982890.7779237224,-17109.222076277598
3477,1063711.1102708941,63711.11027089413
3478,964342.0723479788,-35657.92765202117
3479,1061445.6901585283,61445.690158528276
3480,1099397.5031466708,99397.50314667076
3481,991626.4376204677,-8373.56237953226
3482,1113528.3244537555,113528.32445375551
3483,1149182.2166590665,149182.2166590665
3484,912962.1377934436,-87037.86220655637
3485,1014856.202235655,14856.202235655044
3486,909590.1886867484,-90409.81131325162
3487,1031046.7368058709,31046.736805870896
3488,1025728.7010392946,25728.701039294596
3489,914632.2251428039,-85367.77485719614
3490,981270.840161844,-18729.15983815596
3491,1056114.9853320818,56114.98533208179
3492,947472.0711329345,-52527.928867065464
3493,1116840.6808144539,116840.68081445387
3494,995228.4798986452,-4771.520101354807
3495,1006019.9053712704,6019.905371270375
3496,1089449.1784104025,89449.1784104025
3497,1001281.3308106874,1281.3308106873883
3498,998289.6246151463,-1710.3753848536871
3499,1027981.9929751173,27981.99297511729
3500,964466.9886406919,-35533.01135930815
3501,1074640.686086954,74640.68608695408
3502,1020439.8609091152,20439.860909115174
3503,1103783.7730082206,103783.7730082206
3504,1039142.0503258423,39142.05032584234
3505,1067617.674675017,67617.6746750169
3506,964102.0599025276,-35897.9400974724
3507,1091007.8775499715,91007.87754997145
3508,1053936.951896201,53936.95189620089
3509,906780.6073404993,-93219.3926595007
3510,1072969.2204722904,72969.22047229041
3511,1059387.1014714863,59387.10147148627
3512,948667.337875313,-51332.66212468699
3513,1194594.2924890297,194594.2924890297
3514,962587.2915881616,-37412.708411838394
3515,1018616.3362262939,18616.336226293934
3516,979097.2590160392,-20902.7409839608
3517,1025660.6299297914,25660.629929791437
3518,1022302.2781548575,22302.278154857457
3519,1011286.9132447002,11286.913244700176
3520,1037369.1982396964,37369.198239696445
3521,1115637.4537257622,115637.4537257622
3522,1019068.3106189986,19068.3106189986
3523,1019376.8190847081,19376.819084708113
3524,1049935.3151377712,49935.31513777119
3525,955308.3651315239,-44691.634868476074
3526,938983.7248874373,-61016.2751125627
3527,1072418.334294284,72418.334294284
3528,1037403.851467178,37403.85146717797
3529,1027170.4770430403,27170.47704304033
3530,946451.843808037,-53548.156191963004
3531,943872.1555212951,-56127.84447870485
3532,1129602.9419021253,129602.94190212525
3533,1015541.0000936809,15541.000093680923
3534,966193.2104841877,-33806.7895158123
3535,983111.0337959854,-16888.966204014607
3536,997980.8328600288,-2019.1671399711631
3537,1042231.9074752984,42231.90747529839
3538,910708.1495262438,-89291.8504737562
3539,995827.4608798936,-4172.539120106376
3540,845314.8235850055,-154685.17641499452
3541,982646.6331730307,-17353.366826969315
3542,1043429.3171141094,43429.317114109406
3543,1115629.977904064,115629.97790406412
3544,1017462.6357829297,17462.63578292972
3545,1012710.6005943207,12710.600594320684
3546,1005002.6065711295,5002.606571129523
3547,941552.468404188,-58447.531595811946
3548,932448.7765456785,-67551.2234543215
3549,1023678.856623024,23678.85662302398
3550,1046381.9195779995,46381.919577999506
3551,960872.0627452692,-39127.937254730845
3552,892489.0135055865,-107510.98649441346
3553,980299.8024859045,-19700.19751409546
3554,1113529.4271499987,113529.42714999872
3555,1122880.3839590354,122880.38395903539
3556,1054798.9680154424,54798.96801544237
3557,1004214.680640186,4214.68064018595
3558,993376.730141902,-6623.269858098007
3559,963172.0499090474,-36827.95009095257
3560,1127026.6388399047,127026.63883990468
3561,956421.573050651,-43578.426949349
3562,969846.4258843267,-30153.574115673313
3563,959222.2819195235,-40777.71808047651
3564,1021386.2682682078,21386.268268207787
3565,1028632.3763386327,28632.37633863266
3566,994552.6661163626,-5447.333883637446
3567,1040227.0921346562,40227.09213465615
3568,1145443.633426222,145443.63342622202
3569,877610.91209638,-122389.08790361998
3570,919896.7993568028,-80103.20064319717
3571,1083511.3584130327,83511.35841303272
3572,1080610.4360012377,80610.43600123771
3573,892498.6475880431,-107501.35241195688
3574,993692.7934444263,-6307.206555573735
3575,912837.038153493,-87162.96184650704
3576,934301.7748983302,-65698.22510166978
3577,1012218.2446371322,12218.244637132157
3578,991279.4122591838,-8720.587740816176
3579,987813.095860606,-12186.904139394057
3580,1042067.7305926196,42067.73059261963
3581,1057663.8444428183,57663.844442818314
3582,1062950.0307153354,62950.03071533539
3583,1090069.143896227,90069.143896227
3584,1009941.1160637653,9941.11606376525
3585,917567.6414907669,-82432.3585092331
3586,1039891.818856252,39891.81885625201
3587,1032247.0733571438,32247.07335714379
3588,1126173.2492646084,126173.24926460837
3589,1028730.9762684391,28730.976268439088
3590,919598.1337503666,-80401.86624963337
3591,1127083.2553348867,127083.25533488672
3592,957239.7272440321,-42760.27275596792
3593,1030821.9300015775,30821.93000157748
3594,1109334.2308863231,109334.23088632314
3595,1096700.981918006,96700.98191800597
3596,977931.8182700918,-22068.181729908218
3597,972861.1462411582,-27138.853758841753
3598,921647.5795727222,-78352.4204272778
3599,1032481.5640297733,32481.564029773348
3600,1038817.0506923168,38817.05069231684
3601,972254.4935607534,-27745.506439246587
3602,960542.3222269864,-39457.677773013595
3603,1050446.6186019029,50446.618601902854
3604,953891.0823508479,-46108.91764915211
3605,1205669.171848021,205669.17184802098
3606,1054101.8692707364,54101.86927073635
3607,1039642.7658529674,39642.76585296739
3608,935523.3437655449,-64476.65623445506
3609,1081638.4818365793,81638.48183657927
3610,1078759.8742709598,78759.87427095976
3611,988396.5676832913,-11603.432316708728
3612,1069509.734465261,69509.73446526099
3613,1109130.8241654458,109130.82416544575
3614,1076795.1255582306,76795.12555823056
3615,970316.2002234992,-29683.79977650079
3616,1089766.953571678,89766.9535716779
3617,1006002.8530943615,6002.85309436149
3618,952715.274628385,-47284.72537161503
3619,952953.164466713,-47046.83553328703
3620,950844.5846796473,-49155.41532035265
3621,1029891.1851163737,29891.1851163737
3622,920680.6741241658,-79319.32587583421
3623,1033826.2709129833,33826.27091298334
3624,1097479.288134028,97479.28813402797
3625,1042683.171419575,42683.171419574996
3626,1124359.9235804297,124359.92358042975
3627,1081185.2719875402,81185.27198754018
3628,1058187.976211723,58187.97621172294
3629,963643.0415900036,-36356.958409996354
3630,958820.9919682111,-41179.008031788864
3631,902332.3114035149,-97667.68859648507
3632,1087835.0596568745,87835.05965687451
3633,1069939.7819637994,69939.78196379938
3634,977530.2963901216,-22469.70360987843
3635,912042.2569039497,-87957.74309605034
3636,923795.4719248295,-76204.52807517047
3637,945686.4397210081,-54313.560278991936
3638,981950.4415672069,-18049.55843279313
3639,970392.681141832,-29607.31885816797
3640,945235.0399751167,-54764.96002488327
3641,890112.209997482,-109887.79000251798
3642,1148057.52060451,148057.5206045101
3643,1053912.2038819399,53912.20388193987
3644,1030525.7916195052,30525.79161950515
3645,1002676.0093765799,2676.0093765798956
3646,949079.2062372579,-50920.793762742076
3647,1094208.824250977,94208.82425097702
3648,1046760.6601845548,46760.660184554756
3649,997965.1842237533,-2034.8157762467163
3650,1042719.2558823614,42719.25588236144
3651,1093594.8376440199,93594.83764401986
3652,1064171.655031475,64171.655031475006
3653,1147690.30452694,147690.30452694
3654,994246.4104183351,-5753.5895816648845
3655,985306.8555053921,-14693.144494607928
3656,1032501.8197401545,32501.819740154548
3657,1124631.2910556954,124631.29105569539
3658,1058371.9090701675,58371.90907016746
3659,867346.0004135515,-132653.99958644854
3660,918458.1974181774,-81541.80258182262
3661,1017935.6520642044,17935.65206420445
3662,984098.9439293984,-15901.056070601568
3663,951723.9098651246,-48276.09013487538
3664,925032.6189987697,-74967.38100123033
3665,1007188.6481411905,7188.648141190526
3666,964611.1680998475,-35388.831900152494
3667,951120.5872450102,-48879.41275498981
3668,1095525.4834966133,95525.48349661333
3669,976806.7710877743,-23193.22891222569
3670,971398.1102985142,-28601.88970148575
3671,995279.9811960958,-4720.018803904182
3672,1071222.754247078,71222.75424707797
3673,994870.2814219199,-5129.718578080065
3674,973980.620657071,-26019.379342928994
3675,1132767.237208915,132767.23720891494
3676,1079316.8527545847,79316.85275458475
3677,981156.2694171659,-18843.730582834105
3678,1116110.586456604,116110.58645660407
3679,1027539.3473319339,27539.34733193391
3680,1154933.0869081977,154933.08690819773
3681,949954.8447876634,-50045.15521233657
3682,927067.3284907785,-72932.67150922155
3683,1061054.5870927304,61054.58709273045
3684,1022832.1575164889,22832.157516488922
3685,1120940.9612844167,120940.96128441673
3686,1101735.6208681555,101735.6208681555
3687,1111241.2078679462,111241.20786794624
3688,986237.1921058319,-13762.807894168072
3689,981685.3405665464,-18314.659433453577
3690,1070326.784262751,70326.784262751
3691,1046946.7379101044,46946.73791010445
3692,1059246.0365828662,59246.03658286622
3693,997778.6239253302,-2221.3760746697662
3694,1103373.1741872346,103373.1741872346
3695,1013101.4546178165,13101.45461781649
3696,1029619.3045305127,29619.304530512658
3697,1025211.4939247526,25211.493924752576
3698,1032516.9054541399,32516.905454139924
3699,1084236.5766505145,84236.5766505145
3700,907424.7343782255,-92575.26562177448
3701,984157.6433418343,-15842.356658165692
3702,1103855.1151914878,103855.11519148783
3703,1108229.1902916965,108229.19029169646
3704,1040813.4077179703,40813.407717970316
3705,992793.8398431769,-7206.160156823113
3706,1005477.6475050664,5477.647505066358
3707,954100.6556409742,-45899.344359025825
3708,1072346.4571768364,72346.45717683644
3709,1101627.5942301597,101627.59423015965
3710,1042665.7260138062,42665.72601380618
3711,886912.8814858642,-113087.11851413583
3712,941739.5614494056,-58260.43855059438
3713,975703.7763602198,-24296.22363978019
3714,967383.5454139527,-32616.45458604733
3715,1068826.2782549586,68826.27825495857
3716,1044484.1088673525,44484.10886735248
3717,993287.5723362032,-6712.427663796814
3718,959955.4011666254,-40044.59883337456
3719,1090044.815670359,90044.81567035895
3720,937424.0804959306,-62575.919504069374
3721,1032749.6573501024,32749.65735010244
3722,990537.520877541,-9462.479122458957
3723,1042729.0193603864,42729.01936038642
3724,1008892.0524121156,8892.05241211562
3725,1148621.5362949786,148621.53629497858
3726,1047876.118142029,47876.11814202904
3727,1070200.360608374,70200.360608374
3728,991196.6161684695,-8803.38383153046
3729,906080.6294188118,-93919.37058118824
3730,1043356.2501003266,43356.25010032661
3731,1041386.218349881,41386.218349881005
3732,1011533.0020864753,11533.002086475259
3733,1099771.2535308306,99771.25353083061
3734,1112812.7246166095,112812.72461660951
3735,928011.5722836016,-71988.42771639838
3736,931004.2077914337,-68995.79220856633
3737,966597.7693667866,-33402.23063321342
3738,1117698.1624965132,117698.16249651322
3739,1124150.1556315997,124150.15563159971
3740,952129.4030736911,-47870.596926308936
3741,987915.5665710686,-12084.4334289314
3742,933876.6360439629,-66123.3639560371
3743,1000297.9482343912,297.9482343911659
3744,923297.7934230405,-76702.20657695946
3745,943410.925909266,-56589.07409073401
3746,1004423.4103886129,4423.410388612887
3747,976203.5007114836,-23796.499288516352
3748,1056233.0498503149,56233.049850314856
3749,888792.8443367614,-111207.1556632386
3750,965357.7314118058,-34642.26858819416
3751,1079975.9586633956,79975.9586633956
3752,909318.5351978836,-90681.46480211639
3753,1034247.2297789096,34247.22977890959
3754,1111849.1074753657,111849.10747536574
3755,1012433.5337450929,12433.533745092922
3756,869429.0275016659,-130570.97249833413
3757,1070189.8757149826,70189.87571498263
3758,1087479.6664058242,87479.66640582425
3759,1012579.8464241307,12579.846424130723
3760,957292.8297603257,-42707.17023967428
3761,956351.3195418771,-43648.680458122864
3762,974158.8223080416,-25841.17769195838
3763,957290.8470067679,-42709.15299323213
3764,1032644.6614671651,32644.661467165104
3765,1015650.1395612889,15650.139561288874
3766,1031104.067813961,31104.06781396095
3767,996369.3139500408,-3630.6860499591567
3768,1073442.8919297878,73442.89192978782
3769,933665.5426276035,-66334.45737239649
3770,914091.8905197688,-85908.10948023119
3771,1180801.794036209,180801.79403620888
3772,1143473.8352871349,143473.83528713486
3773,925969.3606824484,-74030.63931755163
3774,1032693.7465629431,32693.746562943095
3775,1116087.4556890219,116087.45568902185
3776,890972.1266408336,-109027.87335916643
3777,1037615.9877784406,37615.98777844058
3778,1064135.2586749129,64135.25867491285
3779,1023584.0723177727,23584.07231777266
3780,1101697.8163311756,101697.81633117562
3781,976534.8636327697,-23465.136367230327
3782,1028706.6402239582,28706.64022395818
3783,922983.8012857287,-77016.1987142713
3784,946909.8590325353,-53090.14096746466
3785,957806.6849276368,-42193.31507236324
3786,1079697.0618957542,79697.06189575419
3787,1033473.8890307824,33473.88903078239
3788,1108136.0564276876,108136.05642768764
3789,1043991.4752203105,43991.4752203105
3790,1169525.2524950164,169525.25249501644
3791,993081.2771837079,-6918.72281629208
3792,1069835.1189958742,69835.11899587419
3793,990724.656976963,-9275.343023036956
3794,937629.0230848033,-62370.97691519675
3795,1025243.6281602017,25243.62816020171
3796,996573.1262280975,-3426.873771902523
3797,990553.764580311,-9446.23541968898
3798,1058967.8918370109,58967.89183701086
3799,1072575.2877176602,72575.28771766019
3800,993857.0628027637,-6142.937197236344
3801,1082109.825656895,82109.82565689506
3802,1067340.3276543708,67340.3276543708
3803,1135589.5826734426,135589.58267344255
3804,944320.1634990276,-55679.83650097239
3805,1095689.3093822736,95689.30938227358
3806,1097781.19263434,97781.19263433991
3807,952855.6998204924,-47144.30017950758
3808,1020578.3901442256,20578.39014422556
3809,912407.2783268736,-87592.72167312645
3810,1012393.8459511407,12393.845951140742
3811,1026105.8562827219,26105.856282721856
3812,1033109.5524341823,33109.55243418226
3813,1046549.0293739679,46549.029373967904
3814,1093492.3193386283,93492.31933862832
3815,1013141.5839012091,13141.583901209058
3816,989956.4805008796,-10043.519499120419
3817,1117883.1554357898,117883.15543578984
3818,995794.5485885715,-4205.451411428512
3819,941619.7083766821,-58380.29162331787
3820,1005156.9791374642,5156.979137464194
3821,1041439.8269204951,41439.826920495136
3822,985478.7278795867,-14521.272120413254
3823,970212.1802172685,-29787.819782731473
3824,1031369.2428810422,31369.242881042184
3825,965210.8766959645,-34789.123304035515
3826,1074857.8338167395,74857.8338167395
3827,952123.2393979535,-47876.7606020465
3828,1049186.3008080272,49186.300808027154
3829,1043320.9540989578,43320.95409895782
3830,957253.5412438586,-42746.458756141365
3831,1129882.3820467365,129882.38204673654
3832,1046892.5469866117,46892.54698661168
3833,1060383.124513029,60383.12451302889
3834,952119.8490837947,-47880.15091620525
3835,962044.4127408977,-37955.58725910226
3836,1067252.9946576997,67252.99465769972
3837,1096972.7756743664,96972.77567436639
3838,1105973.5871088817,105973.58710888168
3839,1012103.2710412658,12103.271041265805
3840,994027.2351598628,-5972.7648401372135
3841,1043296.8373014657,43296.83730146568
3842,1152227.5564386381,152227.55643863813
3843,942439.3859448754,-57560.61405512458
3844,1032432.8772561988,32432.877256198786
3845,933905.349232468,-66094.65076753194
3846,1096964.4388604057,96964.4388604057
3847,1006525.538119319,6525.5381193190115
3848,1100840.8371125746,100840.8371125746
3849,1004027.6129307251,4027.612930725096
3850,1010731.4113900976,10731.411390097579
3851,1121327.7743976365,121327.77439763653
3852,1002351.1059228214,2351.1059228214435
3853,1087923.6283754776,87923.62837547762
3854,1032972.9010339818,32972.90103398182
3855,963408.1033059834,-36591.89669401664
3856,1139665.4069962387,139665.40699623874
3857,1012928.6221674632,12928.622167463182
3858,956914.1412117975,-43085.85878820252
3859,911257.9948537453,-88742.00514625467
3860,1018385.736852431,18385.73685243097
3861,1132291.1750228333,132291.17502283328
3862,1088672.2189774918,88672.21897749184
3863,1083488.1152232508,83488.11522325082
3864,1120689.3295410208,120689.3295410208
3865,970764.3346362284,-29235.665363771608
3866,1053573.2422056156,53573.24220561562
3867,977854.9799733517,-22145.0200266483
3868,1001178.0422565253,1178.042256525252
3869,1006829.8413105817,6829.841310581658
3870,1002174.6203559388,2174.620355938794
3871,1008454.3089928448,8454.308992844773
3872,1048325.9547628281,48325.95476282807
3873,954308.332529252,-45691.667470747954
3874,988272.6577862665,-11727.342213733471
3875,981651.95513629,-18348.044863709947
3876,944144.44419223,-55855.55580777
3877,984124.3747623698,-15875.625237630215
3878,1001899.913847385,1899.9138473849744
3879,1027994.1068781684,27994.106878168415
3880,904563.6767924606,-95436.32320753939
3881,1077455.895921439,77455.89592143893
3882,891649.9629375255,-108350.03706247453
3883,1098734.6465394562,98734.64653945621
3884,986102.465272975,-13897.534727024962
3885,940879.0446724042,-59120.95532759582
3886,1019926.624823692,19926.624823692022
3887,990618.7510184102,-9381.2489815898
3888,1174563.4654755816,174563.4654755816
3889,956321.5360172051,-43678.4639827949
3890,1025317.4038068355,25317.40380683553
3891,946987.7957274808,-53012.204272519215
3892,1077358.4107188352,77358.41071883519
3893,1144445.590230061,144445.59023006097
3894,1052858.8487238758,52858.848723875824
3895,1031640.7839252639,31640.78392526391
3896,974858.1048406312,-25141.895159368753
3897,1071106.5688204304,71106.56882043043
3898,894024.8635355675,-105975.13646443246
3899,935700.1136617316,-64299.88633826841
3900,949295.378795066,-50704.62120493397
3901,1172018.1932926448,172018.1932926448
3902,1014403.5420297266,14403.542029726552
3903,1059092.645357841,59092.64535784093
3904,1110931.6818621687,110931.68186216871
3905,1113162.1050951965,113162.10509519652
3906,1198184.9940421693,198184.9940421693
3907,972514.8126857142,-27485.18731428578
3908,1250222.5560764254,250222.55607642536
3909,920214.5733714001,-79785.42662859987
3910,1008695.3812406252,8695.381240625167
3911,1230644.03970449,230644.03970449
3912,1034759.3917420525,34759.39174205251
3913,1057335.3975413002,57335.39754130016
3914,910532.7892659754,-89467.21073402464
3915,1043893.1758952885,43893.17589528847
3916,998057.5437026169,-1942.4562973830616
3917,974027.9860390689,-25972.0139609311
3918,1062961.8100484256,62961.81004842557
3919,1042418.9740261489,42418.974026148906
3920,1032727.7226156367,32727.722615636652
3921,961641.4161357286,-38358.58386427141
3922,1010027.2366757033,10027.236675703316
3923,878227.4389683955,-121772.56103160453
3924,1012750.4695929952,12750.469592995243
3925,954542.9938964904,-45457.00610350957
3926,964765.8278679919,-35234.17213200813
3927,1025534.971207944,25534.971207943978
3928,1041585.3389115985,41585.33891159855
3929,1231078.9985548651,231078.99855486513
3930,1108949.3455205169,108949.34552051686
3931,1027496.4829099367,27496.48290993669
3932,1102060.828367709,102060.82836770895
3933,998316.8103181022,-1683.1896818977548
3934,1053512.6589449323,53512.65894493228
3935,961318.3809841861,-38681.61901581392
3936,1000807.2717233931,807.271723393118
3937,1162264.9662131576,162264.96621315763
3938,964222.3402790535,-35777.65972094645
3939,1094350.0757545556,94350.07575455564
3940,1091610.7847652184,91610.78476521838
3941,1108795.8315631256,108795.8315631256
3942,1045366.5452586185,45366.54525861854
3943,984612.722760074,-15387.277239926043
3944,976075.2247673544,-23924.775232645567
3945,872315.7662452614,-127684.23375473858
3946,1008665.6621965822,8665.662196582183
3947,1049824.1598047942,49824.15980479424
3948,1022351.3987791768,22351.398779176758
3949,1091790.5962716765,91790.59627167648
3950,1017709.8343480786,17709.834348078584
3951,1011437.8178817726,11437.817881772644
3952,1022003.5755105641,22003.575510564144
3953,1035458.0177322091,35458.01773220906
3954,1014380.6473418933,14380.647341893287
3955,907580.7921734093,-92419.20782659075
3956,1108440.638831481,108440.6388314811
3957,1092580.3546150725,92580.35461507249
3958,915980.0248156938,-84019.97518430615
3959,1010778.9624893621,10778.962489362108
3960,1066867.418254157,66867.41825415706
3961,971563.0784903428,-28436.92150965717
3962,976282.6593577989,-23717.340642201132
3963,996381.3268519529,-3618.6731480470626
3964,976467.1948884604,-23532.80511153955
3965,959714.8083154352,-40285.19168456481
3966,1074822.08741533,74822.08741533011
3967,995599.4541542118,-4400.545845788205
3968,1061867.6738842612,61867.67388426117
3969,945423.9112047493,-54576.08879525075
3970,1130508.7599004149,130508.75990041485
3971,1133382.192209162,133382.19220916205
3972,1110956.4817268702,110956.48172687017
3973,980079.2533702403,-19920.74662975967
3974,1032792.560566562,32792.560566561995
3975,1074318.504809432,74318.50480943196
3976,884664.0679017927,-115335.9320982073
3977,917992.796090327,-82007.20390967303
3978,1084831.0069091367,84831.00690913666
3979,952774.8366926706,-47225.16330732941
3980,971465.6061268118,-28534.39387318818
3981,973367.1003271287,-26632.89967287134
3982,1010947.5307142744,10947.530714274384
3983,1116457.718267982,116457.7182679819
3984,1041059.871659384,41059.87165938399
3985,1016774.2424966557,16774.242496655672
3986,886335.324622633,-113664.67537736695
3987,1022539.4919074256,22539.491907425574
3988,1183035.1193414058,183035.1193414058
3989,1054432.7618988848,54432.76189888478
3990,1088794.3701615445,88794.37016154453
3991,936506.7660869065,-63493.233913093456
3992,949000.5102516315,-50999.489748368505
3993,1090108.293768028,90108.29376802803
3994,1040169.0418112008,40169.04181120079
3995,1029378.6995400682,29378.699540068163
3996,975162.8985831413,-24837.101416858728
3997,1190454.9180014173,190454.9180014173
3998,949780.0003047538,-50219.999695246224
3999,1126114.8399197676,126114.83991976758
4000,1129862.987743304,129862.98774330411
4001,965887.9921214483,-34112.007878551725
4002,985870.9835588915,-14129.016441108542
4003,1119308.7972491751,119308.79724917514
4004,1013466.2618819119,13466.261881911894
4005,972371.0865642375,-27628.913435762515
4006,1058230.7907945933,58230.79079459328
4007,976917.4822670716,-23082.51773292839
4008,1062264.0863485844,62264.08634858439
4009,1143297.7483625899,143297.74836258986
4010,1010157.495593255,10157.495593255037
4011,1124598.5362352608,124598.53623526078
4012,890733.2336020982,-109266.76639790181
4013,1085148.2646383664,85148.26463836641
4014,1183458.8545247559,183458.85452475585
4015,1023936.7854479848,23936.785447984817
4016,1011317.6490436601,11317.649043660145
4017,1048767.4064350536,48767.40643505356
4018,1020462.927167579,20462.92716757895
4019,1055013.2170660188,55013.21706601884
4020,870250.9874492033,-129749.01255079673
4021,1056117.5266433766,56117.526643376565
4022,963563.5280905045,-36436.471909495536
4023,1026116.4282372781,26116.42823727813
4024,1029213.9161919769,29213.916191976867
4025,1007432.2201506831,7432.220150683075
4026,1083823.6989151249,83823.69891512487
4027,1021454.4339113683,21454.43391136825
4028,1074689.7136580504,74689.7136580504
4029,1018543.9439902295,18543.943990229513
4030,985434.6743376431,-14565.325662356918
4031,952093.324770684,-47906.675229315995
4032,966963.6865678784,-33036.31343212165
4033,954348.5424540218,-45651.45754597825
4034,1013828.5765609471,13828.576560947113
4035,1013185.0109246377,13185.010924637667
4036,900407.6448788807,-99592.3551211193
4037,986986.6220169546,-13013.377983045415
4038,1057236.9735774563,57236.973577456316
4039,1095481.3927309003,95481.39273090032
4040,1036091.6606310882,36091.66063108819
4041,994044.2379950223,-5955.762004977674
4042,1024281.2050215133,24281.205021513277
4043,1075619.5909924016,75619.59099240159
4044,1213632.0242524673,213632.02425246732
4045,988269.3814455989,-11730.618554401095
4046,1121151.4625900374,121151.46259003738
4047,945625.1182052781,-54374.881794721936
4048,999318.8823068525,-681.1176931475056
4049,1096801.726682087,96801.72668208694
4050,1019150.6826466325,19150.682646632544
4051,992539.3456937282,-7460.654306271812
4052,1070827.8707106197,70827.87071061973
4053,963013.9605818036,-36986.03941819642
4054,971714.6206991292,-28285.379300870816
4055,1090042.79680932,90042.7968093201
4056,911730.3321437612,-88269.66785623878
4057,986905.9372783157,-13094.062721684342
4058,1005954.6178485017,5954.617848501657
4059,1006065.459270844,6065.459270844003
4060,1003049.6713092229,3049.671309222933
4061,1016501.9492634148,16501.949263414834
4062,934861.7071142676,-65138.29288573237
4063,977839.4434737511,-22160.556526248925
4064,1025853.3682473173,25853.368247317267
4065,957347.630385278,-42652.369614721974
4066,1030564.6380343962,30564.638034396223
4067,1037085.7695973311,37085.76959733106
4068,1038545.5412576632,38545.541257663164
4069,959365.8032818884,-40634.196718111634
4070,1055133.5751780379,55133.57517803786
4071,986410.4743947607,-13589.525605239323
4072,1112393.999889416,112393.99988941592
4073,845663.2967863018,-154336.70321369823
4074,937846.7651908966,-62153.23480910342
4075,1022923.2748035475,22923.274803547538
4076,1026076.8199978261,26076.819997826125
4077,1054120.6616683782,54120.66166837816
4078,981379.848514463,-18620.151485536946
4079,998013.8494683353,-1986.1505316647235
4080,1091887.0379552157,91887.03795521567
4081,1021685.8489188672,21685.84891886718
4082,1012107.9876232921,12107.987623292138
4083,1092506.6061088997,92506.6061088997
4084,1062032.801134778,62032.801134777954
4085,1034651.1646043748,34651.16460437479
4086,895602.8384931005,-104397.16150689952
4087,939332.5639858908,-60667.436014109175
4088,1014756.3462488778,14756.346248877817
4089,933599.750162308,-66400.24983769201
4090,990904.7255456311,-9095.27445436886
4091,1051517.737022885,51517.73702288489
4092,975344.2314383468,-24655.76856165321
4093,956232.9370865237,-43767.06291347626
4094,979910.0899819995,-20089.91001800052
4095,920555.567781441,-79444.43221855897
4096,1193606.6125508237,193606.61255082372
4097,1063825.5776059339,63825.57760593388
4098,1075317.3155620794,75317.31556207943
4099,1116552.0087420016,116552.0087420016
4100,1035387.1014442502,35387.101444250206
4101,1148687.7075449142,148687.7075449142
4102,1015887.0761446952,15887.076144695166
4103,1061863.1523881005,61863.15238810051
4104,1050988.1719718175,50988.1719718175
4105,965529.0251057536,-34470.974894246436
4106,914814.4748651475,-85185.5251348525
4107,1025875.4908503233,25875.490850323346
4108,1109347.633936124,109347.63393612392
4109,988009.7197064001,-11990.280293599935
4110,1070860.0444739298,70860.0444739298
4111,1091659.9957587228,91659.99575872277
4112,917785.9701970144,-82214.0298029856
4113,1047597.2285037225,47597.228503722465
4114,1047906.2212794723,47906.221279472345
4115,1143958.0497259141,143958.04972591414
4116,1013283.411485139,13283.411485139048
4117,1037049.6168267345,37049.616826734506
4118,1059904.7997621868,59904.79976218683
4119,1036712.6770200923,36712.67702009226
4120,945720.5917964795,-54279.40820352046
4121,951372.1316129239,-48627.86838707607
4122,1106916.0011303138,106916.00113031385
4123,1015775.9901690979,15775.990169097902
4124,1066381.4861504633,66381.48615046334
4125,1000610.9409572661,610.9409572661389
4126,1069468.4999808047,69468.49998080474
4127,944118.2650634957,-55881.734936504276
4128,1031313.2857031142,31313.285703114234
4129,1151845.8928054215,151845.8928054215
4130,1041671.8248679604,41671.824867960415
4131,1033535.1879026324,33535.1879026324
4132,941713.124630743,-58286.875369256944
4133,1062246.6507823095,62246.65078230947
4134,980774.1142220157,-19225.88577798428
4135,939397.3977618926,-60602.602238107356
4136,1005670.1045850258,5670.104585025809
4137,1009959.430083255,9959.43008325505
4138,1025583.4529154302,25583.452915430185
4139,1018732.6840019723,18732.684001972317
4140,1047664.285760187,47664.28576018696
4141,944660.395697552,-55339.60430244799
4142,1050976.6671832271,50976.66718322714
4143,988576.397509825,-11423.60249017505
4144,1089344.4024059712,89344.4024059712
4145,929583.6417139163,-70416.35828608368
4146,891356.9579324307,-108643.04206756933
4147,1071400.5198033133,71400.5198033133
4148,918272.6384694066,-81727.36153059336
4149,986892.9958603238,-13107.004139676224
4150,990812.3855560283,-9187.614443971659
4151,1028369.1995559622,28369.19955596223
4152,1107024.9935048178,107024.99350481783
4153,1014514.491838918,14514.491838917951
4154,940561.7454419591,-59438.25455804088
4155,969530.7442553855,-30469.255744614522
4156,965889.4759524679,-34110.52404753212
4157,1021729.7206661103,21729.720666110283
4158,927697.7139417764,-72302.28605822357
4159,1135226.9104375634,135226.91043756343
4160,1071015.6133762437,71015.61337624374
4161,985435.8620975536,-14564.13790244644
4162,1009173.08506442,9173.08506442001
4163,1106816.6764119412,106816.67641194118
4164,1135224.5129065525,135224.51290655253
4165,934452.1527322459,-65547.84726775414
4166,989274.3292908892,-10725.670709110796
4167,919280.9621987453,-80719.03780125466
4168,1021701.7611707024,21701.761170702404
4169,1004215.4392903096,4215.439290309558
4170,914104.9951999267,-85895.00480007334
4171,989817.5218352597,-10182.478164740256
4172,1037992.8902918719,37992.89029187185
4173,990666.0161959701,-9333.983804029878
4174,1043755.3668377193,43755.36683771934
4175,1037599.0633162109,37599.06331621087
4176,1025177.8305681924,25177.83056819241
4177,927192.0813983474,-72807.91860165261
4178,904589.9998725533,-95410.00012744672
4179,983265.8338951138,-16734.166104886215
4180,1047620.1966118412,47620.19661184121
4181,1049528.9793002885,49528.97930028848
4182,892378.1804680439,-107621.8195319561
4183,1088017.1800490173,88017.1800490173
4184,966947.2594596291,-33052.74054037093
4185,1130433.8025351856,130433.80253518559
4186,1105837.6102846123,105837.61028461228
4187,1042143.4077351723,42143.40773517231
4188,1018036.2664607494,18036.266460749437
4189,1067658.326265031,67658.326265031
4190,992833.5966962508,-7166.403303749161
4191,872075.8038127878,-127924.19618721225
4192,1014998.9229304213,14998.922930421308
4193,1017485.2808635628,17485.28086356283
4194,1110280.8682737455,110280.86827374552
4195,947116.6634523432,-52883.3365476568
4196,977285.6208304813,-22714.37916951871
4197,1032323.3490967092,32323.349096709164
4198,858210.752391126,-141789.247608874
4199,1115711.6919164981,115711.69191649812
4200,980824.5355394768,-19175.464460523217
4201,1046062.2679728058,46062.26797280577
4202,1062324.4104631576,62324.410463157576
4203,1044009.8503756317,44009.85037563171
4204,929580.735205892,-70419.26479410799
4205,1100777.5818099151,100777.58180991514
4206,1080794.0059986718,80794.00599867175
4207,996527.4643194686,-3472.5356805314077
4208,1002934.698163003,2934.6981630029622
4209,1083523.714027133,83523.71402713307
4210,982925.5947340882,-17074.40526591183
4211,1045118.8257908035,45118.82579080353
4212,1045433.3594761076,45433.35947610764
4213,954002.5673207599,-45997.432679240126
4214,885423.315983243,-114576.68401675695
4215,980011.9206531721,-19988.07934682793
4216,1036788.3135138247,36788.313513824716
4217,959618.9435284437,-40381.05647155631
4218,1080905.2753409964,80905.27534099645
4219,1072536.2864851304,72536.28648513043
4220,1112083.8449028663,112083.84490286629
4221,960868.0784097139,-39131.921590286074
4222,1016114.321067072,16114.321067071985
4223,1107778.6705106506,107778.67051065061
4224,1029876.6759239543,29876.675923954346
4225,921541.8813692824,-78458.11863071762
4226,1104701.2391178452,104701.2391178452
4227,947275.4477750863,-52724.55222491373
4228,1000070.335179613,70.33517961297184
4229,1046287.9886533887,46287.98865338869
4230,981680.7616041198,-18319.23839588021
4231,992224.6678139465,-7775.332186053507
4232,904107.6900524492,-95892.30994755076
4233,1021276.6794871655,21276.67948716553
4234,1016148.3871133865,16148.387113386532
4235,1063578.6955248646,63578.6955248646
4236,1071720.0130655954,71720.01306559541
4237,1060340.5904171627,60340.59041716275
4238,1237781.5017481814,237781.5017481814
4239,1091166.0484271545,91166.04842715454
4240,1022657.7911677081,22657.791167708114
4241,1086318.3993487395,86318.39934873953
4242,1153523.2222505421,153523.22225054214
4243,1006010.6737787224,6010.673778722412
4244,945014.012544779,-54985.98745522101
4245,1056509.5870452202,56509.58704522019
4246,995169.1094119725,-4830.8905880275415
4247,1094807.325759336,94807.32575933589
4248,913522.2521665717,-86477.74783342832
4249,930008.7700534639,-69991.22994653613
4250,996896.26016032,-3103.739839680027
4251,1086468.8867329352,86468.8867329352
4252,1082293.0365911936,82293.03659119364
4253,1009157.7652036122,9157.765203612158
4254,891351.9514581854,-108648.04854181455
4255,1056921.2224270706,56921.22242707061
4256,1050302.5375632753,50302.53756327531
4257,1063911.9565522668,63911.95655226684
4258,961859.2144111728,-38140.78558882722
4259,986985.9891465076,-13014.010853492422
4260,933626.7836773078,-66373.21632269223
4261,1085782.7646437758,85782.76464377576
4262,954417.7718895628,-45582.228110437165
4263,925969.8767665549,-74030.1232334451
4264,1064914.2465887514,64914.24658875144
4265,1019056.2865970181,19056.28659701813
4266,944645.3742152337,-55354.62578476628
4267,1036454.7299016957,36454.72990169574
4268,998377.1590600295,-1622.8409399704542
4269,1208262.8392742057,208262.83927420573
4270,951391.8454199227,-48608.15458007727
4271,956881.1430464535,-43118.85695354652
4272,1053887.2119487633,53887.211948763346
4273,936716.874896925,-63283.12510307506
4274,1046339.9960240292,46339.99602402921
4275,937287.3108095435,-62712.68919045653
4276,996639.9342601085,-3360.065739891492
4277,1007461.673495216,7461.673495215946
4278,951022.3174533749,-48977.68254662515
4279,1022057.6245390804,22057.624539080425
4280,993980.935112786,-6019.064887213986
4281,928975.4775513068,-71024.52244869317
4282,965178.5139627903,-34821.48603720975
4283,975910.0800730488,-24089.919926951174
4284,1074147.6981112077,74147.69811120769
4285,892392.4203634424,-107607.57963655761
4286,989705.9013812777,-10294.098618722288
4287,1023085.6173219649,23085.617321964935
4288,1040982.6585037214,40982.65850372135
4289,1120035.7128191465,120035.71281914646
4290,995779.4389432346,-4220.561056765378
4291,1074176.2989397247,74176.29893972469
4292,961981.1326512413,-38018.86734875874
4293,1055079.7208678864,55079.72086788644
4294,1035356.2284423163,35356.22844231629
4295,1028745.4543307712,28745.45433077123
4296,947573.2982113243,-52426.70178867574
4297,1076764.661451413,76764.66145141306
4298,905047.8079791674,-94952.19202083256
4299,930427.4783397608,-69572.5216602392
4300,1029652.3985856157,29652.39858561568
4301,1026977.0426855171,26977.04268551711
4302,957770.0746372897,-42229.92536271026
4303,1009754.5494534983,9754.54945349833
4304,1025568.2051872148,25568.20518721477
4305,911768.470444028,-88231.52955597197
4306,1009869.8263028514,9869.826302851434
4307,1037839.5468760167,37839.546876016655
4308,1007086.53418907,7086.534189069993
4309,1096868.9637656836,96868.96376568358
4310,1014924.3296150541,14924.32961505407
4311,1093239.44268831,93239.44268831005
4312,1118198.0755002776,118198.07550027757
4313,967375.6581895188,-32624.341810481157
4314,1041982.5338021083,41982.53380210826
4315,912594.0345011493,-87405.96549885068
4316,944651.1908938518,-55348.8091061482
4317,1142842.0774393636,142842.07743936358
4318,1009109.6760374702,9109.676037470228
4319,1084486.1484409645,84486.14844096452
4320,1027619.6824475139,27619.682447513915
4321,946526.4658108598,-53473.53418914019
4322,1049019.2661629347,49019.26616293471
4323,1020689.5540235399,20689.55402353988
4324,1132188.7932448746,132188.79324487457
4325,1099752.6547889998,99752.65478899982
4326,1028143.3440877972,28143.344087797217
4327,1005359.7721497554,5359.772149755387
4328,920062.9985141094,-79937.00148589059
4329,1010863.5117074214,10863.511707421392
4330,988407.1112160245,-11592.888783975504
4331,1086907.600478897,86907.6004788971
4332,1033357.4091122955,33357.409112295485
4333,1094080.3103314736,94080.31033147359
4334,903717.4954207336,-96282.50457926642
4335,1092683.193481023,92683.19348102296
4336,1048848.1565130716,48848.15651307162
4337,1114126.8149882483,114126.81498824828
4338,931294.0909978198,-68705.90900218021
4339,952517.0857134515,-47482.914286548505
4340,1030000.9449956855,30000.94499568548
4341,896354.6873699945,-103645.31263000553
4342,996020.8408835712,-3979.159116428811
4343,934677.777266122,-65322.22273387795
4344,1036659.35572017,36659.35572016996
4345,937045.5194715736,-62954.48052842636
4346,975024.263002699,-24975.73699730099
4347,1001091.7137053421,1091.7137053421466
4348,1144240.8560820986,144240.85608209856
4349,988325.2696861057,-11674.730313894339
4350,1055477.857655269,55477.857655269094
4351,966425.9417935022,-33574.05820649781
4352,979281.5601536889,-20718.439846311114
4353,993720.6540197594,-6279.345980240614
4354,1050906.1774094494,50906.17740944936
4355,1112460.4689682745,112460.46896827454
4356,1078713.1901152532,78713.19011525321
4357,1094793.2967601782,94793.29676017817
4358,1001819.5220281025,1819.5220281025395
4359,1001028.443629306,1028.4436293060426
4360,1045212.4872802659,45212.487280265894
4361,1023353.3468758231,23353.346875823103
4362,1054791.8575614973,54791.85756149725
4363,970361.2810295481,-29638.718970451853
4364,917704.0590770012,-82295.94092299882
4365,992555.4470546497,-7444.552945350297
4366,986524.2932674021,-13475.7067325979
4367,1024153.5867783711,24153.58677837113
4368,1076106.4498862852,76106.44988628523
4369,1134967.47770978,134967.47770977998
4370,945497.7795976533,-54502.22040234669
4371,1136969.148476416,136969.148476416
4372,975757.0359469021,-24242.96405309788
4373,969516.0414571218,-30483.958542878157
4374,953182.8435771171,-46817.15642288292
4375,993225.9223582257,-6774.077641774318
4376,928624.0040394973,-71375.99596050265
4377,978706.1181536624,-21293.88184633758
4378,1068235.4984335597,68235.49843355967
4379,977552.2342095346,-22447.765790465404
4380,1028524.4971442458,28524.497144245775
4381,909900.8647528585,-90099.13524714147
4382,942367.04595528,-57632.95404472004
4383,1126124.30369133,126124.3036913299
4384,963981.5668863789,-36018.43311362108
4385,1049503.3417146662,49503.341714666225
4386,976486.9704810267,-23513.029518973315
4387,973117.3897429248,-26882.61025707517
4388,1024854.9940363736,24854.994036373566
4389,962226.4261618624,-37773.573838137556
4390,1023666.0967804007,23666.096780400723
4391,1034956.227930373,34956.22793037305
4392,976298.4640286731,-23701.53597132687
4393,1079540.6705680275,79540.67056802753
4394,999437.2670837301,-562.732916269917
4395,1046621.5788357906,46621.57883579063
4396,1014609.3546387991,14609.354638799094
4397,967047.4771260648,-32952.52287393517
4398,1019025.4631788327,19025.463178832666
4399,971232.2903178353,-28767.709682164714
4400,1016492.19409814,16492.194098139997
4401,1103163.061456935,103163.06145693501
4402,996762.2236552722,-3237.776344727841
4403,1100763.3398250155,100763.33982501552
4404,1003993.7036733604,3993.7036733604036
4405,1007360.6373953338,7360.637395333848
4406,946850.2361980375,-53149.76380196249
4407,858128.4479715459,-141871.55202845414
4408,1037941.1314073694,37941.131407369394
4409,1073752.6736626732,73752.67366267322
4410,1050955.3597869114,50955.3597869114
4411,921087.3345582576,-78912.6654417424
4412,1022681.3544709063,22681.354470906314
4413,980633.7660682255,-19366.233931774506
4414,966896.9812839432,-33103.01871605683
4415,980260.2344084391,-19739.765591560863
4416,1090073.577730034,90073.57773003401
4417,977193.7744798542,-22806.225520145847
4418,1011071.610236886,11071.610236885957
4419,1080535.3380795852,80535.33807958523
4420,1073347.8945097842,73347.89450978418
4421,1048454.595048911,48454.595048911055
4422,988688.9440593935,-11311.055940606515
4423,1083621.2128545642,83621.21285456419
4424,992733.799147389,-7266.200852610986
4425,921305.796925382,-78694.20307461801
4426,989625.1416297248,-10374.858370275237
4427,1062057.9480849714,62057.9480849714
4428,1026273.6601451661,26273.660145166097
4429,1045997.887263233,45997.88726323296
4430,992960.0996618612,-7039.900338138803
4431,1049321.3252769082,49321.32527690823
4432,1149424.4727265942,149424.4727265942
4433,1038632.1729829109,38632.17298291088
4434,964612.8957564249,-35387.10424357513
4435,939117.4364703317,-60882.56352966826
4436,967033.2431388395,-32966.75686116051
4437,1062354.037425988,62354.03742598789
4438,1041645.4833618749,41645.48336187494
4439,1039857.8481074867,39857.84810748673
4440,1005136.1178474161,5136.117847416084
4441,1042949.3261850717,42949.326185071724
4442,1005232.0401597803,5232.040159780299
4443,1156174.042953734,156174.04295373405
4444,1018090.8961668297,18090.89616682974
4445,1130433.6851688363,130433.68516883627
4446,991664.0512302369,-8335.948769763112
4447,1048499.747700752,48499.74770075199
4448,963648.0316098842,-36351.96839011577
4449,1055987.5323703561,55987.532370356144
4450,1072182.2696141116,72182.26961411163
4451,1087509.247362083,87509.24736208306
4452,1046323.3409344879,46323.340934487875
4453,1038643.7266939002,38643.726693900186
4454,977234.8920744557,-22765.10792554426
4455,1093518.096651764,93518.09665176389
4456,1012319.9429878638,12319.94298786379
4457,941860.9235421995,-58139.07645780046
4458,1049864.244663775,49864.24466377497
4459,1213120.7536271457,213120.75362714566
4460,1116015.413859573,116015.41385957296
4461,1022828.6305001761,22828.630500176107
4462,999577.8480271177,-422.1519728823332
4463,1093422.2930437147,93422.29304371472
4464,990478.5059669624,-9521.494033037568
4465,953420.7277022088,-46579.272297791205
4466,1008725.1827125478,8725.18271254783
4467,1053639.655737183,53639.65573718306
4468,1022313.4964899243,22313.496489924262
4469,968314.4305260312,-31685.56947396882
4470,1023029.2990498284,23029.299049828434
4471,1015566.6793139376,15566.679313937551
4472,1054361.8611411178,54361.861141117755
4473,1015381.3181466411,15381.318146641133
4474,1010078.6545433358,10078.654543335782
4475,1000967.8361250065,967.83612500655
4476,964859.3874310958,-35140.61256890418
4477,981179.2009670798,-18820.799032920157
4478,997647.4089886938,-2352.5910113061545
4479,1082308.8516946677,82308.85169466771
4480,911386.6533170753,-88613.34668292466
4481,1009914.7260870687,9914.726087068673
4482,984215.1439585696,-15784.85604143038
4483,997049.6501688384,-2950.349831161555
4484,1020338.0701020599,20338.070102059864
4485,933938.3571966591,-66061.64280334092
4486,1007896.7643646464,7896.7643646463985
4487,999636.0354585213,-363.9645414786646
4488,1027616.2480709399,27616.24807093991
4489,876060.7452300681,-123939.2547699319
4490,1001886.6045755955,1886.6045755954692
4491,988034.349597416,-11965.650402583997
4492,1052788.04554283,52788.0455428299
4493,976413.5585399824,-23586.44146001758
4494,1048573.1793011486,48573.17930114863
4495,937415.9494204758,-62584.05057952425
4496,985204.6746082434,-14795.325391756603
4497,1000748.1173785686,748.117378568626
4498,1083404.2141068608,83404.2141068608
4499,975439.2435670962,-24560.756432903814
4500,1008323.0390886308,8323.039088630816
4501,978773.9927724674,-21226.007227532566
4502,997081.485859595,-2918.5141404049937
4503,1031957.0513221355,31957.051322135492
4504,1039088.9569732542,39088.956973254215
4505,954129.9106649954,-45870.089335004566
4506,1045710.5596965303,45710.55969653034
4507,1007181.3971599961,7181.397159996093
4508,1102258.886968814,102258.88696881407
4509,1022510.4417894904,22510.441789490404
4510,879462.119279826,-120537.88072017406
4511,1015763.8377804912,15763.837780491216
4512,938008.4567232492,-61991.54327675083
4513,981541.2935968118,-18458.706403188175
4514,972438.6354756681,-27561.364524331875
4515,1064724.9790765883,64724.97907658829
4516,1082451.0981123503,82451.09811235033
4517,995456.1174640213,-4543.882535978686
4518,932568.3938848095,-67431.60611519055
4519,1044175.541321722,44175.541321721976
4520,1022604.1581122671,22604.15811226715
4521,1020671.7903647784,20671.790364778368
4522,954593.780689571,-45406.21931042895
4523,1037296.186576538,37296.18657653802
4524,993906.6688234064,-6093.3311765935505
4525,1031607.479721481,31607.47972148098
4526,952141.9504636145,-47858.04953638546
4527,1050440.955968757,50440.95596875693
4528,1081078.3082914224,81078.30829142244
4529,896540.1211177938,-103459.87888220616
4530,1109661.5503132816,109661.5503132816
4531,1038078.7465617538,38078.7465617538
4532,953967.2407125649,-46032.759287435096
4533,1059983.2829627416,59983.28296274156
4534,1001903.1658915101,1903.1658915100852
4535,981467.1811320343,-18532.818867965718
4536,954359.8323021141,-45640.16769788589
4537,1000355.0584345551,355.0584345550742
4538,1063775.914382534,63775.9143825341
4539,1088848.7330938913,88848.7330938913
4540,927444.5825759012,-72555.41742409882
4541,1007263.1663236242,7263.166323624202
4542,1030495.5476283601,30495.547628360102
4543,1076240.078127182,76240.07812718209
4544,888539.9535209988,-111460.04647900118
4545,1016575.764267113,16575.764267112943
4546,1122068.8607785387,122068.86077853874
4547,908627.7622413554,-91372.23775864462
4548,1008732.323545025,8732.323545024963
4549,1012160.692557144,12160.692557143979
4550,1040542.7122107656,40542.712210765574
4551,961939.3131335101,-38060.68686648994
4552,1097299.3597630905,97299.3597630905
4553,1115441.8159178894,115441.81591788935
4554,1075052.08090584,75052.08090584003
4555,995709.6543058052,-4290.345694194781
4556,1194942.2385815808,194942.2385815808
4557,1117296.683656269,117296.68365626899
4558,1127654.2360285337,127654.23602853366
4559,917228.9679480891,-82771.03205191088
4560,1125749.246199507,125749.24619950703
4561,887305.1391318758,-112694.86086812417
4562,1153429.9961544757,153429.99615447572
4563,1073280.1981533892,73280.19815338915
4564,787817.1838900902,-212182.8161099098
4565,1147334.403134019,147334.4031340191
4566,910364.0469641306,-89635.9530358694
4567,974946.9050083642,-25053.094991635764
4568,1011661.1381258507,11661.138125850703
4569,1140092.0459998136,140092.0459998136
4570,1083576.312858569,83576.31285856897
4571,1107497.333291831,107497.33329183096
4572,1056660.0651495303,56660.0651495303
4573,983725.3562825976,-16274.64371740236
4574,1094372.046317237,94372.04631723696
4575,1030753.7457940404,30753.745794040384
4576,907109.7932437186,-92890.20675628143
4577,1047910.4517081002,47910.451708100154
4578,1060686.1853011309,60686.18530113087
4579,1135724.1116687062,135724.11166870617
4580,1047607.7709069522,47607.77090695221
4581,1038044.4005561968,38044.40055619681
4582,930851.251066704,-69148.74893329595
4583,906292.2873739451,-93707.71262605488
4584,1110758.8274304357,110758.82743043569
4585,1073573.1127556087,73573.11275560874
4586,976836.40127963,-23163.598720369977
4587,995656.4306028386,-4343.5693971613655
4588,1018502.5366887326,18502.536688732565
4589,1054568.5838737888,54568.583873788826
4590,1057053.8299436774,57053.82994367741
4591,1022913.6103733585,22913.610373358475
4592,910065.0214290936,-89934.97857090645
4593,938417.2578574837,-61582.742142516305
4594,936966.1474724716,-63033.85252752842
4595,1059095.9264442555,59095.926444255514
4596,1035444.9519958675,35444.95199586754
4597,994328.9245077507,-5671.075492249336
4598,1010919.2752361043,10919.275236104266
4599,1123136.4017145524,123136.40171455243
4600,1049280.232855768,49280.23285576794
4601,1020561.1328657853,20561.132865785272
4602,1033146.2498224815,33146.249822481535
4603,1061218.8613373325,61218.86133733252
4604,1031588.3138330096,31588.313833009568
4605,1020984.53344117,20984.533441170002
4606,940816.1994074159,-59183.80059258407
4607,1039772.4699152202,39772.469915220165
4608,990042.5950977297,-9957.404902270297
4609,1117943.09838614,117943.09838614007
4610,1107893.963467124,107893.96346712392
4611,1143788.0782643443,143788.07826434425
4612,1093540.3829675764,93540.38296757638
4613,1005130.2421626602,5130.24216266023
4614,1023149.8592706363,23149.85927063634
4615,1046666.8728980095,46666.87289800949
4616,1090201.1130110726,90201.11301107262
4617,929839.9606913568,-70160.0393086432
4618,946195.2909665209,-53804.7090334791
4619,1013664.3493530302,13664.349353030208
4620,1103108.3669807764,103108.36698077642
4621,971270.894979324,-28729.10502067604
4622,1065600.9315811915,65600.93158119149
4623,992138.4895759161,-7861.510424083914
4624,1044796.1584361584,44796.15843615844
4625,1056963.5881096832,56963.588109683245
4626,1111013.4214035315,111013.42140353145
4627,997834.8462589287,-2165.15374107135
4628,1091165.385330987,91165.38533098693
4629,1145716.7766857678,145716.7766857678
4630,1035444.1173065943,35444.11730659427
4631,947851.6363065465,-52148.36369345349
4632,1055139.3717100334,55139.37171003339
4633,942775.9573926347,-57224.04260736529
4634,1039018.6611928382,39018.66119283822
4635,1067341.1423744403,67341.14237444033
4636,1069745.0533304326,69745.05333043262
4637,1032534.7305188095,32534.73051880952
4638,1035580.7782058135,35580.77820581349
4639,1011310.1384395759,11310.138439575909
4640,965611.4101240609,-34388.58987593907
4641,985527.7794799546,-14472.220520045375
4642,1041007.0043143056,41007.00431430561
4643,1089784.1703229237,89784.17032292369
4644,1110633.943965818,110633.94396581803
4645,1064840.341316651,64840.34131665109
4646,1018717.4741117095,18717.47411170951
4647,911779.6671880892,-88220.33281191078
4648,1165867.4972678479,165867.49726784788
4649,961438.0520479799,-38561.9479520201
4650,987947.2186507281,-12052.781349271885
4651,975063.8603725045,-24936.139627495548
4652,952822.9901108335,-47177.00988916645
4653,1109714.109162118,109714.10916211805
4654,1009263.9592694524,9263.959269452374
4655,957624.6529031128,-42375.347096887184
4656,1035262.1755179452,35262.1755179452
4657,952081.2756842857,-47918.724315714324
4658,1002719.4790333321,2719.4790333320852
4659,1104367.3754904375,104367.3754904375
4660,1059567.8716655402,59567.87166554015
4661,989799.3394085211,-10200.660591478925
4662,1032662.3795032417,32662.37950324174
4663,1110406.9175638827,110406.91756388266
4664,1169245.8301567573,169245.83015675726
4665,1044740.7707147794,44740.770714779384
4666,1072420.5869871958,72420.58698719577
4667,918773.742469196,-81226.25753080403
4668,1146794.992455164,146794.99245516397
4669,1063143.9756355262,63143.975635526236
4670,1052197.6652512972,52197.66525129718
4671,898876.7569857229,-101123.24301427708
4672,886035.5263432148,-113964.47365678521
4673,901385.3745409104,-98614.62545908964
4674,900815.8160185227,-99184.18398147728
4675,997665.621935513,-2334.378064487013
4676,956798.1930304791,-43201.80696952087
4677,1068413.9223885739,68413.92238857388
4678,953438.8474297267,-46561.15257027326
4679,1025920.5042274415,25920.504227441503
4680,1048725.9248021212,48725.92480212124
4681,1040776.4187590993,40776.418759099324
4682,1045810.3029046888,45810.30290468875
4683,986267.4150236031,-13732.584976396873
4684,905158.5899127921,-94841.41008720791
4685,1211213.3446840825,211213.34468408255
4686,1067703.9440293838,67703.94402938383
4687,968847.4162021512,-31152.583797848783
4688,1033027.5775504167,33027.577550416696
4689,903091.3210225734,-96908.6789774266
4690,1100693.6811106468,100693.68111064681
4691,1015451.6479053833,15451.647905383259
4692,1128502.9999408056,128502.9999408056
4693,1058184.3536786176,58184.35367861763
4694,972545.9133057093,-27454.086694290745
4695,1073011.7333016999,73011.73330169986
4696,924788.9135372925,-75211.08646270749
4697,980305.4933003073,-19694.50669969269
4698,1087419.3593080945,87419.35930809448
4699,987295.9956215294,-12704.004378470592
4700,925383.9085235088,-74616.09147649119
4701,907497.5662794056,-92502.43372059439
4702,1035090.9124448216,35090.91244482156
4703,1110779.5054770594,110779.5054770594
4704,1046158.8068697498,46158.806869749795
4705,1108832.9567467805,108832.95674678055
4706,921099.3991432942,-78900.6008567058
4707,1069363.800858624,69363.80085862405
4708,1151846.551202228,151846.55120222806
4709,914933.9455448134,-85066.05445518659
4710,1002984.9522487886,2984.952248788555
4711,1019040.0124447109,19040.01244471094
4712,886003.7834487577,-113996.21655124228
4713,1026260.9028097021,26260.902809702093
4714,882593.1388147027,-117406.86118529725
4715,1086304.3756427884,86304.37564278836
4716,1004812.946471922,4812.946471921983
4717,1004385.5064550724,4385.506455072435
4718,937131.1835795318,-62868.81642046815
4719,1149446.3725842854,149446.37258428545
4720,1011187.6366297093,11187.636629709275
4721,1009875.6411757892,9875.641175789176
4722,998872.2212616688,-1127.778738331166
4723,1019117.4035846358,19117.403584635817
4724,1022232.6527043082,22232.65270430816
4725,1053679.0603420234,53679.06034202338
4726,1065472.9900444045,65472.99004440452
4727,953989.3351986745,-46010.66480132553
4728,1140161.9764965675,140161.97649656748
4729,951065.8736941719,-48934.126305828104
4730,1036020.6202861635,36020.620286163525
4731,959510.5815192165,-40489.41848078347
4732,950550.2325895824,-49449.76741041755
4733,1071386.165371616,71386.1653716159
4734,959763.4755330121,-40236.52446698793
4735,932074.02146537,-67925.97853463003
4736,1058194.7752462833,58194.77524628327
4737,1054988.214721072,54988.214721072
4738,1062119.3617967535,62119.36179675348
4739,1029621.0158898296,29621.015889829607
4740,1047716.0287052039,47716.028705203906
4741,1041088.8751760408,41088.875176040805
4742,1019759.9615364277,19759.961536427727
4743,974172.0605561761,-25827.93944382388
4744,966618.5771266092,-33381.42287339084
4745,1033191.8514645555,33191.85146455548
4746,877785.6619144292,-122214.33808557084
4747,989064.4194228326,-10935.58057716745
4748,1004199.651103709,4199.6511037090095
4749,961847.0588895254,-38152.94111047464
4750,1058003.3767092843,58003.37670928426
4751,1093813.9437171172,93813.94371711719
4752,991237.425710274,-8762.574289725977
4753,1108420.1591383559,108420.15913835587
4754,983364.3822846301,-16635.61771536991
4755,889359.5279681679,-110640.47203183209
4756,1050000.3461696748,50000.34616967477
4757,1038582.7392176142,38582.73921761417
4758,1027953.1856343489,27953.18563434889
4759,955530.352090082,-44469.647909917985
4760,1035486.1065964394,35486.10659643938
4761,1160385.4589722976,160385.4589722976
4762,1067819.8459450463,67819.84594504628
4763,1040984.0657807254,40984.06578072545
4764,1062506.3010412802,62506.30104128015
4765,988667.9222594554,-11332.07774054457
4766,912547.2245439044,-87452.77545609558
4767,1011200.6103531686,11200.610353168566
4768,950357.7056484248,-49642.2943515752
4769,1045337.6011299412,45337.60112994118
4770,1047831.2281953892,47831.22819538915
4771,1085279.4264680396,85279.42646803963
4772,957552.0545469739,-42447.9454530261
4773,863625.4313257022,-136374.56867429777
4774,1100491.6719408543,100491.67194085428
4775,984378.9647510144,-15621.03524898563
4776,989117.027628196,-10882.972371803946
4777,944071.4538408585,-55928.546159141464
4778,1029852.7521976802,29852.75219768018
4779,950063.6422762378,-49936.357723762165
4780,978901.9218637458,-21098.07813625422
4781,1060336.0066744648,60336.00667446479
4782,925557.7319527382,-74442.26804726175
4783,944330.3297464591,-55669.670253540855
4784,951516.7350825415,-48483.264917458524
4785,1062715.6286556332,62715.62865563319
4786,1084259.1289018146,84259.12890181458
4787,975793.6272150154,-24206.372784984647
4788,962670.9013319972,-37329.098668002756
4789,985258.170385863,-14741.82961413695
4790,995958.0776856587,-4041.9223143412964
4791,1026356.4987555942,26356.49875559425
4792,1078559.8813255841,78559.88132558414
4793,1105024.7145094252,105024.71450942522
4794,1007730.0343741631,7730.034374163137
4795,981557.5012160916,-18442.498783908435
4796,983273.5945060952,-16726.405493904836
4797,1053068.0136672151,53068.01366721513
4798,1046982.747558291,46982.747558290954
4799,973566.1778448175,-26433.822155182483
4800,1054140.1478373192,54140.14783731918
4801,1019250.3916746574,19250.391674657352
4802,918281.8536709659,-81718.14632903412
4803,1095817.8023589554,95817.80235895538
4804,1161578.9951487961,161578.99514879612
4805,1061269.8650580863,61269.86505808635
4806,1084952.3984072735,84952.39840727346
4807,1001929.2787542753,1929.2787542752922
4808,1081866.1584996074,81866.15849960735
4809,1026067.9487483371,26067.948748337105
4810,1146068.8735770686,146068.87357706856
4811,1032057.8099226609,32057.809922660934
4812,888436.2198460911,-111563.78015390888
4813,1000823.5790285132,823.5790285131661
4814,976796.805390765,-23203.19460923504
4815,1038342.8068434874,38342.80684348743
4816,1001684.6901510193,1684.6901510192547
4817,972676.5997953227,-27323.40020467725
4818,974628.2716728232,-25371.728327176766
4819,1062746.568538582,62746.56853858195
4820,999486.4130539106,-513.5869460894028
4821,1078592.5959798691,78592.59597986913
4822,1061462.300875783,61462.30087578297
4823,1056143.0004222672,56143.00042226724
4824,911038.0859027114,-88961.91409728862
4825,935980.9347658649,-64019.06523413514
4826,963827.350342425,-36172.64965757495
4827,942022.0661236242,-57977.933876375784
4828,1192227.7365268497,192227.73652684968
4829,1022034.5035499075,22034.503549907473
4830,966712.1385411817,-33287.86145881831
4831,931271.8507157781,-68728.14928422193
4832,1082531.8109145684,82531.81091456837
4833,1070545.3528957313,70545.35289573134
4834,1073254.07796945,73254.07796945004
4835,1025114.6842849815,25114.684284981457
4836,1051269.3291586647,51269.32915866468
4837,981245.6904086778,-18754.309591322206
4838,955585.8417980454,-44414.15820195456
4839,1009675.6771692679,9675.677169267903
4840,1088594.4576059533,88594.45760595333
4841,974123.6855173552,-25876.314482644782
4842,1030188.504006803,30188.504006803036
4843,1220172.0364500757,220172.03645007568
4844,944194.2592192583,-55805.740780741675
4845,1090902.148842,90902.14884199994
4846,1052279.622008542,52279.622008542065
4847,1045194.2251547355,45194.2251547355
4848,942468.148075258,-57531.85192474199
4849,1087895.7381647741,87895.73816477414
4850,1068501.5169119693,68501.51691196929
4851,962121.5267422184,-37878.47325778159
4852,928253.2294307826,-71746.77056921739
4853,888657.93264787,-111342.06735212996
4854,1070305.383771589,70305.38377158903
4855,864486.053642717,-135513.94635728304
4856,1019721.3281400801,19721.32814008009
4857,1028598.4392345211,28598.439234521124
4858,1008939.3799322888,8939.379932288779
4859,1090124.0531367916,90124.05313679157
4860,998336.9100994541,-1663.0899005458923
4861,987766.0483627451,-12233.951637254911
4862,1101745.1808028102,101745.18080281024
4863,983408.1194267161,-16591.88057328388
4864,998499.7527704557,-1500.2472295443295
4865,967743.6262386806,-32256.37376131944
4866,1142478.0313840169,142478.03138401685
4867,1104905.4837472097,104905.48374720966
4868,997013.5320651308,-2986.46793486923
4869,1038975.1871969606,38975.187196960556
4870,1087920.2882044483,87920.2882044483
4871,995029.902319725,-4970.097680274979
4872,1043070.3723933463,43070.372393346275
4873,1041875.8585093028,41875.85850930284
4874,940436.6023811301,-59563.3976188699
4875,964317.1197767871,-35682.88022321288
4876,1085787.6488796447,85787.6488796447
4877,950865.7346052937,-49134.26539470628
4878,904459.4939621419,-95540.50603785808
4879,965089.0155496248,-34910.984450375196
4880,889199.0806719958,-110800.91932800424
4881,962275.065202829,-37724.93479717104
4882,940157.5883860596,-59842.41161394038
4883,1139184.085734033,139184.08573403303
4884,1085321.8547734828,85321.85477348277
4885,919479.8839649508,-80520.1160350492
4886,979527.0036264042,-20472.996373595786
4887,1098822.9742187809,98822.97421878087
4888,1124837.3299663418,124837.32996634184
4889,1053642.276510115,53642.276510115014
4890,1013846.0337601976,13846.033760197577
4891,1012655.0268468348,12655.026846834808
4892,901344.701346073,-98655.29865392705
4893,892319.8218476018,-107680.1781523982
4894,1142930.335969599,142930.33596959896
4895,999707.2836978128,-292.716302187182
4896,957940.6198818381,-42059.380118161906
4897,1024776.9516598845,24776.951659884537
4898,1101383.4587104907,101383.45871049073
4899,1058086.9787236352,58086.9787236352
4900,970594.455678299,-29405.544321701047
4901,1000810.3477576962,810.3477576961741
4902,918142.6198354877,-81857.38016451232
4903,1128878.3706313567,128878.37063135672
4904,909870.0572845504,-90129.94271544961
4905,1000160.6448470928,160.64484709280077
4906,1092675.5814713002,92675.58147130022
4907,1176871.7480868618,176871.7480868618
4908,917148.4139032647,-82851.58609673532
4909,1133506.047062856,133506.0470628559
4910,912335.8009529144,-87664.1990470856
4911,1094278.2845649412,94278.28456494119
4912,953214.4643392214,-46785.53566077864
4913,937761.0312944113,-62238.96870558872
4914,992024.0566691414,-7975.943330858601
4915,920573.0321512276,-79426.96784877242
4916,939852.3615938438,-60147.63840615621
4917,945728.0868442013,-54271.913155798684
4918,922692.0531769773,-77307.94682302268
4919,1068814.3882714454,68814.38827144541
4920,960733.222512531,-39266.77748746902
4921,969676.3918014865,-30323.60819851351
4922,1148264.8126819986,148264.8126819986
4923,1081824.1183657653,81824.11836576532
4924,1085123.5509269172,85123.55092691723
4925,1034618.0596989347,34618.05969893467
4926,1165639.0555911667,165639.05559116672
4927,1097482.9473309293,97482.94733092934
4928,964249.0545138095,-35750.945486190496
4929,864226.0592265892,-135773.94077341084
4930,982167.6215165473,-17832.378483452718
4931,961573.3651496958,-38426.634850304225
4932,1035040.2434606345,35040.24346063449
4933,873757.0553591179,-126242.94464088208
4934,1018345.4636864575,18345.463686457486
4935,978943.9479162841,-21056.052083715913
4936,1135826.0447087116,135826.04470871156
4937,951334.7822215538,-48665.21777844615
4938,958527.7332067797,-41472.266793220304
4939,969990.4529454246,-30009.547054575407
4940,1064800.3177023374,64800.3177023374
4941,872802.8732198123,-127197.12678018771
4942,1022975.1555670141,22975.155567014124
4943,960483.532470604,-39516.467529395944
4944,990466.4331686862,-9533.566831313772
4945,1046223.0418829037,46223.041882903664
4946,973691.2514030054,-26308.748596994556
4947,954331.165103448,-45668.83489655203
4948,1149080.4108292856,149080.41082928563
4949,1031959.4341947985,31959.434194798465
4950,945214.3006344931,-54785.69936550688
4951,969124.2689390864,-30875.731060913648
4952,999750.8523772608,-249.1476227391977
4953,1000477.3600688393,477.3600688392762
4954,998345.9160538599,-1654.0839461401338
4955,994521.3337997732,-5478.666200226755
4956,906930.1531290138,-93069.84687098616
4957,1006317.6181710644,6317.618171064416
4958,1016962.1793742008,16962.179374200758
4959,1070513.4295738614,70513.42957386142
4960,1056128.8916072957,56128.89160729572
4961,975322.4035012211,-24677.596498778905
4962,969428.0660570111,-30571.933942988864
4963,914548.4558334092,-85451.54416659079
4964,1116670.7978268561,116670.79782685614
4965,1022546.7503289465,22546.75032894651
4966,1043893.0245331998,43893.024533199845
4967,1098012.5435963646,98012.54359636456
4968,984954.556391826,-15045.443608173984
4969,1119896.8500780996,119896.85007809964
4970,1090015.0470147177,90015.04701471771
4971,918246.8382252125,-81753.16177478747
4972,986008.1467146749,-13991.853285325109
4973,921547.1178199009,-78452.88218009914
4974,984702.6329023831,-15297.367097616894
4975,991350.7253128359,-8649.274687164114
4976,1033603.3125285535,33603.312528553535
4977,1067171.666942034,67171.66694203392
4978,962464.2727555154,-37535.72724448459
4979,934912.0796445317,-65087.92035546829
4980,1115861.5188125232,115861.51881252322
4981,966993.5986930588,-33006.401306941174
4982,979281.178473332,-20718.821526668034
4983,1049543.7484642179,49543.748464217875
4984,1006911.5784562648,6911.578456264804
4985,898403.5449680093,-101596.45503199066
4986,972180.9059699011,-27819.094030098873
4987,972199.9917616021,-27800.008238397888
4988,1002902.9142268948,2902.914226894849
4989,947802.3178124059,-52197.682187594124
4990,1042564.326048188,42564.32604818803
4991,1066457.8972751496,66457.89727514959
4992,929785.3070024508,-70214.6929975492
4993,1103080.4327637872,103080.43276378722
4994,973286.1307956056,-26713.869204394403
4995,1041675.1229528342,41675.12295283424
4996,884738.5785721714,-115261.42142782861
4997,915058.1181196288,-84941.88188037125
4998,970638.9456877323,-29361.05431226769
4999,971336.3265695012,-28663.673430498806
5000,977810.1163749214,-22189.883625078597
5001,949309.9781512261,-50690.02184877393
5002,886949.0565772214,-113050.94342277863
5003,959568.3312111656,-40431.66878883436
5004,1137302.863210921,137302.86321092094
5005,1013983.4344483447,13983.43444834475
5006,987473.794567438,-12526.205432562041
5007,1121414.4303531887,121414.43035318865
5008,1012752.5189865236,12752.518986523617
5009,1003865.2766855942,3865.276685594232
5010,1080026.3945247298,80026.39452472981
5011,1118187.7353877649,118187.73538776487
5012,1106658.1538547706,106658.15385477059
5013,1130026.6007729862,130026.60077298619
5014,1016954.6756918107,16954.67569181067
5015,1183071.517815377,183071.5178153771
5016,910957.6280843727,-89042.37191562727
5017,955063.0820181703,-44936.91798182973
5018,1051212.1412989043,51212.14129890432
5019,1095689.913576933,95689.91357693309
5020,1032374.1238829038,32374.123882903834
5021,1003044.2483256526,3044.2483256525593
5022,922966.4617840563,-77033.53821594373
5023,1049406.108011049,49406.108011048986
5024,961512.375217601,-38487.62478239904
5025,977262.158607818,-22737.841392182047
5026,1066430.3281851928,66430.32818519277
5027,1031889.8856995953,31889.885699595325
5028,1085612.8732343288,85612.87323432881
5029,959906.5262817901,-40093.47371820989
5030,1031420.4835607284,31420.483560728375
5031,1069118.410431651,69118.41043165093
5032,922669.0911205279,-77330.90887947206
5033,920613.1955347336,-79386.80446526641
5034,1010997.384423248,10997.384423248004
5035,1003065.457811486,3065.457811485976
5036,1056352.8767962472,56352.876796247205
5037,1037884.3505023598,37884.3505023598
5038,1038783.7035365313,38783.703536531306
5039,1073194.325163566,73194.32516356604
5040,951108.7034636049,-48891.29653639509
5041,991802.6548963657,-8197.345103634289
5042,845763.7641673369,-154236.23583266314
5043,1014068.758422751,14068.75842275098
5044,1018047.2303191748,18047.23031917482
5045,947988.2833838288,-52011.71661617118
5046,1078105.2072202305,78105.20722023048
5047,1018903.8832876212,18903.883287621196
5048,1216363.440374764,216363.44037476392
5049,881488.9555935524,-118511.04440644756
5050,958145.5473162871,-41854.45268371294
5051,1034689.8084494836,34689.80844948359
5052,993484.1866381342,-6515.813361865818
5053,1057586.360944044,57586.36094404408
5054,1015467.0394601761,15467.039460176136
5055,1037088.0736027377,37088.07360273774
5056,1056343.0853654314,56343.08536543138
5057,1036651.4141142304,36651.41411423043
5058,936975.5742003899,-63024.42579961009
5059,989185.3822669826,-10814.617733017425
5060,912729.3299241284,-87270.67007587163
5061,944097.9141952484,-55902.08580475161
5062,1094050.5548810568,94050.55488105677
5063,1020578.6648213977,20578.664821397746
5064,970775.9016535362,-29224.098346463754
5065,987911.2345106554,-12088.765489344602
5066,1033623.1173069106,33623.11730691057
5067,1040924.033443751,40924.03344375105
5068,949112.2730770363,-50887.726922963746
5069,1010563.437722801,10563.437722800998
5070,1006228.3101433973,6228.310143397306
5071,1074566.8872403537,74566.88724035374
5072,1100345.6019902173,100345.60199021734
5073,1000484.7643962485,484.7643962485017
5074,1103223.8815346041,103223.88153460412
5075,1005417.2210438983,5417.221043898258
5076,925660.975372755,-74339.02462724503
5077,1219036.5879817414,219036.5879817414
5078,914448.4838106994,-85551.51618930057
5079,1087525.0613246888,87525.06132468884
5080,1023984.6327772518,23984.63277725177
5081,1017187.2685880167,17187.26858801674
5082,1002593.9140871936,2593.9140871935524
5083,1009397.6558218198,9397.65582181979
5084,1046018.0652533622,46018.065253362176
5085,1013721.9393417722,13721.939341772231
5086,996576.3161783861,-3423.6838216139004
5087,1006930.0551329491,6930.055132949143
5088,1092325.5881099305,92325.58810993051
5089,1056915.2081285152,56915.208128515165
5090,1025437.7135811026,25437.71358110255
5091,1024794.02205,24794.02205000003
5092,1062896.9651658186,62896.965165818576
5093,986854.5612253199,-13145.438774680137
5094,1109166.686239622,109166.68623962207
5095,973530.3220448459,-26469.677955154097
5096,931192.1504902992,-68807.84950970078
5097,1013533.1658688785,13533.165868878481
5098,1034007.6708866459,34007.67088664591
5099,919257.4247072026,-80742.57529279741
5100,1065809.0545762416,65809.05457624164
5101,1102745.372156002,102745.3721560021
5102,936196.3036700304,-63803.69632996956
5103,934827.3950009976,-65172.60499900242
5104,939878.2680850569,-60121.731914943084
5105,1083706.7924161153,83706.79241611529
5106,1127009.0464144002,127009.04641440022
5107,971078.526435536,-28921.473564464017
5108,896361.1451975019,-103638.85480249813
5109,908685.8711533472,-91314.1288466528
5110,1066582.0322284696,66582.03222846962
5111,858973.9569166326,-141026.0430833674
5112,1063089.593998064,63089.593998064054
5113,993372.295880485,-6627.704119515023
5114,991990.1900198205,-8009.809980179532
5115,1164691.9478127358,164691.9478127358
5116,1024189.9917843929,24189.991784392856
5117,990262.8654827795,-9737.134517220547
5118,1005249.9085288089,5249.908528808854
5119,992701.961766827,-7298.038233172963
5120,991282.2831201376,-8717.71687986236
5121,1018229.3194110552,18229.319411055185
5122,868301.3405049681,-131698.65949503193
5123,1023347.1996716909,23347.199671690934
5124,1080945.4447001754,80945.44470017543
5125,953294.7831057227,-46705.216894277255
5126,1013927.399995973,13927.399995972984
5127,966262.5561733628,-33737.44382663723
5128,995046.8960878771,-4953.103912122897
5129,1079544.6911701378,79544.69117013784
5130,960415.4828619675,-39584.517138032475
5131,914174.1559157625,-85825.84408423747
5132,1077640.1401246332,77640.14012463321
5133,976008.935884701,-23991.06411529903
5134,918600.1652482197,-81399.83475178026
5135,1018318.6835033004,18318.683503300417
5136,965110.9260104325,-34889.07398956746
5137,1082461.4258659086,82461.42586590862
5138,943248.3030749132,-56751.696925086784
5139,1029129.4738125405,29129.473812540527
5140,979382.1640781863,-20617.835921813734
5141,1013541.5201870976,13541.520187097602
5142,1091618.0633261318,91618.06332613179
5143,1041016.9068668798,41016.906866879785
5144,1136071.9641652585,136071.96416525845
5145,1064652.7138791848,64652.7138791848
5146,1012407.6626197491,12407.662619749084
5147,1005650.6807434012,5650.680743401172
5148,1056520.400667386,56520.4006673859
5149,930493.9591535697,-69506.04084643035
5150,1007949.2166802773,7949.216680277255
5151,958157.1603156889,-41842.83968431107
5152,1050357.0313488345,50357.03134883451
5153,995693.205850475,-4306.794149524998
5154,1037293.3302540035,37293.33025400352
5155,1024391.8135059315,24391.813505931525
5156,989397.8878736454,-10602.112126354594
5157,1113666.9969911752,113666.99699117523
5158,1000588.0049526647,588.0049526647199
5159,1094588.3692697024,94588.36926970235
5160,1051705.0734273337,51705.07342733373
5161,1118444.3618571402,118444.3618571402
5162,1000404.1868157501,404.1868157500867
5163,941635.2238893436,-58364.77611065644
5164,1017616.9752456978,17616.975245697773
5165,850514.9198298424,-149485.0801701576
5166,972449.3356368842,-27550.664363115793
5167,961315.0098812364,-38684.99011876364
5168,1097529.3454880316,97529.34548803163
5169,1037649.8477498082,37649.84774980822
5170,1010154.017241842,10154.017241841997
5171,1034984.7021931428,34984.702193142846
5172,1014877.2452230391,14877.245223039063
5173,1105217.6251778882,105217.6251778882
5174,919073.8563362061,-80926.14366379392
5175,843912.926393564,-156087.07360643602
5176,980591.3019479011,-19408.698052098858
5177,1013161.4832273072,13161.48322730721
5178,951680.814190639,-48319.18580936105
5179,965271.2441019947,-34728.75589800533
5180,1025767.9322987625,25767.93229876249
5181,1014907.5445074567,14907.54450745671
5182,969616.7960822291,-30383.20391777088
5183,1041821.7287340909,41821.728734090924
5184,989608.7998599934,-10391.200140006607
5185,959235.694702055,-40764.305297945044
5186,1063554.9798239276,63554.97982392763
5187,1055694.3299995477,55694.329999547685
5188,1069292.0480033709,69292.04800337087
5189,1069052.926626098,69052.92662609811
5190,991950.9881805002,-8049.011819499778
5191,951033.8097515862,-48966.190248413826
5192,1052169.872875201,52169.87287520105
5193,931229.9835039697,-68770.01649603026
5194,964219.921456677,-35780.078543322976
5195,995639.2719031392,-4360.72809686081
5196,920286.4450867033,-79713.55491329671
5197,976237.3344151529,-23762.6655848471
5198,996395.0019198515,-3604.998080148478
5199,1085093.2199385907,85093.21993859066
5200,979622.7541915285,-20377.24580847146
5201,1044961.8641200322,44961.86412003217
5202,1129774.2120301507,129774.2120301507
5203,1021482.0084180747,21482.008418074693
5204,1141003.1165086753,141003.11650867527
5205,1091338.9325441655,91338.93254416552
5206,975508.4186417105,-24491.581358289463
5207,974024.4029771345,-25975.59702286555
5208,1044703.5666435531,44703.56664355309
5209,1005263.6207650709,5263.620765070897
5210,905862.2421576894,-94137.75784231059
5211,930725.1214306083,-69274.87856939167
5212,942209.1860770485,-57790.81392295146
5213,977836.7366108602,-22163.263389139785
5214,1045857.9834844511,45857.98348445108
5215,1008500.2608258027,8500.260825802688
5216,1017380.0319188655,17380.031918865512
5217,944136.0752079212,-55863.92479207879
5218,1010524.8501004947,10524.850100494688
5219,1025759.2357946037,25759.23579460371
5220,1013887.8159201649,13887.815920164925
5221,972162.4671318245,-27837.532868175535
5222,923899.094881917,-76100.905118083
5223,982448.1382649922,-17551.861735007842
5224,1022591.6129646844,22591.612964684376
5225,1015290.2527998798,15290.25279987976
5226,1160103.6165304636,160103.61653046357
5227,965941.6969321665,-34058.303067833534
5228,1154652.2484010349,154652.24840103486
5229,919175.8200747338,-80824.17992526619
5230,1056156.9130989164,56156.91309891641
5231,906270.0664877925,-93729.93351220747
5232,923198.020343506,-76801.97965649399
5233,1022851.1441616901,22851.144161690143
5234,900020.7500747945,-99979.24992520548
5235,949022.801175281,-50977.198824718944
5236,922836.1049680082,-77163.89503199176
5237,1126493.9620649284,126493.96206492838
5238,1036833.5906720862,36833.590672086226
5239,1054511.040306074,54511.04030607408
5240,1054295.197869993,54295.19786999305
5241,1110866.3557765866,110866.35577658657
5242,1026469.8919906741,26469.891990674078
5243,1092309.5653421076,92309.56534210755
5244,961445.998406369,-38554.001593630994
5245,1093673.8127718554,93673.81277185539
5246,800509.0430082146,-199490.95699178544
5247,961778.783261746,-38221.21673825395
5248,949411.7136570619,-50588.28634293808
5249,1107145.925547871,107145.92554787104
5250,948862.0260318025,-51137.973968197475
5251,823461.9536034319,-176538.04639656807
5252,1094186.2306667874,94186.23066678736
5253,952361.2885720152,-47638.71142798476
5254,955441.1586059049,-44558.8413940951
5255,919474.6499723118,-80525.3500276882
5256,914422.484135311,-85577.51586468902
5257,968725.0093265211,-31274.990673478926
5258,1031411.9825327956,31411.982532795635
5259,1018884.8370770229,18884.83707702288
5260,921412.3646868847,-78587.63531311532
5261,947379.9435584114,-52620.05644158856
5262,941149.010993389,-58850.98900661105
5263,985971.7856879412,-14028.214312058757
5264,1086980.0713329848,86980.07133298484
5265,902218.2004358652,-97781.7995641348
5266,1013596.0901440637,13596.090144063695
5267,1130055.681238853,130055.6812388529
5268,977954.7314631925,-22045.268536807504
5269,1068652.5813584952,68652.58135849517
5270,941987.9007527819,-58012.09924721811
5271,1052746.4704612195,52746.47046121955
5272,1147022.8899884329,147022.88998843287
5273,1053893.598746477,53893.59874647693
5274,1025090.267411748,25090.267411747947
5275,1058200.9558092481,58200.955809248146
5276,989185.2402134354,-10814.759786564624
5277,1002241.0394403227,2241.0394403226674
5278,960805.6690773205,-39194.33092267951
5279,1103666.5157553377,103666.51575533766
5280,925866.394365846,-74133.60563415405
5281,1132290.0188762546,132290.01887625456
5282,931276.0757376272,-68723.92426237278
5283,1044300.5022671974,44300.50226719736
5284,882447.4891381175,-117552.51086188247
5285,974246.1852724144,-25753.814727585646
5286,1151228.9727905262,151228.97279052623
5287,954912.532830157,-45087.46716984303
5288,919307.6020669497,-80692.39793305029
5289,1011433.8470148159,11433.847014815896
5290,913494.6134918224,-86505.38650817762
5291,1061456.0938038016,61456.093803801574
5292,1026316.66823367,26316.668233669945
5293,958073.197581141,-41926.80241885898
5294,910731.9178745255,-89268.08212547447
5295,1041694.8824744283,41694.882474428276
5296,988750.3382423988,-11249.661757601192
5297,974103.8851279798,-25896.114872020204
5298,1128775.4106370267,128775.41063702665
5299,1020007.2442175116,20007.244217511616
5300,1000825.075332711,825.0753327109851
5301,1073708.4657481995,73708.4657481995
5302,979464.6352492804,-20535.36475071963
5303,877396.5631321012,-122603.4368678988
5304,978730.8020469251,-21269.197953074938
5305,992520.2400368334,-7479.759963166551
5306,989007.9644437388,-10992.035556261195
5307,1118338.1049183575,118338.10491835745
5308,1020590.7988765546,20590.79887655459
5309,1035436.9228676745,35436.9228676745
5310,1023480.2595356603,23480.25953566027
5311,1056476.671763532,56476.6717635321
5312,1017796.4534776736,17796.45347767358
5313,970008.7816871641,-29991.218312835903
5314,909530.8421201057,-90469.15787989425
5315,1095188.1800744506,95188.18007445056
5316,1022512.6828659767,22512.682865976705
5317,1092453.2749369391,92453.27493693912
5318,1050304.6704848097,50304.67048480967
5319,1019059.3310493641,19059.33104936406
5320,881384.1956973722,-118615.8043026278
5321,1042368.4800245021,42368.48002450215
5322,1038554.0566170994,38554.05661709944
5323,1013621.886168955,13621.88616895501
5324,997729.9738124612,-2270.0261875387514
5325,1085203.1724725745,85203.17247257452
5326,1270049.2238475212,270049.22384752124
5327,1044412.9408772653,44412.9408772653
5328,1027272.9393526112,27272.939352611196
5329,976494.8225419754,-23505.177458024584
5330,1134931.8097731597,134931.80977315968
5331,1101835.365294609,101835.36529460899
5332,1067227.5254797167,67227.52547971671
5333,1001286.1562163646,1286.1562163645867
5334,1083298.0824916055,83298.08249160554
5335,1008477.621822374,8477.621822374058
5336,1018676.9294699752,18676.929469975177
5337,1043465.7223418736,43465.72234187357
5338,1041860.7674033514,41860.767403351376
5339,1039914.5521217493,39914.552121749264
5340,999957.9064399299,-42.09356007014867
5341,1028581.6620091803,28581.66200918029
5342,1030109.7520794132,30109.752079413156
5343,943138.4389844786,-56861.56101552141
5344,979762.3534440575,-20237.646555942483
5345,1056068.3807521542,56068.38075215416
5346,980279.4223150393,-19720.577684960677
5347,951452.5968691855,-48547.40313081455
5348,1136363.21308555,136363.21308555012
5349,950322.687120986,-49677.312879013945
5350,975404.354256118,-24595.64574388205
5351,1058612.7208107496,58612.72081074957
5352,1010386.1850142406,10386.18501424056
5353,1100310.86209261,100310.86209260998
5354,1028114.3039491063,28114.303949106252
5355,1015906.0627483724,15906.062748372438
5356,1016014.4021614157,16014.402161415666
5357,991495.0147398309,-8504.985260169138
5358,987020.229870647,-12979.77012935304
5359,919440.5219115186,-80559.47808848135
5360,1090694.2407839422,90694.24078394216
5361,1032288.4784505204,32288.47845052043
5362,944364.1280830983,-55635.87191690167
5363,1039781.0188584838,39781.01885848376
5364,920852.220513416,-79147.77948658401
5365,1077990.0683427174,77990.06834271736
5366,979191.8847226395,-20808.115277360543
5367,1016817.7857645049,16817.785764504923
5368,1207380.2314250916,207380.23142509162
5369,1016097.1051438755,16097.105143875466
5370,880237.2804622124,-119762.7195377876
5371,1037905.6761139593,37905.676113959285
5372,1027679.0790254282,27679.07902542816
5373,1130018.2166792152,130018.2166792152
5374,1094306.578244672,94306.57824467192
5375,947388.5972791057,-52611.402720894315
5376,1063922.5750542232,63922.57505422318
5377,1071782.082179949,71782.08217994892
5378,1077381.9619292913,77381.96192929125
5379,977221.6230934531,-22778.37690654688
5380,955716.9730085504,-44283.026991449646
5381,1015716.1795734667,15716.179573466652
5382,988912.4142218619,-11087.585778138135
5383,948885.9269615234,-51114.073038476636
5384,1031327.8761900144,31327.876190014416
5385,1038162.3927788252,38162.39277882525
5386,1049572.8097191853,49572.809719185345
5387,1148832.6407449772,148832.64074497717
5388,918017.7895064045,-81982.21049359546
5389,985192.5438571542,-14807.456142845796
5390,995762.5830906573,-4237.416909342748
5391,967584.6759946924,-32415.32400530763
5392,925041.450077038,-74958.54992296197
5393,1004183.3023104696,4183.30231046956
5394,983386.1247349358,-16613.875265064184
5395,1121059.2275631228,121059.22756312275
5396,1009565.1452835093,9565.145283509279
5397,995340.7541084421,-4659.24589155789
5398,1020376.4858108282,20376.485810828162
5399,955848.5721878043,-44151.42781219573
5400,1053135.44082967,53135.44082967006
5401,1055359.8921517292,55359.892151729204
5402,950246.1954849841,-49753.804515015916
5403,1065119.92026639,65119.92026639008
5404,1016555.0174872477,16555.017487247707
5405,1117426.8247460446,117426.82474604459
5406,991138.0052713893,-8861.994728610734
5407,977825.9881926448,-22174.011807355215
5408,914295.9605942041,-85704.03940579586
5409,1020518.3866460857,20518.38664608565
5410,1015470.5854877679,15470.585487767938
5411,1013612.6019494059,13612.601949405856
5412,940029.9165174203,-59970.08348257968
5413,1001009.6927501706,1009.6927501705941
5414,1024417.5622881223,24417.56228812225
5415,1015154.5060702628,15154.506070262752
5416,901252.2905213559,-98747.70947864407
5417,979197.526493329,-20802.473506671027
5418,1107041.678768353,107041.67876835307
5419,1030537.6728743347,30537.672874334734
5420,1010031.3699331733,10031.369933173293
5421,1154210.8458728762,154210.84587287623
5422,1070992.938114281,70992.93811428105
5423,875890.8932536785,-124109.10674632154
5424,1036484.4702528748,36484.47025287477
5425,1008257.3246367843,8257.324636784266
5426,1070478.2201794183,70478.22017941833
5427,1107893.319167953,107893.31916795298
5428,930403.1605161938,-69596.83948380616
5429,1014294.9290212513,14294.929021251271
5430,1016257.6320112146,16257.63201121462
5431,968002.584563397,-31997.415436603012
5432,1045646.391756848,45646.39175684797
5433,1016721.364980389,16721.364980389015
5434,940728.3395835933,-59271.660416406696
5435,947789.3013186537,-52210.69868134626
5436,1070886.07971631,70886.0797163099
5437,928326.2093504159,-71673.79064958415
5438,1092083.98741589,92083.98741588998
5439,1048202.0359248299,48202.03592482989
5440,1041708.4578392857,41708.45783928572
5441,918782.4917418512,-81217.5082581488
5442,993193.1582900777,-6806.841709922301
5443,874056.21328857,-125943.78671142994
5444,1083402.18493433,83402.18493432994
5445,1032128.0906892458,32128.090689245844
5446,919318.3772238926,-80681.6227761074
5447,1064787.0632512781,64787.06325127813
5448,1018642.7960839588,18642.79608395882
5449,1027086.2996808039,27086.299680803902
5450,1058435.2867800891,58435.28678008914
5451,1069945.5734377082,69945.5734377082
5452,1055548.7935727,55548.793572699884
5453,1079652.4582957912,79652.45829579118
5454,981060.1182797534,-18939.88172024663
5455,1013798.8451050178,13798.845105017768
5456,1095486.94985028,95486.94985028007
5457,1111793.9347970244,111793.93479702435
5458,1111700.7683277996,111700.76832779963
5459,1020223.6946455847,20223.694645584677
5460,1165163.185351122,165163.18535112194
5461,1009758.8710221798,9758.87102217984
5462,1130194.460130625,130194.46013062494
5463,1099284.472088802,99284.47208880191
5464,974418.6110371706,-25581.38896282937
5465,950913.7937530109,-49086.20624698908
5466,1033223.0429958138,33223.04299581377
5467,1034114.8027079552,34114.80270795524
5468,990793.2780179704,-9206.721982029616
5469,1071411.605071214,71411.60507121403
5470,988408.1862296907,-11591.813770309323
5471,953470.9466343684,-46529.05336563161
5472,1046341.0279094487,46341.02790944872
5473,993587.5683257382,-6412.43167426181
5474,1140345.6730342421,140345.67303424212
5475,1105340.1622807647,105340.16228076466
5476,901788.8099290272,-98211.19007097278
5477,1029289.4276663789,29289.427666378906
5478,1072485.2232882387,72485.22328823875
5479,1087211.0529923674,87211.05299236742
5480,1055423.5518695326,55423.55186953256
5481,899212.8667837832,-100787.13321621681
5482,969136.1553221762,-30863.84467782383
5483,913190.1842987057,-86809.81570129434
5484,987476.934251556,-12523.065748443943
5485,999484.3483440112,-515.6516559887677
5486,996179.5542415207,-3820.445758479298
5487,1031115.4680148953,31115.468014895334
5488,1082144.3548940907,82144.35489409068
5489,1018764.6567581939,18764.656758193858
5490,1079262.8587098815,79262.85870988155
5491,959296.0094185021,-40703.9905814979
5492,992275.418443876,-7724.581556124031
5493,949021.1730657815,-50978.82693421852
5494,1030961.3602391108,30961.36023911077
5495,976494.7926841843,-23505.20731581573
5496,1012237.4147044362,12237.414704436203
5497,1041148.108425324,41148.10842532397
5498,1204413.240165137,204413.240165137
5499,1194464.051232349,194464.0512323489
5500,1036175.4389300782,36175.43893007818
5501,939741.9551391758,-60258.044860824244
5502,1082635.7559871199,82635.75598711986
5503,1023233.9847344318,23233.98473443184
5504,969869.8387575647,-30130.161242435337
5505,975484.1572755292,-24515.84272447077
5506,1000989.1708382632,989.170838263235
5507,944726.7234865566,-55273.276513443445
5508,1043304.7186302484,43304.71863024845
5509,946582.3310838385,-53417.66891616152
5510,1107403.8685591777,107403.86855917773
5511,1021370.9753278319,21370.975327831926
5512,902921.6181782791,-97078.38182172086
5513,1085300.7652395926,85300.76523959264
5514,982249.9162530398,-17750.083746960154
5515,1082447.0918322082,82447.09183220821
5516,1035326.5313803635,35326.53138036351
5517,984356.4608972331,-15643.539102766896
5518,894482.1937651752,-105517.80623482482
5519,996926.1302932831,-3073.869706716854
5520,954264.887085049,-45735.11291495105
5521,989228.9506349615,-10771.049365038518
5522,1024082.7292290116,24082.729229011573
5523,944624.3296105565,-55375.67038944352
5524,929297.0711562366,-70702.92884376342
5525,978504.346687571,-21495.65331242897
5526,985778.7784951465,-14221.221504853456
5527,959823.3178548715,-40176.68214512849
5528,1058538.4321763117,58538.43217631173
5529,1139534.5882445779,139534.58824457787
5530,943126.7618974572,-56873.23810254282
5531,1049558.2119215599,49558.21192155988
5532,957699.5018197576,-42300.49818024237
5533,1010011.6105874192,10011.610587419244
5534,987915.5034593375,-12084.496540662483
5535,1111799.268943863,111799.26894386299
5536,947115.5050690719,-52884.49493092811
5537,941769.0690188819,-58230.930981118116
5538,982417.8462344246,-17582.15376557538
5539,1014102.5909999881,14102.59099998814
5540,975416.5844860879,-24583.4155139121
5541,1067103.7708869819,67103.77088698186
5542,930027.4171900761,-69972.58280992392
5543,947686.2866360015,-52313.71336399845
5544,970129.6387816491,-29870.36121835094
5545,1095684.2507064443,95684.25070644426
5546,1052615.540653927,52615.54065392702
5547,1092587.560530934,92587.56053093402
5548,948779.5799569888,-51220.420043011196
5549,943369.4411952273,-56630.55880477268
5550,963803.4078164278,-36196.59218357224
5551,1026142.056732536,26142.056732535944
5552,994794.2325406466,-5205.767459353432
5553,992045.8666241213,-7954.133375878679
5554,966663.4909291787,-33336.50907082134
5555,1084181.9831291628,84181.9831291628
5556,1084135.2016160307,84135.20161603065
5557,1038067.628040019,38067.62804001896
5558,945921.2846066002,-54078.71539339982
5559,1050339.356504968,50339.3565049679
5560,1024420.8112509687,24420.81125096872
5561,1067948.7830828398,67948.7830828398
5562,878287.6035141874,-121712.39648581261
5563,958753.8852621693,-41246.11473783071
5564,1034158.0085539516,34158.00855395163
5565,993763.5830098036,-6236.416990196449
5566,1020955.3400204865,20955.340020486503
5567,988672.9162334821,-11327.083766517928
5568,971503.8980223554,-28496.101977644605
5569,963539.3214767511,-36460.67852324888
5570,984178.730354911,-15821.26964508905
5571,1069538.2789812952,69538.27898129518
5572,1048189.4973073449,48189.49730734492
5573,1085393.3157509882,85393.3157509882
5574,1044965.1725028801,44965.1725028801
5575,998783.5716550665,-1216.428344933549
5576,917534.6234026782,-82465.37659732183
5577,1007822.674643343,7822.674643342965
5578,1150064.1850621717,150064.18506217166
5579,1060980.1918032519,60980.19180325186
5580,1037591.7173417015,37591.7173417015
5581,1069566.0386057193,69566.03860571934
5582,1039655.3220322195,39655.3220322195
5583,1143818.473931105,143818.4739311051
5584,950727.4168263796,-49272.5831736204
5585,1090454.09371982,90454.09371982003
5586,1080222.4105621784,80222.41056217835
5587,1026734.1056454377,26734.105645437725
5588,1068618.153658162,68618.1536581621
5589,1051042.8277898023,51042.82778980234
5590,978686.863880096,-21313.136119903997
5591,1108942.6634217019,108942.66342170187
5592,1032244.0761210087,32244.076121008722
5593,864580.7294373845,-135419.27056261548
5594,1140624.4567333509,140624.45673335087
5595,992880.9774772387,-7119.022522761254
5596,1008298.545222011,8298.545222011046
5597,959663.7080286545,-40336.29197134555
5598,981159.8281886283,-18840.171811371692
5599,1015370.169373842,15370.169373841956
5600,1080376.840047557,80376.8400475569
5601,1023697.2381228904,23697.238122890354
5602,1038557.4483653822,38557.44836538215
5603,1084839.7852111065,84839.78521110653
5604,1038342.3249015495,38342.324901549495
5605,923179.3948643083,-76820.6051356917
5606,923687.669973847,-76312.33002615301
5607,1022366.367958375,22366.36795837502
5608,1039566.7462467148,39566.74624671484
5609,1032977.3444586778,32977.344458677806
5610,1011336.2747439791,11336.274743979098
5611,1193549.3242448496,193549.32424484962
5612,1039492.3888763054,39492.38887630543
5613,1032384.4004774047,32384.400477404706
5614,1077626.0178758556,77626.01787585556
5615,955880.1606157827,-44119.83938421728
5616,958442.0828672685,-41557.91713273153
5617,960118.508656601,-39881.491343399044
5618,1084174.1121716204,84174.11217162036
5619,1055798.0259667991,55798.02596679912
5620,1035895.328494362,35895.32849436195
5621,857953.7392618963,-142046.26073810365
5622,1020041.1464732178,20041.146473217756
5623,1012627.0544711486,12627.054471148644
5624,1009025.171605973,9025.171605973039
5625,1194500.0464622579,194500.04646225786
5626,1012010.5018215269,12010.501821526908
5627,1020054.7397076248,20054.739707624773
5628,1097378.1865565768,97378.18655657675
5629,1198486.255518305,198486.25551830512
5630,1032142.7533841227,32142.75338412274
5631,1045417.9525680331,45417.95256803313
5632,942841.7592122649,-57158.24078773509
5633,1063253.1458481222,63253.14584812219
5634,1098144.026372832,98144.02637283201
5635,979335.2641293099,-20664.735870690085
5636,1039196.7719062855,39196.77190628555
5637,1091000.0943373463,91000.09433734627
5638,1015450.9652656342,15450.965265634237
5639,1033891.2600126636,33891.26001266355
5640,917256.7422094003,-82743.25779059972
5641,1148590.0611858512,148590.06118585123
5642,1084233.5095898777,84233.50958987768
5643,1001827.0916390592,1827.0916390592465
5644,919297.9070307369,-80702.09296926309
5645,1221124.9868039498,221124.9868039498
5646,1075247.5288852134,75247.52888521343
5647,1097088.6670368789,97088.66703687888
5648,1018210.4660425206,18210.466042520595
5649,938515.6482671673,-61484.35173283273
5650,1022537.8115594655,22537.81155946548
5651,1053721.901991401,53721.9019914011
5652,1027051.988893946,27051.98889394605
5653,1122276.284953292,122276.284953292
5654,979116.9255892104,-20883.074410789646
5655,959015.6581270368,-40984.34187296324
5656,940839.3024428594,-59160.69755714061
5657,1231612.9759000675,231612.97590006748
5658,909145.7738780804,-90854.22612191958
5659,1085305.33667025,85305.33667024993
5660,1070517.5482861202,70517.54828612017
5661,1060887.8972255867,60887.8972255867
5662,989255.3878846142,-10744.612115385826
5663,989288.3147895242,-10711.685210475815
5664,1015965.5141654098,15965.51416540984
5665,1013907.3362483926,13907.336248392588
5666,966541.0187827426,-33458.981217257446
5667,1016659.1802078054,16659.18020780536
5668,1066012.531033715,66012.531033715
5669,1004617.1056516446,4617.105651644641
5670,966191.7495146334,-33808.25048536656
5671,1028411.094011654,28411.09401165403
5672,1032153.0684040023,32153.068404002348
5673,1159871.5364936118,159871.53649361175
5674,980569.5341451853,-19430.46585481474
5675,1087735.7445107922,87735.7445107922
5676,1058216.046135828,58216.0461358279
5677,1026894.0232906159,26894.023290615878
5678,1028213.731421842,28213.731421842007
5679,1047138.8127159815,47138.812715981505
5680,996511.1884632645,-3488.811536735506
5681,983067.8437203552,-16932.156279644812
5682,1020014.11316135,20014.11316135002
5683,1023205.6109783662,23205.610978366225
5684,1031614.839574188,31614.839574187994
5685,1102687.8809155766,102687.88091557659
5686,1172156.8993853696,172156.89938536962
5687,1080271.0713710026,80271.07137100259
5688,989553.8653637819,-10446.134636218078
5689,932742.5059700754,-67257.49402992462
5690,1112361.6945361258,112361.69453612575
5691,953215.4384756575,-46784.56152434251
5692,1060212.02128009,60212.02128009009
5693,1032693.4203519463,32693.42035194626
5694,903790.826503367,-96209.17349663295
5695,952974.5314638199,-47025.468536180095
5696,927805.3624449882,-72194.63755501178
5697,967986.1982767925,-32013.801723207464
5698,1095616.3733044295,95616.37330442946
5699,1040292.6251636235,40292.62516362348
5700,972424.3412835791,-27575.658716420876
5701,967252.8830926509,-32747.11690734909
5702,1108776.59380199,108776.59380198992
5703,1024291.6654785303,24291.66547853034
5704,1028665.8590183093,28665.859018309275
5705,904234.5406267663,-95765.45937323372
5706,978637.099970465,-21362.900029535056
5707,1082035.6387131019,82035.63871310186
5708,1011660.7328681356,11660.732868135558
5709,1006111.9095704885,6111.909570488497
5710,1075374.1490658356,75374.14906583563
5711,1044045.2570389179,44045.25703891786
5712,1050682.174273132,50682.174273132114
5713,1023043.7439314248,23043.743931424804
5714,1006346.6084381365,6346.608438136522
5715,1023945.7778655326,23945.777865532553
5716,975976.4873848486,-24023.512615151354
5717,976146.8662972174,-23853.133702782565
5718,1145038.2105796428,145038.2105796428
5719,1004079.0708014404,4079.0708014403936
5720,950070.8285988201,-49929.17140117986
5721,1148328.0447001199,148328.04470011988
5722,907158.8088708105,-92841.19112918945
5723,1042936.843572889,42936.84357288899
5724,967444.9293062577,-32555.07069374225
5725,1036418.0727831218,36418.07278312184
5726,1080541.5164190072,80541.51641900721
5727,927818.9594873074,-72181.04051269265
5728,1118312.7496947516,118312.74969475158
5729,1015943.9669083819,15943.966908381903
5730,936724.9993608914,-63275.00063910859
5731,943610.2541539648,-56389.74584603519
5732,1034735.1341670675,34735.134167067474
5733,1002967.7459099222,2967.745909922174
5734,957166.1254415206,-42833.87455847941
5735,992534.0405205042,-7465.959479495767
5736,967059.4610742371,-32940.53892576287
5737,1005780.6489955552,5780.648995555239
5738,1018427.1135064779,18427.11350647791
5739,1206535.4364872156,206535.43648721557
5740,1003844.2393644617,3844.2393644617405
5741,964293.9998383143,-35706.00016168575
5742,879854.664485824,-120145.33551417605
5743,967830.8557171538,-32169.144282846246
5744,1111214.4385302018,111214.43853020179
5745,918690.2127334949,-81309.78726650507
5746,987592.46723686,-12407.532763140043
5747,1051957.9713416148,51957.971341614844
5748,1056817.216201231,56817.21620123088
5749,1050487.0217949173,50487.021794917295
5750,982329.2910555039,-17670.708944496117
5751,1016564.6078499131,16564.607849913067
5752,1092490.8095049842,92490.80950498418
5753,1105241.0396018296,105241.0396018296
5754,1004001.954126523,4001.9541265229927
5755,1034576.3230960226,34576.32309602259
5756,1036689.8540477774,36689.854047777364
5757,1077838.6438504548,77838.64385045483
5758,1000361.2869533518,361.28695335180964
5759,958156.742107599,-41843.25789240096
5760,921111.8995650541,-78888.1004349459
5761,1124575.270004083,124575.27000408294
5762,974064.2360989298,-25935.763901070226
5763,1031183.3461141209,31183.34611412091
5764,1055153.3035271592,55153.30352715915
5765,1047371.6886968005,47371.6886968005
5766,1018603.1811551881,18603.181155188126
5767,1020546.4159206885,20546.415920688538
5768,1003431.0295685927,3431.0295685926685
5769,1024137.4535043271,24137.453504327103
5770,1094976.3615970174,94976.36159701739
5771,1027736.4434846776,27736.443484677584
5772,1084404.5499283774,84404.54992837738
5773,1116321.503377367,116321.50337736704
5774,1159668.9339468426,159668.93394684256
5775,1067353.4934560286,67353.49345602863
5776,985786.2528655513,-14213.747134448728
5777,947525.805479054,-52474.19452094601
5778,974673.9251770419,-25326.074822958093
5779,988461.659075519,-11538.340924481046
5780,1000017.0322332524,17.032233252422884
5781,955184.2285499169,-44815.77145008312
5782,1047062.3605169003,47062.36051690031
5783,1191892.8013288516,191892.8013288516
5784,934046.3889247323,-65953.61107526766
5785,1044584.7288786612,44584.728878661175
5786,1005748.0381047464,5748.038104746374
5787,993048.3224487315,-6951.6775512684835
5788,1002042.6700051606,2042.6700051606167
5789,977427.4988120478,-22572.501187952235
5790,1004608.240915536,4608.240915535949
5791,998146.8412485998,-1853.1587514001876
5792,1077936.8659229989,77936.86592299887
5793,1002875.9484020489,2875.9484020489035
5794,993684.8483534137,-6315.151646586251
5795,986431.155928203,-13568.844071796979
5796,987982.7766470847,-12017.223352915258
5797,903214.8476224439,-96785.15237755608
5798,1102407.3536035593,102407.35360355931
5799,880507.7538023749,-119492.24619762506
5800,1025467.7638990099,25467.763899009908
5801,1059792.5211729975,59792.52117299754
5802,1017084.3789245832,17084.3789245832
5803,888343.0699768902,-111656.93002310977
5804,966807.3998223856,-33192.60017761437
5805,995664.8863817959,-4335.113618204137
5806,1058522.5600785362,58522.56007853616
5807,990470.063559269,-9529.93644073105
5808,878678.7761266255,-121321.22387337452
5809,1034546.8336710577,34546.83367105771
5810,948864.7404161077,-51135.2595838923
5811,1020775.9586844103,20775.958684410318
5812,1110997.8325956622,110997.83259566221
5813,975499.8820480683,-24500.117951931665
5814,982133.0058816131,-17866.99411838688
5815,1037483.8072796975,37483.8072796975
5816,1172239.1421702544,172239.14217025437
5817,1025944.8215314926,25944.821531492635
5818,927458.5040901623,-72541.49590983766
5819,939223.4993319358,-60776.500668064225
5820,962739.9019553744,-37260.0980446256
5821,932993.7857440237,-67006.21425597626
5822,962783.1942006659,-37216.80579933408
5823,1119276.593316942,119276.59331694199
5824,1039383.3448400565,39383.344840056496
5825,1000510.8746580936,510.8746580935549
5826,1077996.0960900614,77996.09609006136
5827,1008527.6879366507,8527.687936650706
5828,993345.7906716587,-6654.209328341298
5829,1069603.9150440008,69603.91504400084
5830,974682.8678776957,-25317.13212230429
5831,1052313.0261720426,52313.02617204259
5832,1062955.1426204152,62955.142620415194
5833,968526.4584367466,-31473.541563253384
5834,1014912.8385487176,14912.838548717555
5835,929296.4811432017,-70703.5188567983
5836,1079612.2739591391,79612.27395913913
5837,978175.2820945685,-21824.71790543152
5838,1055650.6594229257,55650.65942292567
5839,1032030.016614939,32030.01661493897
5840,997705.5673436929,-2294.4326563071227
5841,1120271.174599795,120271.1745997949
5842,926754.6669018397,-73245.33309816034
5843,1107492.085707622,107492.08570762211
5844,988408.6269908083,-11591.37300919171
5845,1087973.0462794611,87973.04627946112
5846,1041130.9758445688,41130.975844568806
5847,1071840.209867169,71840.20986716892
5848,948953.7799004514,-51046.22009954858
5849,917998.1801706615,-82001.81982933846
5850,943461.51985901,-56538.480140989996
5851,1031241.5758442994,31241.575844299397
5852,870187.6278182511,-129812.37218174885
5853,898409.1047892451,-101590.89521075494
5854,1064861.476394066,64861.47639406589
5855,1064670.2039467124,64670.20394671243
5856,1041069.8130137068,41069.81301370682
5857,1114521.965987989,114521.96598798898
5858,1032637.5906942817,32637.59069428174
5859,1008773.7545877782,8773.75458777824
5860,1009100.8678436837,9100.867843683693
5861,1166583.470061649,166583.4700616491
5862,1067460.507365282,67460.50736528193
5863,1037134.103304578,37134.10330457799
5864,996375.9005791006,-3624.099420899409
5865,998454.207328005,-1545.7926719950046
5866,1114075.6614196233,114075.6614196233
5867,1065738.7781738301,65738.77817383013
5868,1156080.403798025,156080.4037980251
5869,1113641.5928825259,113641.59288252587
5870,920690.4911225456,-79309.50887745444
5871,1083571.1002505338,83571.10025053378
5872,965180.9094783004,-34819.09052169963
5873,1055530.4570952074,55530.457095207414
5874,1057546.9936799095,57546.9936799095
5875,1073339.45527144,73339.45527144009
5876,1004554.8713271786,4554.871327178553
5877,1142304.4283172486,142304.4283172486
5878,1094278.5636201075,94278.56362010748
5879,1041896.9516348202,41896.9516348202
5880,929531.3205900464,-70468.67940995365
5881,979094.5751752676,-20905.424824732356
5882,960974.5012886141,-39025.49871138588
5883,994925.3300736144,-5074.669926385628
5884,929333.5510936638,-70666.44890633621
5885,1060123.0241331644,60123.024133164436
5886,1089336.9201698366,89336.92016983661
5887,990276.9032359894,-9723.09676401061
5888,1113185.2403118105,113185.24031181051
5889,1078739.7328333638,78739.73283336381
5890,1148927.5609706354,148927.5609706354
5891,1045595.0464599786,45595.04645997856
5892,1007793.6659208997,7793.665920899715
5893,1053026.6034660724,53026.60346607235
5894,1146755.2031505145,146755.2031505145
5895,1130245.4577040223,130245.4577040223
5896,939237.5623675828,-60762.43763241719
5897,970084.1397504156,-29915.860249584424
5898,1043390.0224165029,43390.022416502936
5899,942882.0919479968,-57117.908052003244
5900,989896.9463788926,-10103.053621107363
5901,951839.1714529741,-48160.828547025914
5902,1022387.0290635108,22387.029063510825
5903,1045305.7750107315,45305.77501073154
5904,987066.1794081574,-12933.82059184264
5905,1012596.3509220904,12596.35092209035
5906,1034311.2385771389,34311.238577138865
5907,1091430.5710683172,91430.57106831716
5908,995647.3778606573,-4352.622139342711
5909,1027536.3257319714,27536.325731971418
5910,1039381.7894612966,39381.789461296634
5911,921706.914774195,-78293.08522580506
5912,1003559.8176051803,3559.8176051803166
5913,990430.6404371378,-9569.359562862199
5914,1047040.60691369,47040.60691368999
5915,1155831.2313943184,155831.2313943184
5916,1069950.2633038454,69950.26330384542
5917,933124.4225301086,-66875.5774698914
5918,1026335.3527500341,26335.35275003407
5919,1022884.3658457433,22884.365845743334
5920,966415.3301746389,-33584.66982536111
5921,1013091.0695374158,13091.069537415751
5922,1141019.9196388186,141019.9196388186
5923,973371.8488287955,-26628.151171204518
5924,899666.749376489,-100333.25062351103
5925,922698.3526130599,-77301.64738694008
5926,1132071.7577274323,132071.7577274323
5927,1035362.23220004,35362.232200040016
5928,1107173.1676009002,107173.16760090017
5929,996466.3334874243,-3533.666512575699
5930,1060627.805232479,60627.805232479004
5931,988964.4792187914,-11035.520781208645
5932,998272.5393344951,-1727.4606655049138
5933,1002949.3766713473,2949.3766713473015
5934,923765.2952661852,-76234.70473381481
5935,1021575.6148739404,21575.614873940358
5936,919362.1911455377,-80637.80885446235
5937,855576.2028339964,-144423.7971660036
5938,1007218.3129755341,7218.3129755341215
5939,1015010.2303102071,15010.230310207116
5940,1155078.05844471,155078.05844470998
5941,998004.7183486306,-1995.2816513694124
5942,994943.7827114246,-5056.217288575368
5943,1173529.429477863,173529.429477863
5944,1055355.9617168028,55355.96171680279
5945,1069821.027441842,69821.02744184202
5946,1006230.2337829244,6230.2337829243625
5947,1076877.7267540207,76877.72675402067
5948,1007416.4694731216,7416.469473121571
5949,989167.9207037579,-10832.079296242096
5950,1019494.1462308298,19494.146230829763
5951,1048638.5509586902,48638.55095869023
5952,1028873.3364736928,28873.33647369279
5953,974869.1894561787,-25130.81054382131
5954,1020007.8425563746,20007.842556374613
5955,1116142.105045108,116142.10504510789
5956,1041596.6147659668,41596.61476596678
5957,929553.9007373122,-70446.09926268784
5958,981105.5811614981,-18894.418838501908
5959,1071542.709820375,71542.70982037508
5960,972445.3500232118,-27554.649976788205
5961,1130920.5237411037,130920.52374110371
5962,1100801.3162524137,100801.31625241367
5963,945552.5610021314,-54447.438997868565
5964,1052928.52118047,52928.52118047001
5965,966394.4783790553,-33605.521620944724
5966,1140556.894118792,140556.8941187919
5967,981685.5550165075,-18314.44498349249
5968,1003875.521190073,3875.521190072992
5969,941570.7754341131,-58429.22456588689
5970,1118550.8473464006,118550.84734640061
5971,992328.3245661983,-7671.67543380172
5972,1043078.0294223585,43078.02942235849
5973,958874.019097498,-41125.980902501964
5974,939702.46828779,-60297.53171221004
5975,989788.3218734197,-10211.678126580315
5976,982749.6238852715,-17250.37611472851
5977,1128831.4793704047,128831.47937040473
5978,1049088.5016133634,49088.50161336339
5979,1068908.8342664163,68908.83426641626
5980,955522.3495281872,-44477.65047181281
5981,1121549.865674672,121549.86567467195
5982,1024461.7778607141,24461.777860714123
5983,998406.106019422,-1593.8939805780537
5984,1087698.2338674718,87698.2338674718
5985,1099096.7994205859,99096.79942058586
5986,1123072.5290516966,123072.52905169665
5987,1138283.4533386445,138283.45333864447
5988,1048383.8727925223,48383.87279252231
5989,858528.6769180471,-141471.32308195287
5990,1020142.6109290539,20142.61092905386
5991,979410.7300428844,-20589.26995711564
5992,964230.211036685,-35769.78896331496
5993,1005622.2611018422,5622.261101842159
5994,988283.5946471265,-11716.405352873495
5995,942002.8477880489,-57997.15221195109
5996,989379.2854519454,-10620.714548054617
5997,1022734.0180948051,22734.01809480507
5998,1038336.8207407448,38336.82074074482
5999,1089666.8892469634,89666.88924696343
6000,993411.4043810897,-6588.595618910273
6001,1074770.4676589211,74770.46765892114
6002,930609.1831820745,-69390.81681792554
6003,930890.7564785411,-69109.24352145893
6004,873758.5993158421,-126241.40068415785
6005,1033538.8417561615,33538.841756161535
6006,1034014.735293981,34014.73529398104
6007,869453.0480364886,-130546.95196351141
6008,1004749.001971539,4749.0019715389935
6009,1117614.924288182,117614.92428818205
6010,1035942.3909765152,35942.39097651525
6011,973801.9721219176,-26198.027878082357
6012,972344.7136989913,-27655.28630100866
6013,1043703.4372602185,43703.43726021855
6014,1130634.2491924535,130634.24919245346
6015,1044561.5687333907,44561.56873339065
6016,1063821.7819770782,63821.78197707818
6017,1106671.2337582589,106671.23375825887
6018,946595.973325297,-53404.026674703
6019,975686.5359635402,-24313.4640364598
6020,986186.2187315975,-13813.781268402468
6021,945539.9656504791,-54460.03434952092
6022,1100773.0366229487,100773.03662294871
6023,945581.7346631198,-54418.26533688023
6024,1172569.1859043129,172569.18590431288
6025,1006309.4140633051,6309.414063305128
6026,1058365.2071576586,58365.207157658646
6027,1103161.3600614793,103161.36006147927
6028,1131508.0500469808,131508.05004698085
6029,918767.9054259964,-81232.0945740036
6030,1065453.2395186955,65453.23951869551
6031,1091816.6304280173,91816.63042801735
6032,954527.1396597563,-45472.86034024367
6033,939338.3260047758,-60661.67399522418
6034,962786.3609898913,-37213.63901010866
6035,1053030.2213647112,53030.22136471118
6036,1026259.5551619151,26259.555161915137
6037,973553.8173089576,-26446.182691042428
6038,928888.2283160507,-71111.77168394928
6039,1050936.3052769452,50936.30527694523
6040,977762.3338524128,-22237.66614758724
6041,1112440.8575345313,112440.85753453127
6042,881979.6298157686,-118020.37018423143
6043,1045440.8317691821,45440.831769182114
6044,1072478.9456079162,72478.94560791622
6045,1034707.9027915371,34707.90279153711
6046,1079171.5702324053,79171.57023240533
6047,1010793.0990733766,10793.099073376623
6048,1047208.7561933378,47208.756193337846
6049,976138.4048493213,-23861.59515067865
6050,1031329.6064004847,31329.606400484685
6051,1189723.8598492127,189723.8598492127
6052,1031462.0011811666,31462.00118116662
6053,1019273.7323665885,19273.73236658855
6054,1012054.2809290322,12054.280929032248
6055,1012045.0791286743,12045.079128674348
6056,1014600.1634853572,14600.163485357189
6057,1012954.0492378831,12954.049237883068
6058,1021651.3744595639,21651.37445956387
6059,1022463.7494417621,22463.749441762106
6060,1002019.6248789099,2019.6248789099045
6061,970542.2940454921,-29457.705954507925
6062,1013652.2673258302,13652.26732583018
6063,1152369.7028637954,152369.70286379545
6064,929671.3558567368,-70328.64414326323
6065,1091672.2953237388,91672.29532373883
6066,897199.8149588273,-102800.18504117266
6067,885092.1396940642,-114907.86030593584
6068,1073116.764594273,73116.76459427294
6069,1035523.3065144994,35523.30651449936
6070,1068841.8178727604,68841.81787276035
6071,1009177.7448188266,9177.744818826555
6072,1076572.3699027584,76572.3699027584
6073,899629.3863476206,-100370.61365237937
6074,1006318.1548846887,6318.154884688673
6075,1018116.4859032931,18116.485903293127
6076,1046463.408059033,46463.40805903298
6077,1182219.8935906973,182219.89359069732
6078,951558.579726382,-48441.42027361796
6079,999364.7785822187,-635.2214177813148
6080,1028035.9171486977,28035.917148697656
6081,1030786.2339449471,30786.233944947133
6082,1013668.4816651948,13668.48166519485
6083,1026532.2846710054,26532.284671005444
6084,1061072.8284751193,61072.82847511931
6085,901627.051045555,-98372.94895444496
6086,1030239.4107406647,30239.410740664694
6087,983932.0925435096,-16067.907456490444
6088,1009299.1484770766,9299.148477076553
6089,1060177.648972581,60177.64897258091
6090,787168.750895045,-212831.249104955
6091,1067886.1636329412,67886.1636329412
6092,920672.3552337058,-79327.64476629416
6093,952101.7783182284,-47898.22168177157
6094,999895.7385295443,-104.26147045567632
6095,974562.4931400126,-25437.506859987392
6096,1080546.220123653,80546.22012365307
6097,970246.2589062108,-29753.741093789227
6098,1016784.553757657,16784.553757656948
6099,1002636.0955106557,2636.095510655665
6100,1011842.4673299744,11842.467329974403
6101,1043434.8245372904,43434.82453729038
6102,965214.2991486692,-34785.70085133077
6103,1064428.3767283927,64428.37672839267
6104,1097297.3778811763,97297.3778811763
6105,1004881.3636422489,4881.363642248907
6106,1068294.3536437047,68294.35364370467
6107,1000112.6310066404,112.63100664038211
6108,914091.4988941349,-85908.50110586511
6109,1046608.4591694671,46608.459169467096
6110,1046853.5816048568,46853.581604856765
6111,1071408.7467529287,71408.74675292871
6112,1012841.944967185,12841.94496718503
6113,963523.5880180466,-36476.411981953424
6114,1089107.853614295,89107.8536142949
6115,1014649.4325031616,14649.432503161603
6116,868216.0973086606,-131783.90269133938
6117,1020440.7657953072,20440.765795307234
6118,952624.2541109083,-47375.74588909175
6119,1048856.2650967455,48856.265096745454
6120,1002809.7316357536,2809.7316357536474
6121,938886.0278249613,-61113.97217503865
6122,1083222.8017375674,83222.80173756741
6123,1062740.8611213581,62740.86112135812
6124,926382.0336349924,-73617.96636500757
6125,1085857.0170991716,85857.01709917164
6126,986574.3908142368,-13425.609185763169
6127,1026803.5099714085,26803.509971408523
6128,1055943.928578407,55943.92857840704
6129,1005533.9086934803,5533.908693480305
6130,1046934.1171564935,46934.11715649348
6131,941692.9277276971,-58307.07227230293
6132,980718.6592128143,-19281.340787185705
6133,1026200.6489553788,26200.648955378798
6134,1014941.963352575,14941.963352574967
6135,1025054.8014471141,25054.801447114092
6136,981886.5942989164,-18113.405701083597
6137,893748.2584145517,-106251.74158544827
6138,945707.8084530593,-54292.19154694071
6139,1078036.735617356,78036.73561735591
6140,989697.9943068996,-10302.005693100393
6141,1080018.3440440064,80018.34404400643
6142,1005427.5875771277,5427.587577127735
6143,1001879.3559764507,1879.3559764507227
6144,960955.2125872654,-39044.787412734586
6145,999862.3414554562,-137.65854454378132
6146,1013992.351609074,13992.351609074045
6147,925323.6307927755,-74676.36920722446
6148,899020.5992641599,-100979.40073584008
6149,992423.8492350794,-7576.150764920632
6150,950696.8601874587,-49303.13981254131
6151,1022281.5620100343,22281.562010034337
6152,993527.4146261993,-6472.585373800714
6153,1057974.7323579222,57974.73235792224
6154,1065134.1042262025,65134.10422620247
6155,1037588.3137440744,37588.31374407443
6156,902702.5714476829,-97297.42855231708
6157,1117733.911559911,117733.91155991098
6158,879905.1937920407,-120094.80620795931
6159,1017654.6298037875,17654.62980378745
6160,947377.4489181418,-52622.551081858226
6161,957294.0632531643,-42705.93674683571
6162,1005674.091554741,5674.091554741026
6163,988243.6411112713,-11756.35888872866
6164,1124790.551107029,124790.55110702896
6165,1035544.1891086592,35544.189108659164
6166,1031241.7520870296,31241.75208702963
6167,903342.4149597213,-96657.58504027873
6168,1051359.7124334595,51359.71243345947
6169,981076.9597322374,-18923.04026776261
6170,1007768.4576603617,7768.457660361659
6171,981628.8746600966,-18371.125339903403
6172,959992.6668066982,-40007.333193301805
6173,1073471.6528183322,73471.6528183322
6174,938870.5034691122,-61129.49653088779
6175,1114401.4840400268,114401.48404002679
6176,925131.0667965594,-74868.93320344063
6177,1065330.8556676046,65330.8556676046
6178,946669.0213348644,-53330.97866513557
6179,913986.2116338683,-86013.78836613172
6180,942882.9946322574,-57117.00536774262
6181,918241.1605880824,-81758.83941191761
6182,1194816.09415624,194816.0941562401
6183,992961.6336241179,-7038.366375882062
6184,1046039.2211950107,46039.2211950107
6185,1062914.1524544116,62914.15245441161
6186,924442.6469809065,-75557.35301909351
6187,1053596.5128704554,53596.51287045539
6188,1031325.8660377109,31325.86603771092
6189,1015304.9739005975,15304.973900597543
6190,973133.2831420386,-26866.71685796138
6191,1003371.1440893434,3371.1440893433755
6192,878170.2043579277,-121829.79564207233
6193,896194.1882664773,-103805.81173352269
6194,976584.5962439592,-23415.403756040847
6195,1013933.6776741794,13933.677674179431
6196,1006120.1823017156,6120.182301715598
6197,970948.9717362631,-29051.028263736865
6198,1100194.7653773197,100194.76537731965
6199,1053400.0325453961,53400.03254539613
6200,1048502.519478176,48502.51947817602
6201,979047.2730463146,-20952.7269536854
6202,1083068.2246137972,83068.22461379715
6203,925029.1040571718,-74970.89594282815
6204,1012551.3880558698,12551.388055869844
6205,994569.1152812218,-5430.884718778194
6206,1124913.926979778,124913.9269797781
6207,1071822.9801107168,71822.98011071677
6208,936279.854534132,-63720.14546586794
6209,979191.348312377,-20808.651687623
6210,1125556.0706473063,125556.07064730627
6211,983851.53272699,-16148.467273010057
6212,1067419.9115373262,67419.91153732617
6213,996876.2776946371,-3123.7223053629277
6214,942394.6694267596,-57605.33057324041
6215,1089523.2484244425,89523.24842444248
6216,1053889.0244510644,53889.02445106441
6217,1137943.4356221203,137943.43562212028
6218,983144.5100319058,-16855.48996809416
6219,1057952.572315716,57952.57231571595
6220,926808.3867197961,-73191.61328020389
6221,1043829.5313782382,43829.53137823823
6222,922322.9682905739,-77677.03170942608
6223,980445.7177438707,-19554.282256129314
6224,955335.1612188715,-44664.83878112852
6225,1000917.0666814909,917.0666814908618
6226,1057930.6591158416,57930.65911584161
6227,906272.9763347356,-93727.02366526437
6228,948740.4372134166,-51259.56278658344
6229,1103769.244847147,103769.24484714703
6230,1103398.8926896297,103398.89268962969
6231,963423.5745370219,-36576.42546297808
6232,871485.6540051434,-128514.34599485656
6233,1014954.7740227962,14954.774022796191
6234,1006613.6077277035,6613.607727703522
6235,1076068.386977624,76068.38697762392
6236,1034759.4959118436,34759.49591184361
6237,953857.2678714533,-46142.73212854669
6238,989403.0412190409,-10596.958780959132
6239,989886.3591896759,-10113.640810324112
6240,998990.3620109808,-1009.6379890191602
6241,996727.0328785677,-3272.9671214323025
6242,961948.6243452794,-38051.375654720585
6243,1031440.130184838,31440.130184837966
6244,1076370.0995561446,76370.09955614456
6245,1019305.7335356747,19305.73353567475
6246,1047400.7664283338,47400.76642833382
6247,1008119.8946157333,8119.8946157332975
6248,1063056.97482765,63056.97482765
6249,1000519.912848056,519.9128480559448
6250,1034793.3422605393,34793.3422605393
6251,953726.9869206176,-46273.01307938236
6252,1208893.3563141932,208893.35631419322
6253,1034648.8472589401,34648.847258940106
6254,1048524.6981121352,48524.69811213517
6255,999974.3231365063,-25.676863493747078
6256,1153627.3865208756,153627.38652087562
6257,1000249.9175425484,249.91754254838452
6258,1079457.9588254734,79457.95882547344
6259,1001338.1713305751,1338.1713305751327
6260,1000884.7573720532,884.7573720532237
6261,1066515.6714565733,66515.6714565733
6262,1156330.1512710864,156330.15127108642
6263,973370.1521014613,-26629.84789853869
6264,1117272.8070916636,117272.80709166359
6265,970860.1354397594,-29139.864560240647
6266,980649.1984796778,-19350.801520322217
6267,995917.6349023603,-4082.365097639733
6268,1175096.2478236894,175096.24782368937
6269,1044756.0489175774,44756.04891757737
6270,1127257.4049524553,127257.40495245531
6271,1060767.4829082065,60767.482908206526
6272,985710.9836255482,-14289.016374451807
6273,973985.6091543771,-26014.390845622867
6274,1069628.7489928924,69628.74899289245
6275,1023756.6453543722,23756.645354372216
6276,939738.8955112454,-60261.104488754645
6277,1001181.9112873559,1181.9112873559352
6278,1050239.452825406,50239.4528254061
6279,911690.9295178888,-88309.07048211119
6280,1024651.6987961378,24651.698796137818
6281,933092.7850764598,-66907.21492354025
6282,963367.5637907783,-36632.43620922172
6283,1053988.1163764913,53988.11637649126
6284,1038871.8674389563,38871.86743895628
6285,933962.6366115194,-66037.36338848062
6286,1093103.747202983,93103.7472029829
6287,1059888.1267381173,59888.12673811731
6288,957213.7401458264,-42786.25985417364
6289,1097226.67675453,97226.67675453005
6290,940997.9338469694,-59002.06615303061
6291,944776.86497102,-55223.135028979974
6292,1005240.2198927026,5240.2198927026475
6293,1095305.7908252103,95305.79082521028
6294,869198.5945141898,-130801.40548581025
6295,1101266.2233150327,101266.22331503266
6296,1047031.370525239,47031.370525239035
6297,1008070.9618943023,8070.96189430228
6298,995220.1323280898,-4779.867671910208
6299,1050867.28849878,50867.28849877999
6300,1034875.4854904567,34875.48549045669
6301,1002224.3923730203,2224.392373020295
6302,1000177.4726094876,177.47260948759504
6303,1194346.9050901183,194346.9050901183
6304,968512.9717970035,-31487.028202996473
6305,946849.8322119912,-53150.16778800881
6306,1041803.2447743744,41803.24477437441
6307,1177405.680311357,177405.6803113569
6308,993816.407967126,-6183.592032874003
6309,988686.8799896131,-11313.12001038692
6310,1025199.2740713822,25199.274071382242
6311,963425.225983594,-36574.77401640604
6312,961661.7685780083,-38338.23142199172
6313,976316.845163695,-23683.15483630495
6314,996489.4272180834,-3510.5727819165913
6315,1041155.372195935,41155.37219593499
6316,1116801.3017824893,116801.30178248929
6317,1005464.0804835664,5464.080483566388
6318,984009.7253793672,-15990.274620632757
6319,960507.7592524092,-39492.24074759078
6320,972923.2506051067,-27076.749394893297
6321,1039970.2674459772,39970.267445977195
6322,1044809.1861071347,44809.18610713468
6323,982678.8407348569,-17321.1592651431
6324,876896.7789950949,-123103.22100490506
6325,1118184.6757121214,118184.67571212142
6326,1097724.4712056492,97724.4712056492
6327,970391.6174804321,-29608.38251956785
6328,1074601.9927948094,74601.9927948094
6329,1044026.1826142714,44026.18261427141
6330,1186456.9017444043,186456.90174440434
6331,1032999.466650415,32999.46665041498
6332,926637.452022048,-73362.54797795205
6333,940594.7542504992,-59405.24574950081
6334,917633.0181046602,-82366.98189533979
6335,1027006.8972747695,27006.897274769493
6336,978935.8328676004,-21064.167132399627
6337,924662.7690952558,-75337.23090474424
6338,893715.2280177606,-106284.77198223944
6339,1003349.6151635684,3349.6151635684073
6340,1050149.2291226408,50149.2291226408
6341,1058602.89080459,58602.89080458996
6342,1114465.2577273324,114465.25772733241
6343,951700.5460334322,-48299.45396656776
6344,871623.7668906895,-128376.2331093105
6345,1109864.2440497316,109864.24404973164
6346,1034241.5190749024,34241.519074902404
6347,936097.6094963395,-63902.39050366054
6348,1023255.6531970927,23255.653197092703
6349,1059490.3589910797,59490.35899107973
6350,1088374.8571355713,88374.8571355713
6351,932325.0266370439,-67674.97336295608
6352,942731.5054079869,-57268.49459201307
6353,1052954.2085480262,52954.20854802616
6354,930927.443448437,-69072.55655156297
6355,1038136.429578546,38136.42957854597
6356,995043.4176221958,-4956.58237780421
6357,1103188.3638311566,103188.36383115663
6358,864262.6725744124,-135737.32742558757
6359,931763.3096135735,-68236.69038642652
6360,952455.3280549524,-47544.671945047565
6361,1096804.1187801857,96804.1187801857
6362,1027789.9467569642,27789.9467569642
6363,1029209.2946080026,29209.294608002645
6364,1012775.644295625,12775.64429562504
6365,1060107.8897532122,60107.88975321222
6366,962188.3066678378,-37811.69333216222
6367,983253.114606691,-16746.885393309058
6368,1108601.0803854968,108601.08038549684
6369,1003920.8009123169,3920.8009123168886
6370,932380.9483645969,-67619.05163540307
6371,1006187.2621594212,6187.262159421225
6372,873223.8644093183,-126776.13559068169
6373,1059606.6966159197,59606.6966159197
6374,1020617.1124456018,20617.112445601844
6375,1124883.7895542874,124883.78955428745
6376,1031847.6420975522,31847.64209755219
6377,987478.5409550437,-12521.459044956253
6378,1102201.338455152,102201.338455152
6379,994014.0218462526,-5985.97815374739
6380,990790.5844277845,-9209.415572215454
6381,1045648.4594916165,45648.459491616464
6382,1019069.4072133504,19069.40721335041
6383,1011317.4151674103,11317.415167410276
6384,1121377.246035236,121377.24603523593
6385,984399.1403168763,-15600.85968312365
6386,936463.3660970966,-63536.63390290341
6387,1059354.7406382875,59354.740638287505
6388,970860.0758837333,-29139.92411626666
6389,1079416.8373103675,79416.8373103675
6390,946266.735968316,-53733.264031684026
6391,1003674.9430357812,3674.9430357811507
6392,1045596.5209493315,45596.52094933146
6393,943246.1462369078,-56753.85376309219
6394,906345.3332929868,-93654.66670701315
6395,1083848.23110165,83848.23110165005
6396,1060179.6179335145,60179.61793351453
6397,1090807.5955680895,90807.59556808951
6398,1041402.3172860165,41402.317286016536
6399,1088062.3611239675,88062.36112396745
6400,1002879.6699446378,2879.6699446378043
6401,1065694.0545910748,65694.05459107482
6402,983097.0983934803,-16902.901606519707
6403,870671.225435161,-129328.77456483897
6404,1002011.9099343657,2011.9099343656562
6405,967629.4760750448,-32370.523924955167
6406,1021453.9028789835,21453.90287898353
6407,950083.4533825506,-49916.54661744938
6408,1009733.5974807355,9733.597480735509
6409,944925.919716865,-55074.08028313494
6410,1087199.1167717008,87199.11677170079
6411,1046391.7631543397,46391.763154339744
6412,1103379.3193421366,103379.31934213662
6413,951743.7220306264,-48256.27796937362
6414,897087.077632151,-102912.92236784904
6415,889145.0840336302,-110854.9159663698
6416,965929.4471787603,-34070.55282123969
6417,925680.0423227423,-74319.95767725771
6418,998142.2271257137,-1857.7728742862819
6419,1070881.404614946,70881.4046149461
6420,947426.542015491,-52573.45798450895
6421,931393.1062208579,-68606.89377914206
6422,978427.2643881821,-21572.735611817916
6423,949138.679007875,-50861.320992124965
6424,998948.7441085203,-1051.2558914796682
6425,982028.200021771,-17971.799978228984
6426,1037759.4641142581,37759.464114258066
6427,922820.8563311293,-77179.14366887067
6428,938511.7338792258,-61488.266120774206
6429,962564.7301457092,-37435.26985429076
6430,923910.3285922734,-76089.6714077266
6431,1055265.4712969481,55265.47129694815
6432,911511.3885873911,-88488.61141260888
6433,1135190.5899245185,135190.58992451848
6434,1029120.0677399144,29120.067739914404
6435,1095624.743927452,95624.74392745201
6436,1027860.7474364805,27860.74743648048
6437,1070233.459388142,70233.45938814199
6438,925276.2864966823,-74723.71350331767
6439,1000485.0567006202,485.0567006202182
6440,987733.2948626804,-12266.70513731963
6441,992836.2015551508,-7163.798444849206
6442,975717.2804138103,-24282.71958618972
6443,1106190.1445718647,106190.14457186474
6444,1035779.4104503251,35779.410450325115
6445,987555.0929132777,-12444.90708672232
6446,996720.2695358252,-3279.7304641747614
6447,965901.8073310643,-34098.19266893575
6448,1061644.5999496242,61644.59994962416
6449,995802.1886613884,-4197.811338611646
6450,1031933.2343830083,31933.234383008326
6451,929651.0864786645,-70348.91352133546
6452,1071225.1880865453,71225.18808654533
6453,1128490.6523611578,128490.65236115782
6454,1110377.3311895877,110377.33118958771
6455,1046245.5531251484,46245.553125148406
6456,947159.9488965992,-52840.051103400765
6457,945175.2182042173,-54824.781795782736
6458,872604.7952699843,-127395.20473001571
6459,1026771.9479648507,26771.947964850697
6460,1111870.004654612,111870.00465461193
6461,1029771.0029459597,29771.002945959684
6462,998637.5460647795,-1362.4539352204883
6463,1107449.9593941323,107449.95939413225
6464,1053518.227484993,53518.22748499294
6465,1048435.805154217,48435.80515421706
6466,961606.5122499039,-38393.48775009613
6467,1045263.7065977561,45263.70659775613
6468,1048150.1468680241,48150.14686802414
6469,952560.8103958115,-47439.18960418855
6470,960844.446123548,-39155.55387645203
6471,949503.7352498827,-50496.26475011732
6472,1014008.399047489,14008.399047489045
6473,1062656.0721562817,62656.072156281676
6474,1047037.077916187,47037.077916187
6475,896453.9194962989,-103546.08050370112
6476,989102.2986574775,-10897.701342522516
6477,1028527.4110384994,28527.411038499442
6478,1010727.97454199,10727.97454198997
6479,927465.5783690254,-72534.42163097463
6480,1009992.6958163882,9992.695816388237
6481,951518.7420466818,-48481.257953318185
6482,1089286.29880534,89286.29880533996
6483,956651.4632792507,-43348.53672074934
6484,1007902.0643660659,7902.064366065897
6485,1024997.7616948063,24997.76169480628
6486,1010641.3601756839,10641.360175683862
6487,977376.8305371185,-22623.169462881517
6488,1168637.3278980008,168637.32789800083
6489,982046.8597746388,-17953.140225361218
6490,1088968.1900596472,88968.1900596472
6491,1087906.9868696162,87906.9868696162
6492,1012118.2012765517,12118.2012765517
6493,943031.4606269997,-56968.53937300027
6494,927758.5993759395,-72241.40062406054
6495,1096857.5668774832,96857.56687748316
6496,882908.149562449,-117091.85043755104
6497,1160571.1075674635,160571.10756746354
6498,1074711.098799269,74711.09879926895
6499,1011285.370995767,11285.370995766949
6500,945758.1063937737,-54241.89360622631
6501,988239.602231098,-11760.39776890201
6502,1036910.6580489351,36910.65804893512
6503,795053.5345674164,-204946.4654325836
6504,1021495.8387203155,21495.838720315485
6505,973455.8534337608,-26544.146566239186
6506,1030801.5132988051,30801.513298805105
6507,1088226.843380507,88226.84338050708
6508,909875.7124514746,-90124.28754852538
6509,951956.3135263786,-48043.686473621405
6510,985393.341574949,-14606.65842505102
6511,961919.1015511438,-38080.8984488562
6512,999912.1111131188,-87.88888688117731
6513,1129462.0775225123,129462.07752251229
6514,934485.1845809106,-65514.8154190894
6515,1086821.2655479459,86821.26554794586
6516,1066458.3065247727,66458.30652477266
6517,932873.515552901,-67126.48444709904
6518,1108988.8395106331,108988.83951063314
6519,1068130.6299032916,68130.62990329158
6520,1048557.6823612825,48557.682361282525
6521,980750.9529274175,-19249.04707258253
6522,963569.4293185547,-36430.5706814453
6523,1053295.778234081,53295.77823408111
6524,1035348.5229153079,35348.5229153079
6525,977624.5163822966,-22375.48361770343
6526,1087000.8036686822,87000.80366868223
6527,1023220.1130764504,23220.11307645042
6528,966306.4357184848,-33693.564281515195
6529,1020276.2026245727,20276.202624572674
6530,959979.2216115815,-40020.77838841849
6531,986680.5333721483,-13319.46662785171
6532,953359.56223978,-46640.437760220026
6533,909013.8371027623,-90986.1628972377
6534,1059297.8839534905,59297.88395349053
6535,995543.1692144277,-4456.830785572296
6536,988341.9031683416,-11658.09683165839
6537,1137954.0896010245,137954.08960102452
6538,1106765.3340359076,106765.33403590764
6539,979823.6952817362,-20176.304718263797
6540,954643.9937311137,-45356.00626888627
6541,1162358.0107308538,162358.01073085377
6542,981705.5751667611,-18294.42483323894
6543,939301.0028316922,-60698.997168307775
6544,1095929.8172281832,95929.81722818315
6545,1010249.6104619119,10249.610461911885
6546,989336.6197882954,-10663.380211704643
6547,977797.2230324855,-22202.77696751454
6548,983017.921003041,-16982.078996959026
6549,973144.9413567052,-26855.058643294848
6550,1077062.3820560107,77062.38205601065
6551,1068458.238237061,68458.23823706107
6552,999910.4373999701,-89.56260002986528
6553,919065.1390101056,-80934.86098989437
6554,1051379.1197237053,51379.11972370534
6555,1002676.37863581,2676.3786358099896
6556,955673.5166927867,-44326.48330721329
6557,972526.4484453092,-27473.551554690814
6558,1037288.4944677176,37288.494467717595
6559,915245.0199890847,-84754.98001091531
6560,874399.6380252442,-125600.36197475577
6561,1087338.9477679576,87338.94776795758
6562,1000621.4960528972,621.496052897186
6563,914308.692413639,-85691.30758636096
6564,1104266.4154135124,104266.41541351238
6565,1000446.8150790149,446.81507901486475
6566,990486.4381112254,-9513.561888774624
6567,946474.9048738282,-53525.09512617183
6568,933639.4637393773,-66360.53626062267
6569,1010654.5808060893,10654.580806089332
6570,1069962.9791627768,69962.97916277684
6571,1096671.8843990613,96671.88439906132
6572,986474.0441085163,-13525.955891483696
6573,1074729.6375895517,74729.63758955174
6574,890640.5399151243,-109359.4600848757
6575,1001915.9535016227,1915.9535016226582
6576,1039583.709210266,39583.70921026601
6577,873432.1240287649,-126567.8759712351
6578,996423.8645331373,-3576.1354668627027
6579,1004676.6934731206,4676.693473120569
6580,1047557.9824163627,47557.982416362735
6581,1077565.9280425883,77565.92804258829
6582,1064358.029768397,64358.0297683971
6583,1045129.2663797007,45129.26637970074
6584,1003508.0511062709,3508.0511062708683
6585,1045559.8124528105,45559.81245281047
6586,921241.0696344349,-78758.93036556512
6587,1070083.2904685042,70083.29046850419
6588,877983.3011084221,-122016.6988915779
6589,980236.144695514,-19763.855304486002
6590,911875.4038143028,-88124.59618569724
6591,956772.4875082448,-43227.51249175519
6592,1041990.2492229347,41990.24922293471
6593,1028422.2283422837,28422.22834228375
6594,1074396.2577594228,74396.25775942276
6595,936963.581778064,-63036.41822193598
6596,866145.6445571365,-133854.35544286354
6597,1104982.757967746,104982.75796774589
6598,1050764.291894687,50764.29189468711
6599,1002380.9887795753,2380.988779575331
6600,995375.3263697204,-4624.673630279605
6601,937003.2523123118,-62996.747687688214
6602,1002189.1931936862,2189.1931936861947
6603,925474.1372068523,-74525.86279314768
6604,1025550.2414850451,25550.24148504506
6605,1069961.7957932723,69961.79579327232
6606,1035235.4698402111,35235.469840211095
6607,1110477.9272631824,110477.92726318236
6608,1058350.4404892602,58350.44048926025
6609,1004313.9418061597,4313.941806159681
6610,1019492.7009195716,19492.700919571565
6611,959218.9554891301,-40781.04451086989
6612,1024845.4821681072,24845.482168107177
6613,879490.8065837523,-120509.19341624773
6614,912477.8806585441,-87522.11934145587
6615,978378.2843212335,-21621.715678766486
6616,913983.504486203,-86016.49551379704
6617,1034645.1460798014,34645.14607980137
6618,945897.9138200978,-54102.086179902195
6619,1019448.5912900054,19448.591290005366
6620,1092903.881774321,92903.88177432097
6621,1020322.0565673754,20322.05656737543
6622,966150.0883464459,-33849.91165355407
6623,910912.5617082869,-89087.43829171313
6624,1092398.5296743542,92398.52967435424
6625,983726.0815761853,-16273.918423814699
6626,974095.7644148694,-25904.235585130635
6627,1077319.530204717,77319.53020471707
6628,1094073.6967476516,94073.69674765156
6629,985118.750072574,-14881.24992742599
6630,952728.5097181167,-47271.49028188328
6631,1061757.8351645935,61757.83516459353
6632,1004701.891937708,4701.8919377080165
6633,943175.0580516637,-56824.941948336316
6634,1006793.5226748874,6793.522674887441
6635,959212.1970676346,-40787.80293236545
6636,1028956.9621980175,28956.962198017514
6637,969557.3258494154,-30442.674150584615
6638,979485.7753580667,-20514.22464193334
6639,996598.2222974087,-3401.7777025912656
6640,1221137.7198917533,221137.71989175328
6641,1046688.3194508596,46688.31945085956
6642,997394.8225580221,-2605.177441977896
6643,933648.6741060456,-66351.32589395437
6644,1030034.0749949146,30034.074994914583
6645,1033896.7777769801,33896.777776980074
6646,976635.1979203996,-23364.8020796004
6647,987152.1035527211,-12847.896447278908
6648,1027972.2612976043,27972.261297604302
6649,1087045.639942567,87045.6399425671
6650,959803.0477330956,-40196.95226690441
6651,1143902.761960299,143902.761960299
6652,808337.4424247965,-191662.55757520348
6653,949138.3717091844,-50861.62829081563
6654,964498.1968978783,-35501.80310212169
6655,1000604.1418486504,604.1418486504117
6656,1150872.792016456,150872.7920164559
6657,971132.8064366232,-28867.193563376786
6658,899059.1683309679,-100940.83166903211
6659,1066759.743149757,66759.74314975692
6660,1004316.2773252907,4316.277325290721
6661,978304.8410428101,-21695.15895718988
6662,1096147.2891549512,96147.28915495123
6663,944639.8916822954,-55360.10831770464
6664,960708.1366763032,-39291.86332369677
6665,956852.8324648397,-43147.16753516032
6666,933856.7105295011,-66143.28947049892
6667,990261.1986749395,-9738.801325060544
6668,1038015.0751476189,38015.07514761889
6669,1151987.7354385753,151987.73543857527
6670,969686.0095359822,-30313.990464017843
6671,969264.3526398599,-30735.64736014011
6672,1028004.8549707792,28004.854970779154
6673,1105739.2268963617,105739.22689636168
6674,980315.7964352611,-19684.203564738855
6675,1010129.9883469745,10129.988346974482
6676,1042818.8332094954,42818.83320949541
6677,1147076.434930755,147076.43493075506
6678,1042573.5129335967,42573.512933596736
6679,1054215.696258479,54215.69625847903
6680,1036053.369540908,36053.369540908025
6681,985791.626123492,-14208.373876507976
6682,1037664.7726814945,37664.772681494476
6683,902709.894643004,-97290.10535699595
6684,1066898.1185454004,66898.11854540044
6685,945946.1691836136,-54053.830816386384
6686,946528.4163133837,-53471.58368661627
6687,1053609.4938620215,53609.49386202148
6688,1027752.1337524431,27752.13375244313
6689,992468.8651104552,-7531.134889544803
6690,994300.1733711578,-5699.826628842158
6691,967528.6277126075,-32471.3722873925
6692,1109596.057887661,109596.05788766104
6693,945444.5744183911,-54555.4255816089
6694,921652.015354942,-78347.98464505805
6695,1051820.9020785755,51820.902078575455
6696,1041794.5342303752,41794.5342303752
6697,954516.2780431451,-45483.72195685492
6698,1139669.1097928358,139669.10979283578
6699,1102608.4057818453,102608.40578184533
6700,1005113.1561969838,5113.156196983764
6701,1003384.8831360932,3384.883136093151
6702,966419.6810627022,-33580.318937297794
6703,1148305.1887626813,148305.18876268133
6704,997621.2409213113,-2378.7590786886867
6705,1019811.0768245187,19811.076824518736
6706,987084.5453062865,-12915.454693713458
6707,1022086.6958304329,22086.69583043293
6708,1065224.914526204,65224.91452620411
6709,1166962.3304473918,166962.33044739184
6710,1183242.4840965995,183242.4840965995
6711,1054414.3832742355,54414.38327423553
6712,962878.2478149688,-37121.75218503119
6713,944940.202750379,-55059.79724962101
6714,995668.364420368,-4331.635579632013
6715,1176122.3126202454,176122.3126202454
6716,923099.5333014232,-76900.46669857681
6717,961957.7374486739,-38042.26255132607
6718,988079.7663006148,-11920.233699385193
6719,1056347.2169532676,56347.216953267576
6720,1105157.6048983072,105157.60489830724
6721,1037880.3725721904,37880.37257219036
6722,1037394.5853659292,37394.585365929175
6723,1038689.0994791263,38689.09947912628
6724,915892.1418742043,-84107.85812579573
6725,1090115.9339139347,90115.93391393474
6726,1014596.5403257349,14596.54032573488
6727,956009.4535684744,-43990.54643152561
6728,1041202.0957922563,41202.095792256296
6729,929349.4427882947,-70650.55721170525
6730,1030385.6015736139,30385.601573613938
6731,984057.9349459173,-15942.065054082661
6732,1020758.045107292,20758.04510729201
6733,907762.6099620858,-92237.39003791416
6734,1170408.4297305164,170408.4297305164
6735,1049803.8652526198,49803.86525261984
6736,886763.9887613674,-113236.0112386326
6737,1042340.0411165451,42340.04111654509
6738,1114027.206835134,114027.20683513395
6739,956455.4090332534,-43544.59096674656
6740,1035484.610759891,35484.61075989099
6741,1017660.6633065785,17660.663306578528
6742,987432.5939699475,-12567.406030052458
6743,1066262.2072857136,66262.20728571364
6744,1107386.126204341,107386.12620434095
6745,1003714.3270050966,3714.327005096595
6746,1130712.708133455,130712.7081334549
6747,1079057.4629708286,79057.46297082864
6748,1002198.7276905826,2198.7276905826293
6749,1101841.071499754,101841.07149975398
6750,1024846.4644528084,24846.464452808374
6751,877651.0582597507,-122348.94174024928
6752,1017930.110358439,17930.110358439037
6753,1059246.8492779024,59246.849277902395
6754,1009099.4687451334,9099.468745133374
6755,1071293.290921442,71293.29092144198
6756,980368.6179931221,-19631.382006877917
6757,1029370.9777794502,29370.977779450244
6758,976685.1453210143,-23314.854678985663
6759,1011637.670938462,11637.670938462019
6760,957341.1925106535,-42658.80748934648
6761,1023799.0302867328,23799.03028673283
6762,960467.2183120245,-39532.78168797551
6763,934020.0850374595,-65979.9149625405
6764,1103694.951443461,103694.951443461
6765,991037.794544645,-8962.205455354997
6766,928893.8559523809,-71106.14404761908
6767,1028328.8559215631,28328.85592156311
6768,1061012.337853999,61012.33785399911
6769,844426.6940457491,-155573.30595425086
6770,1017586.1788478832,17586.178847883246
6771,1171080.590209657,171080.5902096571
6772,1068438.8471127737,68438.84711277368
6773,1047340.9673103286,47340.96731032862
6774,1079038.52185191,79038.52185191005
6775,1050954.0890787176,50954.08907871763
6776,1042730.9625826591,42730.96258265909
6777,925130.0883227022,-74869.91167729779
6778,921241.7849045023,-78758.21509549767
6779,1000438.5940066231,438.59400662314147
6780,953285.3862588359,-46714.613741164096
6781,1074851.8597485984,74851.85974859842
6782,997053.0877922486,-2946.9122077514185
6783,1035550.1973214076,35550.19732140761
6784,1105655.0223785993,105655.02237859927
6785,1028905.0877742898,28905.087774289772
6786,1172694.8684271877,172694.86842718767
6787,1007102.6233605349,7102.623360534897
6788,1056180.1263536543,56180.12635365431
6789,992227.769813663,-7772.230186337023
6790,1073743.6171400452,73743.61714004516
6791,1095058.0340695768,95058.03406957677
6792,906922.936993028,-93077.06300697196
6793,1016217.8352960531,16217.83529605309
6794,1025654.5002273172,25654.500227317214
6795,1046117.2243792645,46117.22437926452
6796,1123038.029444127,123038.02944412711
6797,1027172.1295703773,27172.129570377292
6798,944269.9017429495,-55730.0982570505
6799,959100.5521025015,-40899.447897498496
6800,1067524.1667749982,67524.16677499819
6801,1010467.6783328648,10467.678332864773
6802,980653.9328735886,-19346.067126411363
6803,1046520.4298392397,46520.42983923969
6804,1064847.669059098,64847.669059098
6805,1019304.286307118,19304.286307118018
6806,913765.3439937948,-86234.65600620524
6807,968309.619842555,-31690.380157444975
6808,1062757.4008410694,62757.40084106941
6809,1069032.8066439568,69032.8066439568
6810,1099892.9607066468,99892.96070664679
6811,1106058.4928171318,106058.4928171318
6812,922111.5551591219,-77888.44484087813
6813,896459.3202889259,-103540.6797110741
6814,899741.4092007157,-100258.59079928428
6815,1036001.93289821,36001.93289821001
6816,1094616.1788901577,94616.17889015772
6817,974020.9037497782,-25979.09625022183
6818,992937.4216305708,-7062.578369429219
6819,955076.9082634255,-44923.09173657454
6820,1078271.4157146285,78271.41571462853
6821,1070401.2731781525,70401.2731781525
6822,1027786.5186705382,27786.518670538208
6823,1026079.864909294,26079.864909293945
6824,1024703.3816280513,24703.381628051284
6825,927232.278823283,-72767.72117671696
6826,976511.5072434673,-23488.492756532738
6827,1068143.4053892395,68143.40538923955
6828,981586.1418124322,-18413.858187567792
6829,1007776.1451318903,7776.145131890313
6830,1133240.916408576,133240.91640857607
6831,1061210.2292384338,61210.22923843376
6832,964367.8737147928,-35632.126285207225
6833,1031201.0702704517,31201.070270451717
6834,1166319.7866445507,166319.78664455074
6835,975956.9665774265,-24043.03342257347
6836,1062639.0931216853,62639.09312168532
6837,1019797.2913570515,19797.291357051465
6838,1045037.3992816022,45037.39928160224
6839,884294.0730429656,-115705.92695703439
6840,975132.0317390368,-24867.968260963215
6841,975311.9635091107,-24688.036490889266
6842,1149073.3949725886,149073.39497258863
6843,927522.0813576758,-72477.91864232416
6844,954555.7528192073,-45444.247180792736
6845,1057627.8671776967,57627.867177696666
6846,938845.9788467594,-61154.02115324058
6847,1128015.950512179,128015.95051217894
6848,978730.9476587238,-21269.052341276198
6849,879560.1827826856,-120439.81721731438
6850,1042932.4733674079,42932.47336740792
6851,951945.4190912119,-48054.580908788135
6852,1125730.455367417,125730.45536741707
6853,1089649.4266128994,89649.4266128994
6854,953825.0338675822,-46174.96613241779
6855,1047375.385063285,47375.38506328501
6856,948423.0019184264,-51576.998081573634
6857,976815.5837145352,-23184.416285464773
6858,962063.7069108263,-37936.293089173734
6859,1040239.4138317583,40239.41383175831
6860,1048852.7469141723,48852.74691417231
6861,960679.6538929394,-39320.346107060555
6862,1071349.3959270578,71349.39592705783
6863,1041122.7751808836,41122.77518088359
6864,975339.9729369727,-24660.027063027257
6865,1017172.4047799455,17172.4047799455
6866,1029300.5691874502,29300.569187450223
6867,1129401.5572420708,129401.55724207079
6868,1127773.3677798691,127773.36777986912
6869,1057800.9045979567,57800.90459795669
6870,956873.054430016,-43126.94556998403
6871,1068163.4971775648,68163.49717756477
6872,1068042.0361189116,68042.03611891158
6873,1000034.172477676,34.172477675951086
6874,982031.0151073037,-17968.98489269626
6875,1062935.102381711,62935.102381710894
6876,992495.2679185426,-7504.73208145739
6877,1045174.7919227466,45174.791922746575
6878,1119492.390972539,119492.39097253908
6879,914789.6316838777,-85210.36831612233
6880,1062000.9130331848,62000.91303318483
6881,1112904.1158358897,112904.11583588971
6882,935137.1131667845,-64862.88683321548
6883,949857.4228342585,-50142.57716574147
6884,917363.4796266358,-82636.52037336421
6885,982173.3136217806,-17826.686378219398
6886,952089.416468674,-47910.58353132603
6887,959587.6616022688,-40412.33839773119
6888,990396.6611714889,-9603.33882851107
6889,1077612.394623902,77612.39462390193
6890,1066119.5900837267,66119.59008372668
6891,998835.834679065,-1164.1653209349606
6892,1022003.3622282236,22003.36222822359
6893,942218.8192791945,-57781.18072080554
6894,928225.9176187812,-71774.08238121879
6895,964921.9652704308,-35078.03472956922
6896,974006.2844803947,-25993.71551960532
6897,976880.392253679,-23119.60774632101
6898,952495.1535190956,-47504.84648090438
6899,970456.5356171578,-29543.464382842183
6900,1101151.1534232083,101151.15342320828
6901,1075156.1093063813,75156.10930638132
6902,951376.5217267498,-48623.47827325016
6903,1031776.1325881088,31776.13258810877
6904,941420.508267379,-58579.49173262098
6905,929627.7497098991,-70372.25029010093
6906,1068403.2654643182,68403.26546431822
6907,1123225.7130748683,123225.71307486831
6908,1091685.8640056825,91685.86400568252
6909,1005872.1617109065,5872.161710906541
6910,905959.1297259197,-94040.87027408031
6911,1025815.7987263809,25815.79872638092
6912,1011310.6748807504,11310.67488075036
6913,1199046.499422603,199046.49942260305
6914,1037751.9744500135,37751.974450013484
6915,991900.1556986894,-8099.844301310601
6916,1020982.0100958493,20982.010095849284
6917,1181386.925613174,181386.92561317398
6918,990459.7605982731,-9540.239401726867
6919,978637.1213061933,-21362.878693806706
6920,928938.1020561656,-71061.89794383442
6921,1193281.5423772926,193281.54237729264
6922,958245.0531591369,-41754.94684086309
6923,986448.5448013723,-13551.455198627664
6924,962393.8520566905,-37606.14794330951
6925,917103.646633569,-82896.35336643097
6926,905506.6149426263,-94493.38505737367
6927,1139264.1201371085,139264.1201371085
6928,1100580.7697212952,100580.76972129522
6929,1035356.2129863849,35356.21298638487
6930,860496.290498629,-139503.70950137102
6931,931896.0478444325,-68103.95215556747
6932,1098804.2221145893,98804.2221145893
6933,1081849.4771359777,81849.47713597771
6934,1024078.5066285034,24078.50662850344
6935,981348.4344140833,-18651.565585916745
6936,1100700.9231015835,100700.9231015835
6937,1051617.8040918885,51617.80409188848
6938,951559.317988316,-48440.68201168405
6939,842299.4112740288,-157700.58872597117
6940,913240.783727334,-86759.216272666
6941,1009693.1625065744,9693.162506574416
6942,1166884.6530783894,166884.65307838935
6943,1052405.5265889135,52405.52658891352
6944,979170.688987956,-20829.311012043967
6945,971959.087703936,-28040.912296063965
6946,1016431.951079753,16431.951079752995
6947,995702.2288051022,-4297.771194897825
6948,1021982.5044150559,21982.504415055853
6949,1058819.8040244002,58819.80402440019
6950,1049923.5958971356,49923.59589713556
6951,1022187.7491368448,22187.749136844766
6952,1002928.4698847871,2928.469884787104
6953,935995.7133729992,-64004.28662700078
6954,984556.9772455281,-15443.022754471865
6955,1043370.5072842201,43370.507284220075
6956,1046615.8791860496,46615.87918604957
6957,924163.6533345045,-75836.34666549554
6958,1062105.5100452823,62105.51004528231
6959,1068070.9384798803,68070.93847988034
6960,960091.5876919061,-39908.41230809386
6961,1043489.0312485321,43489.03124853212
6962,1211532.8632652257,211532.86326522566
6963,1104424.9837275248,104424.98372752476
6964,1031647.1098445976,31647.10984459764
6965,1034451.6034697036,34451.60346970358
6966,961399.5438147752,-38600.456185224815
6967,937184.4330892889,-62815.56691071112
6968,991065.0087602182,-8934.99123978184
6969,948329.2625850434,-51670.73741495656
6970,959250.6924727898,-40749.307527210214
6971,1075801.8051198213,75801.80511982134
6972,891747.5424370172,-108252.4575629828
6973,1024213.3218463447,24213.32184634474
6974,1103975.3794815773,103975.37948157731
6975,1068318.5057711925,68318.50577119249
6976,1068293.9826073833,68293.98260738328
6977,930317.8183800939,-69682.1816199061
6978,950671.9771915341,-49328.022808465874
6979,990153.383880008,-9846.616119991988
6980,1068770.5749607014,68770.5749607014
6981,1053811.0517425274,53811.0517425274
6982,979365.452004832,-20634.547995168017
6983,930963.7422596066,-69036.2577403934
6984,1029621.3939528263,29621.39395282627
6985,945848.5643435004,-54151.43565649958
6986,920524.6535727419,-79475.3464272581
6987,1038918.3996106073,38918.3996106073
6988,965847.8737905207,-34152.12620947929
6989,1056294.3225424404,56294.32254244038
6990,1006752.0850820839,6752.0850820839405
6991,1114668.080456849,114668.08045684895
6992,982451.3424766874,-17548.657523312606
6993,1031539.671474232,31539.67147423199
6994,962934.1084133884,-37065.89158661163
6995,960729.4673887506,-39270.532611249364
6996,977172.143187068,-22827.856812931946
6997,1016669.0725902006,16669.07259020058
6998,1059012.188879218,59012.18887921795
6999,974506.0786227594,-25493.921377240564
7000,1002580.7749689537,2580.7749689536868
7001,1039663.2184388171,39663.21843881707
7002,951823.1848604479,-48176.81513955211
7003,948020.5055237623,-51979.49447623768
7004,870929.7871856156,-129070.21281438437
7005,972914.0378390773,-27085.962160922703
7006,1139098.382691093,139098.38269109302
7007,928699.7240492282,-71300.27595077176
7008,1029799.703744755,29799.70374475501
7009,944201.2588423456,-55798.74115765444
7010,1019878.3696664488,19878.369666448794
7011,1094720.8488909528,94720.84889095277
7012,985655.2584790792,-14344.741520920768
7013,1102606.2441798334,102606.24417983345
7014,972601.9002008853,-27398.099799114745
7015,1119342.4874705542,119342.48747055419
7016,907965.0223530396,-92034.97764696041
7017,971729.7808276637,-28270.219172336278
7018,926672.4592473661,-73327.54075263394
7019,921470.1399151447,-78529.86008485535
7020,905218.8045041756,-94781.19549582445
7021,1037579.0841067898,37579.084106789785
7022,930883.5629408391,-69116.4370591609
7023,959279.9239978194,-40720.076002180576
7024,964723.8240611827,-35276.17593881732
7025,1020499.0004010426,20499.000401042635
7026,994877.6177297606,-5122.38227023941
7027,1074355.4266544494,74355.42665444943
7028,1075434.5314660543,75434.53146605426
7029,1009006.8201741813,9006.820174181252
7030,1053645.458958943,53645.45895894291
7031,1006689.9666121479,6689.966612147866
7032,921592.0109194043,-78407.98908059567
7033,926447.9842313055,-73552.01576869446
7034,963066.9952860714,-36933.00471392856
7035,1041918.6929735662,41918.69297356624
7036,1127081.6285469248,127081.6285469248
7037,1144051.9318150894,144051.93181508943
7038,1006210.1860714328,6210.186071432778
7039,1020573.3044175622,20573.304417562205
7040,912581.2269326653,-87418.77306733467
7041,1101636.7901273163,101636.79012731626
7042,978923.37062487,-21076.629375130055
7043,1043225.481720863,43225.48172086303
7044,1004554.8545862131,4554.854586213129
7045,1061548.824501718,61548.82450171793
7046,946990.9745863169,-53009.02541368315
7047,1000997.216176441,997.2161764410557
7048,1021685.5885860506,21685.58858605055
7049,1000657.9027919946,657.9027919946238
7050,1078742.999210511,78742.9992105111
7051,1053782.1163842839,53782.11638428387
7052,947243.3416939932,-52756.65830600681
7053,1003875.1590166365,3875.1590166365495
7054,978226.2464934238,-21773.753506576177
7055,980330.1448391656,-19669.855160834384
7056,1060573.3533290275,60573.35332902754
7057,1044079.0486067235,44079.04860672355
7058,1079115.2251862583,79115.22518625832
7059,965613.4606613824,-34386.539338617586
7060,989089.2976134162,-10910.702386583784
7061,1160624.2918748218,160624.29187482176
7062,993764.381148709,-6235.618851291016
7063,952805.9611787682,-47194.03882123181
7064,1052339.5370895902,52339.537089590216
7065,1048861.4805015756,48861.48050157563
7066,1005198.1192255393,5198.119225539267
7067,946961.338318731,-53038.661681268946
7068,1027781.634876391,27781.634876391036
7069,989193.758795702,-10806.241204297985
7070,1027054.7735552941,27054.773555294145
7071,1168061.9847022563,168061.98470225628
7072,1062083.7028670039,62083.702867003856
7073,888442.904090933,-111557.09590906696
7074,1001160.8800590892,1160.8800590891624
7075,858172.7344238417,-141827.2655761583
7076,969775.9505235448,-30224.0494764552
7077,1040486.6646078592,40486.66460785922
7078,945774.6657404694,-54225.334259530646
7079,1083806.6926577154,83806.69265771541
7080,945621.8291918493,-54378.170808150666
7081,1015513.6998114423,15513.69981144229
7082,987559.1243073895,-12440.875692610512
7083,1120509.580278752,120509.5802787519
7084,1063938.9507062326,63938.95070623257
7085,1037021.913047307,37021.913047307055
7086,900579.4633675441,-99420.53663245589
7087,992255.7859369798,-7744.21406302019
7088,939038.3481640235,-60961.65183597652
7089,930297.7461508205,-69702.25384917948
7090,1009713.3117324704,9713.311732470407
7091,1003106.9666387618,3106.9666387618054
7092,1059753.853706601,59753.853706601076
7093,970448.086934989,-29551.91306501103
7094,1004574.4354538771,4574.435453877086
7095,982492.6605420435,-17507.339457956492
7096,949479.318815081,-50520.68118491897
7097,1047349.5591015089,47349.55910150893
7098,1078624.642672823,78624.64267282304
7099,1095527.120852551,95527.12085255096
7100,1007950.7249389099,7950.724938909872
7101,1084814.2907321115,84814.29073211155
7102,997579.3035711619,-2420.6964288380696
7103,1038739.4508337338,38739.450833733776
7104,1082794.7818593602,82794.78185936017
7105,986291.9717921596,-13708.028207840398
7106,1085110.985601787,85110.98560178699
7107,1167994.9141471118,167994.91414711182
7108,1097306.5229431866,97306.52294318657
7109,1095153.0824247499,95153.08242474985
7110,1101589.8749721842,101589.87497218419
7111,1070307.99138676,70307.99138676003
7112,931583.0947979911,-68416.9052020089
7113,1046495.2749941323,46495.27499413234
7114,1070073.3261082352,70073.32610823517
7115,980007.5585899329,-19992.441410067142
7116,1010423.9587588357,10423.95875883568
7117,1061589.3929053477,61589.39290534775
7118,1111350.4805465837,111350.48054658365
7119,1117672.3265352228,117672.32653522282
7120,980453.2009473366,-19546.79905266338
7121,1118451.6277706528,118451.62777065276
7122,1067314.3220989886,67314.32209898857
7123,1073559.0021617173,73559.00216171728
7124,969040.6633929823,-30959.33660701767
7125,1023140.9115533452,23140.911553345155
7126,958028.7203207067,-41971.27967929328
7127,936605.6090529073,-63394.390947092674
7128,924765.6186670646,-75234.38133293542
7129,1211673.5932406131,211673.59324061312
7130,986053.2401447953,-13946.759855204728
7131,1080265.749471916,80265.74947191589
7132,1226703.9579722898,226703.95797228976
7133,986509.7248580036,-13490.275141996448
7134,909173.2003337205,-90826.79966627946
7135,1018809.9948511478,18809.994851147756
7136,1001325.1706945683,1325.1706945683109
7137,1058282.0508286296,58282.05082862964
7138,1139161.7542373524,139161.7542373524
7139,1171839.261348513,171839.26134851296
7140,1016560.6541392778,16560.654139277758
7141,941496.4046632608,-58503.59533673921
7142,1025237.808285685,25237.808285685023
7143,885462.179540095,-114537.82045990496
7144,1011666.4534788817,11666.45347888174
7145,1037755.8915247136,37755.8915247136
7146,1026525.8894639568,26525.889463956817
7147,962388.6579875115,-37611.342012488516
7148,1030313.8648513121,30313.86485131213
7149,911341.3250994162,-88658.6749005838
7150,1012500.9649163221,12500.964916322147
7151,983484.8345986911,-16515.165401308914
7152,1051144.559971639,51144.559971638955
7153,1013450.447946118,13450.447946117958
7154,1056230.4354158866,56230.435415886575
7155,945617.0442635965,-54382.95573640347
7156,1051833.6379746262,51833.63797462615
7157,970317.7317982704,-29682.268201729632
7158,1001785.179769628,1785.1797696279828
7159,1127689.621008413,127689.62100841291
7160,965065.8907065023,-34934.10929349775
7161,913809.1994281865,-86190.80057181348
7162,1037671.9199381293,37671.91993812926
7163,1071330.8498865413,71330.84988654125
7164,1106951.9348139218,106951.9348139218
7165,963246.8734062368,-36753.12659376324
7166,1084772.4167936565,84772.41679365654
7167,1069764.4747234748,69764.47472347482
7168,881072.4648791385,-118927.53512086149
7169,1136740.3855578678,136740.38555786782
7170,1068823.5685615262,68823.56856152625
7171,997712.9787193456,-2287.021280654357
7172,929517.1042725014,-70482.89572749857
7173,1024082.6690916694,24082.669091669377
7174,1124504.595231907,124504.59523190698
7175,1050027.2415046752,50027.24150467524
7176,949917.1918634506,-50082.80813654943
7177,1047901.1186343725,47901.118634372484
7178,1005414.6532720376,5414.653272037627
7179,1021850.7174291657,21850.71742916573
7180,943057.258093857,-56942.74190614303
7181,1142862.225883737,142862.22588373697
7182,922083.0677906696,-77916.93220933038
7183,949804.2464569082,-50195.75354309182
7184,1069191.816812754,69191.81681275391
7185,1069644.8485004343,69644.84850043431
7186,1133407.9892723411,133407.98927234113
7187,1008630.944861779,8630.94486177899
7188,982130.3283394225,-17869.67166057753
7189,983273.2454782792,-16726.75452172081
7190,1079228.789624605,79228.7896246051
7191,910454.6967394318,-89545.30326056818
7192,1182746.607040504,182746.607040504
7193,990842.20675809,-9157.793241910054
7194,1052885.9959676156,52885.99596761563
7195,953675.2748085276,-46324.72519147245
7196,991748.3213121329,-8251.678687867126
7197,1048511.6174762876,48511.61747628765
7198,1027350.2662685973,27350.266268597334
7199,948779.0870562827,-51220.912943717325
7200,1044503.9378788727,44503.93787887273
7201,943618.5322060299,-56381.467793970136
7202,1048326.944165796,48326.94416579604
7203,978361.6863188876,-21638.31368111237
7204,989091.1792882651,-10908.820711734938
7205,1082595.209307186,82595.20930718607
7206,921877.1553944808,-78122.8446055192
7207,881697.6487347978,-118302.35126520216
7208,1003313.9394782018,3313.9394782017916
7209,1053067.1779842044,53067.177984204376
7210,1027742.213248446,27742.213248446
7211,1021237.4841030239,21237.48410302389
7212,865384.7383778244,-134615.26162217557
7213,963333.110389357,-36666.88961064303
7214,1018149.9690600053,18149.96906000527
7215,1010245.2131372397,10245.213137239683
7216,1005441.2955994771,5441.295599477133
7217,1014105.6932975834,14105.693297583377
7218,1061178.069584445,61178.0695844451
7219,961586.2967903164,-38413.70320968365
7220,1066361.3529341144,66361.3529341144
7221,944039.5283489164,-55960.47165108356
7222,1188637.4170073026,188637.41700730263
7223,1056399.8782108405,56399.878210840514
7224,1065393.2241100536,65393.22411005362
7225,940075.862510696,-59924.13748930395
7226,1044094.1435801556,44094.14358015556
7227,989047.2125311297,-10952.787468870287
7228,1067834.7513646565,67834.75136465649
7229,923094.1206195883,-76905.8793804117
7230,1011818.7705154502,11818.77051545016
7231,940397.8563223324,-59602.1436776676
7232,898280.9772674526,-101719.02273254737
7233,1139974.432436198,139974.432436198
7234,978862.6638059908,-21137.33619400917
7235,1060451.9547249207,60451.95472492068
7236,1065953.760216905,65953.76021690504
7237,1071518.5772929369,71518.57729293685
7238,1005961.621616628,5961.621616628021
7239,1146830.2300785675,146830.23007856752
7240,1005163.4829879579,5163.48298795789
7241,996352.5400328386,-3647.4599671614124
7242,924022.889718805,-75977.11028119503
7243,953379.2294133499,-46620.77058665012
7244,983430.1965255539,-16569.80347444606
7245,1131457.130984429,131457.13098442904
7246,986595.4320565158,-13404.567943484173
7247,973317.8805463269,-26682.119453673135
7248,1016051.8549704048,16051.854970404762
7249,1006154.9015941991,6154.901594199124
7250,1116614.956379703,116614.95637970301
7251,1077170.767183604,77170.76718360395
7252,1084448.6714088805,84448.6714088805
7253,972893.9576624819,-27106.04233751807
7254,1057094.0812511744,57094.081251174444
7255,1027824.5967834503,27824.59678345034
7256,1079902.1240168454,79902.12401684537
7257,946873.8890442394,-53126.11095576058
7258,1029323.5832549937,29323.58325499366
7259,942648.643737218,-57351.35626278201
7260,1029553.1903959041,29553.190395904123
7261,992184.0942042754,-7815.905795724597
7262,923668.0796711316,-76331.92032886844
7263,978156.3823137567,-21843.617686243262
7264,918676.8586738997,-81323.14132610033
7265,933827.5518129055,-66172.44818709453
7266,945369.7744857903,-54630.22551420971
7267,1037211.3981514231,37211.39815142308
7268,1101925.7779847814,101925.77798478142
7269,873172.0302857591,-126827.96971424087
7270,1041154.9593835574,41154.959383557434
7271,1056424.3002858532,56424.30028585321
7272,963650.9102310451,-36349.0897689549
7273,990062.9725175953,-9937.027482404723
7274,1053167.6035077374,53167.603507737396
7275,900645.0262493014,-99354.97375069861
7276,1011426.110316592,11426.110316592036
7277,990827.54436002,-9172.455639980035
7278,883791.364726485,-116208.63527351501
7279,953498.6419993966,-46501.35800060339
7280,1076870.6274755194,76870.62747551943
7281,960683.0135773537,-39316.986422646325
7282,1027100.3707385893,27100.37073858932
7283,1096848.925113319,96848.92511331895
7284,1024883.6223861828,24883.622386182775
7285,985358.9929906605,-14641.007009339519
7286,1067980.1106375805,67980.11063758051
7287,953526.1405332237,-46473.85946677625
7288,1004228.6438241459,4228.643824145896
7289,1030542.8155750536,30542.815575053566
7290,1124733.9364521562,124733.93645215617
7291,1114525.1394039942,114525.1394039942
7292,1056202.717165611,56202.717165610986
7293,1067269.1665548703,67269.16655487032
7294,903765.5481945742,-96234.45180542581
7295,1056557.8602646014,56557.86026460142
7296,994494.0454144094,-5505.954585590633
7297,980027.668144888,-19972.33185511199
7298,957342.0971889835,-42657.90281101654
7299,915660.9843842476,-84339.01561575243
7300,1084840.9292322048,84840.9292322048
7301,1011110.6729841088,11110.672984108794
7302,1036084.7305544212,36084.7305544212
7303,983327.439266155,-16672.56073384499
7304,987937.5902205872,-12062.409779412788
7305,1030136.1894050898,30136.189405089826
7306,939706.7274746601,-60293.27252533985
7307,1044489.2916082938,44489.29160829377
7308,1046454.2995641528,46454.29956415284
7309,1026577.4612434781,26577.461243478116
7310,1009989.0675130867,9989.067513086717
7311,1006334.2851768538,6334.285176853766
7312,1074373.1313852805,74373.13138528052
7313,996545.8407650825,-3454.15923491749
7314,1136675.5814633179,136675.58146331785
7315,986099.2407319584,-13900.759268041584
7316,980784.9398733369,-19215.06012666307
7317,1056450.7200475489,56450.72004754888
7318,918470.2852664958,-81529.71473350422
7319,984853.0978213376,-15146.902178662363
7320,930505.8841868787,-69494.11581312132
7321,893033.7357910665,-106966.26420893345
7322,1059676.0755061253,59676.075506125344
7323,994082.96973186,-5917.030268140021
7324,1068505.9379620876,68505.93796208757
7325,1024494.3494643557,24494.349464355735
7326,933701.0312659222,-66298.96873407776
7327,1062865.7288084761,62865.728808476124
7328,1006931.2151475629,6931.215147562907
7329,1037563.0020339182,37563.002033918165
7330,883448.241344694,-116551.75865530595
7331,1177827.5539309117,177827.5539309117
7332,979786.5255847174,-20213.474415282602
7333,994860.6386633556,-5139.36133664439
7334,985292.3757892693,-14707.62421073066
7335,989613.2423268209,-10386.757673179149
7336,921469.2751896636,-78530.72481033637
7337,970947.1912273233,-29052.80877267674
7338,997729.0045543856,-2270.995445614448
7339,1028225.5839706316,28225.58397063159
7340,1143822.4171480879,143822.41714808787
7341,986512.1799649771,-13487.820035022916
7342,950829.4806158894,-49170.51938411058
7343,978085.9924414775,-21914.007558522513
7344,895008.7162040605,-104991.28379593953
7345,881004.5743836807,-118995.42561631929
7346,868735.4232793114,-131264.5767206886
7347,931152.8665141738,-68847.1334858262
7348,1150102.7836242486,150102.78362424858
7349,1006591.2611416385,6591.261141638504
7350,984513.3466264713,-15486.653373528738
7351,1106309.0352520174,106309.03525201743
7352,1052723.9484202685,52723.94842026848
7353,1023856.8962542582,23856.89625425823
7354,1073142.6017430797,73142.60174307972
7355,869113.004964541,-130886.99503545905
7356,1100671.7684444364,100671.76844443637
7357,910345.18219104,-89654.81780895998
7358,1056414.473926169,56414.4739261691
7359,1108080.9574953709,108080.95749537088
7360,1143958.6468122602,143958.64681226015
7361,1085537.4883855574,85537.48838555743
7362,1046779.3897277127,46779.389727712725
7363,923594.3400915785,-76405.65990842145
7364,1145836.5670967048,145836.56709670485
7365,993888.0470067762,-6111.952993223793
7366,1121926.5632944575,121926.5632944575
7367,931255.093003804,-68744.90699619602
7368,993243.2776436921,-6756.722356307902
7369,1055774.738340312,55774.73834031192
7370,1099416.420549232,99416.42054923205
7371,939415.3712109791,-60584.628789020935
7372,1023352.1625140194,23352.16251401941
7373,1104430.4094607455,104430.40946074552
7374,945200.2225384794,-54799.77746152063
7375,1118378.1070835553,118378.10708355531
7376,990486.7133478583,-9513.286652141716
7377,1115381.4435896864,115381.44358968642
7378,925833.5780599046,-74166.42194009537
7379,1037397.1302232072,37397.130223207176
7380,882147.8028321598,-117852.1971678402
7381,1120609.5765798367,120609.57657983666
7382,963792.9302488451,-36207.069751154864
7383,1020994.1128071771,20994.112807177124
7384,911318.9265952808,-88681.07340471924
7385,1046539.6334822788,46539.63348227879
7386,967411.5041134915,-32588.495886508492
7387,1023464.4438758567,23464.443875856698
7388,957312.2930980361,-42687.70690196392
7389,1138301.9524988004,138301.95249880035
7390,987183.6664213084,-12816.333578691585
7391,980957.2037484695,-19042.796251530526
7392,1032665.6790565425,32665.67905654246
7393,1018031.0199081526,18031.019908152637
7394,914957.9663602324,-85042.03363976756
7395,1061016.8908448676,61016.890844867565
7396,963668.681225251,-36331.31877474894
7397,1053482.0492866803,53482.049286680296
7398,1032380.2024290436,32380.202429043595
7399,1012117.7884173682,12117.788417368196
7400,1103294.400525916,103294.4005259159
7401,941010.7982439306,-58989.20175606944
7402,998455.8564245491,-1544.1435754508711
7403,973929.1937122234,-26070.806287776562
7404,1031620.3569805605,31620.356980560464
7405,1063987.3282383936,63987.328238393646
7406,1006867.8026168067,6867.802616806701
7407,1040005.5817603709,40005.58176037087
7408,1130753.9848593464,130753.98485934641
7409,1003618.5617483997,3618.5617483997485
7410,977339.473896782,-22660.52610321797
7411,1075942.85285486,75942.85285486002
7412,976549.2479307087,-23450.75206929131
7413,940422.0999676322,-59577.90003236779
7414,1037986.7258028423,37986.725802842295
7415,1112384.6122139562,112384.61221395619
7416,992477.9156020435,-7522.084397956496
7417,976127.6919335198,-23872.30806648021
7418,1157793.3332627497,157793.33326274971
7419,972047.8739948205,-27952.12600517948
7420,1006604.1184185623,6604.118418562342
7421,990655.62421666,-9344.375783339958
7422,926496.1954912213,-73503.80450877873
7423,954215.5819370605,-45784.41806293954
7424,1039114.284179133,39114.284179133014
7425,944993.1610594846,-55006.838940515416
7426,987722.9196284488,-12277.080371551216
7427,943873.9578664922,-56126.042133507784
7428,1012295.9753396887,12295.97533968871
7429,1053631.3299122106,53631.32991221058
7430,923856.3516947436,-76143.64830525639
7431,955205.6665895975,-44794.33341040253
7432,908220.412663244,-91779.58733675606
7433,1046109.7320275377,46109.732027537655
7434,977066.9602089891,-22933.039791010902
7435,887442.2868044669,-112557.71319553314
7436,967788.1205103624,-32211.879489637562
7437,894038.0445319611,-105961.95546803891
7438,948623.1393913659,-51376.86060863407
7439,1014425.5744740523,14425.574474052293
7440,984987.1510884742,-15012.848911525798
7441,1128771.6793794709,128771.67937947088
7442,1015636.2582833616,15636.25828336156
7443,1018246.0093139807,18246.0093139807
7444,1040333.6619871806,40333.66198718059
7445,869638.4243893302,-130361.5756106698
7446,1153853.608429333,153853.60842933296
7447,1089652.8370781548,89652.83707815479
7448,1030143.0151397916,30143.01513979165
7449,984908.3664005876,-15091.633599412395
7450,929940.6987329229,-70059.3012670771
7451,974733.9732575344,-25266.02674246556
7452,1013111.2359183799,13111.235918379854
7453,1105145.3044114164,105145.30441141641
7454,1031230.3128149838,31230.312814983772
7455,1009095.4770561174,9095.47705611738
7456,969122.311140125,-30877.688859874965
7457,955095.7418907913,-44904.25810920866
7458,1196540.667090705,196540.6670907049
7459,1010221.7533789255,10221.753378925496
7460,1091678.3029449293,91678.30294492934
7461,916837.5045025814,-83162.49549741857
7462,1110228.4406450782,110228.4406450782
7463,1096557.6714773793,96557.67147737928
7464,1063081.1449215221,63081.14492152212
7465,1095502.8696304364,95502.86963043641
7466,931212.3827015602,-68787.61729843984
7467,933582.98124731,-66417.01875269006
7468,1092968.4951424357,92968.49514243565
7469,987290.0444083373,-12709.95559166267
7470,993372.6624179007,-6627.337582099251
7471,1060620.409032496,60620.409032495925
7472,1110576.925718824,110576.92571882391
7473,1072625.5818522796,72625.5818522796
7474,989346.9841004697,-10653.015899530263
7475,1055632.0175199553,55632.01751995529
7476,1079439.478181201,79439.47818120103
7477,1005148.7058343989,5148.705834398861
7478,941115.7212759622,-58884.27872403781
7479,1134255.6494251308,134255.6494251308
7480,1014560.7471185998,14560.74711859983
7481,1003303.3239389433,3303.3239389433293
7482,1085375.4808070376,85375.48080703756
7483,1039296.7071099633,39296.70710996329
7484,1055846.9954703024,55846.99547030241
7485,933010.8895703403,-66989.11042965972
7486,997744.8499126806,-2255.150087319431
7487,1033320.9372618151,33320.93726181507
7488,962553.6396692692,-37446.36033073079
7489,1034107.0742139189,34107.07421391888
7490,903256.5100079207,-96743.48999207933
7491,978718.3145998885,-21281.685400111484
7492,1034052.1660151305,34052.16601513047
7493,980246.4129049173,-19753.587095082738
7494,924265.7254202919,-75734.27457970812
7495,977138.2854963985,-22861.714503601543
7496,1052030.1299294855,52030.1299294855
7497,963973.4349445626,-36026.565055437386
7498,973109.7390362981,-26890.260963701876
7499,894322.2923073561,-105677.70769264386
7500,1009587.7237632885,9587.723763288464
7501,932939.7882512067,-67060.21174879326
7502,1017496.4182809256,17496.4182809256
7503,1061248.2170526087,61248.21705260873
7504,1064105.7754786382,64105.77547863824
7505,948407.9721294079,-51592.02787059208
7506,932976.8770544387,-67023.1229455613
7507,1044502.9024799988,44502.90247999877
7508,972247.973071346,-27752.026928654057
7509,905310.2999208147,-94689.7000791853
7510,958715.9981344594,-41284.00186554063
7511,945273.2031139331,-54726.796886066906
7512,994303.8340293802,-5696.165970619768
7513,910047.8459751402,-89952.15402485977
7514,1085877.6972859963,85877.69728599628
7515,1038656.8718576874,38656.871857687365
7516,954938.5376128044,-45061.462387195555
7517,1032691.4913866059,32691.491386605892
7518,879600.937568435,-120399.06243156502
7519,1049646.4706893456,49646.47068934562
7520,1001750.0427346962,1750.0427346961806
7521,926385.640018381,-73614.35998161905
7522,1090619.9089780445,90619.90897804452
7523,1049162.2906405083,49162.29064050829
7524,1009822.1216366938,9822.121636693832
7525,1019510.9885911804,19510.988591180416
7526,1002344.3698944488,2344.369894448784
7527,1038115.3554875792,38115.35548757925
7528,1038825.6482866154,38825.64828661538
7529,1074566.2392349406,74566.23923494061
7530,994421.6390068661,-5578.360993133858
7531,1020183.7175986583,20183.717598658288
7532,1092824.8097780321,92824.80977803213
7533,1068062.9823444441,68062.98234444414
7534,1005922.4220910541,5922.422091054148
7535,1045849.4663119209,45849.4663119209
7536,960936.9057204949,-39063.09427950508
7537,864505.2405528123,-135494.75944718765
7538,904687.6331035479,-95312.36689645215
7539,987641.9950437372,-12358.004956262768
7540,984567.4556353994,-15432.544364600559
7541,1103955.60041763,103955.60041763005
7542,1103942.933237118,103942.93323711795
7543,1136518.5556492186,136518.55564921862
7544,953710.6744917816,-46289.325508218375
7545,1054330.3085393873,54330.308539387304
7546,1087894.238430798,87894.23843079805
7547,1013121.01519179,13121.01519178995
7548,1087073.4881762252,87073.48817622522
7549,1021641.2944357669,21641.294435766875
7550,960894.371967309,-39105.62803269096
7551,972205.4304186387,-27794.569581361255
7552,956307.8789486755,-43692.12105132453
7553,1117033.236634434,117033.23663443397
7554,956760.465412868,-43239.534587132046
7555,1043949.005296579,43949.00529657898
7556,1014007.0276719686,14007.027671968564
7557,845300.995509099,-154699.00449090102
7558,1138445.683895165,138445.6838951651
7559,955657.7854526483,-44342.2145473517
7560,1018554.4547862815,18554.45478628145
7561,1054010.1093828573,54010.109382857336
7562,995765.9995307866,-4234.000469213352
7563,1055847.454743381,55847.45474338089
7564,997280.6474557195,-2719.3525442804676
7565,1041780.6324403218,41780.632440321846
7566,1029799.2238872822,29799.22388728219
7567,936184.0112871103,-63815.988712889724
7568,970247.096420299,-29752.90357970097
7569,1139879.8645430596,139879.8645430596
7570,989611.2051730097,-10388.794826990343
7571,979938.3654001019,-20061.634599898127
7572,929783.2806033022,-70216.71939669782
7573,1029956.4921317894,29956.492131789448
7574,968148.599885422,-31851.400114577962
7575,942038.9540062464,-57961.04599375359
7576,1079279.6378758047,79279.63787580468
7577,1163544.1038883526,163544.10388835263
7578,868017.4884610721,-131982.5115389279
7579,1048919.776172258,48919.77617225796
7580,1100385.0787786662,100385.07877866621
7581,975197.4283405336,-24802.571659466368
7582,1055812.0955764833,55812.09557648329
7583,1010444.7398256246,10444.739825624623
7584,1020275.7085253372,20275.708525337162
7585,1011894.7632385968,11894.763238596846
7586,980467.5192188376,-19532.48078116239
7587,1099717.5697354507,99717.56973545067
7588,1107060.232613968,107060.23261396796
7589,853356.0077818627,-146643.99221813725
7590,1050254.0615299603,50254.06152996025
7591,889670.3960887276,-110329.60391127237
7592,1150414.1323680384,150414.1323680384
7593,971706.4250822199,-28293.57491778012
7594,1004151.9580004372,4151.95800043724
7595,1034368.9571259043,34368.95712590427
7596,937080.3167557927,-62919.68324420729
7597,1167570.1672594096,167570.16725940956
7598,998893.7079685536,-1106.2920314463554
7599,1116846.102656916,116846.10265691602
7600,1001472.7269609531,1472.7269609530922
7601,1011523.5902420568,11523.590242056758
7602,888111.300961729,-111888.69903827098
7603,1131861.6047614296,131861.6047614296
7604,1081041.1709600138,81041.17096001375
7605,1045813.9830835882,45813.98308358819
7606,921849.6042290851,-78150.39577091485
7607,951028.9763715856,-48971.023628414376
7608,973371.5170873803,-26628.482912619715
7609,1012044.5807315012,12044.58073150122
7610,973555.3802554036,-26444.61974459642
7611,991567.0142433131,-8432.985756686889
7612,1168024.483846132,168024.48384613195
7613,982226.1404664159,-17773.859533584095
7614,1286567.456467313,286567.456467313
7615,936008.0556471472,-63991.94435285276
7616,1085660.45291334,85660.45291333995
7617,1039312.9012370066,39312.90123700665
7618,918520.120832144,-81479.87916785595
7619,1013206.1948563034,13206.194856303395
7620,969330.3268302269,-30669.673169773072
7621,974524.7847227114,-25475.215277288575
7622,847397.3005467692,-152602.69945323083
7623,961905.0038764346,-38094.99612356536
7624,1035496.6968819372,35496.69688193721
7625,961181.5654917076,-38818.434508292354
7626,1014262.8846907007,14262.884690700681
7627,965160.6066682686,-34839.39333173144
7628,1055791.1015255665,55791.10152556654
7629,1078583.3618530221,78583.36185302213
7630,1006302.1644288867,6302.164428886725
7631,1010367.9133815209,10367.913381520892
7632,948995.0479392943,-51004.95206070575
7633,990895.5594416837,-9104.440558316302
7634,964417.1234904387,-35582.87650956132
7635,1034152.2051340475,34152.205134047545
7636,995995.7735921247,-4004.226407875307
7637,932910.4661774607,-67089.53382253926
7638,956846.0337427853,-43153.96625721466
7639,978085.5430823215,-21914.45691767847
7640,1146413.4539113236,146413.45391132357
7641,993219.259172337,-6780.740827662987
7642,1001131.398613198,1131.3986131979618
7643,1038357.0454156168,38357.04541561683
7644,974748.5403403946,-25251.459659605403
7645,1077951.7241234912,77951.7241234912
7646,1019185.1046144868,19185.1046144868
7647,1095747.1066927707,95747.10669277073
7648,926948.9238000612,-73051.07619993878
7649,1051006.5076363832,51006.507636383176
7650,1104196.626384034,104196.62638403405
7651,1066398.6535083111,66398.65350831114
7652,961207.5949709675,-38792.405029032496
7653,1040666.4280560747,40666.428056074656
7654,970067.4886597903,-29932.51134020975
7655,1054921.2322043928,54921.232204392785
7656,984806.3477064077,-15193.652293592342
7657,1008489.0473108051,8489.047310805065
7658,924586.5161740301,-75413.48382596986
7659,1005383.9578780091,5383.957878009067
7660,1018736.7463249986,18736.74632499856
7661,929875.7506596915,-70124.24934030848
7662,985306.923807365,-14693.076192634995
7663,1089562.9413957794,89562.94139577937
7664,1030781.6239233421,30781.623923342093
7665,1030846.9735609371,30846.9735609371
7666,1050813.6892481847,50813.68924818467
7667,932254.7704946399,-67745.22950536013
7668,920373.095316209,-79626.90468379098
7669,1079470.9347801753,79470.93478017533
7670,840783.2695717538,-159216.7304282462
7671,1069978.2624497765,69978.26244977652
7672,1080239.1637163197,80239.16371631972
7673,926726.7484558267,-73273.25154417334
7674,1080314.0368639776,80314.03686397756
7675,1036037.0159245507,36037.01592455071
7676,1008506.4833382318,8506.483338231803
7677,1030984.1502006225,30984.150200622506
7678,1023232.4839055282,23232.483905528206
7679,975468.8430912698,-24531.15690873016
7680,956508.0056507948,-43491.99434920517
7681,1024376.373356826,24376.37335682602
7682,1001924.612237639,1924.6122376390267
7683,958867.6796923992,-41132.32030760078
7684,1045167.0385143133,45167.03851431329
7685,996590.7795986618,-3409.220401338185
7686,966805.6093482655,-33194.390651734546
7687,1083565.2221133674,83565.2221133674
7688,1030921.1144993695,30921.11449936952
7689,999288.0499400347,-711.9500599652529
7690,998688.5886802272,-1311.4113197728293
7691,945655.4888516075,-54344.511148392456
7692,1127117.4261018024,127117.42610180238
7693,1041112.8975006372,41112.89750063722
7694,944118.9696100538,-55881.03038994619
7695,1159688.7481096413,159688.74810964125
7696,1045377.9166842568,45377.91668425675
7697,951749.376064085,-48250.62393591495
7698,958722.7779855761,-41277.222014423925
7699,941948.4401508367,-58051.559849163285
7700,888510.150380258,-111489.84961974202
7701,1056253.082160116,56253.08216011594
7702,969709.1235697678,-30290.876430232194
7703,970476.4892637954,-29523.510736204567
7704,1086472.0182915784,86472.0182915784
7705,961324.7413987266,-38675.25860127341
7706,992925.5158287523,-7074.484171247692
7707,1041531.6380039859,41531.63800398586
7708,1085788.5553818552,85788.55538185523
7709,1094699.8966235323,94699.89662353229
7710,978354.8971118777,-21645.102888122317
7711,965212.1542119936,-34787.84578800644
7712,997652.4800487777,-2347.519951222348
7713,1059261.386769892,59261.38676989195
7714,934211.5642278458,-65788.43577215425
7715,846744.4039064475,-153255.59609355254
7716,1031735.198944719,31735.198944719043
7717,1015159.6711861428,15159.671186142834
7718,889566.6988272362,-110433.30117276381
7719,891299.2278883753,-108700.77211162471
7720,1007120.0720366332,7120.072036633152
7721,1104054.2380248918,104054.23802489182
7722,981350.0758160602,-18649.924183939816
7723,957182.9252399998,-42817.07476000022
7724,989272.373596014,-10727.62640398601
7725,1065489.8299781762,65489.82997817616
7726,1136335.8662773538,136335.86627735384
7727,1174897.990247907,174897.99024790688
7728,1067685.397700375,67685.39770037495
7729,1057371.8632841783,57371.86328417831
7730,1042574.3521361029,42574.352136102854
7731,1057694.2931698943,57694.293169894256
7732,1058960.941349271,58960.94134927099
7733,1051447.890938961,51447.89093896095
7734,1004120.025203825,4120.025203824975
7735,1035708.7383608916,35708.738360891584
7736,957510.0746834795,-42489.9253165205
7737,1023424.0154718399,23424.015471839928
7738,947468.3754424244,-52531.62455757556
7739,1071195.6114953388,71195.61149533885
7740,949693.9764857765,-50306.02351422352
7741,961693.9023303558,-38306.097669644165
7742,968330.544127444,-31669.455872555962
7743,948055.6763563221,-51944.32364367787
7744,967038.4545550612,-32961.54544493882
7745,1123150.7482114,123150.74821139988
7746,1136238.9172362671,136238.91723626712
7747,1127459.8902585995,127459.89025859954
7748,927897.9668412696,-72102.03315873037
7749,1084091.09648726,84091.09648725996
7750,1177706.173927343,177706.17392734298
7751,1045824.2163665963,45824.21636659629
7752,1057098.69184222,57098.691842220025
7753,1016263.2835601664,16263.283560166368
7754,1042460.8351742979,42460.835174297914
7755,1022275.9358572986,22275.93585729855
7756,914059.0426725118,-85940.95732748823
7757,1014405.9412644373,14405.941264437279
7758,1096418.1586043732,96418.15860437322
7759,1052397.2768113778,52397.276811377844
7760,968870.9138566697,-31129.08614333032
7761,812878.0790822158,-187121.9209177842
7762,973097.5260882883,-26902.473911711713
7763,1018444.3551203863,18444.355120386346
7764,933365.8552049164,-66634.14479508356
7765,926985.258282754,-73014.74171724601
7766,1013071.9045797898,13071.904579789843
7767,852263.1333183516,-147736.86668164842
7768,969865.8778717935,-30134.122128206538
7769,1009932.1634498382,9932.163449838175
7770,995255.220501704,-4744.779498295975
7771,1129133.299615489,129133.29961548909
7772,953136.7957127059,-46863.204287294066
7773,976680.5270623025,-23319.472937697545
7774,990780.3411260393,-9219.658873960725
7775,939146.6967521947,-60853.303247805336
7776,1088136.4774502409,88136.47745024087
7777,879211.4196270369,-120788.5803729631
7778,1088608.3249122824,88608.3249122824
7779,1032815.0872935716,32815.08729357156
7780,1028806.7531407403,28806.75314074033
7781,995402.0658787356,-4597.934121264378
7782,1000808.7118630253,808.7118630253244
7783,1112744.451286446,112744.45128644607
7784,1124141.9122094305,124141.91220943048
7785,1065346.4677204196,65346.467720419634
7786,962682.7719674612,-37317.228032538784
7787,1059350.0106922037,59350.01069220365
7788,916427.7098849711,-83572.29011502885
7789,961583.3124394756,-38416.68756052444
7790,1118686.0971346626,118686.09713466256
7791,1079706.4581074903,79706.45810749033
7792,877231.5248584572,-122768.47514154285
7793,980802.8154953032,-19197.18450469675
7794,952560.4664207973,-47439.53357920272
7795,1025973.9773887306,25973.977388730622
7796,1021289.9314429902,21289.9314429902
7797,1036496.9242645612,36496.92426456115
7798,908364.4709796626,-91635.52902033739
7799,1058917.6191572603,58917.619157260284
7800,1074571.5414064943,74571.54140649433
7801,938577.3939376913,-61422.60606230865
7802,953726.095016899,-46273.90498310095
7803,1016655.0954505223,16655.09545052226
7804,1105976.7583130233,105976.75831302325
7805,1047621.8380675047,47621.838067504694
7806,872954.9992273649,-127045.0007726351
7807,957730.1148751739,-42269.885124826105
7808,1104600.1979333656,104600.19793336559
7809,1053739.465121249,53739.46512124897
7810,1021110.5008002805,21110.500800280483
7811,974056.2514122623,-25943.748587737675
7812,1079088.8585342432,79088.85853424319
7813,1007419.4447749063,7419.444774906267
7814,1042885.1351160288,42885.13511602883
7815,1003207.8725355391,3207.8725355390925
7816,1137877.127735056,137877.12773505598
7817,1014405.4991011635,14405.49910116347
7818,1094523.8891194453,94523.88911944535
7819,1038927.2731369518,38927.273136951844
7820,998721.081953454,-1278.9180465460522
7821,988853.376994873,-11146.623005126952
7822,1013503.7144469967,13503.714446996688
7823,998788.8836474295,-1211.116352570476
7824,1045197.4996150457,45197.49961504573
7825,1024820.0996647348,24820.099664734793
7826,1012500.0477137389,12500.047713738866
7827,1082385.703668092,82385.70366809191
7828,1057030.1539096078,57030.15390960779
7829,943865.4301217161,-56134.56987828389
7830,969779.227661574,-30220.772338425973
7831,911100.6169376886,-88899.38306231145
7832,921406.2035504646,-78593.79644953541
7833,1014440.9330370126,14440.933037012583
7834,1022785.8924652588,22785.892465258832
7835,1089502.1860448907,89502.18604489067
7836,974698.9443854875,-25301.05561451253
7837,1048822.3011263097,48822.30112630967
7838,1045940.0736388895,45940.07363888947
7839,1110419.836049348,110419.83604934812
7840,1083135.6189941613,83135.61899416125
7841,983737.5243388603,-16262.475661139702
7842,1073091.955810698,73091.95581069798
7843,912391.4895271293,-87608.51047287066
7844,1049110.6164120564,49110.61641205638
7845,933044.5553894852,-66955.4446105148
7846,1001268.8214880174,1268.8214880174492
7847,1111956.3274091368,111956.32740913681
7848,949931.6304203565,-50068.36957964348
7849,1060669.5019474858,60669.50194748584
7850,1048073.9579024037,48073.957902403665
7851,1023975.4895299769,23975.489529976854
7852,989442.4200516114,-10557.579948388622
7853,1038634.0657936763,38634.0657936763
7854,900636.3600870495,-99363.63991295046
7855,1063880.1624514582,63880.16245145816
7856,1021999.6311176702,21999.631117670215
7857,990138.1590482837,-9861.840951716295
7858,1055393.785909911,55393.78590991092
7859,953292.0690706063,-46707.93092939374
7860,916076.6401374722,-83923.35986252781
7861,1145403.3645796808,145403.36457968084
7862,951554.6977563164,-48445.3022436836
7863,940360.3569007928,-59639.6430992072
7864,982321.3311275892,-17678.66887241078
7865,1049974.6485379124,49974.648537912406
7866,996653.7056599034,-3346.294340096647
7867,1031720.3060836566,31720.306083656615
7868,1018505.9101456295,18505.910145629547
7869,978746.2875680117,-21253.71243198833
7870,1042498.2334735193,42498.23347351933
7871,1113954.2148159891,113954.21481598914
7872,1036751.7559649006,36751.7559649006
7873,918353.8369973513,-81646.16300264874
7874,977963.1885760103,-22036.81142398971
7875,906637.0388059311,-93362.96119406889
7876,935263.8858886603,-64736.11411133967
7877,1056713.6910888206,56713.691088820575
7878,1199452.8773274631,199452.87732746312
7879,1061994.3972101447,61994.39721014467
7880,985604.5561371299,-14395.443862870103
7881,903712.7814334889,-96287.21856651106
7882,1027828.9802493228,27828.980249322834
7883,1036081.4966731293,36081.496673129266
7884,995337.6777469894,-4662.322253010585
7885,973462.0933755772,-26537.906624422758
7886,1008514.8157426805,8514.815742680454
7887,1016655.9576405548,16655.957640554756
7888,1034328.431164044,34328.431164043956
7889,1096598.3104882364,96598.31048823637
7890,979889.0949254232,-20110.905074576847
7891,947038.5691252176,-52961.43087478238
7892,1001911.1638590093,1911.163859009277
7893,972550.7694026928,-27449.230597307207
7894,938947.443483028,-61052.55651697202
7895,972976.6676482909,-27023.332351709134
7896,1140439.716392878,140439.71639287798
7897,1029323.1952664015,29323.19526640151
7898,982688.4278541002,-17311.572145899758
7899,998791.4569408674,-1208.543059132644
7900,1003162.3669872723,3162.366987272282
7901,1013689.0411560853,13689.041156085324
7902,994263.5589993782,-5736.441000621766
7903,1016400.3088106137,16400.3088106137
7904,988485.154893993,-11514.84510600695
7905,924487.3224514088,-75512.67754859116
7906,986000.3370721128,-13999.66292788717
7907,1036245.0326467074,36245.032646707376
7908,944452.8301618354,-55547.169838164584
7909,1107096.7221923708,107096.7221923708
7910,1043850.5081816836,43850.5081816836
7911,1191186.701020869,191186.70102086896
7912,981296.0486030296,-18703.951396970428
7913,1117242.60336868,117242.60336868
7914,1001551.4509584054,1551.4509584053885
7915,1067509.0687582656,67509.06875826558
7916,1020864.7641639437,20864.764163943706
7917,993651.5607815317,-6348.439218468266
7918,967198.2834515692,-32801.71654843085
7919,965022.3463891235,-34977.65361087653
7920,958526.3332465526,-41473.66675344738
7921,969659.3883567515,-30340.61164324847
7922,1077504.6781276767,77504.67812767671
7923,961168.2708904489,-38831.72910955106
7924,935965.5189320282,-64034.48106797179
7925,1107629.3871387572,107629.38713875716
7926,1101160.95618323,101160.95618323004
7927,1116819.9977411325,116819.99774113251
7928,928888.6069502867,-71111.39304971334
7929,1014051.9781661886,14051.978166188579
7930,1119476.555473038,119476.555473038
7931,1119653.8554977044,119653.85549770435
7932,1022556.0164901151,22556.016490115086
7933,985555.7284738251,-14444.271526174853
7934,930930.1693878483,-69069.83061215165
7935,920628.0861924781,-79371.91380752192
7936,993659.9382682253,-6340.061731774709
7937,1026334.3782300181,26334.378230018076
7938,941328.2141331341,-58671.78586686589
7939,1045401.2476874199,45401.24768741988
7940,983970.4354548431,-16029.5645451569
7941,916627.4759715581,-83372.52402844187
7942,992947.9426154811,-7052.0573845189065
7943,943706.5398047634,-56293.46019523661
7944,1055894.539701705,55894.5397017051
7945,1009842.6998542871,9842.699854287086
7946,1027137.5075027178,27137.50750271778
7947,1146131.4073403052,146131.40734030516
7948,1065335.8274467988,65335.827446798794
7949,1025956.7794377375,25956.77943773754
7950,1177955.8306611567,177955.83066115668
7951,996363.4423744907,-3636.557625509333
7952,1046307.493400995,46307.49340099504
7953,1086427.7765094037,86427.77650940372
7954,941112.2551011251,-58887.744898874895
7955,1068935.5972912915,68935.59729129146
7956,1047636.6139432332,47636.613943233155
7957,1086440.4588830336,86440.4588830336
7958,883537.4800638332,-116462.51993616682
7959,1069819.0336948896,69819.03369488963
7960,991255.9813766951,-8744.018623304903
7961,987317.416233191,-12682.583766808966
7962,1065270.0397187897,65270.03971878975
7963,1010585.8733958517,10585.873395851697
7964,944630.8118154568,-55369.18818454316
7965,954839.0692899633,-45160.93071003666
7966,1044164.39194413,44164.39194412995
7967,1113817.2665429998,113817.26654299977
7968,933444.1509398548,-66555.8490601452
7969,942724.8439051836,-57275.1560948164
7970,1047144.8391087124,47144.83910871239
7971,1123492.7206223877,123492.72062238771
7972,1012599.7038617533,12599.70386175334
7973,1028178.7443497927,28178.744349792716
7974,891429.7242618379,-108570.2757381621
7975,942504.8496087368,-57495.15039126319
7976,951384.2406706179,-48615.7593293821
7977,1054504.1242191258,54504.124219125835
7978,1069084.384533664,69084.38453366398
7979,1030678.0809051221,30678.0809051221
7980,1070339.8280586426,70339.82805864257
7981,932398.1621540558,-67601.83784594422
7982,1015569.0958310255,15569.095831025508
7983,937371.9663322908,-62628.03366770921
7984,1089578.0050103532,89578.00501035317
7985,937880.7034395753,-62119.29656042473
7986,999607.9762154825,-392.0237845175434
7987,1136705.3581472586,136705.35814725864
7988,993156.6262056688,-6843.373794331215
7989,931376.2596481732,-68623.74035182677
7990,1073898.1166051624,73898.11660516239
7991,937304.9593420202,-62695.040657979785
7992,1058767.9483005388,58767.94830053882
7993,978804.8284002022,-21195.171599797788
7994,999534.9098061195,-465.0901938804891
7995,907300.4028004592,-92699.59719954082
7996,1001523.9117044479,1523.9117044479353
7997,1026795.5386823968,26795.538682396756
7998,1097484.3271683936,97484.32716839365
7999,918545.8037197825,-81454.1962802175
8000,965538.0471194691,-34461.95288053085
8001,1102252.7552757289,102252.75527572888
8002,1152346.6920851478,152346.69208514784
8003,981642.2861511847,-18357.7138488153
8004,986047.0556620107,-13952.94433798932
8005,987722.9983674219,-12277.001632578089
8006,1079749.819162072,79749.81916207192
8007,972934.0141688235,-27065.985831176513
8008,981491.7402638223,-18508.259736177744
8009,908979.8689979531,-91020.13100204687
8010,998980.495266899,-1019.5047331009991
8011,1054322.6876388995,54322.687638899544
8012,997202.425526447,-2797.574473552988
8013,1073004.68933571,73004.6893357099
8014,995787.5744077235,-4212.4255922765005
8015,1177955.8577946553,177955.85779465525
8016,1009650.0650563756,9650.065056375577
8017,1028698.1898587013,28698.189858701313
8018,1018444.6038315302,18444.6038315302
8019,1073219.658708177,73219.65870817704
8020,1066939.9826844684,66939.98268446838
8021,978225.8515644528,-21774.14843554725
8022,951769.0663931955,-48230.933606804465
8023,949489.597730357,-50510.40226964303
8024,982538.5787995551,-17461.421200444922
8025,969395.5374793235,-30604.46252067655
8026,1119985.6850418202,119985.68504182016
8027,991148.6082770664,-8851.391722933622
8028,1073839.6851175085,73839.68511750852
8029,1137902.7665095183,137902.76650951826
8030,1068264.4832436086,68264.48324360861
8031,992352.5551005481,-7647.444899451919
8032,918422.376008495,-81577.62399150501
8033,958164.687562619,-41835.31243738101
8034,1012531.2577770913,12531.257777091349
8035,955970.5864809022,-44029.41351909784
8036,916799.7889417815,-83200.2110582185
8037,1078767.6726815654,78767.6726815654
8038,1144325.5981501953,144325.59815019532
8039,1040956.1763282756,40956.176328275586
8040,1084058.9551193507,84058.95511935069
8041,943315.387566535,-56684.612433464965
8042,1143220.038149188,143220.03814918804
8043,1155749.529430056,155749.529430056
8044,1015280.6326466277,15280.632646627724
8045,1002469.3916988577,2469.391698857653
8046,933624.4345115143,-66375.56548848574
8047,1006184.3181889587,6184.318188958685
8048,1053656.591096348,53656.5910963479
8049,1021157.0837744349,21157.08377443487
8050,953171.7361263254,-46828.26387367456
8051,954721.1586980065,-45278.84130199347
8052,1019081.5933006039,19081.593300603912
8053,955769.7216614676,-44230.27833853243
8054,1077161.5855880056,77161.5855880056
8055,952163.7399966279,-47836.260003372096
8056,1121141.8181122236,121141.81811222364
8057,1002045.8595063033,2045.859506303328
8058,1108353.4242894019,108353.42428940185
8059,1044383.8875566107,44383.887556610745
8060,993761.3066552342,-6238.693344765808
8061,980177.9037562368,-19822.096243763226
8062,855990.5106608147,-144009.4893391853
8063,1005673.0947393075,5673.094739307533
8064,999161.8427146705,-838.1572853295365
8065,966869.1530236172,-33130.846976382774
8066,1001763.7538143422,1763.753814342199
8067,984028.5116029638,-15971.488397036213
8068,997317.1621869716,-2682.8378130283672
8069,1033099.5909684977,33099.59096849768
8070,1001214.687193416,1214.6871934159426
8071,1093142.144645939,93142.14464593912
8072,1198013.7372367356,198013.73723673564
8073,970666.408796408,-29333.59120359202
8074,927543.5886104469,-72456.4113895531
8075,902403.9998441082,-97596.00015589176
8076,1029500.4496790816,29500.44967908156
8077,1004125.3596544116,4125.359654411557
8078,1066933.2807013402,66933.28070134018
8079,995504.1500821519,-4495.849917848129
8080,1026016.4252710084,26016.425271008397
8081,1075577.8160457064,75577.8160457064
8082,985864.9577933014,-14135.042206698563
8083,977712.8603244058,-22287.139675594168
8084,1032720.7157032066,32720.715703206602
8085,980464.4122622486,-19535.587737751426
8086,1025058.2485949917,25058.248594991746
8087,1000777.6184475195,777.6184475194896
8088,996987.8186507394,-3012.181349260616
8089,964550.6462927767,-35449.353707223316
8090,899639.5804792017,-100360.41952079826
8091,922448.9566517527,-77551.0433482473
8092,904990.4427121255,-95009.55728787452
8093,1090504.0517392152,90504.05173921515
8094,986694.1916174118,-13305.808382588206
8095,998946.8358887199,-1053.1641112801153
8096,1077115.9370488822,77115.93704888225
8097,983014.0559317305,-16985.944068269455
8098,991627.3387747656,-8372.661225234391
8099,926900.1955983465,-73099.80440165347
8100,1166833.0782616786,166833.07826167857
8101,1015630.8505228419,15630.850522841909
8102,1098024.5742300956,98024.5742300956
8103,1148097.4525850106,148097.45258501056
8104,1012876.725481254,12876.725481254049
8105,1045830.1830344212,45830.18303442118
8106,1150129.3361332538,150129.33613325376
8107,1052598.747027928,52598.74702792801
8108,1015807.3261949663,15807.326194966328
8109,960855.2847698799,-39144.71523012011
8110,948028.5303141394,-51971.46968586056
8111,1023403.234676179,23403.23467617901
8112,1150982.0759991275,150982.07599912747
8113,986792.675059831,-13207.324940168997
8114,1040261.4242330743,40261.4242330743
8115,970056.8967232496,-29943.103276750422
8116,1060476.907270119,60476.90727011906
8117,956295.5525515814,-43704.44744841859
8118,1022550.1789844238,22550.17898442375
8119,1145135.1236487266,145135.1236487266
8120,982200.4733419772,-17799.526658022776
8121,1075646.9149132078,75646.91491320776
8122,986161.401308255,-13838.598691744963
8123,1061688.149260423,61688.14926042291
8124,1080196.094896894,80196.09489689395
8125,1042868.6618788341,42868.66187883413
8126,915992.8245005369,-84007.1754994631
8127,857648.3299350445,-142351.67006495548
8128,1100189.6079004318,100189.60790043185
8129,978086.8526291186,-21913.1473708814
8130,1021846.0451432015,21846.04514320148
8131,1058580.9255677757,58580.92556777573
8132,908758.8831726217,-91241.11682737828
8133,891381.7639256108,-108618.23607438919
8134,986825.2596416258,-13174.740358374198
8135,1050287.8810646515,50287.881064651534
8136,1010555.642207928,10555.642207928002
8137,942116.655109729,-57883.344890270964
8138,976574.6032798038,-23425.396720196237
8139,985998.3513659176,-14001.648634082405
8140,945801.768090999,-54198.23190900101
8141,1106603.217778829,106603.21777882893
8142,1052143.1860150963,52143.18601509626
8143,1102530.9934142227,102530.99341422273
8144,1052707.835831994,52707.83583199396
8145,967589.4941954566,-32410.505804543383
8146,1151631.0054637017,151631.00546370167
8147,1048231.6008071738,48231.60080717376
8148,937300.8435235877,-62699.15647641232
8149,915205.9645071282,-84794.03549287177
8150,938015.5148913006,-61984.48510869942
8151,1063473.5382860333,63473.53828603332
8152,1070568.792051878,70568.79205187806
8153,1019535.0442386295,19535.044238629518
8154,1003320.6639270431,3320.6639270430896
8155,1035415.1071081245,35415.10710812453
8156,1023079.0588602077,23079.058860207675
8157,1029273.0238070406,29273.02380704065
8158,987919.4435004238,-12080.556499576196
8159,998690.8518441553,-1309.148155844654
8160,1101402.4329481658,101402.4329481658
8161,970593.2395603843,-29406.760439615697
8162,927620.7958482455,-72379.2041517545
8163,1130860.4471055537,130860.4471055537
8164,972492.4697704307,-27507.530229569296
8165,1005076.9960880097,5076.996088009677
8166,966722.7822024175,-33277.2177975825
8167,1028722.275176551,28722.27517655096
8168,966424.0385541599,-33575.961445840076
8169,1105137.9355889133,105137.93558891327
8170,1029949.234971036,29949.23497103597
8171,922849.6333925889,-77150.36660741107
8172,1082274.1833484762,82274.18334847619
8173,964499.4416694832,-35500.5583305168
8174,959132.949717223,-40867.050282777054
8175,1060781.7658371716,60781.76583717158
8176,1114467.500463036,114467.50046303589
8177,1000919.6431492744,919.6431492744014
8178,962404.8724820582,-37595.12751794176
8179,1043710.4768864986,43710.476886498625
8180,965543.6302059396,-34456.36979406036
8181,989808.1973251944,-10191.802674805629
8182,985201.8756355405,-14798.124364459538
8183,992719.8962860696,-7280.103713930352
8184,976561.7483933952,-23438.251606604783
8185,1071215.6491990518,71215.64919905178
8186,1048322.6577041164,48322.65770411643
8187,981598.0242395031,-18401.97576049692
8188,1076098.9598886624,76098.95988866244
8189,1000852.0574721281,852.0574721280718
8190,1050100.2264117773,50100.226411777316
8191,926909.6478445346,-73090.3521554654
8192,938829.4024244171,-61170.59757558291
8193,1071154.4954291144,71154.49542911444
8194,1141516.1460738473,141516.1460738473
8195,1050672.5955240042,50672.595524004195
8196,944404.1040709863,-55595.89592901373
8197,961103.5896136559,-38896.41038634407
8198,969046.9152787,-30953.084721300052
8199,899207.2759824552,-100792.72401754477
8200,991268.0544275818,-8731.94557241816
8201,1009455.4843867872,9455.484386787168
8202,931887.843386915,-68112.15661308495
8203,1009879.8699224368,9879.869922436774
8204,1050895.1377477394,50895.13774773944
8205,1061609.4621411117,61609.462141111726
8206,1056382.8448670637,56382.844867063686
8207,1075791.2896332683,75791.28963326826
8208,971176.3575342909,-28823.642465709127
8209,1016743.5332947454,16743.53329474537
8210,934695.8230218613,-65304.17697813874
8211,939789.3460540448,-60210.653945955215
8212,973976.3709671594,-26023.629032840603
8213,1196004.3248002294,196004.3248002294
8214,1045798.1417764497,45798.141776449746
8215,904382.0699937007,-95617.93000629928
8216,1021578.5280420666,21578.52804206661
8217,982331.7492502857,-17668.250749714323
8218,985803.4891976907,-14196.510802309262
8219,1119513.8926109492,119513.89261094923
8220,983764.9271287278,-16235.07287127222
8221,968681.0212893024,-31318.978710697615
8222,962571.3348667778,-37428.66513322224
8223,1059942.9176352047,59942.917635204736
8224,1113852.095646408,113852.09564640792
8225,1038347.6548290054,38347.65482900536
8226,981163.7698071675,-18836.230192832532
8227,994442.6374789041,-5557.3625210959
8228,1075388.8508167404,75388.85081674042
8229,951783.5790239902,-48216.4209760098
8230,1005995.2848885006,5995.284888500581
8231,1146309.968928217,146309.96892821696
8232,981715.4031986156,-18284.596801384352
8233,1090229.7395145034,90229.7395145034
8234,945105.2426407137,-54894.757359286305
8235,1073776.3517453386,73776.35174533864
8236,978109.0087735492,-21890.991226450773
8237,916638.3602410291,-83361.63975897094
8238,967077.2840377572,-32922.7159622428
8239,983906.5149901019,-16093.485009898082
8240,973582.9093657441,-26417.090634255903
8241,1012571.2010413357,12571.201041335706
8242,1046279.7046487242,46279.704648724175
8243,884916.7707207667,-115083.22927923326
8244,1028107.233164286,28107.233164286008
8245,1046942.5227049895,46942.52270498953
8246,1062152.2167889257,62152.216788925696
8247,1133627.8062415232,133627.80624152324
8248,1074311.9690479496,74311.96904794965
8249,1075264.4730167966,75264.47301679663
8250,1070490.064041019,70490.06404101895
8251,1028115.2245139771,28115.224513977068
8252,967398.3039509373,-32601.69604906265
8253,1023319.3771971331,23319.377197133144
8254,979561.6940398793,-20438.30596012075
8255,1046601.7824008353,46601.782400835305
8256,950574.5063206711,-49425.49367932894
8257,969164.9358483524,-30835.064151647617
8258,949956.9650452996,-50043.034954700386
8259,963342.1913031715,-36657.80869682855
8260,1034962.0596748334,34962.059674833436
8261,1026737.4836106034,26737.483610603376
8262,969667.863291571,-30332.136708428967
8263,954455.6434216017,-45544.35657839826
8264,1029542.866187883,29542.86618788296
8265,1075624.2652731806,75624.26527318056
8266,1099429.1643316885,99429.16433168855
8267,948099.1449972722,-51900.855002727825
8268,1128348.8111577963,128348.8111577963
8269,978023.340683074,-21976.65931692603
8270,1031974.1587414404,31974.15874144039
8271,975057.8048031692,-24942.195196830784
8272,1053331.554928997,53331.554928997066
8273,941926.1487832816,-58073.85121671844
8274,917817.6819370243,-82182.31806297565
8275,1079069.3300285537,79069.33002855373
8276,1074397.5025490017,74397.50254900171
8277,904598.0936440876,-95401.90635591245
8278,1027830.8655187574,27830.865518757375
8279,937413.8365043432,-62586.1634956568
8280,1029340.9035764216,29340.90357642155
8281,952132.6390643438,-47867.36093565624
8282,1070932.1125485394,70932.11254853942
8283,1067945.2631927044,67945.26319270441
8284,1032116.9387297329,32116.93872973288
8285,845959.5138752132,-154040.48612478678
8286,920701.3724637628,-79298.62753623724
8287,994478.2436563303,-5521.756343669724
8288,911139.9973626605,-88860.00263733952
8289,963440.1862769247,-36559.81372307532
8290,1031457.2725175783,31457.272517578327
8291,902215.9044748863,-97784.09552511375
8292,1032009.95882643,32009.958826430026
8293,1041191.7237481902,41191.72374819021
8294,1065347.1725622006,65347.172562200576
8295,1090510.6457818516,90510.6457818516
8296,959408.0877428836,-40591.912257116404
8297,1091303.710628801,91303.71062880103
8298,1014851.4099281596,14851.409928159555
8299,1007449.9188320807,7449.918832080672
8300,1037623.4856904572,37623.485690457164
8301,950998.5841920085,-49001.41580799152
8302,1097939.8179382468,97939.81793824676
8303,949858.506889906,-50141.49311009399
8304,1031224.5077948235,31224.507794823498
8305,1163601.4330613192,163601.43306131917
8306,1024769.1888109989,24769.188810998923
8307,841452.4454883313,-158547.55451166874
8308,972684.3979449566,-27315.602055043448
8309,1038210.3040262816,38210.30402628158
8310,1034015.7760521203,34015.77605212026
8311,976503.6480220816,-23496.351977918413
8312,971169.9401963826,-28830.05980361742
8313,1100056.0188415563,100056.01884155627
8314,965264.4261385817,-34735.57386141829
8315,918612.6259902397,-81387.37400976033
8316,997185.3583083778,-2814.641691622208
8317,982829.2163266663,-17170.783673333703
8318,938521.3475435101,-61478.65245648986
8319,1034856.2189504573,34856.21895045729
8320,1089810.29606616,89810.29606616008
8321,995118.3339384376,-4881.66606156237
8322,1003589.3375456881,3589.3375456881477
8323,908246.8481175959,-91753.15188240411
8324,1014101.7417041918,14101.74170419178
8325,1042324.6892026467,42324.689202646725
8326,1090277.9109481776,90277.91094817757
8327,1019864.0471830207,19864.04718302074
8328,1002933.9968975997,2933.99689759966
8329,1043331.7217738902,43331.721773890196
8330,1018912.623381526,18912.623381525977
8331,960316.8691767235,-39683.13082327647
8332,1009794.1021644981,9794.102164498065
8333,1016543.9705217143,16543.970521714306
8334,940382.364016109,-59617.63598389097
8335,1008041.346718936,8041.346718935994
8336,1064154.7520523118,64154.752052311786
8337,942602.3756422364,-57397.62435776356
8338,1034635.3555105185,34635.35551051854
8339,1046155.0323584367,46155.03235843673
8340,928641.7763999929,-71358.22360000713
8341,971059.1915938323,-28940.808406167664
8342,1004860.0723716296,4860.072371629649
8343,1106446.2325988403,106446.23259884026
8344,996730.129378442,-3269.870621558046
8345,1103830.071716905,103830.0717169051
8346,971506.954265337,-28493.04573466303
8347,1036962.2947972097,36962.29479720967
8348,887449.9324493476,-112550.06755065243
8349,978471.1706875983,-21528.829312401707
8350,1079221.888321924,79221.88832192402
8351,1196072.1568376478,196072.15683764778
8352,989694.4671232809,-10305.532876719139
8353,1078386.5367931374,78386.53679313743
8354,974886.2319576526,-25113.768042347394
8355,872099.0929617579,-127900.90703824209
8356,1033887.3089731963,33887.30897319631
8357,1066379.1738145414,66379.17381454143
8358,1050827.8018353302,50827.8018353302
8359,948095.7512639097,-51904.24873609026
8360,1143612.868800487,143612.8688004869
8361,1102506.0758761608,102506.07587616076
8362,973828.1261377955,-26171.87386220449
8363,869608.7848960476,-130391.21510395245
8364,901133.1399059509,-98866.86009404913
8365,959075.645621007,-40924.35437899304
8366,1050926.2257157757,50926.22571577574
8367,957249.5916781353,-42750.40832186467
8368,991293.8749296631,-8706.125070336857
8369,971512.4431364376,-28487.556863562437
8370,1043884.7354616323,43884.735461632255
8371,937308.0468728154,-62691.95312718465
8372,1013922.6050262346,13922.60502623464
8373,1064088.7729314333,64088.77293143328
8374,916231.68809936,-83768.31190064002
8375,1009044.121522719,9044.12152271904
8376,999081.5974669185,-918.4025330814766
8377,866004.6581702987,-133995.34182970133
8378,1044433.405072631,44433.405072630965
8379,1004987.5235173997,4987.523517399677
8380,994266.2158479651,-5733.784152034903
8381,1177341.163377817,177341.16337781702
8382,998708.3206462747,-1291.6793537252815
8383,1064405.3433618296,64405.34336182964
8384,1055664.4675280172,55664.46752801724
8385,1085248.6552833866,85248.65528338659
8386,961319.7653062806,-38680.23469371942
8387,1023085.4418290887,23085.441829088726
8388,965712.633331291,-34287.36666870897
8389,962747.3008047531,-37252.69919524691
8390,1022409.9107003382,22409.910700338194
8391,1061787.8856616053,61787.88566160528
8392,1117590.6905714048,117590.69057140476
8393,1039226.3451593147,39226.34515931469
8394,984481.2277189364,-15518.772281063604
8395,936797.1618422569,-63202.8381577431
8396,1025039.0342180029,25039.034218002926
8397,1082980.956858934,82980.9568589339
8398,989466.1263001291,-10533.873699870892
8399,995204.2986265995,-4795.701373400516
8400,985302.3130376976,-14697.686962302425
8401,1028348.4591568878,28348.45915688784
8402,1002503.8577580148,2503.857758014812
8403,1014944.3299528769,14944.329952876898
8404,994584.2723062539,-5415.727693746099
8405,1005448.2329384915,5448.2329384915065
8406,1057916.0530513707,57916.05305137066
8407,963994.162634507,-36005.837365492946
8408,909264.065799495,-90735.93420050503
8409,914940.9263833304,-85059.07361666963
8410,1076893.4377491963,76893.43774919631
8411,1047776.8443791489,47776.84437914891
8412,1069254.5850151125,69254.58501511253
8413,995689.0044099035,-4310.995590096456
8414,977770.4736302559,-22229.526369744097
8415,1030097.9951889025,30097.99518890248
8416,1004420.4440828852,4420.444082885166
8417,1013342.1164603098,13342.11646030983
8418,1014108.897004293,14108.897004293045
8419,1028846.0973644889,28846.097364488873
8420,907892.3867535724,-92107.61324642762
8421,1085639.6509981472,85639.6509981472
8422,971308.3515861043,-28691.648413895746
8423,1013305.3264524749,13305.326452474925
8424,889703.2594429146,-110296.74055708537
8425,934431.4470439608,-65568.5529560392
8426,992502.8525572749,-7497.147442725138
8427,1084966.8360898471,84966.83608984714
8428,1022776.2083252087,22776.208325208747
8429,962755.6274234621,-37244.37257653789
8430,1006527.5049464657,6527.50494646572
8431,1015242.8795893764,15242.879589376389
8432,1007133.4359380129,7133.435938012903
8433,923355.8150804294,-76644.18491957057
8434,1006219.20534269,6219.205342689995
8435,1027658.1860543261,27658.18605432613
8436,1053090.2495197654,53090.24951976538
8437,1065648.631065851,65648.63106585108
8438,1035056.9548763479,35056.95487634791
8439,1070911.1398463491,70911.13984634914
8440,1025652.1125259919,25652.112525991863
8441,966449.3866506555,-33550.613349344465
8442,1081824.192811412,81824.19281141204
8443,959339.6267778421,-40660.37322215794
8444,1074177.6833347632,74177.68333476316
8445,993302.9230719849,-6697.0769280151
8446,1020849.6970888319,20849.69708883192
8447,1037110.4090904132,37110.409090413246
8448,1018627.1118329666,18627.111832966562
8449,1020150.7718286151,20150.771828615107
8450,1054171.2583410142,54171.25834101415
8451,847859.6464995999,-152140.3535004001
8452,1193355.3210356233,193355.32103562332
8453,1042662.5472177935,42662.54721779353
8454,1139504.1027925857,139504.10279258573
8455,1085604.787750985,85604.78775098501
8456,1007929.8663397103,7929.866339710308
8457,1076050.2861652516,76050.28616525163
8458,965523.300127553,-34476.699872446945
8459,1100299.0949660477,100299.09496604768
8460,994516.2884093224,-5483.711590677616
8461,956785.5621602401,-43214.43783975986
8462,1015413.0175536382,15413.017553638201
8463,1017727.4183682487,17727.418368248735
8464,1061938.6962331075,61938.696233107476
8465,931618.6973055648,-68381.30269443523
8466,956281.226674692,-43718.77332530799
8467,999208.4786174218,-791.521382578183
8468,974660.8199030174,-25339.18009698263
8469,901880.9287249626,-98119.07127503736
8470,881725.3952891718,-118274.60471082816
8471,1043536.9411797273,43536.94117972732
8472,991772.8138919667,-8227.18610803329
8473,995544.3851114584,-4455.614888541633
8474,1147728.0792380092,147728.07923800917
8475,1132100.4537852057,132100.45378520573
8476,983258.5984679635,-16741.401532036485
8477,1082059.9567624484,82059.95676244842
8478,1135272.4422652386,135272.4422652386
8479,1090949.19099288,90949.19099287991
8480,972441.2582464275,-27558.74175357248
8481,1095321.9614835521,95321.96148355212
8482,995440.9299572413,-4559.070042758714
8483,963195.2921180415,-36804.70788195846
8484,959159.8323901437,-40840.16760985635
8485,847937.8377691283,-152062.16223087173
8486,1064727.507681263,64727.50768126291
8487,995464.4792946393,-4535.520705360686
8488,1057779.2807008943,57779.280700894305
8489,965866.3520930709,-34133.64790692914
8490,962031.0577848003,-37968.9422151997
8491,1043623.0688909005,43623.06889090047
8492,867513.4160703641,-132486.58392963593
8493,1122156.3413886293,122156.34138862928
8494,966451.8024402416,-33548.19755975844
8495,1134985.5220298357,134985.52202983573
8496,994366.8388656776,-5633.161134322407
8497,947943.7715561723,-52056.22844382771
8498,1048694.055510045,48694.05551004503
8499,843967.4896841496,-156032.51031585038
8500,1084538.5867252673,84538.58672526735
8501,954395.7856451414,-45604.21435485862
8502,1037692.9538376762,37692.95383767621
8503,1096685.9958276644,96685.99582766439
8504,1075988.9745070096,75988.97450700961
8505,1087994.7991694019,87994.79916940187
8506,1077905.8706661754,77905.87066617538
8507,1081846.0600821394,81846.06008213945
8508,895468.396743343,-104531.60325665702
8509,1073482.8106810185,73482.81068101851
8510,1106656.1690743202,106656.16907432023
8511,1006568.2002617486,6568.200261748629
8512,1161452.4127315371,161452.41273153713
8513,1162255.8802415968,162255.88024159684
8514,953306.646194011,-46693.35380598903
8515,986328.586961037,-13671.413038962986
8516,977716.5556671275,-22283.444332872517
8517,1002106.8167025162,2106.8167025161674
8518,907021.4026919571,-92978.59730804292
8519,1118399.4422095683,118399.44220956834
8520,1010036.9040652784,10036.904065278359
8521,990549.8495558784,-9450.150444121566
8522,1064364.136579207,64364.13657920691
8523,1202235.1883816656,202235.18838166562
8524,1125066.4815254179,125066.48152541788
8525,970923.7132980467,-29076.28670195327
8526,1129757.9342131384,129757.93421313842
8527,1096530.214374035,96530.2143740349
8528,1056423.074295268,56423.07429526793
8529,1034332.9971736046,34332.997173604555
8530,1062071.385009126,62071.38500912604
8531,971747.7740581913,-28252.22594180866
8532,944313.7091138151,-55686.2908861849
8533,971090.4756508908,-28909.524349109153
8534,1099771.3867774166,99771.38677741657
8535,977763.3418467469,-22236.65815325314
8536,1012469.0047113019,12469.00471130188
8537,1193279.3135755614,193279.3135755614
8538,1017547.8436201264,17547.84362012637
8539,916794.7675331887,-83205.23246681131
8540,1012025.5288963878,12025.528896387783
8541,1025948.3215707366,25948.32157073659
8542,1040191.2021652169,40191.202165216906
8543,997248.1040395995,-2751.895960400463
8544,1004037.6772884892,4037.6772884891834
8545,1011144.1979493487,11144.197949348716
8546,942797.3801549623,-57202.6198450377
8547,902501.0597611617,-97498.94023883832
8548,1039303.8800733025,39303.88007330254
8549,1033902.1312391554,33902.131239155424
8550,1024010.8787820124,24010.878782012383
8551,1067215.1930649022,67215.19306490221
8552,1046373.0309878287,46373.03098782874
8553,874056.2702890125,-125943.72971098754
8554,1076358.8313403116,76358.83134031156
8555,924242.478014067,-75757.52198593295
8556,1069439.9646248294,69439.96462482936
8557,949252.0278928177,-50747.97210718226
8558,932877.0786891314,-67122.92131086858
8559,1015984.4033216629,15984.403321662918
8560,1038975.8716995104,38975.871699510375
8561,1100075.9748171617,100075.97481716168
8562,930636.4883069074,-69363.51169309265
8563,975134.9519970265,-24865.048002973548
8564,1074333.4999666454,74333.49996664538
8565,1085497.652675485,85497.652675485
8566,1131794.4629514483,131794.46295144828
8567,936852.4608885258,-63147.53911147418
8568,983512.4218842636,-16487.578115736367
8569,1011129.4650759825,11129.465075982502
8570,1008054.1106381424,8054.110638142447
8571,1000785.0481062249,785.0481062248582
8572,1005313.9051278126,5313.905127812643
8573,1077863.3651184267,77863.36511842674
8574,1116223.54015029,116223.54015028989
8575,1133454.2323199762,133454.2323199762
8576,923395.428385702,-76604.57161429804
8577,954714.3835984353,-45285.61640156468
8578,1030416.1319258542,30416.13192585425
8579,1091686.1032667616,91686.10326676164
8580,1124566.7889202954,124566.78892029542
8581,1066578.4165639828,66578.41656398284
8582,1064752.5555806893,64752.55558068934
8583,951270.939745657,-48729.06025434297
8584,884805.0538098841,-115194.94619011588
8585,1209876.958089501,209876.9580895009
8586,1044706.0282854439,44706.0282854439
8587,1005014.0726698325,5014.072669832502
8588,1008085.8781014228,8085.878101422801
8589,1056070.78119985,56070.78119984991
8590,967557.6318640957,-32442.36813590431
8591,1041614.0310938766,41614.031093876576
8592,997647.2068078344,-2352.7931921655545
8593,970055.1276554558,-29944.872344544157
8594,1039948.1279987863,39948.12799878628
8595,1071229.3496576617,71229.34965766175
8596,1058687.1308564087,58687.13085640874
8597,1033210.3198120117,33210.31981201167
8598,984268.3080848886,-15731.691915111383
8599,1098051.9186374513,98051.91863745125
8600,1022234.1058512348,22234.10585123475
8601,1068330.0699047365,68330.06990473648
8602,961147.8731444227,-38852.12685557734
8603,928413.3745858854,-71586.62541411456
8604,965611.7319114935,-34388.268088506535
8605,1066115.436719031,66115.43671903107
8606,1042223.5086535177,42223.508653517696
8607,989369.1597634377,-10630.840236562304
8608,1068384.4201510325,68384.42015103251
8609,1055928.6829553987,55928.68295539869
8610,990868.5804128123,-9131.419587187702
8611,1177598.9020157717,177598.90201577172
8612,1193088.3548646744,193088.3548646744
8613,952316.699445242,-47683.300554758054
8614,932817.0371321465,-67182.96286785346
8615,1061088.903234492,61088.903234492056
8616,1003691.3929222331,3691.3929222330917
8617,983353.9301644637,-16646.0698355363
8618,1125919.0441740074,125919.04417400737
8619,1053919.4709623312,53919.470962331165
8620,977661.5256413673,-22338.474358632695
8621,1119054.1995954565,119054.19959545648
8622,1006563.4699110771,6563.46991107706
8623,980289.344435579,-19710.655564420973
8624,1136024.4725391134,136024.47253911337
8625,1065689.4613180202,65689.46131802024
8626,918646.7902815648,-81353.20971843519
8627,961825.8253476886,-38174.17465231137
8628,1166839.6432140744,166839.64321407443
8629,1062600.9436168985,62600.9436168985
8630,993454.9851702682,-6545.014829731779
8631,1070731.9760427147,70731.97604271467
8632,1121117.7191809278,121117.71918092784
8633,985215.3117003662,-14784.688299633795
8634,1016050.7992177748,16050.799217774766
8635,1034807.4150281332,34807.4150281332
8636,994269.8924177137,-5730.1075822863495
8637,962998.8652066432,-37001.13479335676
8638,943862.9024955177,-56137.097504482255
8639,1029142.8351464422,29142.835146442172
8640,1105584.9223858283,105584.92238582834
8641,1000067.7593420316,67.75934203155339
8642,988652.9275065368,-11347.072493463173
8643,1073771.639816466,73771.63981646602
8644,1055915.0723874494,55915.07238744944
8645,951854.1647371982,-48145.83526280185
8646,1049148.5278848272,49148.52788482723
8647,1060562.203296533,60562.20329653309
8648,1075606.5525318095,75606.55253180955
8649,1016940.570897949,16940.570897949045
8650,954559.8870872023,-45440.11291279772
8651,930613.7742379992,-69386.22576200077
8652,925548.6962494164,-74451.30375058355
8653,1079228.0019146034,79228.0019146034
8654,968537.8742480687,-31462.125751931337
8655,972833.7266854914,-27166.27331450861
8656,926882.9369066708,-73117.0630933292
8657,989049.289383754,-10950.710616245982
8658,815987.0264835061,-184012.97351649392
8659,1091816.2526045167,91816.25260451669
8660,1042444.3494016549,42444.34940165491
8661,1072732.5188348826,72732.51883488265
8662,1004620.7765104345,4620.776510434458
8663,1096308.883251023,96308.88325102301
8664,1084797.6097720284,84797.6097720284
8665,1003371.0223939449,3371.022393944906
8666,1018507.3382662943,18507.338266294333
8667,929385.3990480254,-70614.60095197463
8668,1086279.2406979585,86279.2406979585
8669,964590.113275406,-35409.88672459405
8670,1028699.6579123136,28699.65791231359
8671,971794.3148266249,-28205.685173375066
8672,1049953.4183360196,49953.41833601962
8673,983580.6210981035,-16419.378901896533
8674,913293.8589446824,-86706.1410553176
8675,1118217.0577405095,118217.05774050951
8676,936625.870005165,-63374.129994835006
8677,1079132.7582010624,79132.75820106245
8678,912225.0498325024,-87774.95016749762
8679,1070719.9198151662,70719.91981516615
8680,936433.2278267917,-63566.7721732083
8681,1014606.7374808405,14606.73748084053
8682,1084832.9237943003,84832.9237943003
8683,1089949.2306167204,89949.2306167204
8684,943260.1520210039,-56739.84797899611
8685,1083687.241723756,83687.24172375607
8686,1027054.3532963736,27054.35329637362
8687,1061990.5485646673,61990.54856466735
8688,1136026.354329815,136026.3543298149
8689,1015181.2063077011,15181.206307701068
8690,1152759.220621389,152759.2206213891
8691,913422.4233680046,-86577.57663199538
8692,1083140.5148508172,83140.51485081716
8693,959289.6541901407,-40710.34580985934
8694,1061866.5695687258,61866.56956872577
8695,929415.5706631026,-70584.42933689745
8696,1079708.2609508408,79708.26095084078
8697,995766.998566061,-4233.0014339389745
8698,1048157.8597928382,48157.85979283822
8699,992003.316404549,-7996.683595450944
8700,946496.9200245839,-53503.07997541607
8701,1064251.2732405036,64251.27324050362
8702,1003504.0737859411,3504.0737859411165
8703,951570.1481247406,-48429.851875259425
8704,1024906.6276866453,24906.627686645254
8705,1006790.6426143012,6790.642614301178
8706,1186334.4098363721,186334.40983637213
8707,926234.8999625783,-73765.10003742168
8708,940903.674874975,-59096.325125025
8709,1033430.9275889854,33430.92758898542
8710,1058421.1290720247,58421.12907202472
8711,923868.1643768885,-76131.83562311146
8712,1012114.2885213161,12114.288521316135
8713,1009825.4672033396,9825.467203339562
8714,937939.5848925333,-62060.415107466746
8715,1187860.0033619406,187860.00336194062
8716,1074208.4558181155,74208.4558181155
8717,1158075.3814001365,158075.3814001365
8718,1110090.9416224563,110090.9416224563
8719,935833.0130207423,-64166.986979257665
8720,1098445.6005511926,98445.60055119265
8721,945546.9413044157,-54453.0586955843
8722,940724.0916216217,-59275.908378378255
8723,1021979.2506432963,21979.250643296284
8724,945068.5684092131,-54931.4315907869
8725,1024409.4191087716,24409.419108771603
8726,903856.0180685256,-96143.98193147441
8727,1111344.233224516,111344.23322451604
8728,1047774.5284286628,47774.5284286628
8729,1112795.8665523005,112795.86655230052
8730,935553.8608249613,-64446.13917503867
8731,943128.5123542325,-56871.48764576751
8732,1089314.9195844145,89314.91958441446
8733,1039816.4589585332,39816.45895853324
8734,941269.586724683,-58730.413275317056
8735,948630.254371456,-51369.74562854401
8736,936650.2884855937,-63349.711514406255
8737,1190097.3854033186,190097.38540331856
8738,1076079.9646041738,76079.96460417379
8739,982955.0562028422,-17044.943797157845
8740,1058539.1410018096,58539.14100180962
8741,1000219.6064696054,219.60646960535087
8742,1072155.0644160283,72155.06441602833
8743,1013393.8001439071,13393.80014390708
8744,1037332.2953819393,37332.29538193927
8745,943803.6677037835,-56196.33229621651
8746,925982.7433265726,-74017.25667342742
8747,1042943.7544088,42943.75440880004
8748,968502.8268906457,-31497.173109354335
8749,955257.2660626407,-44742.7339373593
8750,1082143.5159144986,82143.5159144986
8751,1040096.4843019798,40096.48430197977
8752,1026650.8642474125,26650.864247412537
8753,1013152.127958723,13152.127958722995
8754,1007476.8956663283,7476.895666328259
8755,1086875.421162821,86875.42116282089
8756,1027212.2261542069,27212.226154206903
8757,1065871.4833120303,65871.48331203032
8758,935677.9803785958,-64322.01962140424
8759,910016.2956675641,-89983.70433243585
8760,1144790.636989843,144790.6369898431
8761,1165682.9785063572,165682.97850635718
8762,967532.9968125714,-32467.003187428578
8763,962239.8992907467,-37760.10070925334
8764,953369.4236430264,-46630.576356973615
8765,1078748.06539072,78748.06539072003
8766,848501.9060433725,-151498.09395662753
8767,955580.72753523,-44419.27246477001
8768,980211.177940282,-19788.82205971796
8769,980887.3095302278,-19112.690469772206
8770,896575.0390524978,-103424.96094750217
8771,1072228.4354356101,72228.43543561012
8772,1079298.495901072,79298.49590107193
8773,1002896.9629836353,2896.962983635254
8774,1122290.5124481663,122290.51244816626
8775,948519.4392682844,-51480.56073171564
8776,1070719.1002582908,70719.10025829077
8777,1055079.0197040974,55079.019704097416
8778,1007146.6971326972,7146.6971326972125
8779,971670.0775561993,-28329.922443800722
8780,1003515.4945004354,3515.494500435423
8781,1069652.551314673,69652.55131467292
8782,1016446.6600704516,16446.66007045156
8783,996827.5733886559,-3172.426611344097
8784,1089456.051066684,89456.05106668407
8785,1024736.4739893225,24736.47398932255
8786,945552.2851577846,-54447.71484221541
8787,1011035.8966427684,11035.896642768406
8788,1029080.3224732268,29080.322473226814
8789,1019574.0747873985,19574.07478739845
8790,1085806.6453102527,85806.64531025267
8791,1068684.6348677513,68684.63486775127
8792,975285.912031139,-24714.087968860986
8793,1033998.8486838159,33998.848683815915
8794,1059440.1901082161,59440.190108216135
8795,1065996.6516910177,65996.65169101767
8796,870973.5025348798,-129026.49746512016
8797,1016351.2194849435,16351.219484943547
8798,1029002.457940792,29002.457940791966
8799,1057106.0651157845,57106.06511578453
8800,959154.5896411054,-40845.41035889462
8801,1042794.9966024221,42794.99660242209
8802,1036820.6376697569,36820.63766975689
8803,968958.0156970142,-31041.98430298583
8804,936344.0992639308,-63655.90073606919
8805,1123635.144243054,123635.14424305409
8806,1066454.4575848118,66454.45758481184
8807,920959.1181957313,-79040.88180426869
8808,1099452.9315063187,99452.93150631874
8809,1005089.0003641957,5089.000364195672
8810,998100.4440440804,-1899.5559559195535
8811,1006364.2844687038,6364.284468703787
8812,968073.5163531416,-31926.483646858367
8813,1014233.3826789154,14233.382678915397
8814,784269.9667055887,-215730.03329441126
8815,975734.706108309,-24265.29389169102
8816,1133746.6848337187,133746.6848337187
8817,1062034.3118936259,62034.31189362588
8818,903197.4293455114,-96802.57065448863
8819,954863.9499316848,-45136.050068315235
8820,970323.9336613655,-29676.066338634468
8821,1021078.365712146,21078.365712146042
8822,1073698.0876967302,73698.08769673016
8823,976442.7268863253,-23557.273113674717
8824,929424.3567061246,-70575.64329387539
8825,1035166.3065355627,35166.30653556273
8826,955317.7919992725,-44682.20800072746
8827,1063639.782823261,63639.78282326111
8828,930852.1769471066,-69147.8230528934
8829,937816.2992549879,-62183.700745012145
8830,979172.3903066646,-20827.60969333537
8831,993470.3273560002,-6529.672643999802
8832,907435.5573210513,-92564.44267894875
8833,901614.5699699284,-98385.43003007164
8834,914719.5429833136,-85280.45701668644
8835,1067885.529815919,67885.529815919
8836,918878.6100598291,-81121.38994017092
8837,1015328.7276949872,15328.727694987203
8838,928290.2072371794,-71709.79276282061
8839,1096751.5140968629,96751.51409686287
8840,1136506.1115832468,136506.11158324685
8841,962429.792209928,-37570.20779007196
8842,875680.1439745087,-124319.85602549126
8843,977650.9901609973,-22349.00983900274
8844,1166533.4919310485,166533.49193104845
8845,962069.2419856227,-37930.75801437732
8846,968973.1816917391,-31026.818308260874
8847,921304.0369986559,-78695.96300134412
8848,1028018.9122904715,28018.91229047149
8849,963458.3423854589,-36541.65761454112
8850,1083391.1352360966,83391.13523609657
8851,1003244.3917613553,3244.391761355335
8852,952550.9775202648,-47449.0224797352
8853,1069445.9891496762,69445.98914967617
8854,1049065.969562031,49065.969562031096
8855,952625.3177685039,-47374.68223149609
8856,1011346.9169175646,11346.91691756458
8857,1070403.0364253004,70403.03642530041
8858,911629.6527047199,-88370.34729528008
8859,1106627.855686618,106627.85568661802
8860,1078851.7818297558,78851.78182975575
8861,984387.2500440974,-15612.749955902575
8862,958176.0275177987,-41823.972482201294
8863,869289.9572033548,-130710.0427966452
8864,1017816.1260681306,17816.1260681306
8865,1018627.6781378767,18627.678137876675
8866,1095287.6525547304,95287.65255473042
8867,1133140.9371020556,133140.93710205564
8868,1158006.1128036876,158006.11280368757
8869,988272.402360895,-11727.59763910505
8870,924547.167519416,-75452.83248058404
8871,1044139.2603152209,44139.26031522092
8872,948324.0348035764,-51675.96519642358
8873,1010357.5324019822,10357.53240198223
8874,1014995.561008722,14995.561008722056
8875,972927.404943314,-27072.59505668597
8876,969312.3943491399,-30687.605650860118
8877,1020458.4701624248,20458.47016242484
8878,1020715.0913817949,20715.09138179489
8879,1076988.6621977722,76988.66219777218
8880,994867.9430969072,-5132.056903092773
8881,1076528.432454632,76528.4324546319
8882,1090673.470679605,90673.47067960491
8883,997727.8531039654,-2272.1468960345956
8884,1097297.1427744161,97297.14277441613
8885,1055720.8914735306,55720.89147353056
8886,971661.2835808092,-28338.71641919075
8887,1018454.2182638607,18454.218263860676
8888,1064553.124256044,64553.12425604393
8889,938441.8437559466,-61558.15624405339
8890,988227.6122793135,-11772.3877206865
8891,987666.5604232962,-12333.439576703822
8892,998520.2441924221,-1479.7558075778652
8893,958269.5011399512,-41730.49886004883
8894,829225.9213286819,-170774.07867131813
8895,997533.7220281844,-2466.2779718155507
8896,1082516.0322697575,82516.03226975747
8897,1050002.7391796939,50002.73917969386
8898,908823.1521607154,-91176.84783928457
8899,939175.2927577723,-60824.70724222774
8900,951045.4050990253,-48954.594900974655
8901,985585.940194349,-14414.059805650963
8902,871490.1643348582,-128509.83566514181
8903,1100890.6858869735,100890.68588697352
8904,985431.0030836023,-14568.996916397708
8905,1074976.8859028197,74976.88590281969
8906,1062301.0276502399,62301.02765023988
8907,1104535.0210288079,104535.02102880785
8908,1027876.7420380001,27876.742038000142
8909,1012856.2642880739,12856.264288073871
8910,1056627.4340525635,56627.434052563505
8911,969071.0550512023,-30928.944948797696
8912,1017479.3982563172,17479.398256317247
8913,997020.2477572657,-2979.7522427343065
8914,996164.5787944301,-3835.4212055698736
8915,1129669.4409019845,129669.44090198446
8916,1109890.6907972377,109890.69079723768
8917,975798.7993611778,-24201.200638822163
8918,1027698.2769718091,27698.2769718091
8919,926822.1961432508,-73177.8038567492
8920,975461.7124121155,-24538.287587884464
8921,1044023.6253345187,44023.62533451873
8922,1048212.5615384401,48212.56153844006
8923,952110.0828546385,-47889.91714536154
8924,1158721.109345181,158721.1093451809
8925,921172.0547755795,-78827.94522442052
8926,987367.0979686491,-12632.90203135088
8927,1040891.396877526,40891.39687752596
8928,1003360.6954092556,3360.695409255568
8929,966374.4262258657,-33625.573774134275
8930,972679.6518798537,-27320.348120146315
8931,1083877.4120924757,83877.41209247569
8932,1141352.115475991,141352.11547599104
8933,1034883.1385937594,34883.13859375939
8934,1118848.1517220754,118848.15172207542
8935,1054867.042101319,54867.04210131895
8936,1022867.7887825714,22867.788782571442
8937,991968.5549247704,-8031.445075229625
8938,1063477.2513007373,63477.25130073726
8939,1041982.6965659322,41982.696565932245
8940,934852.213012246,-65147.78698775405
8941,1032147.1116679319,32147.111667931895
8942,1042742.5416635738,42742.54166357382
8943,953071.0983086033,-46928.90169139672
8944,1003239.4185565907,3239.418556590681
8945,922432.6627045493,-77567.33729545074
8946,910219.6771435403,-89780.32285645965
8947,1034664.7920756296,34664.79207562958
8948,1001827.7345589115,1827.7345589115284
8949,922139.2679514784,-77860.73204852163
8950,910845.64716593,-89154.35283406998
8951,1098016.1857728437,98016.18577284366
8952,952354.5404352368,-47645.45956476324
8953,980364.0824375923,-19635.917562407674
8954,1101121.3692139986,101121.36921399855
8955,1003361.3423433034,3361.342343303375
8956,1007760.0269063092,7760.026906309184
8957,1042828.731372406,42828.73137240601
8958,924902.2758695814,-75097.72413041862
8959,958642.3793612617,-41357.62063873827
8960,1080803.097295522,80803.09729552199
8961,981478.856919788,-18521.143080211943
8962,957050.8137570309,-42949.186242969125
8963,1072235.8453915014,72235.84539150144
8964,889607.977522773,-110392.02247722703
8965,1093609.5840301015,93609.58403010154
8966,936544.0793971821,-63455.9206028179
8967,935772.5141984647,-64227.48580153531
8968,1034776.6109724961,34776.6109724961
8969,1017996.1284541716,17996.128454171587
8970,1060833.9486693677,60833.9486693677
8971,1071096.1041927007,71096.1041927007
8972,1077434.5862907402,77434.58629074018
8973,1116872.2152324931,116872.21523249312
8974,1262865.3571252932,262865.35712529323
8975,1092942.5988680765,92942.59886807646
8976,1003896.9243259403,3896.9243259403156
8977,940624.5866225748,-59375.41337742517
8978,971885.5164458015,-28114.483554198523
8979,1025559.8155259575,25559.8155259575
8980,945650.4634066704,-54349.53659332963
8981,963939.524943291,-36060.47505670902
8982,987714.479369183,-12285.520630817045
8983,981351.6781011801,-18648.32189881988
8984,1027363.9387264577,27363.93872645765
8985,933111.9698974903,-66888.03010250966
8986,1016023.430372127,16023.430372126983
8987,993817.3493014551,-6182.650698544923
8988,1065105.4785512579,65105.47855125787
8989,995108.9094094551,-4891.09059054486
8990,1040412.8947495637,40412.89474956365
8991,1076719.4915577674,76719.49155776738
8992,999972.0467749625,-27.95322503754869
8993,1056668.0261254266,56668.02612542664
8994,1067232.2510281713,67232.25102817127
8995,921368.3098626704,-78631.69013732963
8996,1201271.8539792849,201271.85397928488
8997,1054770.922093772,54770.9220937721
8998,989558.7902287269,-10441.209771273076
8999,991548.9331786297,-8451.066821370274
9000,1085532.4444333836,85532.44443338364
9001,1032456.9707755456,32456.970775545575
9002,980655.3646435721,-19344.63535642787
9003,1047711.3561955269,47711.356195526896
9004,905587.7178089028,-94412.28219109715
9005,963746.0151531401,-36253.98484685994
9006,943553.6079970491,-56446.39200295089
9007,1065262.194221132,65262.19422113197
9008,963479.5731116786,-36520.42688832141
9009,1042317.1507995497,42317.15079954965
9010,1019219.9210468961,19219.92104689614
9011,1013774.8765278405,13774.876527840504
9012,1013970.7259484564,13970.725948456442
9013,988035.9638865899,-11964.03611341014
9014,1035395.5632930393,35395.56329303933
9015,1099085.2476131986,99085.24761319859
9016,949358.2207483908,-50641.77925160923
9017,1151028.3600996179,151028.36009961786
9018,1045942.8214125426,45942.8214125426
9019,1041641.3507443164,41641.350744316354
9020,948975.6269071143,-51024.37309288571
9021,1079270.411459274,79270.41145927389
9022,999241.3238252936,-758.6761747064302
9023,965938.0096433066,-34061.99035669339
9024,998458.37511298,-1541.624887019978
9025,1032136.0434036915,32136.043403691496
9026,941835.644759395,-58164.35524060496
9027,1011483.1025879574,11483.1025879574
9028,943439.7920290843,-56560.20797091571
9029,1028886.4503427777,28886.45034277765
9030,944269.1501118991,-55730.84988810087
9031,997468.8255076886,-2531.174492311431
9032,1073313.1417969577,73313.1417969577
9033,1202423.1754928343,202423.1754928343
9034,1140933.0631421076,140933.06314210757
9035,960298.4746471825,-39701.525352817494
9036,1089735.5577380501,89735.55773805012
9037,1058252.509456963,58252.509456963046
9038,1112785.4555590863,112785.45555908629
9039,1024577.7289154963,24577.728915496264
9040,1064531.5900353864,64531.59003538638
9041,1023872.0020939638,23872.00209396379
9042,991401.2976388675,-8598.702361132484
9043,1100918.546767709,100918.54676770908
9044,862863.631566992,-137136.36843300797
9045,866906.0640061399,-133093.93599386013
9046,1073756.4063192988,73756.40631929878
9047,981893.846040045,-18106.153959954972
9048,912613.6327520903,-87386.36724790966
9049,1101102.9705353733,101102.97053537332
9050,1257954.1254258263,257954.1254258263
9051,991152.3934106227,-8847.606589377276
9052,995609.8851694987,-4390.114830501261
9053,1114521.948776373,114521.94877637294
9054,962613.6208000408,-37386.37919995922
9055,1034466.3274230285,34466.32742302853
9056,1067268.3877262047,67268.3877262047
9057,944109.5107310888,-55890.48926891119
9058,956444.7235585997,-43555.27644140029
9059,976566.264471661,-23433.73552833905
9060,1036268.9913331633,36268.99133316334
9061,1000792.3390587427,792.339058742742
9062,1015082.9837592161,15082.98375921615
9063,1212049.554482175,212049.55448217504
9064,1030181.1431851314,30181.14318513137
9065,1027825.8017137742,27825.801713774214
9066,1083799.4961541991,83799.49615419912
9067,931708.264286677,-68291.735713323
9068,916076.7998290985,-83923.20017090149
9069,912002.094086483,-87997.905913517
9070,931540.5339817272,-68459.4660182728
9071,1040241.345839505,40241.34583950497
9072,1017345.9405636977,17345.940563697717
9073,874435.0247546511,-125564.97524534888
9074,1076555.7894857463,76555.7894857463
9075,1051599.0074558533,51599.00745585328
9076,1057124.6301807573,57124.63018075726
9077,958234.8239213022,-41765.17607869778
9078,1105516.8925136724,105516.89251367236
9079,867494.126268463,-132505.87373153702
9080,918719.6232066258,-81280.37679337419
9081,984167.6894991694,-15832.310500830645
9082,1159452.416355843,159452.41635584296
9083,987612.592319474,-12387.407680526027
9084,1077791.4734425824,77791.47344258241
9085,981530.7064991698,-18469.293500830187
9086,980527.9367018065,-19472.063298193505
9087,922576.3931705072,-77423.60682949284
9088,1049494.8841458447,49494.88414584473
9089,1131995.3443511808,131995.34435118083
9090,927997.7149187325,-72002.28508126747
9091,934703.9722250167,-65296.02777498332
9092,1088622.2895939504,88622.28959395038
9093,1044003.6310845345,44003.631084534456
9094,1015148.8114240228,15148.811424022773
9095,1144343.745701993,144343.74570199288
9096,972424.7657284655,-27575.234271534486
9097,976353.2285870577,-23646.771412942326
9098,1085904.4250400362,85904.4250400362
9099,956645.9415330135,-43354.05846698652
9100,1009792.5172368762,9792.517236876185
9101,1081227.01984649,81227.01984648989
9102,996352.7127607955,-3647.28723920451
9103,949799.1622449144,-50200.83775508555
9104,976668.3962586167,-23331.603741383296
9105,977245.788534719,-22754.21146528097
9106,927507.6304426697,-72492.36955733027
9107,1056216.6167906658,56216.61679066578
9108,993391.8169302789,-6608.183069721097
9109,1013783.9142604625,13783.914260462509
9110,1012417.2125541191,12417.212554119062
9111,1025431.77004857,25431.770048570004
9112,989737.4235764997,-10262.576423500315
9113,1040840.0010972407,40840.00109724072
9114,982328.8119404115,-17671.188059588545
9115,1034725.6139414678,34725.61394146783
9116,1057430.3012653696,57430.301265369635
9117,1005581.6427818205,5581.6427818204975
9118,1047439.6758952482,47439.67589524819
9119,959782.0471022243,-40217.952897775685
9120,1015765.121335102,15765.121335102012
9121,1071138.9350262198,71138.93502621981
9122,879012.0362672707,-120987.96373272932
9123,977803.7285504616,-22196.271449538413
9124,870080.2073500742,-129919.7926499258
9125,983269.7169162851,-16730.283083714894
9126,1197675.6840630113,197675.68406301131
9127,1055291.4794572168,55291.4794572168
9128,986501.6461567694,-13498.353843230638
9129,1108603.5578100348,108603.55781003484
9130,1135855.873745425,135855.8737454249
9131,1042655.286779055,42655.28677905502
9132,1090089.0641260715,90089.06412607152
9133,1115587.5126569583,115587.51265695831
9134,1025190.0298258989,25190.029825898935
9135,949623.7973101939,-50376.202689806116
9136,1142140.4751056829,142140.47510568285
9137,1097748.255854764,97748.25585476402
9138,1055054.959532984,55054.95953298407
9139,958190.5522853506,-41809.447714649374
9140,1027588.9856923217,27588.985692321672
9141,1054470.552732477,54470.552732476965
9142,1055674.1331462606,55674.13314626063
9143,1009315.7872416826,9315.787241682643
9144,1056696.0169919075,56696.0169919075
9145,1033740.0644328078,33740.06443280785
9146,1000073.13435199,73.13435198995285
9147,1060492.217555034,60492.217555033974
9148,1001431.4018876615,1431.4018876615446
9149,1004277.6634947752,4277.663494775188
9150,949358.2061375512,-50641.79386244877
9151,1073369.2048188397,73369.20481883967
9152,865727.8470942569,-134272.1529057431
9153,933616.2640418347,-66383.73595816526
9154,1039798.0922028689,39798.092202868895
9155,1018848.1148932689,18848.11489326891
9156,948205.4588949227,-51794.54110507725
9157,1114070.4037513223,114070.4037513223
9158,923913.3476159956,-76086.65238400444
9159,1070503.3265842427,70503.32658424275
9160,983789.2242275894,-16210.775772410561
9161,976346.0672034483,-23653.93279655173
9162,958723.958393151,-41276.04160684894
9163,946027.6996211985,-53972.300378801534
9164,877489.7655275385,-122510.23447246151
9165,1009057.7944248787,9057.794424878666
9166,1003540.0083387162,3540.0083387162304
9167,985007.391538687,-14992.60846131295
9168,958611.8798851058,-41388.120114894235
9169,837372.6718323134,-162627.3281676866
9170,983217.6966067858,-16782.303393214243
9171,1033989.7201143169,33989.72011431691
9172,996164.1032812261,-3835.8967187738745
9173,1035349.5765287493,35349.57652874931
9174,953126.5947346938,-46873.40526530624
9175,1012123.8143569047,12123.81435690471
9176,1146372.203875791,146372.20387579105
9177,986229.052618425,-13770.94738157501
9178,1009720.5382352235,9720.538235223503
9179,956203.5832773047,-43796.41672269534
9180,1002313.73316055,2313.7331605500076
9181,1137648.0698529514,137648.06985295145
9182,905770.084717654,-94229.91528234596
9183,1019489.2517701413,19489.2517701413
9184,987008.2366320956,-12991.76336790435
9185,1072486.3533153287,72486.35331532871
9186,1041270.6754696204,41270.675469620386
9187,932507.1281153447,-67492.87188465532
9188,1087704.8351066697,87704.83510666969
9189,1010427.5145801647,10427.514580164687
9190,1047191.7047466517,47191.704746651696
9191,1006449.6902081943,6449.690208194312
9192,1000242.6562120675,242.65621206746437
9193,1098963.5205733236,98963.52057332359
9194,1048430.220820167,48430.220820166986
9195,928762.7038389575,-71237.29616104253
9196,979315.3066621798,-20684.693337820238
9197,956779.2834008803,-43220.71659911971
9198,979658.0617916192,-20341.93820838083
9199,1014182.0889691333,14182.088969133329
9200,1018823.949113594,18823.94911359402
9201,1105391.7189094082,105391.7189094082
9202,1148963.998476937,148963.99847693695
9203,1008059.5455155954,8059.545515595353
9204,985588.9706750148,-14411.029324985226
9205,1040517.3375508654,40517.33755086537
9206,1012523.2051633997,12523.205163399689
9207,916105.3207919635,-83894.67920803651
9208,912732.7688636373,-87267.23113636265
9209,999167.434610116,-832.5653898840537
9210,1009893.3193611419,9893.319361141883
9211,997373.6438225338,-2626.356177466223
9212,1078469.9301335295,78469.93013352947
9213,863351.1394712175,-136648.86052878248
9214,1047066.4932408002,47066.49324080022
9215,1007127.7031114562,7127.7031114562415
9216,950409.2169949295,-49590.78300507052
9217,937261.6437712584,-62738.356228741584
9218,846118.4105381144,-153881.58946188563
9219,1029190.8752459516,29190.87524595158
9220,961832.4546276393,-38167.545372360735
9221,951533.3733367088,-48466.626663291245
9222,959304.1597773724,-40695.84022262762
9223,926949.7897231767,-73050.21027682326
9224,952729.2249345493,-47270.775065450696
9225,1104688.146742175,104688.1467421751
9226,1069979.482700531,69979.4827005309
9227,1075738.9600693786,75738.9600693786
9228,1028681.391282873,28681.391282872995
9229,1025512.0550804022,25512.055080402177
9230,978372.171417901,-21627.828582099057
9231,900534.1512331853,-99465.84876681468
9232,965558.0840765915,-34441.915923408465
9233,974218.6635420704,-25781.336457929574
9234,902478.8810570549,-97521.11894294515
9235,934186.2795652216,-65813.72043477837
9236,1033046.9714269368,33046.9714269368
9237,975724.4439319632,-24275.55606803682
9238,1063328.4453107647,63328.44531076471
9239,1011578.2308418868,11578.230841886834
9240,867964.3454685191,-132035.65453148086
9241,1014170.4155620086,14170.415562008624
9242,915328.8569088599,-84671.14309114008
9243,1014674.2255780125,14674.225578012527
9244,1013098.2020298803,13098.202029880253
9245,1133850.1805044191,133850.18050441914
9246,1060633.900690785,60633.90069078491
9247,936891.8499865702,-63108.15001342981
9248,1005411.0070467353,5411.007046735263
9249,969482.4003009768,-30517.59969902318
9250,1005897.7267714806,5897.726771480637
9251,1040333.9763053032,40333.976305303164
9252,979654.9856272881,-20345.014372711885
9253,1044241.8946120484,44241.8946120484
9254,1093618.0349856706,93618.03498567059
9255,1023554.4195878714,23554.41958787141
9256,1051732.1590953714,51732.159095371375
9257,1022750.9465609543,22750.946560954326
9258,929732.2461965265,-70267.75380347355
9259,1067617.4832214967,67617.48322149669
9260,1055086.885397606,55086.88539760606
9261,1060535.0371035011,60535.03710350115
9262,921429.6391682466,-78570.36083175335
9263,953848.7839105732,-46151.21608942677
9264,991249.2516458732,-8750.748354126816
9265,956175.8566852977,-43824.14331470232
9266,872789.1969649433,-127210.80303505668
9267,990488.8272049441,-9511.1727950559
9268,965691.6765649181,-34308.32343508187
9269,937156.5010851134,-62843.498914886615
9270,1018390.9821824834,18390.98218248342
9271,1074884.14385951,74884.14385951008
9272,951162.1160924477,-48837.88390755234
9273,1046591.3723541193,46591.37235411932
9274,1006908.6892054973,6908.68920549727
9275,921412.6087463641,-78587.39125363587
9276,911043.2957393926,-88956.70426060737
9277,978823.5351818028,-21176.464818197186
9278,1032662.5652275374,32662.565227537416
9279,1021721.9166960217,21721.916696021683
9280,953344.0979979307,-46655.902002069284
9281,1017970.2656056355,17970.265605635475
9282,1004563.7763312352,4563.776331235189
9283,972962.2271328834,-27037.77286711661
9284,1079130.9567691209,79130.95676912088
9285,904584.8351892587,-95415.16481074132
9286,1016441.7644577202,16441.764457720215
9287,1025031.6431399796,25031.64313997957
9288,892065.2323087521,-107934.76769124786
9289,994393.3062323859,-5606.693767614081
9290,968014.7571890327,-31985.242810967262
9291,1106351.277783411,106351.27778341109
9292,850346.9400206952,-149653.0599793048
9293,1035281.0211798274,35281.021179827396
9294,919687.4900036472,-80312.50999635283
9295,920808.1258762311,-79191.87412376888
9296,1107161.351935797,107161.3519357969
9297,1088720.3936159504,88720.39361595036
9298,992573.5439001473,-7426.456099852687
9299,968590.3433364269,-31409.656663573114
9300,983894.3073464358,-16105.692653564154
9301,1065292.497630657,65292.49763065693
9302,1076027.4450177243,76027.4450177243
9303,1059401.553272013,59401.55327201309
9304,1137421.7921324254,137421.79213242535
9305,1045412.7408281284,45412.740828128415
9306,989370.3401517476,-10629.659848252428
9307,891174.9263703201,-108825.07362967986
9308,994505.2887446125,-5494.7112553875195
9309,1019125.8000527847,19125.800052784733
9310,1077216.8667477004,77216.86674770038
9311,891596.8937070206,-108403.10629297944
9312,996923.172709728,-3076.827290271991
9313,957483.2992962085,-42516.70070379146
9314,1001841.8146166594,1841.8146166594233
9315,846711.0877179101,-153288.91228208994
9316,936732.6637256609,-63267.33627433912
9317,1074873.3640204053,74873.36402040534
9318,1003653.9910122583,3653.9910122583387
9319,1135884.4325272958,135884.43252729578
9320,1097459.9023922146,97459.90239221463
9321,951457.3626270385,-48542.6373729615
9322,962032.4532860052,-37967.546713994816
9323,986490.0790864987,-13509.920913501293
9324,873162.7240557263,-126837.27594427369
9325,971412.6149292821,-28587.385070717894
9326,973915.0957512385,-26084.90424876148
9327,1042952.2338036981,42952.233803698095
9328,928915.4367398643,-71084.5632601357
9329,1005096.651902051,5096.651902050944
9330,1133365.5372498145,133365.5372498145
9331,1046386.3274678602,46386.32746786019
9332,902283.5943984254,-97716.40560157457
9333,1179721.7492551445,179721.7492551445
9334,891553.1265612026,-108446.87343879743
9335,1080792.1460859638,80792.14608596382
9336,1145539.7518703016,145539.75187030155
9337,1024653.7377750322,24653.737775032176
9338,1171828.6310322077,171828.63103220775
9339,1004220.9178518247,4220.917851824663
9340,1177432.5314508274,177432.53145082737
9341,1079205.9918936247,79205.99189362465
9342,984355.5608158789,-15644.439184121089
9343,893517.7748693848,-106482.22513061517
9344,1040268.2232033733,40268.22320337326
9345,1161409.4264009923,161409.42640099232
9346,871965.4340822154,-128034.56591778458
9347,983068.4207962482,-16931.579203751753
9348,1100394.219019225,100394.2190192251
9349,980501.2795108809,-19498.720489119063
9350,1046874.6077597606,46874.607759760576
9351,965637.5901545219,-34362.409845478134
9352,1009213.6124630922,9213.612463092199
9353,1007926.0587154366,7926.058715436608
9354,1078795.3460577338,78795.34605773375
9355,924350.2632147241,-75649.73678527586
9356,985802.4419065546,-14197.558093445376
9357,1053885.3458230689,53885.34582306887
9358,1018042.1986819155,18042.198681915528
9359,859741.9406111113,-140258.05938888865
9360,978779.5442545523,-21220.45574544766
9361,1035352.7674991145,35352.7674991145
9362,1057230.850534202,57230.850534202065
9363,944719.2230129958,-55280.77698700421
9364,1002013.9833752557,2013.983375255717
9365,1095363.8320085711,95363.83200857113
9366,998290.787672782,-1709.2123272180324
9367,1126504.6627521869,126504.66275218688
9368,1024847.2840434401,24847.28404344013
9369,975214.1270071007,-24785.87299289927
9370,1198870.916969302,198870.9169693021
9371,1113480.7368236934,113480.73682369338
9372,940513.7398921251,-59486.26010787487
9373,999346.5271042377,-653.472895762301
9374,960519.4571807297,-39480.54281927028
9375,1109376.4684464869,109376.46844648686
9376,898832.6578345796,-101167.34216542041
9377,949883.109013873,-50116.890986126964
9378,893946.1885747744,-106053.81142522558
9379,923834.340329793,-76165.65967020695
9380,958586.6024822317,-41413.39751776832
9381,1136625.059438348,136625.05943834805
9382,1026677.6715976105,26677.67159761046
9383,864242.485708839,-135757.51429116097
9384,1051739.1015078155,51739.10150781553
9385,1050682.7324970092,50682.732497009216
9386,966750.0034086738,-33249.9965913262
9387,939415.0709690738,-60584.9290309262
9388,1102384.353753234,102384.35375323403
9389,1144179.4433444596,144179.44334445964
9390,991556.6634214565,-8443.33657854353
9391,996192.0468082718,-3807.9531917282147
9392,1067563.1489235673,67563.14892356726
9393,1014394.1519442773,14394.151944277342
9394,980242.635670504,-19757.36432949605
9395,1107958.8171260213,107958.81712602125
9396,887150.2497943481,-112849.75020565186
9397,1096642.065260185,96642.06526018493
9398,956054.2416271145,-43945.758372885524
9399,1043829.9518181733,43829.951818173286
9400,1047986.7286829833,47986.72868298332
9401,1044352.4168114049,44352.416811404866
9402,1010552.1334351457,10552.133435145719
9403,1120749.7535971408,120749.75359714078
9404,948047.3196058992,-51952.68039410084
9405,1002455.3720245515,2455.3720245514996
9406,977788.1702056671,-22211.82979433285
9407,944663.623701121,-55336.37629887904
9408,1067864.263586926,67864.26358692604
9409,1056163.9236463162,56163.923646316165
9410,969402.4031848243,-30597.596815175726
9411,1113858.3594816963,113858.35948169627
9412,1065262.9793994743,65262.97939947434
9413,973888.8878772391,-26111.112122760853
9414,984326.4327018025,-15673.567298197537
9415,1038609.7231073617,38609.7231073617
9416,1086489.764250457,86489.76425045705
9417,1010796.7353913957,10796.735391395749
9418,978496.0885880897,-21503.911411910318
9419,1015235.2347279581,15235.2347279581
9420,998640.8538729378,-1359.1461270621512
9421,1019159.0133216694,19159.013321669423
9422,1034625.6355899739,34625.635589973885
9423,1099313.5935297797,99313.5935297797
9424,1069476.3842478027,69476.38424780266
9425,964152.7463531097,-35847.25364689028
9426,981574.9711499149,-18425.028850085102
9427,957755.2148532788,-42244.78514672117
9428,973540.8949342325,-26459.105065767537
9429,1072938.0350252036,72938.0350252036
9430,1136006.0290613486,136006.02906134864
9431,1002206.9379239227,2206.937923922669
9432,1017306.1761863012,17306.176186301163
9433,884066.575561601,-115933.42443839903
9434,1102750.8072019238,102750.8072019238
9435,982372.4920553723,-17627.507944627665
9436,883942.1724984146,-116057.82750158536
9437,1041494.7023490344,41494.70234903437
9438,1000780.186467571,780.1864675709512
9439,905361.178027772,-94638.821972228
9440,1045481.8678143396,45481.86781433958
9441,1049613.7156831003,49613.71568310028
9442,1041654.9236922039,41654.92369220394
9443,894347.72250053,-105652.27749947004
9444,971653.2049850774,-28346.795014922624
9445,1016752.8517897543,16752.85178975435
9446,1021246.6484894397,21246.648489439744
9447,1088433.6461351744,88433.64613517444
9448,1032199.1875939019,32199.18759390188
9449,1098698.8150242155,98698.8150242155
9450,956985.8223155069,-43014.17768449313
9451,1012309.672848509,12309.672848509043
9452,976358.0976959632,-23641.902304036776
9453,933638.895074344,-66361.10492565599
9454,1079674.693756878,79674.69375687791
9455,1121257.8665560186,121257.86655601859
9456,1086779.677776816,86779.67777681607
9457,1054849.1560483454,54849.15604834538
9458,997430.2618177533,-2569.738182246685
9459,978712.4523130142,-21287.54768698581
9460,1011809.4715870138,11809.471587013802
9461,990073.1928697943,-9926.807130205678
9462,936306.3834147592,-63693.616585240816
9463,983157.6697791632,-16842.330220836797
9464,956175.5155846541,-43824.48441534594
9465,991803.1983142168,-8196.801685783197
9466,960265.1585784799,-39734.841421520105
9467,950820.6542576844,-49179.345742315636
9468,1068640.7070145442,68640.70701454417
9469,985904.2459131896,-14095.754086810397
9470,975046.6177443492,-24953.382255650824
9471,1098904.8705813629,98904.87058136286
9472,928411.6909062308,-71588.30909376917
9473,989731.1677068376,-10268.832293162355
9474,1008709.0067862424,8709.00678624236
9475,1065389.7663621174,65389.76636211737
9476,1016691.3582664529,16691.35826645291
9477,970588.8497835895,-29411.15021641052
9478,970056.1207655058,-29943.879234494176
9479,991236.8623430032,-8763.137656996842
9480,1073082.3046887177,73082.3046887177
9481,1015334.2535129279,15334.253512927913
9482,948303.6860976046,-51696.31390239543
9483,966621.3808152764,-33378.61918472359
9484,1036073.3729404848,36073.37294048478
9485,1018352.3508054065,18352.35080540646
9486,1092769.7211074699,92769.72110746987
9487,1088478.8167652474,88478.81676524738
9488,1111688.5820915399,111688.58209153987
9489,1000676.6987782831,676.6987782830838
9490,994351.4855307502,-5648.514469249756
9491,1012863.3559697752,12863.355969775235
9492,1066835.066269048,66835.06626904802
9493,973336.9219129413,-26663.078087058733
9494,1041768.3904157047,41768.39041570469
9495,995159.7270464924,-4840.272953507607
9496,1105688.0584365092,105688.05843650922
9497,1060710.2665312702,60710.26653127023
9498,1021709.955424245,21709.95542424498
9499,1078437.8549355105,78437.85493551055
9500,1040960.9679259306,40960.96792593063
9501,961964.0701645135,-38035.92983548646
9502,955504.1156442007,-44495.884355799295
9503,1072430.5582129466,72430.55821294663
9504,1087591.1971101805,87591.19711018051
9505,1116785.5625197105,116785.56251971051
9506,1149428.1568716317,149428.15687163174
9507,1052474.2498813719,52474.249881371856
9508,974892.7956751261,-25107.204324873863
9509,969846.5862123286,-30153.413787671365
9510,1055972.7905848152,55972.7905848152
9511,961398.5526317555,-38601.447368244524
9512,965156.3610652748,-34843.6389347252
9513,1007592.6068892465,7592.606889246497
9514,994582.4774863287,-5417.5225136713125
9515,1104995.8131903738,104995.81319037382
9516,1017019.8337392096,17019.83373920957
9517,955421.56108602,-44578.43891398003
9518,879616.4071661351,-120383.59283386485
9519,1154870.8176233543,154870.81762335426
9520,1158743.2740756192,158743.27407561918
9521,1270349.2259599005,270349.22595990053
9522,1037505.3771299993,37505.37712999934
9523,919841.274448832,-80158.72555116797
9524,1050182.535575725,50182.535575724905
9525,979019.7103563279,-20980.289643672062
9526,1026063.9219124286,26063.921912428574
9527,1045997.8104457249,45997.81044572487
9528,1077095.3971816278,77095.3971816278
9529,981020.278660168,-18979.721339831944
9530,1022941.7874044582,22941.787404458155
9531,1103104.0988543327,103104.0988543327
9532,1100939.1709714753,100939.17097147531
9533,1078518.8430785625,78518.84307856252
9534,1018029.1841151648,18029.184115164797
9535,1079547.9718186336,79547.97181863361
9536,862408.8137580062,-137591.1862419938
9537,1012572.2072150132,12572.207215013215
9538,1140663.0275554364,140663.02755543636
9539,1070786.8221251513,70786.82212515129
9540,977574.068664915,-22425.931335084955
9541,992815.0914414392,-7184.908558560768
9542,969610.2524462049,-30389.74755379511
9543,929866.9266242585,-70133.07337574149
9544,1010462.9889409143,10462.988940914278
9545,1021224.5756280802,21224.575628080172
9546,999357.8069202405,-642.1930797594832
9547,883106.8688977234,-116893.13110227662
9548,973140.7589649091,-26859.241035090876
9549,917996.2061765617,-82003.79382343835
9550,1004261.2411375387,4261.241137538687
9551,1036505.9296536287,36505.92965362873
9552,867655.6314022273,-132344.36859777267
9553,1080911.8643382739,80911.86433827388
9554,940506.8396247394,-59493.16037526063
9555,1011822.17231628,11822.17231627996
9556,1119748.5452854058,119748.54528540582
9557,992882.3894405286,-7117.610559471417
9558,987066.9929522193,-12933.007047780673
9559,1015142.0053662612,15142.005366261234
9560,1008901.4783412691,8901.478341269074
9561,966208.0226450139,-33791.97735498613
9562,1014476.8886698564,14476.888669856358
9563,1105069.861706251,105069.86170625105
9564,1080545.7841917167,80545.7841917167
9565,1084062.9131111344,84062.91311113443
9566,1080214.5308038124,80214.53080381243
9567,950022.2374168343,-49977.76258316566
9568,1053993.5371013342,53993.537101334194
9569,906929.5337821703,-93070.46621782973
9570,949515.7124919151,-50484.287508084904
9571,1041475.4820217096,41475.482021709555
9572,944227.8617237292,-55772.13827627082
9573,908112.5001006605,-91887.49989933951
9574,981915.7432729808,-18084.25672701921
9575,1036610.0243630798,36610.02436307981
9576,1094048.1118015174,94048.11180151743
9577,1018343.198151447,18343.198151446995
9578,1098947.5065589934,98947.50655899337
9579,901496.6075087159,-98503.39249128406
9580,1164649.1004612423,164649.10046124225
9581,974334.8806862913,-25665.11931370874
9582,1027537.8231856691,27537.823185669142
9583,1077213.9772852203,77213.97728522029
9584,1004989.5087710954,4989.508771095425
9585,941653.7596778432,-58346.24032215681
9586,997639.5014691603,-2360.4985308396863
9587,1092561.0200365474,92561.02003654744
9588,891543.4788365188,-108456.52116348117
9589,1031158.6437791446,31158.643779144622
9590,1041263.3381340797,41263.338134079706
9591,1139084.6904902959,139084.69049029588
9592,921940.3418928613,-78059.6581071387
9593,1043343.872491685,43343.872491684975
9594,971418.8669430793,-28581.13305692072
9595,928268.2667800346,-71731.73321996536
9596,897003.3290446925,-102996.67095530755
9597,987994.8343178811,-12005.165682118852
9598,1060692.6216545973,60692.621654597344
9599,1053620.747010454,53620.74701045407
9600,1001318.9753746971,1318.9753746971255
9601,980059.7384027297,-19940.261597270262
9602,1196904.2777890258,196904.2777890258
9603,1129490.4787772254,129490.47877722536
9604,1030973.5165346054,30973.516534605413
9605,945918.28212377,-54081.71787623002
9606,1025472.3011959966,25472.30119599658
9607,927654.2048788064,-72345.79512119363
9608,1068726.9719884864,68726.97198848636
9609,938476.1950102141,-61523.80498978589
9610,949033.9285082987,-50966.071491701296
9611,954746.1137410663,-45253.88625893369
9612,962095.0914469191,-37904.908553080866
9613,1083269.8108729194,83269.81087291939
9614,961534.1040479356,-38465.89595206443
9615,1092251.048770217,92251.04877021699
9616,900735.8218652721,-99264.17813472787
9617,1057089.0028241975,57089.00282419752
9618,1128374.546372304,128374.54637230397
9619,1092347.7729404615,92347.77294046152
9620,1055060.6637461386,55060.66374613857
9621,942175.3690191811,-57824.63098081888
9622,966166.0543751795,-33833.94562482054
9623,1002909.5799394754,2909.5799394753994
9624,1022536.5531207835,22536.55312078353
9625,1094828.7748224693,94828.77482246934
9626,968202.9496681937,-31797.0503318063
9627,1012458.570376984,12458.57037698396
9628,1041420.7328570572,41420.73285705724
9629,1096598.629331022,96598.62933102204
9630,1008391.1884435274,8391.18844352744
9631,1058331.5626307605,58331.56263076048
9632,959911.6896306981,-40088.31036930194
9633,1089431.7503133265,89431.75031332648
9634,968012.4962623774,-31987.50373762264
9635,974122.8659322093,-25877.1340677907
9636,890948.2613026251,-109051.73869737494
9637,993938.7554168935,-6061.244583106483
9638,1070849.1733152259,70849.17331522587
9639,1077904.6717552857,77904.6717552857
9640,1011376.7849074497,11376.784907449735
9641,1069956.4455334917,69956.44553349167
9642,1006541.5505543018,6541.550554301823
9643,983796.7934020255,-16203.206597974524
9644,1048979.339529861,48979.339529861
9645,1036294.0953510444,36294.09535104444
9646,1111589.9096852504,111589.90968525037
9647,1032920.1114783138,32920.111478313804
9648,1152474.6479148574,152474.64791485737
9649,1054288.326060207,54288.326060207095
9650,1002532.0579623313,2532.057962331339
9651,1058556.5244057197,58556.52440571971
9652,959586.8331688103,-40413.16683118965
9653,1036870.9678203005,36870.96782030049
9654,1076218.2058573281,76218.20585732814
9655,914888.2071532535,-85111.79284674651
9656,1134887.4219563664,134887.4219563664
9657,1154170.053510241,154170.05351024098
9658,965646.5847912492,-34353.415208750754
9659,1039331.5685831385,39331.56858313852
9660,890691.3884053499,-109308.61159465008
9661,1012440.9346313919,12440.934631391894
9662,1031494.7257505076,31494.725750507554
9663,1083864.4722974072,83864.47229740722
9664,1114553.303675758,114553.30367575795
9665,991529.8859317899,-8470.114068210125
9666,975571.9768181655,-24428.02318183449
9667,1138886.5989270078,138886.59892700776
9668,872872.656404667,-127127.34359533305
9669,897971.635933786,-102028.36406621395
9670,916373.9805076169,-83626.01949238311
9671,1039705.4874056769,39705.48740567686
9672,1068562.166544656,68562.16654465604
9673,1039040.9614431979,39040.96144319791
9674,1084096.1112553799,84096.11125537986
9675,1015950.0350192976,15950.035019297618
9676,1002913.8682328556,2913.8682328555733
9677,891546.469235836,-108453.53076416405
9678,1040600.6369091633,40600.636909163324
9679,1127998.2513198648,127998.25131986476
9680,970969.2317077557,-29030.76829224429
9681,873390.9331013694,-126609.06689863058
9682,1024376.1114843719,24376.11148437194
9683,1082165.805858814,82165.80585881392
9684,966862.8733024218,-33137.126697578235
9685,1071957.7982361212,71957.79823612119
9686,1080030.9330427966,80030.93304279656
9687,1122652.58751795,122652.58751794999
9688,1085823.733786834,85823.73378683394
9689,975948.1826511039,-24051.81734889606
9690,1081108.4123096638,81108.41230966384
9691,1046517.8883176536,46517.88831765356
9692,994739.1312412643,-5260.868758735713
9693,1027799.8700060467,27799.870006046724
9694,1032423.3400959113,32423.34009591129
9695,982710.4697952253,-17289.530204774695
9696,869903.237758085,-130096.76224191498
9697,976480.2674403838,-23519.73255961621
9698,1082527.7091810126,82527.70918101259
9699,1081068.7212228675,81068.72122286749
9700,1049844.081731684,49844.08173168404
9701,1046119.5155471495,46119.515547149465
9702,1215756.0817393118,215756.0817393118
9703,1077103.4184557912,77103.4184557912
9704,880912.5377038,-119087.46229619998
9705,1147900.6327178932,147900.63271789323
9706,1021908.1915673516,21908.191567351576
9707,994924.7096620997,-5075.290337900282
9708,973697.6561977039,-26302.34380229609
9709,946965.6129632556,-53034.38703674439
9710,1086830.592698602,86830.592698602
9711,1248849.2686625044,248849.2686625044
9712,1071264.494900207,71264.49490020704
9713,1030982.8008014566,30982.800801456557
9714,1051536.531624417,51536.53162441705
9715,946385.8225286357,-53614.177471364266
9716,1053309.6952354377,53309.69523543771
9717,989875.1213651067,-10124.878634893335
9718,927315.7195002711,-72684.28049972886
9719,1007529.8073390503,7529.807339050341
9720,951375.7315839645,-48624.268416035455
9721,1144026.7104143554,144026.7104143554
9722,993467.5809434216,-6532.419056578423
9723,949740.2645683415,-50259.73543165845
9724,1031588.6924908466,31588.692490846617
9725,948229.9503923188,-51770.04960768123
9726,946521.3764617215,-53478.62353827851
9727,922245.7552425463,-77754.24475745368
9728,1043935.9707039582,43935.970703958184
9729,972873.5539175497,-27126.446082450333
9730,1011224.5964152326,11224.596415232634
9731,948535.214529769,-51464.78547023097
9732,1183398.9456027485,183398.94560274854
9733,898533.7683779685,-101466.23162203154
9734,977217.9228775455,-22782.07712245453
9735,1089446.0898688529,89446.08986885287
9736,913320.9507681881,-86679.04923181189
9737,1104922.7245114867,104922.72451148671
9738,872657.3272895854,-127342.67271041463
9739,1041631.9029175132,41631.90291751316
9740,1140281.8207290838,140281.82072908385
9741,1105542.8132189421,105542.81321894214
9742,1087906.8044387156,87906.80443871557
9743,1069807.866308213,69807.86630821298
9744,1026917.9537588282,26917.953758828226
9745,937301.7204528772,-62698.27954712277
9746,992808.1985744098,-7191.80142559018
9747,1070017.5888362075,70017.58883620752
9748,1001263.9494722364,1263.949472236447
9749,982665.7808965886,-17334.219103411422
9750,992233.3809564813,-7766.619043518673
9751,1056343.5543731614,56343.5543731614
9752,1039453.3241683255,39453.32416832552
9753,1082212.810411652,82212.81041165208
9754,1118741.3676791617,118741.36767916172
9755,1049082.0006242092,49082.00062420918
9756,1083329.769461837,83329.7694618369
9757,968410.7761244036,-31589.22387559642
9758,1062093.766180419,62093.7661804189
9759,1026933.7595069135,26933.759506913484
9760,912921.160568075,-87078.83943192498
9761,1004400.4571818084,4400.457181808422
9762,1050351.4537220977,50351.45372209768
9763,1041210.551564949,41210.55156494898
9764,1024821.2655427209,24821.26554272091
9765,962739.6469900383,-37260.35300996166
9766,1049476.6956558856,49476.69565588562
9767,1041683.8507182942,41683.850718294154
9768,1093826.583843123,93826.58384312293
9769,964132.5968172197,-35867.403182780254
9770,1013101.1063209785,13101.106320978492
9771,1000213.3703948546,213.37039485457353
9772,971925.3988730223,-28074.60112697771
9773,1014871.4609317944,14871.460931794369
9774,966959.626835262,-33040.373164737946
9775,990472.8244612348,-9527.17553876515
9776,1010594.3915134427,10594.391513442737
9777,1080919.574946896,80919.57494689594
9778,980497.9466119932,-19502.053388006752
9779,1013385.844100643,13385.84410064295
9780,1003058.5919225556,3058.5919225555845
9781,1076551.219967846,76551.21996784606
9782,889146.1618427443,-110853.83815725567
9783,1091528.7527824496,91528.75278244959
9784,1071693.3041404274,71693.30414042738
9785,1059028.625364901,59028.62536490103
9786,971605.9836232932,-28394.01637670677
9787,956649.5526830582,-43350.447316941805
9788,1055137.3874963555,55137.387496355455
9789,923616.7088837698,-76383.29111623019
9790,922167.8108199316,-77832.18918006844
9791,969696.7675623662,-30303.232437633793
9792,1026049.7592104758,26049.759210475837
9793,1067347.0699655463,67347.06996554625
9794,1015729.0203401701,15729.02034017013
9795,915569.380187981,-84430.61981201905
9796,950870.8166438581,-49129.183356141904
9797,1000026.9231821093,26.923182109254412
9798,1107400.0805468,107400.08054680005
9799,978903.131855613,-21096.86814438703
9800,1048206.5515591465,48206.551559146494
9801,1187225.9737384568,187225.97373845684
9802,1103472.937383993,103472.93738399306
9803,1105431.929859633,105431.92985963309
9804,956972.8272841402,-43027.17271585984
9805,985496.9690762862,-14503.030923713814
9806,909551.7076754144,-90448.2923245856
9807,979817.373595939,-20182.626404060982
9808,938590.0187353553,-61409.98126464465
9809,948436.0229357982,-51563.97706420184
9810,1039488.6037848585,39488.60378485848
9811,891710.2666689972,-108289.73333100276
9812,1053337.5012430735,53337.50124307349
9813,1013896.4731343123,13896.473134312313
9814,1165293.2197220821,165293.21972208214
9815,840696.5479190755,-159303.45208092453
9816,1017899.2251730303,17899.22517303028
9817,1043698.3291326645,43698.32913266448
9818,925734.2969959916,-74265.70300400839
9819,983674.5816425962,-16325.418357403832
9820,977429.8662311643,-22570.133768835687
9821,976391.4393318413,-23608.560668158694
9822,957910.8429486555,-42089.15705134452
9823,1092394.760952657,92394.76095265709
9824,997190.6368547861,-2809.3631452139234
9825,950590.804744264,-49409.195255736005
9826,1053960.657626297,53960.65762629709
9827,904661.6444640944,-95338.35553590558
9828,1053974.70734885,53974.70734885009
9829,985202.694835311,-14797.305164688965
9830,938973.3170419944,-61026.68295800558
9831,987078.2315387096,-12921.768461290398
9832,1073337.9680923955,73337.96809239546
9833,908292.4597361105,-91707.54026388947
9834,956427.8530242381,-43572.14697576186
9835,1007752.8323895102,7752.832389510237
9836,965435.2705958225,-34564.72940417752
9837,994421.8225303749,-5578.177469625138
9838,1018230.430117798,18230.430117798038
9839,1041281.5769948389,41281.57699483889
9840,894574.4355378351,-105425.56446216488
9841,1126878.7862271608,126878.78622716083
9842,1044175.1553366861,44175.15533668606
9843,1123411.8332139833,123411.83321398334
9844,1066270.946166122,66270.9461661221
9845,1235958.4759437765,235958.47594377655
9846,1084010.9871182418,84010.98711824184
9847,1011751.2444926664,11751.244492666447
9848,1118937.4517528464,118937.45175284636
9849,1027038.6969920209,27038.696992020938
9850,857582.4652100189,-142417.5347899811
9851,1016620.3914740919,16620.391474091914
9852,919453.8448016851,-80546.15519831493
9853,1080130.5996081752,80130.59960817522
9854,883410.7267800726,-116589.27321992745
9855,1095224.7581376398,95224.75813763984
9856,1195805.0395670782,195805.03956707823
9857,931565.189615178,-68434.81038482196
9858,1091944.4566677304,91944.45666773035
9859,1015547.6914196801,15547.691419680137
9860,1029016.7615076175,29016.761507617543
9861,995723.3283752465,-4276.671624753508
9862,1019342.9015338104,19342.901533810422
9863,982619.5678403993,-17380.432159600663
9864,1012457.0865687241,12457.086568724131
9865,954154.7889389927,-45845.21106100734
9866,1182075.0599859306,182075.05998593057
9867,1167934.779421484,167934.7794214841
9868,1002709.3734816543,2709.373481654329
9869,883531.2577150792,-116468.74228492077
9870,916027.4294491092,-83972.57055089076
9871,964393.4238421891,-35606.576157810865
9872,1087334.1983770663,87334.19837706629
9873,1077248.6028681882,77248.60286818817
9874,989899.5708293818,-10100.429170618183
9875,1104729.1666819237,104729.16668192367
9876,996381.3675638379,-3618.6324361620937
9877,1082571.5046719776,82571.5046719776
9878,1049136.5369233987,49136.53692339873
9879,900579.7878080219,-99420.21219197812
9880,1002984.61956479,2984.619564790046
9881,1020743.0330906193,20743.033090619254
9882,996314.1430540774,-3685.8569459225982
9883,866124.3652891739,-133875.6347108261
9884,1005842.6426334268,5842.642633426818
9885,919317.8921747052,-80682.10782529484
9886,1047990.2077196885,47990.20771968854
9887,1109122.6023049408,109122.60230494081
9888,1033275.7560553472,33275.756055347156
9889,961147.3349578069,-38852.66504219314
9890,896240.821330259,-103759.17866974103
9891,889127.1509194854,-110872.84908051463
9892,945111.1705949866,-54888.829405013355
9893,1033056.9073301512,33056.90733015118
9894,1031040.3552893146,31040.35528931464
9895,986931.3334294531,-13068.66657054692
9896,1038357.5124474198,38357.51244741981
9897,1068073.8524496085,68073.8524496085
9898,1119586.81823264,119586.81823263993
9899,1115185.2989188503,115185.29891885025
9900,1007572.0815876301,7572.081587630091
9901,1072699.3253682277,72699.32536822767
9902,944028.0021355039,-55971.99786449608
9903,951217.3765159699,-48782.62348403013
9904,1013867.0904861336,13867.090486133588
9905,1006704.724743569,6704.724743569037
9906,1073146.0105452924,73146.0105452924
9907,947949.80074002,-52050.19925998
9908,981135.5496146529,-18864.450385347125
9909,956173.2601698232,-43826.73983017681
9910,956872.9280066311,-43127.07199336891
9911,971485.7536408597,-28514.246359140263
9912,1009929.5095973888,9929.509597388795
9913,917326.6834916926,-82673.31650830735
9914,972066.2045926882,-27933.795407311758
9915,1048753.1110846708,48753.11108467076
9916,1076763.3006960906,76763.30069609056
9917,1022487.1231071149,22487.123107114923
9918,1166637.9049835452,166637.9049835452
9919,926576.3565728187,-73423.64342718129
9920,1147067.0121603238,147067.0121603238
9921,901616.9564342973,-98383.04356570274
9922,1081195.8293897898,81195.82938978984
9923,1014124.2730493813,14124.273049381329
9924,1084655.9581788369,84655.95817883685
9925,1074180.793756613,74180.79375661304
9926,945063.1402154997,-54936.859784500324
9927,1082322.6636076192,82322.66360761924
9928,1121997.5089363207,121997.50893632066
9929,1188750.0653259696,188750.0653259696
9930,879427.7510226216,-120572.24897737836
9931,1099855.0876715612,99855.08767156117
9932,1181118.9995352477,181118.99953524768
9933,1066289.690545548,66289.69054554799
9934,1041123.4633908344,41123.4633908344
9935,977675.6230546515,-22324.376945348457
9936,1083761.6078868902,83761.60788689018
9937,986184.8520580427,-13815.147941957344
9938,1111314.6173411375,111314.61734113749
9939,1111299.5483650041,111299.54836500413
9940,920149.7649319754,-79850.2350680246
9941,932562.3889089262,-67437.61109107384
9942,1076164.8887539897,76164.88875398971
9943,952758.9306237991,-47241.0693762009
9944,976074.6908030398,-23925.30919696018
9945,1071570.8708694086,71570.8708694086
9946,1090746.331196776,90746.3311967759
9947,1084536.4481912632,84536.44819126325
9948,1038039.2560460913,38039.25604609132
9949,1142867.0888590645,142867.0888590645
9950,1057080.25848888,57080.258488880005
9951,1020845.4918785439,20845.491878543864
9952,1010330.8592760852,10330.85927608516
9953,1018879.7526562028,18879.752656202763
9954,1027183.8887705884,27183.88877058844
9955,1004286.2294006485,4286.229400648503
9956,1074840.852368063,74840.85236806306
9957,975000.7928955418,-24999.20710445824
9958,907152.7718831071,-92847.22811689286
9959,1024328.8957381034,24328.895738103427
9960,963299.1250966082,-36700.874903391814
9961,1029630.7106344235,29630.710634423536
9962,935861.3510232085,-64138.648976791534
9963,981462.86503374,-18537.134966260055
9964,1062083.1681288383,62083.1681288383
9965,959567.9026571119,-40432.097342888126
9966,1061511.4256119255,61511.425611925544
9967,1034899.7022120954,34899.70221209538
9968,949441.6045538075,-50558.39544619247
9969,1018109.6021681224,18109.602168122423
9970,1007397.9252163379,7397.925216337899
9971,966229.2055161956,-33770.79448380438
9972,1008319.1740402953,8319.1740402953
9973,1050835.4195497755,50835.41954977554
9974,1025036.2201751553,25036.220175155322
9975,943297.3930815308,-56702.60691846919
9976,944137.378215993,-55862.621784006944
9977,998541.7884058647,-1458.2115941352677
9978,1073484.0338392532,73484.03383925324
9979,991562.9216506475,-8437.078349352465
9980,1185050.8938006887,185050.89380068867
9981,931219.9903771809,-68780.00962281914
9982,1050713.9877770164,50713.98777701636
9983,1003668.3168193017,3668.31681930169
9984,939153.2360337264,-60846.76396627363
9985,1064332.3634779153,64332.36347791529
9986,866907.6272430022,-133092.37275699782
9987,914852.0775087725,-85147.92249122751
9988,1098465.8277175634,98465.82771756337
9989,893311.6049089241,-106688.39509107592
9990,1021568.2750589177,21568.2750589177
9991,1041386.3799079761,41386.37990797614
9992,1042539.5011685303,42539.50116853032
9993,934553.9697682805,-65446.03023171949
9994,959594.2689828551,-40405.73101714486
9995,1032636.2742029281,32636.274202928063
9996,1037428.1882611982,37428.18826119823
9997,1145382.612303657,145382.612303657
9998,1038615.6914700648,38615.691470064805
9999,957007.811099226,-42992.188900773996
10000,1023392.6556028074,23392.655602807412
