Date,Portfolio Return,Portfolio Return (%),Portfolio Value (INR),NIFTY 50 Return,NIFTY 50 Investment Value (INR)
2020-01-02,0.004612691386307044,0.4612691386307044,1004612.6913863071,0.008183886337984836,1008183.8863379848
2020-01-03,0.0038031866073599432,0.3803186607359943,1008433.4209197714,-0.004522789386603554,1003624.0829571106
2020-01-06,-0.015782490005242723,-1.5782490005242722,992517.8305331524,-0.019105853072941215,984448.9886876666
2020-01-07,0.0027053325299662974,0.2705332529966297,995202.9213066652,0.004994592001242859,989365.9097321976
2020-01-08,0.0009547892723049454,0.09547892723049453,996153.1303796953,-0.0022899444111396106,987100.3167966343
2020-01-09,0.01356422355943121,1.356422355943121,1009665.1741395926,0.015845758122611686,1002741.6696593472
2020-01-10,0.0023590199024694724,0.23590199024694725,1012046.9943802182,0.0033480474426501594,1006098.8963420889
2020-01-13,0.006888627820231964,0.6888627820231964,1019018.609461088,0.0059354808073293075,1012070.5770316025
2020-01-14,0.00037440289408967607,0.037440289408967604,1019400.1329776015,0.0026562202609821117,1014758.8594038577
2020-01-15,-0.0025601477574862756,-0.2560147757486276,1016790.3180131776,-0.0015369308543056182,1013199.24520316
2020-01-16,0.0038777247984774334,0.3877724798477433,1020733.151044189,0.000988406301843714,1014200.6977221421
2020-01-17,0.0006924188749498401,0.06924188749498401,1021439.925944259,-0.000254978804985595,1013942.0980402214
2020-01-20,-0.012977360578885077,-1.2977360578885078,1008184.3317156107,-0.010346193941151438,1003451.6564487992
2020-01-21,-0.004384020365267127,-0.4384020365267127,1003764.4310734264,-0.004474618385662321,998961.59321773
2020-01-22,0.0015996734533660904,0.15996734533660903,1005370.1263872477,-0.005172555189302153,993794.4092448181
2020-01-23,0.004331968737231784,0.4331968737231784,1009725.3583441041,0.0060667236352978104,999823.4852760105
2020-01-24,0.0004912613658318854,0.04912613658318854,1010221.3974027594,0.005574584704263197,1005397.0859839934
2020-01-27,-0.008220199409131502,-0.8220199409131502,1001917.176068737,-0.010552527912150667,994787.6051713524
2020-01-28,-0.0050290852090259415,-0.5029085209025942,996878.4492179008,-0.005214967844912932,989599.8197978658
2020-01-29,0.0029011907078762443,0.29011907078762444,999770.5837116538,0.006113256399948197,995649.4972296327
2020-01-30,-0.008172081882645845,-0.8172081882645845,991600.3766377016,-0.0077249841553650445,987958.1206392366
2020-01-31,-0.013585161169564453,-1.3585161169564453,978129.3257052776,-0.006123414854723341,981908.4432074698
2020-02-03,-0.012959268230779707,-1.2959268230779708,965453.4854090713,-0.021250384719316173,961042.5110301662
2020-02-04,0.02385296706835378,2.385296706835378,988482.4156025612,0.02321082268667074,983349.0983480401
2020-02-05,0.011485019266309583,1.1485019266309582,999835.1551901649,0.009140500467834434,992337.401241535
2020-02-06,-0.0036284975134271537,-0.36284975134271535,996207.2558157203,0.004036661230167438,996343.1311563719
2020-02-07,-0.002514536126619671,-0.2514536126619671,993702.256681371,-0.0032625431230384194,993092.5187256311
2020-02-10,0.0003568457772813447,0.03568457772813447,994056.8551355428,-0.005525514763038308,987605.1713523497
2020-02-11,0.003909492623112998,0.39094926231129984,997943.11307765,0.006350030388978967,993876.4942027499
2020-02-12,0.010859694223344275,1.0859694223344274,1008780.4701379654,0.0077056964194832656,1001535.0047455367
2020-02-13,0.0011057394877532767,0.11057394877532767,1009895.9185382712,-0.0021759994314084485,999355.6651446748
2020-02-14,-0.002124370261428843,-0.2124370261428843,1007750.52568179,-0.005026854435148831,994332.0496870511
2020-02-17,-0.000649747196991824,-0.0649747196991824,1007095.7426024611,-0.00558473346026378,988778.9702185512
2020-02-18,0.0009556218091165028,0.09556218091165028,1008058.1452579604,-0.004424762618648104,984403.8579930228
2020-02-19,0.007542153880154578,0.7542153880154578,1015661.0749096391,0.011123651500938081,995354.023445516
2020-02-20,-0.007675856371223234,-0.7675856371223233,1007865.0063767905,-0.003715252459506435,991656.0319618304
2020-02-24,-0.017096074210089497,-1.7096074210089498,990634.4714340206,-0.02081386879900149,971015.8334188386
2020-02-25,-0.0006332595919851254,-0.06332595919851254,990007.1426528338,-0.002662856861702312,968430.1572439976
2020-02-26,-0.013290817313130154,-1.3290817313130154,976849.138581141,-0.010120477938589723,958629.1812025448
2020-02-27,-0.006938366611425373,-0.6938366611425373,970071.40113361,-0.003870376787472707,954918.9250718246
2020-02-28,-0.04084275107524045,-4.084275107524045,930451.0163719002,-0.03709607866493836,919495.1775087218
2020-03-02,0.004679922651907797,0.46799226519077974,934805.4551599098,-0.006159751824491688,913831.3154114512
2020-03-03,0.012942141677744478,1.2942141677744479,946903.8398017177,0.015319647408546855,927830.8889544432
2020-03-04,-0.0007697402140974364,-0.07697402140974363,946174.9698373389,-0.004626950146523701,923537.8616868461
2020-03-05,-0.0024175623316186946,-0.24175623316186945,943887.5328711397,0.0015998577904186018,925015.3909296123
2020-03-06,-0.021134534233023073,-2.1134534233023072,923938.9094955509,-0.024806975302821943,902068.5569720913
2020-03-09,-0.06426097555159327,-6.426097555159327,864565.6938212916,-0.048956043335951605,857906.8496049664
2020-03-11,0.004569068282526856,0.4569068282526856,868515.9535110912,0.0006649981756232659,858477.3560948083
2020-03-12,-0.08428683362653801,-8.428683362653802,795311.4938355079,-0.08301938801064712,787207.091370819
2020-03-13,0.03523385794884084,3.523385794884084,823333.3860343887,0.03806507612689369,817172.1892314798
2020-03-16,-0.07976828215355826,-7.976828215355826,757657.4961907531,-0.07612100106679087,754968.2241432385
2020-03-17,-0.03829430547385157,-3.829430547385157,728643.5285870709,-0.02504518409052825,736059.9059870719
2020-03-18,-0.04249911559714732,-4.249911559714732,697676.8230365355,-0.05556454027271507,695161.0756977225
2020-03-19,-0.012056985297611145,-1.2056985297611145,689264.9438387,-0.024247781753128472,678304.9616509341
2020-03-20,0.057461754252221796,5.746175425222179,728871.3166562307,0.058329146858465686,717869.9113738973
2020-03-23,-0.12151043547070645,-12.151043547070644,640305.845567225,-0.12980466070471242,624687.0510978866
2020-03-24,0.04930520437889167,4.930520437889167,671876.2561479161,0.02507142402516349,640348.8450389907
2020-03-25,0.07749382186507,7.749382186507001,723942.5150572129,0.06624746894667499,682770.3352657505
2020-03-26,0.032598544338936254,3.2598544338936253,747541.9872331464,0.038904356430389475,709333.0757490257
2020-03-27,0.013208518055503228,1.3208518055503227,757415.9090687623,0.0021755381634551707,710876.2569259187
2020-03-30,-0.051270525767392376,-5.127052576739238,718582.7971862194,-0.04378053643081892,679753.7130617694
2020-03-31,0.040123355701537064,4.012335570153707,747414.7503587275,0.03823772271336057,705745.9470552026
2020-04-01,-0.04616504413467512,-4.616504413467512,712910.3154215097,-0.04000467509668226,677512.8097424589
2020-04-03,-0.032170474883713454,-3.2170474883713456,689975.6520249016,-0.020596574186770744,663558.3668941108
2020-04-07,0.10444780646119638,10.444780646119638,762042.0953905364,0.08763210467115035,721707.3831571932
2020-04-08,-0.01847987598288081,-1.8479875982880811,747959.6519739847,-0.004941902407507137,718140.775702853
2020-04-09,0.03628095036128487,3.628095036128487,775096.3389794967,0.04150883161880259,747949.960240099
2020-04-13,-0.018922931915498587,-1.8922931915498586,760429.2437290355,-0.01295567073707915,738259.7668274168
2020-04-15,-0.017987141231475757,-1.7987141231475756,746751.2955255371,-0.007621853562688519,732632.8589934336
2020-04-16,0.008968731171735068,0.8968731171735068,753448.7071472505,0.007562771164790316,738173.5936538071
2020-04-17,0.048222696886763616,4.822269688676362,789782.0357717363,0.03046328187687486,760660.7839113487
2020-04-20,0.012424974459796113,1.2424974459796112,799595.0573950061,-0.0005288143766692954,760258.5355530479
2020-04-21,-0.03731125441719932,-3.7311254417199318,769761.1627778059,-0.030274667144095657,737241.9614457217
2020-04-22,0.0307837568204826,3.07837568204826,793457.3032226098,0.02291941778872575,754139.1179714759
2020-04-23,0.04082744899493997,4.082744899493997,825852.1407995935,0.01377995587701486,764531.1217422538
2020-04-24,-0.019698516170860093,-1.9698516170860092,809584.0790493134,-0.017124941572334906,751438.570952186
2020-04-27,0.011804956725602845,1.1804956725602844,819141.1840682275,0.013971358975458648,761937.1889749647
2020-04-28,0.008282747892752762,0.8282747892752762,825925.9239844356,0.010622430648890235,770030.8139236616
2020-04-29,0.02534782040431547,2.534782040431547,846861.3459728613,0.018383013524196468,784186.3007900682
2020-04-30,0.038698797282039316,3.8698797282039314,879633.8615266602,0.03208830345213909,809349.5087728304
2020-05-04,-0.0621066448677333,-6.21066448677333,825002.753675191,-0.05744483901313502,762856.5565360152
2020-05-05,-0.002977574227438984,-0.2977574227438984,822546.2467382816,-0.009458265521601117,755641.2566694033
2020-05-06,0.008728361432499844,0.8728361432499844,829725.7276747595,0.007093593467121684,761001.4685512009
2020-05-07,-0.0024618978091207164,-0.24618978091207164,827683.0277236259,-0.007750119504051356,755103.6162271706
2020-05-08,0.011686769245605879,1.168676924560588,837355.9682771364,0.0057016970693835045,759408.9883028939
2020-05-11,-0.0043186806566662085,-0.43186806566662084,833739.695254194,-0.0013294930214019507,758399.3593525554
2020-05-12,-0.011970615562243415,-1.1970615562243416,823759.317883324,-0.004616242718351149,754898.4038323419
2020-05-13,0.022431176747605888,2.2431176747605885,842237.2087402522,0.02033371253039773,770248.2909655249
2020-05-14,-0.03693082126883558,-3.6930821268835583,811132.6969183029,-0.025661909373274727,750482.2491278477
2020-05-15,-0.003618271262196071,-0.3618271262196071,808197.7987912159,-0.0006453627874545287,749997.9158116154
2020-05-18,-0.0200264923564955,-2.00264923564955,792012.4317511872,-0.034322509703259896,724256.1050687466
2020-05-19,-0.002920185150012644,-0.2920185150012644,789699.6088093619,0.00632982284022332,728840.5179047819
2020-05-20,0.014244275706567767,1.4244275706567766,800948.3077626112,0.021111396826158035,744227.3593012523
2020-05-21,0.005447837317647775,0.5447837317647775,805311.7438431472,0.004378754451001221,747486.1481633496
2020-05-22,-0.006010753480864573,-0.6010753480864572,800471.2134756609,-0.0073575840768702605,741986.4559819418
2020-05-26,-0.00774911243612817,-0.7749112436128169,794268.272040554,-0.0011284338094974533,741149.1733788226
2020-05-27,0.04664295843836199,4.664295843836199,831315.2940422511,0.03166450477176164,764617.2949158635
2020-05-28,0.018372318595243332,1.8372318595243333,846588.4834774939,0.018803043536468778,778994.4272009035
2020-05-29,-0.0017570977732815686,-0.17570977732815685,845100.9447382897,0.009504662651105722,786398.5064385395
2020-06-01,0.029472255520133706,2.9472255520133706,870007.9757219229,0.025662097319460564,806579.1414426437
2020-06-02,0.012747140310083439,1.2747140310083438,881098.0894593418,0.015565527970742954,819133.971629387
2020-06-03,0.008511330932705174,0.8511330932705174,888597.4068829046,0.008262288035990828,825901.8924430542
2020-06-04,0.0020896990611378955,0.20896990611378954,890454.3080497973,-0.003225168681009971,823238.21952596
2020-06-05,0.006608288750257053,0.6608288750257053,896338.6872363007,0.011272276241460544,832517.9881489847
2020-06-08,0.003748314814378695,0.3748314814378695,899698.4468163691,0.002494520758722585,834594.7215524323
2020-06-09,-0.016879034740746524,-1.6879034740746524,884512.40547636,-0.011881032349997822,824678.8746665304
2020-06-10,0.011083705418573309,1.1083705418573309,894316.0804177336,0.006917728526201428,830383.7792427669
2020-06-11,-0.022950743036418995,-2.2950743036418997,873790.8618627288,-0.021169158460066062,812805.2534373082
2020-06-12,0.005193162825974752,0.5193162825974752,878328.6000842308,0.00716020911179549,818625.1090190854
2020-06-15,-0.013307843289398246,-1.3307843289398247,866639.9407177132,-0.015963279394844432,805557.1676841787
2020-06-16,0.021623665747092822,2.1623665747092824,885379.8731188733,0.010220386061458031,813790.2729324858
2020-06-17,-0.002231118398724674,-0.2231118398724674,883404.4857940973,-0.0033134566648174157,811093.8141288741
2020-06-18,0.02117722718919184,2.117722718919184,902112.5432897102,0.021303187551898528,828372.6977734461
2020-06-19,0.020131397346970094,2.0131397346970092,920273.3293503611,0.015136275444292302,840911.1750974765
2020-06-22,-0.0024880017394960153,-0.24880017394960152,917983.6877061256,0.006520616350433883,846394.4342550796
2020-06-23,0.009964030301979699,0.9964030301979698,927130.5049871524,0.015497691991291696,859511.5945003085
2020-06-24,-0.01711283112054294,-1.711283112054294,911264.6772286036,-0.015824677233549855,845910.1009388473
2020-06-25,-0.006590729242464355,-0.6590729242464355,905258.7784727681,-0.001591357298992957,844563.9557254264
2020-06-26,0.030879295086436942,3.087929508643694,933212.5314228162,0.00914574014738645,852288.11820234
2020-06-29,-0.00787196208338008,-0.7871962083380081,925866.3177597207,-0.006799538608783573,846492.9522368156
2020-06-30,5.27313092200551e-05,0.00527313092200551,925915.139902819,-0.0009988732845714887,845647.4130412482
2020-07-01,0.014470540082838568,1.4470540082838568,939313.6320480899,0.012419817334717198,856150.1994407967
2020-07-02,0.016642134891036255,1.6642134891036255,954945.8162176232,0.011663452514898642,866135.8666375955
2020-07-03,0.004826855180984979,0.4826855180984979,959555.2013781931,0.005273976044848361,870703.8464498261
2020-07-06,0.019147995503782635,1.9147995503782635,977928.7600598139,0.014735139974255018,883533.7895033866
2020-07-07,0.013661157607900567,1.3661157607900567,991288.3989802898,0.003344590235981215,886488.847988919
2020-07-08,-0.015018290964262927,-1.5018290964262926,976400.9413749055,-0.00869476207364206,878781.0383747183
2020-07-09,0.006804253440301756,0.6804253440301755,983044.6208393695,0.010060032721901813,887621.6043761548
2020-07-10,-0.0013594203001100035,-0.13594203001100036,981708.2500258865,-0.004198511095439339,883894.9152216299
2020-07-13,0.0014977675475421174,0.14977675475421173,983178.6207839295,0.003217889149241815,886739.1910783916
2020-07-14,-0.018167237468358754,-1.8167237468358755,965316.9813063344,-0.01808349601540049,870703.846449826
2020-07-15,0.009336559902213359,0.9336559902213359,974329.7211269246,0.0010229309240368245,871594.5163400373
2020-07-16,0.02084691030094863,2.084691030094863,994641.4854268059,0.011466161662100571,881588.3599681926
2020-07-17,0.014711064381018837,1.4711064381018837,1009273.7203549518,0.01506059125586967,894865.601913606
2020-07-20,0.019906217532058436,1.9906217532058437,1029364.5425817273,0.011053321760931656,904756.8393443469
2020-07-21,0.017134465291699864,1.7134465291699863,1047002.1536091003,0.012706156865764484,916252.8216704294
2020-07-22,-0.0047265440315826576,-0.47265440315826573,1042053.451828905,-0.0026563094918139463,913818.9706033249
2020-07-23,0.007969032728315418,0.7969032728315417,1050357.6098911837,0.007442159858846331,920619.7574646013
2020-07-24,0.0032702021064902713,0.32702021064902714,1053792.491559618,-0.0018991484351116306,918871.3638928796
2020-07-27,-0.008218174820259883,-0.8218174820259883,1045132.2406397039,-0.005569925698846956,913753.3186691981
2020-07-28,0.012115303012861501,1.21153030128615,1057794.334423565,0.0151592736988444,927605.1553201319
2020-07-29,-0.016823641141487045,-1.6823641141487045,1039998.3821397247,-0.008645614328603224,919585.43889801
2020-07-30,-0.0030989141398794166,-0.3098914139879417,1036775.5164478603,-0.008988714680747911,911319.5477631853
2020-07-31,-0.005171560698888267,-0.5171560698888267,1031413.7689334288,-0.002585102372305803,908963.693438334
2020-08-03,-0.01790601225129236,-1.790601225129236,1012945.2613507552,-0.016422215545293994,894036.4957418431
2020-08-04,0.024658012620699558,2.465801262069956,1037922.4783892201,0.018697932161379383,910753.1294890215
2020-08-05,-0.004482467258746126,-0.44824672587461256,1033270.0248627238,0.0005768586219327965,911278.5052842196
2020-08-06,0.016836371424226206,1.6836371424226206,1050666.542782832,0.008872554668374333,919363.8736404683
2020-08-07,-0.0038978409752211227,-0.3897840975221123,1046571.211681079,0.0012410024488720417,920504.8064590606
2020-08-10,0.0009544008811698035,0.09544008811698035,1047570.0601677143,0.005002705259437024,925109.8206956704
2020-08-11,0.005588749438861562,0.5588749438861562,1053424.6667536446,0.004644978776729314,929406.9361789457
2020-08-12,-0.0020140006638968535,-0.20140006638968536,1051303.0687754375,-0.0012452735151247118,928249.5703365487
2020-08-13,-0.0017841070980350484,-0.17841070980350485,1049427.4315082491,-0.0007030344733010008,927596.9788887753
2020-08-14,-0.009623462034781972,-0.9623462034781972,1039328.3064628709,-0.010800437378868932,917578.5258054591
2020-08-17,-0.0012954630909392196,-0.12954630909392195,1037981.8950024799,0.0061457110453491115,923217.6982864769
2020-08-18,0.015942481564117105,1.5942481564117106,1054529.9022274443,0.012292057935075373,934565.9437205013
2020-08-19,0.0029271276751572156,0.29271276751572156,1057616.6458885353,0.002024600213507588,936458.0661296947
2020-08-20,-0.009438382566433834,-0.9438382566433834,1047634.4553760106,-0.008432399987605033,928561.47714447
2020-08-21,0.0037254562179492197,0.37254562179492196,1051537.371671929,0.005250916093857194,933437.2755489438
2020-08-24,0.011737976614083512,1.1737976614083512,1063880.292749449,0.008341006471886514,941223.0819053976
2020-08-25,-0.00012133708172621386,-0.012133708172621386,1063751.2046194207,0.0005058064691958464,941699.1586291819
2020-08-26,0.010307265070783677,1.0307265070783678,1074715.5702547983,0.0067423225064831005,948048.3980607436
2020-08-27,-0.0034114384525880453,-0.34114384525880453,1071049.2442328362,0.0008355606212675504,948840.5499692189
2020-08-28,0.006513555565966089,0.6513555565966089,1078025.5829990327,0.007643195654994939,956092.7239380267
2020-08-31,-0.010230856209210626,-1.0230856209210626,1066996.458269519,-0.022330747801946216,934742.4584444908
2020-09-01,-0.003246109473652381,-0.3246109473652381,1063532.8709579767,0.007266739846322645,941534.988713319
2020-09-02,0.009709661160310778,0.9709661160310779,1073859.414767831,0.005645038251127943,946849.9897393809
2020-09-03,-0.0014715818733946446,-0.14715818733946445,1072279.1427184846,-0.0006545127600779965,946230.2643392168
2020-09-04,-0.015117925024130187,-1.5117925024130185,1056068.507033928,-0.016794744948559814,930338.5683870313
2020-09-07,0.004029946068541724,0.4029946068541724,1060324.4061619602,0.0018705202595032944,932078.7855273965
2020-09-08,0.008829719439926676,0.8829719439926677,1069686.773183677,-0.0033201259317187093,928984.1665811621
2020-09-09,-0.006239836350533623,-0.6239836350533623,1063012.1027726806,-0.003476927967516641,925754.155550996
2020-09-10,0.01767914726746607,1.7679147267466069,1081805.2502846976,0.015184429863450921,939811.2045967582
2020-09-11,0.0030936052723552266,0.30936052723552265,1085151.9287106397,0.0013276149365679668,941058.9119895349
2020-09-14,0.007805369493073133,0.7805369493073133,1093621.9404703472,-0.0021283524468515003,939056.0069515705
2020-09-15,0.008933040271584591,0.8933040271584591,1103391.3093064572,0.007145947910690342,945766.4522624674
2020-09-16,0.011372409924696437,1.1372409924696438,1115939.5275832375,0.0071820376506051,952558.9825312955
2020-09-17,-0.00861327745448306,-0.8613277454483059,1106327.6308097385,-0.007622027291120936,945298.5519700396
2020-09-18,-0.006600190910152359,-0.6600190910152359,1099025.6572372178,-0.0009681588767627147,944383.3527857589
2020-09-21,-0.01323501572722381,-1.323501572722381,1084480.0353790608,-0.02211225483867385,923500.907423559
2020-09-22,-0.00030078940567448395,-0.030078940567448396,1084153.8352737532,-0.00861286032635733,915546.9230966555
2020-09-23,0.0006593943288957681,0.06593943288957682,1084868.7201643833,-0.0019545871070447696,913757.4068848763
2020-09-24,-0.03650162512078285,-3.650162512078285,1045269.2488356794,-0.029312272096516434,886973.1011440594
2020-09-25,0.02734853819321428,2.734853819321428,1073855.8348096546,0.022645788482354545,907059.3063821058
2020-09-28,0.011630164313187797,1.1630164313187796,1086344.9546171662,0.016044868187371275,921612.9533911351
2020-09-29,0.005746666396271683,0.5746666396271684,1092587.816662624,-0.0004586409458945395,921190.2639544432
2020-09-30,0.0009441940330620511,0.09441940330620512,1093619.431559713,0.002241001317642377,923254.6525497644
2020-10-01,0.01695323677553371,1.695323677553371,1112159.8207252694,0.015061092732783665,937159.8764877903
2020-10-05,0.022831488337466666,2.2831488337466666,1137552.0847015574,0.0075676439490797165,944251.9687564134
2020-10-06,0.011165416800234619,1.116541680023462,1150253.3278592261,0.013826475474619793,957307.6454442855
2020-10-07,0.01215752657880107,1.215752657880107,1164237.563265029,0.006555187284725372,963582.9763492723
2020-10-08,0.017655039037549947,1.7655039037549947,1184792.2228934553,0.008156676606839941,971442.6110712095
2020-10-09,0.015207172207515508,1.5207172207515507,1202809.5622571213,0.0067260903253916204,977976.6218192087
2020-10-12,0.004150067170169503,0.4150067170169503,1207801.3027334106,0.0014058853909966196,979351.5448645606
2020-10-13,0.001833052437684546,0.1833052437684546,1210015.2658556248,0.0002975290843887368,979642.9304329988
2020-10-14,0.004154387029920948,0.41543870299209484,1215042.1375821019,0.0030625333853533387,982643.1196131752
2020-10-15,-0.03179371492645442,-3.179371492645442,1176411.4342361866,-0.02428360085835335,958781.0063102816
2020-10-16,0.01010515419115774,1.0105154191157741,1188299.2531713843,0.007028949362235082,965520.2294531093
2020-10-19,0.007311198668222474,0.7311198668222474,1196987.1450886205,0.009402769621849272,974598.7937358919
2020-10-20,0.004410827934187212,0.4410827934187212,1202266.8494250404,0.002000328507897331,976548.3114867642
2020-10-21,0.0008270915795866687,0.08270915795866686,1203261.234212616,0.0034337457642519276,979901.5301149193
2020-10-22,-0.011011466452803466,-1.1011466452803467,1190011.563498125,-0.0034512817819539743,976519.6138159249
2020-10-23,0.005093778780044378,0.5093778780044378,1196073.2191482792,0.0028495402835257977,979302.2457931464
2020-10-26,-0.019658025575469182,-1.9658025575469182,1172560.7812161287,-0.013629073304543216,965955.2636979278
2020-10-27,-0.0012835527577193199,-0.12835527577193198,1171055.7375918054,0.010337608346965288,975940.9308947265
2020-10-28,-0.016085108327316314,-1.6085108327316313,1152219.1791953158,-0.013440608945763599,962823.690488406
2020-10-29,0.0002579018906885719,0.02579018906885719,1152516.3387001178,-0.005012942184360991,957997.1109942546
2020-10-30,-0.0017477430363389119,-0.17477430363389118,1150502.036294888,-0.002433373422367602,955665.9462856562
2020-11-02,-0.0015348403693770086,-0.15348403693770085,1148736.199324532,0.002297636149117599,957861.7189103228
2020-11-03,0.01555653781023221,1.555653781023221,1166606.5574433065,0.01237019016319918,969710.6505232922
2020-11-04,0.012633060294363396,1.2633060294363396,1181344.3684232873,0.008041647267956087,977508.7215267809
2020-11-05,0.011201125065925589,1.1201125065925588,1194576.7544399234,0.017785598915690537,994894.2995844455
2020-11-06,0.018810701202512135,1.8810701202512135,1217047.5808311596,0.011819014571289532,1006652.969808127
2020-11-09,0.021836486603685933,2.1836486603685934,1243623.6240260277,0.016104635537461442,1022864.7489995902
2020-11-10,0.00671077329669556,0.671077329669556,1251969.3002332812,0.01364650710436388,1036823.2800636163
2020-11-11,0.0008529016214943175,0.08529016214943175,1253037.1068795114,0.009346041508720315,1046513.4734762984
2020-11-12,-0.010490095404727852,-1.049009540472785,1239892.6280826812,-0.004576821525331454,1041723.7680843427
2020-11-13,0.003579620376522952,0.35796203765229523,1244330.9729988668,0.002296970330761372,1044116.5766724814
2020-11-14,0.005413292935522174,0.5413292935522174,1251066.901064453,0.0,1044116.5766724814
2020-11-17,0.0025064170398436895,0.25064170398436897,1254202.5964632654,0.012126619808373373,1056778.181433409
2020-11-18,-0.0012419616311364126,-0.12419616311364126,1252644.9249607862,0.004975051165572175,1062035.7069567007
2020-11-19,-0.015591378675482616,-1.5591378675482614,1233114.463589801,-0.01287266861341374,1048364.4732454345
2020-11-20,0.000379016587136593,0.0379016587136593,1233581.8344253397,0.00683930941371913,1055534.5622563106
2020-11-23,0.010552092293855788,1.0552092293855788,1246598.70379422,0.005241475198302092,1061067.1204853277
2020-11-24,0.011744870100278516,1.1744870100278515,1261239.8436374585,0.0099563448098976,1071631.4706033247
2020-11-25,-0.01468294551364393,-1.468294551364393,1242721.127733693,-0.015070680468092346,1055481.25513031
2020-11-26,0.005982998392962746,0.5982998392962746,1250156.3262438246,0.010001213639976747,1066037.3486558592
2020-11-27,-0.006547071651552128,-0.6547071651552128,1241971.463200265,-0.001389836350773832,1064555.7311974147
2020-12-01,0.016918814916479133,1.6918814916479132,1262984.1485176992,0.010802694687318537,1076055.8017391756
2020-12-02,-0.0030567700680306236,-0.30567700680306237,1259123.496376113,0.0003585458429504751,1076441.6170736717
2020-12-03,-0.008493567207057495,-0.8493567207057495,1248429.0463376574,0.0015365849299400214,1078095.6610404274
2020-12-04,0.010634509278075655,1.0634509278075654,1261705.4766139544,0.009490662358873525,1088327.5029499286
2020-12-07,0.004899854203708266,0.4899854203708266,1267887.649497383,0.007331133249439903,1096306.1768930848
2020-12-08,0.009494759779718588,0.9494759779718589,1279925.9381570327,0.002785331809333158,1099359.7533603536
2020-12-09,0.013794379562723159,1.3794379562723158,1297581.7223601453,0.010165752285866914,1110535.5722860668
2020-12-10,-0.009935406041373485,-0.9935406041373486,1284689.7210766326,-0.0037548548058806697,1106365.672455367
2020-12-11,0.0019640884770962376,0.19640884770962377,1287212.965354443,0.002637558535026452,1109283.776677612
2020-12-14,0.0022749136648544835,0.22749136648544835,1290141.2637189059,0.0032781762806703973,1112920.204442849
2020-12-15,-0.0061520988116274605,-0.615209881162746,1282204.1871835492,0.0007153791977927426,1113716.3644059107
2020-12-16,0.006585481604447097,0.6585481604447098,1290648.1192713915,0.008464907059269056,1123143.8699209937
2020-12-17,0.005115281750945155,0.5115281750945155,1297250.1480427922,0.004238929390550483,1127904.7974810184
2020-12-18,0.00590658257137775,0.590658257137775,1304912.463157939,0.0014445849987885229,1129534.151831521
2020-12-21,-0.024407515425427007,-2.4407515425427007,1273062.7920845796,-0.0314049525779333,1094061.185358096
2020-12-22,0.013153443969412782,1.3153443969412781,1289807.9521898082,0.010346283876607965,1105380.6529601892
2020-12-23,0.010286817561654484,1.0286817561654484,1303075.9712835557,0.010010159185716239,1116445.6892571314
2020-12-24,0.00957327463866533,0.957327463866533,1315550.675431699,0.01089253037474136,1128606.607839114
2020-12-28,0.007789179948903824,0.7789179948903824,1325797.7363745386,0.009015051389166695,1138781.0544069365
2020-12-29,0.005741689425723529,0.5741689425723528,1333410.0552181285,0.004281594241144937,1143656.85281141
2020-12-30,-0.0007352066291653749,-0.0735206629165375,1332429.7233061364,0.003542094606974411,1147707.7935819828
2020-12-31,0.00013488325856132464,0.013488325856132464,1332609.44576902,-1.4318125132972703e-05,1147691.3605581783
2021-01-01,0.0011494276860677607,0.11494276860677607,1334141.1839607023,0.0026284263414808606,1150707.9827621593
2021-01-04,0.012665500749333616,1.2665500749333616,1351038.7501258734,0.00816067272711063,1160098.534013955
2021-01-05,0.005497899807423235,0.5497899807423234,1358466.6258100118,0.004712380865514287,1165565.3601477533
2021-01-06,-0.007110709184197073,-0.7110709184197073,1348806.9646974392,-0.0037501320469031096,1161194.3361379032
2021-01-07,-0.0073156894022648805,-0.731568940226488,1338939.5118801012,-0.0006291696120880319,1160463.7479478763
2021-01-08,0.0186105808030447,1.8610580803044698,1363857.953856335,0.014847223590326086,1177693.4126821263
2021-01-11,0.013304307915440771,1.3304307915440772,1382003.1400273626,0.009583718134137165,1188980.094397702
2021-01-12,0.01083994479050101,1.083994479050101,1396983.9777655583,0.005433314024232416,1195440.1966191262
2021-01-13,0.0010831139975676417,0.10831139975676417,1398497.0706662538,9.609083312889233e-05,1195555.0674635752
2021-01-14,0.0046402616406203915,0.46402616406203917,1404986.4629777865,0.002111247340323086,1198079.1799199672
2021-01-15,-0.011166596642152228,-1.116659664215223,1389297.5458580295,-0.011092344158201595,1184789.673327519
2021-01-18,-0.0021945448326327944,-0.21945448326327943,1386248.6701077772,-0.010558650142566628,1172279.8936743282
2021-01-19,0.014177834527178667,1.4177834527178668,1405902.6743660865,0.016794730817062842,1191968.0189308436
2021-01-20,0.010301742013803983,1.0301742013803983,1420385.9210139231,0.008508265623863087,1202109.599451057
2021-01-21,0.0005872043207070245,0.058720432070702454,1421219.9777638142,-0.0037112802046228577,1197648.233890827
2021-01-22,-0.013862601522365672,-1.3862601522365672,1401518.171536449,-0.014972171647596122,1179716.838959573
2021-01-25,-0.009394660329277826,-0.9394660329277826,1388351.3843695535,-0.009254169343308138,1168799.539554689
2021-01-27,-0.02333167050304932,-2.3331670503049318,1355958.827326991,-0.019060488041877988,1146521.6499076544
2021-01-28,-0.012869328748627763,-1.2869328748627764,1338508.547408516,-0.010735650281904374,1134212.994433614
2021-01-29,-0.008749318391551153,-0.8749318391551153,1326797.5099574262,-0.013240422354072856,1119195.5353478352
2021-02-01,0.04840404339249416,4.8404043392494165,1391019.8742024587,0.047423511101338356,1172271.7172429715
2021-02-02,0.02478128433460558,2.478128433460558,1425491.133220157,0.02567357148195737,1202368.1189718859
2021-02-03,0.005845694997274297,0.5845694997274298,1433824.119606281,0.009701122671723184,1214032.439590601
2021-02-04,0.00025020825849992874,0.025020825849992875,1434182.8742422427,0.0071467580293813615,1222708.8356761746
2021-02-05,-0.005264796085524526,-0.5264796085524526,1426632.1938600058,0.0019199973566108586,1225056.4334085777
2021-02-08,0.017369529151212995,1.7369529151212995,1451412.123339316,0.01283480273296811,1240779.7910681302
2021-02-09,0.0004873442836706318,0.04873442836706318,1452119.4607408757,-0.0004300136336804483,1240246.2388415758
2021-02-10,-0.0013529952521042611,-0.13529952521042612,1450154.750005005,-0.00018530340410816137,1240016.416991586
2021-02-11,0.0055346306323802,0.55346306323802,1458180.8209060743,0.004421924647502795,1245499.6761491895
2021-02-12,0.006929906258199625,0.6929906258199625,1468285.8773024578,-0.0006590524229219685,1244678.8265698748
2021-02-15,0.008420247578786722,0.8420247578786723,1480649.2079057805,0.00998465984153385,1257106.5212651344
2021-02-16,-0.005656686900214791,-0.5656686900214791,1472273.6389276064,-8.162092525865194e-05,1257003.9150677202
2021-02-17,-0.006641057840585107,-0.6641057840585107,1462496.1845343194,-0.006827318687430917,1248421.9487482044
2021-02-18,-0.008700751826925202,-0.8700751826925202,1449771.3681848613,-0.005914312869584326,1241038.3907500512
2021-02-19,-0.0063576397669670385,-0.6357639766967038,1440554.244081479,-0.009074717063029758,1229776.3184896368
2021-02-22,-0.02176123386746185,-2.176123386746185,1409206.006277257,-0.020428174591586412,1204654.2331469322
2021-02-23,0.0028607970600484475,0.2860797060048448,1413237.4586770178,0.0021872625461001327,1207289.1282320954
2021-02-24,0.020971091050367187,2.0971091050367185,1442874.590098723,0.01864318245786234,1229796.8397291198
2021-02-25,0.007236633309666552,0.7236633309666552,1453316.1444191027,0.007699213013950157,1239265.3075620772
2021-02-26,-0.03413715232812804,-3.4137152328128044,1403704.06981614,-0.03763569324758598,1192624.6985942957
2021-03-01,0.01251703684491954,1.251703684491954,1421274.285377392,0.015995389118723446,1211701.1947209118
2021-03-02,0.013847183930794139,1.3847183930794138,1440954.9318231207,0.010672985341787733,1224633.6638107947
2021-03-03,0.028077292958780965,2.8077292958780964,1481413.0455843187,0.021884698711632122,1251434.402575416
2021-03-04,-0.012940887043245876,-1.2940887043245874,1462242.2466970212,-0.010812930524138231,1237902.7293248517
2021-03-05,-0.011003685937050745,-1.1003685937050744,1446152.1922504797,-0.009459104528952489,1226193.2780114925
2021-03-08,0.0021268865597000807,0.21268865597000808,1449227.9939114582,0.0012117060677612201,1227679.063846707
2021-03-09,0.015657036946531134,1.5657036946531133,1471918.610156077,0.00950777560179139,1239351.560896779
2021-03-10,0.003135626282540316,0.3135626282540316,1476533.996835843,0.005060099883821945,1245622.8035860872
2021-03-12,-0.00849697933874667,-0.849697933874667,1463987.9179717717,-0.009479506235763657,1233814.9144520836
2021-03-15,-0.008384810362597929,-0.8384810362597929,1451712.6569064439,-0.006749419963093084,1225487.3794377188
2021-03-16,-0.0014015245251249636,-0.14015245251249636,1449678.046014355,-0.001275984104457617,1223923.6770213428
2021-03-17,-0.00774239397414911,-0.774239397414911,1438454.0674464372,-0.012685759862868795,1208397.2751641707
2021-03-18,-0.020887359712022914,-2.0887359712022913,1408408.559910461,-0.011102973071742905,1194980.4727580554
2021-03-19,0.01291314737619982,1.2913147376199818,1426595.5472104861,0.012786942826028547,1210260.6197414333
2021-03-22,-0.0010399579022096308,-0.10399579022096307,1425111.9478979076,-0.000515437423697751,1209636.806125591
2021-03-23,0.012107731500784613,1.2107731500784613,1442366.8207216156,0.00531673999743143,1216068.1305150841
2021-03-24,-0.017107854320343608,-1.7107854320343607,1417691.0192762131,-0.017911176994211853,1194286.918992408
2021-03-25,-0.012670002537635772,-1.2670002537635772,1399728.8704644002,-0.015430189146808937,1175858.8459367955
2021-03-26,0.0070779093576982975,0.7077909357698298,1409636.0245349007,0.012733031929623273,1190831.0941668388
2021-03-30,0.02963490106307152,2.9634901063071517,1451410.4486569336,0.02328481586755049,1218559.3769238673
2021-03-31,-0.014742165030633303,-1.4742165030633303,1430013.5162956475,-0.010400699094332388,1205885.507515905
2021-04-01,0.006872743924281899,0.6872743924281899,1439841.6330014095,0.012024574166918489,1220385.7672378423
2021-04-05,-0.007444122223709937,-0.7444122223709937,1429123.275902561,-0.015439860548026041,1201543.181176894
2021-04-06,-0.00223989002294942,-0.223989002294942,1425922.1969353019,0.003122067245233451,1205294.4797865802
2021-04-07,0.010112197013072378,1.0112197013072377,1440341.4031160248,0.009231436965811968,1216421.079801971
2021-04-08,0.002089270778870378,0.20892707788703782,1443350.6663211524,0.0036945688638336804,1220915.2312487185
2021-04-09,-0.0070455005112940675,-0.7045500511294067,1433181.5384636102,-0.0026187118170183377,1217718.0061050695
2021-04-12,-0.031296417441821434,-3.1296417441821434,1388328.0907659412,-0.03532558930400764,1174701.399933307
2021-04-13,0.0024310152121173505,0.24310152121173506,1391703.1374740032,0.013556195506029933,1190625.88177201
2021-04-15,0.012944299079021549,1.2944299079021548,1409717.7591146794,0.005284484560774683,1196917.7258618928
2021-04-16,-0.0068338510698725315,-0.6833851069872532,1400083.9578983353,0.002496282165007191,1199905.5702339427
2021-04-19,-0.008748979028184523,-0.8748979028184523,1387834.6527129852,-0.017676978554819645,1178694.8652011086
2021-04-20,-0.0059989104749119445,-0.5998910474911945,1379509.1568773794,-0.004390823034999047,1173519.4246357486
2021-04-22,0.010537970439902745,1.0537970439902744,1394046.3835941283,0.007676757575422188,1182528.2487687261
2021-04-23,-0.00774035004307887,-0.7740350043078871,1383255.9766088217,-0.004498133053794207,1177209.079365894
2021-04-26,0.010519966479715424,1.0519966479715424,1397807.7831156123,0.010016518287169873,1189000.6156371848
2021-04-27,0.015406953172655415,1.5406953172655415,1419343.742174448,0.011601643402658013,1202794.9767853483
2021-04-28,0.01432326264674131,1.432326264674131,1439673.375379621,0.014433855260107098,1220155.945387852
2021-04-29,0.0016135471398323058,0.1613547139832306,1441996.3562367577,0.0020418099664161193,1222647.2719577267
2021-04-30,-0.023244029569470515,-2.3244029569470515,1408478.550293322,-0.017710812045177438,1200993.1959265342
2021-05-03,-0.004749996836580395,-0.47499968365803946,1401788.2816350374,0.00020851346320172048,1201243.6191770986
2021-05-04,-0.012277815283503003,-1.2277815283503004,1384577.3840465432,-0.00940610742344028,1189944.5926533965
2021-05-05,0.011055343812705365,1.1055343812705365,1399884.363062474,0.0083709591539336,1199905.5702339422
2021-05-06,0.006698781182168046,0.6698781182168047,1409261.8820909683,0.0073164109749706,1208684.5725169303
2021-05-07,0.0017427226536850472,0.1742722653685047,1411717.834697863,0.006679247748155426,1216757.676226144
2021-05-10,0.001054421891220802,0.10544218912208021,1413206.3808869952,0.008041422748121585,1226542.1390827005
2021-05-11,-0.005468066255383164,-0.5468066255383164,1405478.8747637747,-0.006130201191218876,1219023.1890006156
2021-05-12,-0.010388621569884272,-1.0388621569884273,1390877.8866093871,-0.0103866808073666,1206361.584239688
2021-05-14,-0.0023615945899907232,-0.2361594589990723,1387593.1969170328,-0.0012724250884564858,1204826.5794941513
2021-05-17,0.022057933981528687,2.205793398152869,1418200.636047847,0.01671576048197254,1224966.1720192898
2021-05-18,0.013792255159389245,1.3792255159389244,1437760.821087427,0.012393443335275034,1240147.7208598396
2021-05-19,-0.004926037510098147,-0.49260375100981474,1430678.357352201,-0.005159432408138875,1233749.2625179556
2021-05-20,-0.007924440446622572,-0.7924440446622572,1419341.0319110914,-0.00825677606093067,1223562.4711420066
2021-05-21,0.022051654266909984,2.2051654266909986,1450639.849633634,0.01806313567497475,1245663.846065052
2021-05-24,0.0006397536378008219,0.06397536378008219,1451567.9017545762,0.001476108604989923,1247502.5811871535
2021-05-25,-0.0003526310688062969,-0.03526310688062969,1451056.0338139355,0.0007073438653115716,1248384.9944849166
2021-05-26,0.009217098769067246,0.9217098769067246,1464430.5605970495,0.006115021504864648,1256018.8955725422
2021-05-27,0.003372972360325655,0.3372972360325655,1469370.0444015597,0.002378821196545866,1259006.7399445924
2021-05-28,0.010108402891633752,1.0108402891633752,1484223.0288072687,0.006376433707514062,1267034.7129591624
2021-05-31,0.015551842363421555,1.5551842363421555,1507305.4313834393,0.009533088035724946,1279113.4664221215
2021-06-01,-0.00489808134191907,-0.489808134191907,1499922.526773407,-0.0005101904286871628,1278460.8749743481
2021-06-02,-0.0013005178859825772,-0.13005178859825772,1497971.85069975,8.67158252806366e-05,1278571.7377642104
2021-06-03,0.0059000803527119675,0.5900080352711967,1506810.0049849793,0.0073284506253876724,1287941.6876154316
2021-06-04,-0.0070500365583125784,-0.7050036558312578,1496186.939363404,-0.001281017305247989,1286291.812025446
2021-06-07,0.00802113602593173,0.8021136025931731,1508188.0583242602,0.0051945814919991395,1292973.5596655034
2021-06-08,-0.000760810316191729,-0.0760810316191729,1507040.61329073,-0.0007333060957773752,1292025.4142725219
2021-06-09,-0.005569666749982294,-0.5569666749982294,1498646.8992960115,-0.006654976944212576,1283427.0149292015
2021-06-10,0.004495182448518875,0.4495182448518875,1505383.5905342542,0.0065492869160790335,1291832.5466858197
2021-06-11,0.009434279180505123,0.9434279180505123,1519585.7996011057,0.003914130633349666,1296888.9480299607
2021-06-14,0.003983128176047757,0.3983128176047757,1525638.504615419,0.0007911718082738162,1297915.0100041039
2021-06-15,0.005935726263984154,0.5935726263984153,1534694.27715661,0.003630213545097627,1302626.7186538063
2021-06-16,-0.004163066548097839,-0.4163066548097839,1528305.2427498223,-0.006408632752808119,1294278.6623999586
2021-06-17,0.0002922048677414409,0.02922048677414409,1528751.8209811484,-0.0048295020472909345,1288027.940950133
2021-06-18,0.0017873336510713545,0.17873336510713544,1531484.2105549246,-0.000513069646403852,1287367.0929099114
2021-06-21,0.0006479858925840575,0.06479858925840574,1532476.5907180796,0.004026588209654625,1292550.7900677198
2021-06-22,0.0014436229623011165,0.14436229623011165,1534688.909113629,0.0016670371193598932,1294705.5202134205
2021-06-23,-0.007115858613252257,-0.7115858613252257,1523768.2798210501,-0.005439749231269109,1287662.6468551198
2021-06-24,0.015423096385640213,1.5423096385640214,1547269.5048701116,0.006597840798329813,1296158.4400010258
2021-06-25,0.003686319012320528,0.3686319012320528,1552973.233863098,0.0044266891189239654,1301896.1304637797
2021-06-28,-0.00515465119543066,-0.515465119543066,1544968.198526694,-0.0028782098242977616,1298149.0002308635
2021-06-29,-0.003805361255551087,-0.3805361255551087,1539089.036402962,-0.0041891404314852165,1292710.8717679044
2021-06-30,0.0013262769435261165,0.13262769435261165,1541130.2947059767,-0.0017112919035373597,1290498.666119433
2021-07-01,-0.005543064984308455,-0.5543064984308456,1532587.7093331353,-0.002639697229908089,1287092.1403652774
2021-07-02,0.005078503275989777,0.5078503275989776,1540370.961035725,0.002691338986766656,1290556.1416222036
2021-07-05,0.007548894179107403,0.7548894179107403,1551999.0584171535,0.007133188273225066,1299761.9215575615
2021-07-06,-0.002013711153056397,-0.2013711153056397,1548873.7806036859,-0.0010167521731027085,1298440.3857993016
2021-07-07,0.0014578270117779901,0.145782701177799,1551131.7706388845,0.0038816171589777237,1303480.4342807299
2021-07-08,-0.009325844594832922,-0.9325844594832923,1536666.1567997984,-0.0095562557277451,1291024.041914631
2021-07-09,-0.008330800457136899,-0.8330800457136899,1523864.4976782638,-0.0024224839292732447,1287896.556920787
2021-07-12,-0.0012040994455892345,-0.12040994455892345,1522029.6132814563,0.00017844744498685117,1288126.378770777
2021-07-13,0.008559246334857318,0.8559246334857319,1535057.0396704802,0.007630985495128417,1297956.052483069
2021-07-14,0.003985142901413764,0.39851429014137635,1541174.4613353882,0.0026308921169333477,1301370.8348296727
2021-07-15,0.0036660983723078916,0.36660983723078916,1546824.5585195322,0.004431072328003882,1307137.3031243577
2021-07-16,-0.0027554699930341323,-0.27554699930341325,1542562.3298640435,-5.0225736783704455e-05,1307071.6511902306
2021-07-19,-0.011758842858798937,-1.1758842858798937,1524423.5818272694,-0.010738912280361723,1293035.1233839511
2021-07-20,-0.006131599419691769,-0.6131599419691769,1515076.4270775728,-0.0076369809214345,1283160.2388159232
2021-07-22,0.013554968849067395,1.3554968849067395,1535613.2408505657,0.012279233123449584,1298916.4625230853
2021-07-23,0.003889232869826809,0.3889232869826809,1541585.5983422229,0.002022238326785386,1301543.181176892
2021-07-26,-0.003108510435894996,-0.3108510435894996,1536793.5634219507,-0.0019929055322251976,1298949.3285706947
2021-07-27,-0.002253813766857627,-0.2253813766857627,1533329.916931892,-0.004929081202650898,1292546.7018520406
2021-07-28,-0.0012789094272845246,-0.12789094272845244,1531368.9268459906,-0.002352898858342667,1289505.4701928985
2021-07-29,0.004292876848312877,0.42928768483128765,1537942.9050582736,0.004395444954646832,1295173.4205058473
2021-07-30,-0.0046248708673850775,-0.46248708673850775,1530830.117720968,-0.000976039499086867,1293909.2800892661
2021-08-02,0.00869470299336983,0.8694702993369829,1544140.2309278573,0.007746000136419795,1303931.9015493526
2021-08-03,0.012775485202477555,1.2775485202477554,1563867.3715986265,0.015460955882416139,1324091.935152882
2021-08-04,0.011437794516599455,1.1437794516599455,1581754.5652461862,0.007938242467802281,1334602.8979837869
2021-08-05,0.003285967169731619,0.3285967169731619,1586952.1588181583,0.0022018725316477195,1337541.5234455147
2021-08-06,-0.003382541694871223,-0.3382541694871223,1581584.2269731902,-0.003461233501561467,1332911.9799148357
2021-08-09,0.004225988217111976,0.4225988217111976,1588267.983280749,0.0012347307242392969,1334557.767289143
2021-08-10,0.003344897904973543,0.3344897904973543,1593580.5775305615,0.0013439090538649445,1336351.2915555087
2021-08-11,-0.0003267375406100558,-0.03267375406100558,1593059.894931895,0.00013208706805212245,1336527.806279498
2021-08-12,0.004357991401288874,0.4357991401288874,1600002.4362557463,0.005045395484346349,1343271.1176380038
2021-08-13,0.01695571269172449,1.6955712691724492,1627131.617870958,0.010064482340847336,1356790.4460804416
2021-08-16,0.002202876485349803,0.2202876485349803,1630715.9878505352,0.002054024277023725,1359577.3265955246
2021-08-17,0.005635782111071674,0.5635782111071674,1639906.347843102,0.0031122785775283823,1363808.7099835812
2021-08-18,-0.0036404503508416846,-0.36404503508416847,1633936.350203749,-0.00275360231817956,1360053.323158217
2021-08-20,-0.004339837707860484,-0.4339837707860484,1626845.3316188906,-0.007142898400624986,1350338.6004514652
2021-08-23,0.008247249292598369,0.8247249292598369,1640262.3306292517,0.0027931806783987323,1354110.3401395422
2021-08-24,0.0065203658794138475,0.6520365879413847,1650957.4411631746,0.007768362083601765,1364629.5595628954
2021-08-25,0.0048094097363735825,0.48094097363735827,1658897.5719550431,0.0006045728309951315,1365454.57751898
2021-08-26,0.004235626703861884,0.4235626703861884,1665924.0428097877,0.00013525983096518424,1365639.2686743257
2021-08-27,-0.0003754301682642899,-0.037543016826428986,1665298.60466608,0.004105261588480014,1371245.5751077344
2021-08-30,0.00810609896173431,0.8106098961734309,1678797.6799563414,0.013519836521704187,1389784.5911143012
2021-08-31,0.007714967287742769,0.7714967287742769,1691749.549139943,0.011880446175423387,1406295.8521444674
2021-09-01,-0.00640207234815029,-0.640207234815029,1680918.8461313983,-0.00326573477436376,1401703.2628770757
2021-09-02,0.0130310061087902,1.30310061087902,1702822.909883717,0.009246783727399066,1414664.5097988897
2021-09-03,0.00798205421749414,0.798205421749414,1716414.9346732004,0.005190230833697296,1422006.9451569852
2021-09-06,0.004939968420199991,0.49399684201999916,1724893.9702464456,0.0031287476677577253,1426456.0460701806
2021-09-07,-0.004083032718632285,-0.4083032718632285,1717851.1717297577,-0.0009035189246697772,1425167.2160373465
2021-09-08,-0.0024998946817461846,-0.24998946817461845,1713556.724721519,-0.0004953092983268625,1424461.3174635726
2021-09-09,-0.0009375778611045992,-0.09375778611045991,1711950.1318726733,0.0009075978909154347,1425754.155550993
2021-09-13,-0.006807384843929221,-0.6807384843929222,1700296.2284914008,-0.000803098507419775,1424609.1345167228
2021-09-14,0.0002820857955581957,0.028208579555819572,1700775.8579056992,0.001423151293159064,1426636.5688487564
2021-09-15,0.009090675340065846,0.9090675340065847,1716237.0590561419,0.00802354538262362,1438083.2521034249
2021-09-16,0.00582709463476434,0.5827094634764339,1726237.7348149514,0.006281634763507293,1447116.7658526553
2021-09-17,-0.007346232208128889,-0.7346232208128889,1713556.3915685662,-0.002515647600612625,1443476.330032832
2021-09-20,-0.005955167784888916,-0.5955167784888916,1703351.8757479067,-0.010705054879733056,1428023.8367022348
2021-09-21,0.006062225169516799,0.60622251695168,1713677.9783616094,0.00949017386246398,1441576.031192282
2021-09-22,-0.002816108674395435,-0.2816108674395435,1708852.074941625,-0.0008740239935656202,1440316.059152471
2021-09-23,0.01685862795391744,1.685862795391744,1737660.9763013455,0.015746528367181822,1462996.0368356227
2021-09-24,0.007651127975737104,0.7651127975737104,1750956.0428094715,0.0016972499684944076,1465479.1068130494
2021-09-27,0.0016382544783627442,0.16382544783627442,1753824.5543880207,0.00010644538279747096,1465635.1002975558
2021-09-28,-0.009857154570337402,-0.9857154570337402,1736536.8346661646,-0.0059646824901542495,1456893.0522778556
2021-09-29,-0.0050590653333058904,-0.505906533330589,1727751.5813658964,-0.0021015082285871234,1453831.3795403223
2021-09-30,-0.005858131144139468,-0.5858131144139468,1717630.1860177605,-0.005259376020738893,1446185.1336445704
2021-10-01,-0.007210592532490679,-0.7210592532490679,1705245.0546248802,-0.004886983449795879,1439117.6508311084
2021-10-04,0.009169098567063338,0.9169098567063337,1720880.6146117332,0.009080467581137563,1452185.512004923
2021-10-05,0.009342812839925042,0.9342812839925042,1736958.4801139059,0.007407660919946268,1462942.8098707143
2021-10-06,-0.006968119146650341,-0.6968119146650341,1724855.1464716876,-0.009892144870289554,1448471.1676585246
2021-10-07,0.010508233132141843,1.0508233132141842,1742980.3264699867,0.008180302016037588,1460320.099271494
2021-10-08,0.013133967881773524,1.3133967881773523,1765872.5740964066,0.005893622760496431,1468926.6750461708
2021-10-11,-0.011214343739492084,-1.1214343739492083,1746069.4720503478,0.0028359561343596074,1473092.4866611925
2021-10-12,-0.0031528838401506,-0.31528838401506,1740564.31782814,0.0025632525445875576,1476868.3947260396
2021-10-13,0.006602122792965038,0.6602122792965037,1752055.737183495,0.00943759784921161,1490806.484711675
2021-10-14,0.009899696184478658,0.9899696184478658,1769400.5566798842,0.009734787740718787,1505319.16940283
2021-10-18,0.014380337114523956,1.4380337114523956,1794845.1331755673,0.007552396132719963,1516687.9360763372
2021-10-19,0.007166078674137479,0.7166078674137478,1807707.1346077959,-0.003155307734996393,1511902.3189000597
2021-10-20,-0.008055010067157564,-0.8055010067157564,1793146.0354400577,-0.008260625212080042,1499413.0604863516
2021-10-21,-0.012524392437650446,-1.2524392437650447,1770687.9707941895,-0.004844908296702255,1492148.5417094175
2021-10-22,-0.0038550982973758917,-0.3855098297375892,1763861.7946127967,-0.003476668084567369,1486960.8364970225
2021-10-25,0.015167471863084894,1.5167471863084894,1790615.1187529569,0.000579633328010587,1487822.7285553028
2021-10-26,0.0018438381597533308,0.18438381597533307,1793916.723238345,0.007889480889700096,1499560.8775395013
2021-10-27,0.0009920787187277958,0.09920787187277957,1795696.42984264,-0.0031448386638428527,1494845.0005130288
2021-10-28,-0.023677322008541356,-2.3677322008541357,1753179.1472436679,-0.0194223384240636,1465811.6150215454
2021-10-29,-0.01094915651900248,-1.0949156519002479,1733983.3143546456,-0.010393515763905459,1450576.6788939033
2021-11-01,0.011923197616053783,1.1923197616053782,1754657.9400746361,0.014599655057507821,1471754.5980402194
2021-11-02,-0.003273401476242155,-0.3273401476242155,1748914.2401832957,-0.002270048271341696,1468413.644059099
2021-11-03,-0.007266322093083512,-0.7266322093083512,1736206.0660009435,-0.0033400508475575075,1463509.0678226943
2021-11-04,0.0034966314551469367,0.3496631455146937,1742276.9387439394,0.004913376165984751,1470699.838395237
2021-11-08,0.0035747382468790394,0.35747382468790395,1748505.1227535228,0.008469704042186388,1483156.230761336
2021-11-09,0.0004639430120961569,0.04639430120961569,1749316.3294868385,-0.001344921435271762,1481161.5021547282
2021-11-10,-0.0028531811254723484,-0.2853181125472348,1744325.2131530659,-0.0014991358050348014,1478941.039913809
2021-11-11,-0.0035127105895975458,-0.3512710589597546,1738197.9035051211,-0.007970140510272006,1467153.6720192882
2021-11-12,0.012542160286642635,1.2542160286642634,1759998.6602207886,0.012820606684330382,1485963.4721937184
2021-11-15,0.0008439092133230911,0.0843909213323091,1761483.939305585,0.0003700663573213969,1486513.377282986
2021-11-16,-0.007476837169640361,-0.7476837169640361,1748313.6107144607,-0.006087981951756416,1477463.5106710426
2021-11-17,-0.009704817025450431,-0.9704817025450431,1731346.5470193722,-0.005586294529162039,1469209.9643443443
2021-11-18,-0.001225522701037285,-0.1225522701037285,1729224.7425226374,-0.007478195643460861,1458222.9247896553
2021-11-22,-0.01808413989130362,-1.808413989130362,1697953.2003753546,-0.019603372100156835,1429636.8381900247
2021-11-23,-0.0003629901913603686,-0.036299019136036864,1697336.8600182296,0.004983697932798847,1436761.7163451654
2021-11-24,-0.0062557480943911566,-0.6255748094391157,1686718.7481906307,-0.0050446817378146935,1429513.7107531277
2021-11-25,0.013937389646617749,1.3937389646617748,1710227.2046084187,0.006959452503032093,1439462.3435255473
2021-11-26,-0.022369204104071505,-2.2369204104071505,1671970.7832041974,-0.029071254187753914,1397615.367843216
2021-11-29,0.006622720189900977,0.6622720189900977,1683043.7778670483,0.0016151341742889347,1399872.704186331
2021-11-30,-0.0016382373348327929,-0.16382373348327928,1680286.5527139886,-0.004148599194972014,1394065.1934126804
2021-12-01,0.013365709562202888,1.3365709562202888,1702744.7747588386,0.01081664117042136,1409144.2963779995
2021-12-02,0.010161531778765266,1.0161531778765265,1720047.2698986772,0.013674571102433752,1428413.7402524094
2021-12-03,-0.010884695519815947,-1.0884695519815948,1701325.0790861393,-0.01177768586739425,1411590.3319310467
2021-12-06,-0.017318752499178736,-1.7318752499178736,1671860.2511208009,-0.01654091957599968,1388241.3297763166
2021-12-07,0.01626616097709044,1.6266160977090443,1699054.9990967307,0.015636548581649423,1409948.6327724175
2021-12-08,0.0190701366694094,1.90701366694094,1731456.2101383489,0.017060948527881648,1434003.693823105
2021-12-09,-0.00010700350764765173,-0.010700350764765174,1731270.9382505256,0.002696066593683266,1437869.8632772397
2021-12-10,0.001904894215119657,0.19048942151196568,1734568.8262456039,-0.00031677089480919296,1437414.3879540302
2021-12-13,-0.009715650737316107,-0.9715650737316107,1717716.3613499652,-0.008169055116863166,1425672.0705930616
2021-12-14,-0.0007226400295585302,-0.07226400295585302,1716475.070747826,-0.002495911181322197,1422113.7197311698
2021-12-15,-0.007596160751577542,-0.7596160751577542,1703436.4501843501,-0.005974060321640162,1413617.9265852638
2021-12-16,0.004592735244344915,0.4592735244344915,1711259.8828056136,0.0015678167505297491,1415834.2204494132
2021-12-17,-0.006639361227099073,-0.6639361227099073,1699898.2102902238,-0.01525945397337003,1394229.3633285433
2021-12-20,-0.020809473690415126,-2.0809473690415126,1664524.2232068058,-0.021842546279377872,1363775.8439359718
2021-12-21,0.012474646360493048,1.2474646360493047,1685288.574249785,0.00942870544420904,1376634.4846603717
2021-12-22,0.011365153768660896,1.1365153768660896,1704442.1380407012,0.011007170994593363,1391787.3358300822
2021-12-23,0.004732619598845122,0.47326195988451225,1712508.61430829,0.006909306212627531,1401403.6207161893
2021-12-24,-0.00014735524368150174,-0.014735524368150173,1712256.267184122,-0.004032754879180422,1395752.103427045
2021-12-27,0.005544555366283134,0.5544555366283134,1721749.9668587896,0.004851870910828504,1402524.1124563904
2021-12-28,0.006606633704208775,0.6606633704208775,1733124.9382200593,0.008603409174043453,1414590.6012723148
2021-12-29,-0.0015358003971842173,-0.15358003971842174,1730463.204251571,-0.0011402602889762914,1412977.5997845249
2021-12-30,0.0003276402363612708,0.03276402363612708,1731030.1736248264,-0.0005606259494814747,1412185.4478760497
2021-12-31,0.004134026732991481,0.4134026732991481,1738186.2986382062,0.008724831757606522,1424506.5283193083
2022-01-03,0.020471689501538968,2.047168950153897,1773769.9088397566,0.015653315812207858,1446804.7788836423
2022-01-04,0.011400143416213293,1.1400143416213293,1793991.1401878933,0.01018687423526421,1461543.197209109
2022-01-05,0.002654052154878505,0.2654052154878505,1798752.4862393423,0.0067395852346920915,1471393.392160884
2022-01-06,-0.013952091253841847,-1.3952091253841847,1773656.127408256,-0.010005417462796928,1456671.4870203137
2022-01-07,0.007139650165400124,0.7139650165400124,1786319.4116716695,0.003764183651131514,1462154.666016825
2022-01-10,0.011071379696860407,1.1071379696860406,1806096.4321381587,0.010700318921871732,1477800.1872563078
2022-01-11,0.004663342944695859,0.4663342944695859,1814518.8791924105,0.002913311252602302,1482105.4791709394
2022-01-12,0.006884345559469641,0.6884345559469641,1827010.6541809526,0.008673115731830494,1494959.951518569
2022-01-13,0.00170641019634461,0.17064101963446102,1830128.283790077,0.0024956237305924223,1498690.809049864
2022-01-14,0.00843351321584609,0.8433513215846089,1845562.6948581147,-0.00011232356375068253,1498522.470757231
2022-01-17,0.001434362778313036,0.1434362778313036,1848209.9012926626,0.0028675682661627455,1502819.5862405063
2022-01-18,-0.0037939863886717667,-0.3793986388671767,1841197.8180837496,-0.010653690567923424,1486809.011389285
2022-01-19,-0.01400480879626449,-1.400480879626449,1815412.1946853872,-0.00964224043394124,1472472.8414221192
2022-01-20,-0.013483051222026955,-1.3483051222026956,1790934.8990753517,-0.010112406160797005,1457582.5979889159
2022-01-21,-0.003521139712289312,-0.35211397122893123,1784628.7670800926,-0.007875745304668613,1446103.048686638
2022-01-24,-0.022884634208873347,-2.2884634208873345,1743788.1905468323,-0.02656790518738339,1407683.1199979454
2022-01-25,-0.0011651832589175681,-0.11651832589175681,1741756.3577401089,0.007513491221694313,1418259.7347629773
2022-01-27,-0.017927614888649246,-1.7927614888649246,1710530.820528688,-0.00971173291462768,1404485.9750153886
2022-01-28,-0.0020350495595542473,-0.20350495595542473,1707049.805535767,-0.0004793161771092791,1403812.7821670407
2022-01-31,0.017806979908823985,1.7806979908823986,1737447.2071263045,0.0139107178709299,1423340.8257233717
2022-02-01,0.01388742655393669,1.388742655393669,1761575.8776066133,0.013667938611870323,1442794.9607531277
2022-02-02,0.010450293075770611,1.0450293075770611,1779984.8618028103,0.011557838585399605,1459470.5520213402
2022-02-03,-0.012906701010140976,-1.2906701010140975,1757011.129388944,-0.012362248664229525,1441428.214139132
2022-02-04,-0.0018599021072255083,-0.18599021072255084,1753743.260686975,-0.0024998826581151823,1437824.8127436878
2022-02-07,-0.018060955742664933,-1.8060955742664933,1722068.9812717105,-0.017281112927623465,1412977.5997845249
2022-02-08,0.0024418971015453873,0.24418971015453872,1726274.096525739,0.0030876976246183574,1417340.4473630185
2022-02-09,0.013063382353764563,1.3063382353764563,1748825.075096054,0.01141215233034587,1433515.3524522856
2022-02-10,0.008379226644642834,0.8379226644642834,1763478.8767621184,0.008133901085124018,1445175.4245331392
2022-02-11,-0.014312949282837972,-1.4312949282837972,1738238.293037666,-0.01312629691281364,1426205.6228196155
2022-02-14,-0.020962277380498454,-2.0962277380498455,1701800.8597856062,-0.03061622289529342,1382540.5935768494
2022-02-15,0.029872302789172037,2.987230278917204,1752637.5703559953,0.03025912638397754,1424375.0641288708
2022-02-16,-0.0045920500551703824,-0.45920500551703824,1744589.3709043483,-0.0017432697608654735,1421891.9941514442
2022-02-17,-0.00477116216246023,-0.477116216246023,1736265.6521088593,-0.001016014719190439,1420447.330956287
2022-02-18,-0.002730350926419445,-0.2730350926419445,1731525.0375771136,-0.0016353356196504576,1418124.4228401368
2022-02-21,-0.00039411071741044483,-0.03941107174104448,1730842.62500234,-0.004031556958107085,1412407.173455774
2022-02-22,-0.009971266958428161,-0.9971266958428161,1713583.9311254148,-0.006651566067580439,1403012.4538272086
2022-02-23,-0.0046126001669253075,-0.46126001669253075,1705679.8535986652,-0.0016937094155936583,1400636.1584239665
2022-02-24,-0.04734268724592555,-4.734268724592555,1624928.3857480676,-0.04778103847083648,1333712.3082546662
2022-02-25,0.02303819074094453,2.303819074094453,1662363.7958393067,0.025261660109649586,1367404.0952698519
2022-02-28,0.010364235507715258,1.0364235507715258,1679592.9257188847,0.008134034290366632,1378526.6070695645
2022-03-02,-0.013430972099348383,-1.3430972099348384,1657034.3599952913,-0.011191633122935585,1363098.6430330367
2022-03-03,-0.004770457992981238,-0.47704579929812374,1649129.5471880073,-0.00649757722841704,1354241.804329979
2022-03-04,-0.008874721751780012,-0.8874721751780011,1634493.9813240746,-0.015317032007332254,1333498.8392673894
2022-03-07,-0.023787443847886405,-2.3787443847886407,1595613.5475236198,-0.02352668473994779,1302126.0324748594
2022-03-08,0.014543966918161712,1.4543966918161713,1618820.098172974,0.009474776509483585,1314463.3856197393
2022-03-09,0.023644522720199034,2.3644522720199035,1657096.32676414,0.020726290088294297,1341707.3350605352
2022-03-10,0.009868945047726842,0.9868945047726843,1673450.1193517656,0.01526738719047449,1362191.700441204
2022-03-11,-8.127448638093331e-05,-0.00812744863809333,1673314.1105528313,0.0021421537513466316,1365109.7245023574
2022-03-14,0.02355501222632448,2.355501222632448,1712729.0448853844,0.014482565042708062,1384880.0148778958
2022-03-15,-0.0149404492086189,-1.49404492086189,1687140.103582148,-0.012346456503312231,1367781.6540118996
2022-03-16,0.018720635304193947,1.8720635304193947,1718724.4381683895,0.018745100484606647,1393420.8585573542
2022-03-17,0.011581948163102474,1.1581948163102473,1738630.6155179134,0.018361988356508263,1419006.8361379001
2022-03-21,-0.00555254876162008,-0.5552548761620081,1728976.7842468047,-0.009802202470463706,1405097.4438231043
2022-03-22,0.016095043638441053,1.6095043638441053,1756804.7410391085,0.011561223252155806,1421342.0890621766
2022-03-23,-0.002301298755460057,-0.23012987554600572,1752761.808474969,-0.0040339354552280104,1415608.4868151008
2022-03-24,-0.002222081631791006,-0.2222081631791006,1748867.028655452,-0.0013278937068936791,1413728.7092140338
2022-03-25,-0.005038159025149503,-0.5038159025149502,1740055.9584512452,-0.004049875890900112,1408003.2833983144
2022-03-28,0.005182395737530277,0.5182395737530276,1749073.617033387,0.004022619949862971,1413667.1454955852
2022-03-29,0.005256298430884932,0.5256298430884933,1758267.2699421023,0.005998187274997013,1422146.585778778
2022-03-30,0.014987706361304379,1.4987706361304378,1784619.6634886868,0.009982465582194733,1436343.1151241504
2022-03-31,-0.0031613396001290983,-0.31613396001290983,1778977.8746753312,-0.001914477162001882,1433593.2690334464
2022-04-01,0.008739496804238002,0.8739496804238002,1794525.2461258662,0.011777965258592316,1450478.0807510742
2022-04-04,0.021882105401792563,2.188210540179256,1833793.2367077703,0.021671841339984343,1481912.6115842364
2022-04-05,-0.009936349167654223,-0.9936349167654223,1815572.0268065592,-0.005317557796472028,1474032.4556228167
2022-04-06,-0.014307729908412115,-1.4307729908412115,1789595.3126177427,-0.008339180323571727,1461740.2331725806
2022-04-07,-0.011795230083098109,-1.179523008309811,1768486.6241497826,-0.00943974110495216,1447941.783808739
2022-04-08,0.005065449627665485,0.5065449627665485,1777444.8040616133,0.008208759390795572,1459827.589523904
2022-04-11,-0.006166818157165377,-0.6166818157165377,1766483.6251705668,-0.006151497975913078,1450847.4630617658
2022-04-12,-0.006016472126040728,-0.6016472126040728,1755855.6256786208,-0.008183810641252287,1438974.002154727
2022-04-13,-0.005855573850913021,-0.5855573850913021,1745574.0833909186,-0.0031174816283502382,1434488.027139336
2022-04-18,-0.03312389806536569,-3.312389806536569,1687753.8653871338,-0.017281188010147552,1409698.3698440355
2022-04-19,-0.008276393784947357,-0.8276393784947357,1673785.3497851228,-0.012519178806467801,1392050.1038887717
2022-04-20,0.01305950455312175,1.305950455312175,1695644.1571815899,0.010490244596548015,1406653.0499692152
2022-04-21,0.017401560086500022,1.7401560086500023,1725151.0108681081,0.014941678252146096,1427670.8072542553
2022-04-22,-0.01326781388667695,-1.3267813886676951,1702262.0283294974,-0.012686452605167986,1409558.7292222423
2022-04-25,-0.008544782969846378,-0.8544782969846377,1687716.5687396112,-0.012695122564301942,1391664.2083931842
2022-04-26,0.009762160542594399,0.9762160542594399,1704192.3288340438,0.014560121616207233,1411927.0085163119
2022-04-27,-0.006983573827364053,-0.6983573827364054,1692290.9758896036,-0.009441443610115341,1398596.3792838063
2022-04-28,0.010785018298417826,1.0785018298417826,1710542.3650308202,0.012128508890934642,1415559.267904779
2022-04-29,-0.005197551325271577,-0.5197551325271577,1701651.7332945212,-0.008263240381694681,1403862.161399546
2022-05-02,-0.002192303406418783,-0.21923034064187827,1697921.196403081,-0.0019559171203674675,1401116.3233634287
2022-05-04,-0.021805331321816657,-2.1805331321816657,1660897.4621571766,-0.022936183451936376,1368980.0623332625
2022-05-05,0.005284304737903402,0.5284304737903401,1669674.1504856257,0.00030284821366977077,1369394.6554996897
2022-05-06,-0.01931654993432448,-1.931654993432448,1637421.8063837192,-0.0162684216398562,1347116.765852655
2022-05-09,-0.005651156698155835,-0.5651156698155835,1628168.4791748675,-0.006666182687180999,1338136.6393905168
2022-05-10,-0.0025650045527240155,-0.25650045527240156,1623992.2196131821,-0.003790968888092272,1333063.805022571
2022-05-11,-0.005043750127444602,-0.5043750127444602,1615801.2086485391,-0.0044919933245182175,1327075.6913092528
2022-05-12,-0.01628324348910626,-1.6283243489106258,1589490.724138123,-0.022211752141785834,1297599.0149805027
2022-05-13,-0.005048402688291388,-0.5048402688291388,1581466.3348933698,-0.0016352232651188903,1295477.150882411
2022-05-16,-0.00041819009086669886,-0.041819009086669884,1580804.981343078,0.0038112305721171857,1300414.5130053333
2022-05-17,0.02604311965310968,2.604311965310968,1621974.0746204276,0.026321935902047233,1334643.9404627518
2022-05-18,-0.0014148464242972115,-0.14148464242972114,1619679.2304006482,-0.0011685620062508173,1333084.326262054
2022-05-19,-0.03522612256899258,-3.522612256899258,1562624.2113081035,-0.026532725334179386,1297713.9659860432
2022-05-20,0.02833482141237349,2.833482141237349,1606900.8892701697,0.028891038794289337,1335206.270521237
2022-05-23,8.634115233263595e-05,0.008634115233263594,1607039.6309446336,-0.0031630222318707046,1330982.9834034452
2022-05-24,-0.0036001509052303593,-0.36001509052303593,1601254.045762547,-0.005522754266735541,1323632.2914529014
2022-05-25,-0.007594930512459475,-0.7594930512459475,1589092.632552186,-0.006161219184365629,1315477.102785756
2022-05-26,0.013703742429938904,1.3703742429938903,1610869.1486859946,0.009007387318995308,1327326.1145598171
2022-05-27,0.013266214968196311,1.326621496819631,1632239.2850980985,0.011273847198922216,1342290.1863585038
2022-05-30,0.02662909482308589,2.662909482308589,1675704.3397949417,0.018893205092962884,1367650.3501436464
2022-05-31,-0.004647689315581816,-0.4647689315581816,1667916.1866388025,-0.004612433983534836,1361342.1531910505
2022-06-01,-0.0030149118171968413,-0.30149118171968414,1662887.5664176114,-0.0037264067061659745,1356269.238662013
2022-06-02,0.01275235012011986,1.275235012011986,1684093.2908749632,0.006370004993115463,1364908.6804842988
2022-06-03,0.004724431223953718,0.4724431223953718,1692049.673802424,-0.002628050201467391,1361321.6319515675
2022-06-06,9.306087130049887e-05,0.009306087130049887,1692207.1374193518,-0.0008893953501298846,1360110.8788220787
2022-06-07,-0.012034596854699766,-1.2034596854699766,1671842.1067258643,-0.009245946006475991,1347535.3670736689
2022-06-08,-0.0027963617776987307,-0.2796361777698731,1667167.0313602688,-0.0036609606157923524,1342602.093166425
2022-06-09,0.011230253707026619,1.1230253707026618,1685889.740094435,0.00744972774168895,1352604.1132259367
2022-06-10,-0.02234446638697614,-2.234446638697614,1648219.433464747,-0.016767698414100085,1329924.0553816927
2022-06-13,-0.03173362174989583,-3.173362174989583,1595915.461402349,-0.026379749115209128,1294840.992458442
2022-06-14,-0.003850319802441638,-0.3850319802441638,1589770.6764982885,-0.00268160945598539,1291368.7346090681
2022-06-15,-0.00541540245464125,-0.5415402454641249,1581161.428474463,-0.0025393443813560568,1288089.5046685797
2022-06-16,-0.016869307657713283,-1.6869307657713284,1554488.329881018,-0.021128447854290244,1260874.172737531
2022-06-17,0.001326806328052088,0.13268063280520878,1556550.834833987,-0.00436829362663993,1255366.3041247667
2022-06-20,0.006529176572291729,0.6529176572291729,1566713.8300783662,0.0037042135956451006,1260016.4490560205
2022-06-21,0.019819067853509287,1.9819067853509287,1597764.6377837209,0.018804337854487096,1283710.224066281
2022-06-22,-0.010807852807398577,-1.0807852807398577,1580496.2327576878,-0.014419265085317434,1265200.066052737
2022-06-23,0.00859026026885914,0.859026026885914,1594073.106751028,0.009300447519609234,1276966.9928688665
2022-06-24,0.007220465909233443,0.7220465909233442,1605583.0572751495,0.009166472588529428,1288672.2758054559
2022-06-27,0.006824201883779102,0.6824201883779102,1616539.8801991707,0.008458990377725017,1299573.1421865353
2022-06-28,0.00028137143148887527,0.028137143148887527,1616994.7283393212,0.0011464333961117568,1301063.016237428
2022-06-29,-0.0022158028857866443,-0.22158028857866444,1613411.7867539653,-0.0032239710103227903,1296868.4267904754
2022-06-30,0.0014639353569256613,0.14639353569256613,1615773.717313875,-0.001193081241402827,1295321.157397904
2022-07-01,-0.009152511231763838,-0.9152511231763838,1600985.330218171,-0.0017870563085186086,1293006.3455520184
2022-07-04,0.0016320259556329212,0.1632025955632921,1603598.1798316743,0.005288188249805481,1299844.0065154906
2022-07-05,-0.0017894435582509031,-0.1789443558250903,1600728.6313987516,-0.0015471713984448465,1297832.9250461697
2022-07-06,0.007697070806937778,0.7697070806937778,1613049.5530173203,0.011318189707300252,1312522.0443002228
2022-07-07,0.008640578272806444,0.8640578272806444,1626987.233938082,0.00894949203151052,1324268.4498768696
2022-07-08,0.004894611924259929,0.4894611924259929,1634950.7050539341,0.005436047866567373,1331467.2365585852
2022-07-11,-0.0070764224465054825,-0.7076422446505483,1623381.1031857603,-0.00028356592763323363,1331089.677816537
2022-07-12,-0.01138059322605054,-1.1380593226050542,1604906.063199546,-0.0097249750439381,1318144.8639185275
2022-07-13,-0.012352674708637679,-1.2352674708637679,1585081.1806629216,-0.005707292501522909,1310621.8256207644
2022-07-14,-0.0038369250759525686,-0.38369250759525686,1578999.3429334157,-0.0017536552323109689,1308323.4467986838
2022-07-15,0.001630488243400241,0.1630488243400241,1581573.8827984051,0.0069359576863876615,1317397.9228657882
2022-07-18,0.018039848923762158,1.8039848923762158,1610105.2367058562,0.014287304158276504,1336219.9876872534
2022-07-19,0.0034712665922555846,0.34712665922555846,1615694.341224049,0.003811764271124396,1341313.343294682
2022-07-20,0.018646405763102128,1.8646405763102127,1645821.2334996606,0.01103388850696918,1356113.2451775055
2022-07-21,0.0018891568142758164,0.18891568142758164,1648930.4478980065,0.005108719746296009,1363041.2476913573
2022-07-22,0.005725886559146942,0.5725886559146942,1658372.0365865938,0.006877295960614926,1372415.2857582567
2022-07-25,-0.006433067755095112,-0.6433067755095112,1647703.6169120774,-0.005290199311757782,1365154.9353580924
2022-07-26,-0.011654001467826646,-1.1654001467826647,1628501.2765420405,-0.00884795806776506,1353076.1017340415
2022-07-27,0.009818323767923088,0.9818323767923088,1644490.4293316063,0.0095821774414373,1366041.5170326254
2022-07-28,0.019224498779914213,1.9224498779914212,1676104.9335838722,0.017293731123692924,1389665.4717319892
2022-07-29,0.014488949051779089,1.448894905177909,1700389.9325720044,0.013505953826479233,1408434.2294274538
2022-08-01,0.008037969299880677,0.8037969299880676,1714057.6146478443,0.010595531668439406,1423357.3389082665
2022-08-02,-0.004195154305341542,-0.41951543053415424,1706866.878466151,0.000311327663805816,1423800.4694233497
2022-08-03,0.009685235953709048,0.9685235953709048,1723398.2869256663,0.002461808358865669,1427305.593320333
2022-08-04,0.0012577810641427602,0.12577810641427603,1725565.9446569376,-0.0003537116074355806,1426800.7387646178
2022-08-05,0.0034480066151381106,0.34480066151381106,1731515.7074489717,0.0008917270739845495,1428073.0556125555
2022-08-08,0.009320694592276314,0.9320694592276314,1747654.636539833,0.007334364671648164,1438547.0641801727
2022-08-10,0.0013063987156210375,0.13063987156210374,1749937.7703123575,0.0005506610997998429,1439339.216088648
2022-08-11,0.012146024207776574,1.2146024207776573,1771192.556832674,0.007085929368824795,1449538.272111632
2022-08-12,0.0021642205943305246,0.21642205943305245,1775025.8082406966,0.0022170219505635025,1452751.9302790852
2022-08-16,0.0045631580622769174,0.45631580622769174,1783125.5315683198,0.007181519343531395,1463184.8963677369
2022-08-17,0.004709416180583937,0.4709416180583937,1791523.0117986999,0.006675923198833145,1472953.0063615805
2022-08-18,-0.003048396558041833,-0.30483965580418326,1786061.73921588,0.0006826699360520383,1473958.547096241
2022-08-19,-0.007301079750191519,-0.7301079750191519,1773021.5600190992,-0.011029475746944017,1457701.557049042
2022-08-22,-0.01229509985624875,-1.229509985624875,1751222.0828913823,-0.0150773300473388,1435723.309562894
2022-08-23,-0.0031913664152249947,-0.3191366415224995,1745633.2915504423,0.00496268217550444,1442848.348040218
2022-08-24,0.000188903828481868,0.0188903828481868,1745963.048362342,0.001561611079505143,1445101.5160065636
2022-08-25,-0.006686747361153689,-0.6686747361153689,1734288.234556033,-0.004686182219266755,1438329.506977218
2022-08-26,-0.0006809023097724021,-0.06809023097724021,1733107.353691313,0.002080255529346653,1441321.5998871299
2022-08-29,-0.021932713549089947,-2.193271354908995,1695095.60655298,-0.014009988924553851,1421128.7002359908
2022-08-30,0.02622812362714404,2.622812362714404,1739554.78368148,0.02578426378902554,1457771.4575210307
2022-09-01,-0.019475729973569722,-1.9475729973569722,1705675.684440268,-0.012190795272107646,1440000.06412887
2022-09-02,-0.0025807701320653244,-0.2580770132065324,1701273.7275788744,-0.0001910505934481499,1439724.9512620526
2022-09-05,0.008029974945935603,0.8029974945935603,1714934.9129875114,0.007203850071011875,1450096.5139544394
2022-09-06,0.00036084942510701263,0.03608494251070126,1715553.7462649588,-0.0005774531254664206,1449259.1511902285
2022-09-07,-0.002003154442951294,-0.20031544429512943,1712117.2271560063,-0.0017671004916441913,1446698.1646316405
2022-09-08,0.01128294484819854,1.128294484819854,1731434.9514036581,0.009892512965589573,1461009.6449825538
2022-09-09,0.007306458397906047,0.7306458397906047,1744085.6088447697,0.0019439347917691308,1463849.7524625456
2022-09-12,0.0077051323602505,0.7705132360250501,1757524.0193085268,0.005775695663245095,1472304.503129486
2022-09-13,0.005206087518839931,0.5206087518839931,1766673.8431695106,0.007454201929980142,1483279.3581982323
2022-09-14,-0.014312621920472557,-1.4312621920472557,1741388.1083954372,-0.0036690976717561608,1477837.061358503
2022-09-15,-0.009934453037246006,-0.9934453037246006,1724088.3700129641,-0.007017960667916379,1467465.6589883
2022-09-16,-0.024428549283988212,-2.442854928398821,1681971.3922961515,-0.019384853148544656,1439019.0526882794
2022-09-19,0.0026624017501788444,0.26624017501788444,1686449.4758747516,0.0052136885924867205,1446521.6499076511
2022-09-20,0.006852140806373175,0.6852140806373175,1698005.2651462795,0.011008809885230342,1462446.1317463543
2022-09-21,-0.004284587761530201,-0.42845877615302014,1690730.0125682198,-0.005495005437451739,1454409.9823004277
2022-09-22,-0.00967268779306454,-0.967268779306454,1674376.1090142834,-0.004997577656902563,1447141.455468907
2022-09-23,-0.015845897391604004,-1.5845897391604005,1647844.11699589,-0.017155677232420508,1422314.7637492272
2022-09-26,-0.009601969107495511,-0.960196910749551,1632021.568690527,-0.017951321762256445,1396782.3337779571
2022-09-27,0.0012880090607376273,0.12880090607376274,1634123.6272583196,-0.0005230508522044985,1396051.7455879305
2022-09-28,-0.008106547695379574,-0.8106547695379573,1620876.5261338037,-0.00874917846539458,1383837.439718856
2022-09-29,-0.004927978389450538,-0.4927978389450538,1612888.8816410485,-0.0024023347691036756,1380512.9989226318
2022-09-30,0.017043482608095094,1.7043482608095093,1640378.1252440878,0.01642575596626905,1403188.9685511973
2022-10-03,-0.009099985268037458,-0.9099985268037458,1625450.7084703557,-0.012109264448790458,1386197.3822593854
2022-10-04,0.026102534133902334,2.6102534133902333,1667879.091071179,0.02291367093271912,1417960.2529242737
2022-10-06,0.0069400222129810014,0.6940022212981002,1679454.2090117794,0.0033286441360573793,1422680.1380053326
2022-10-07,-0.0036033191038795658,-0.3603319103879566,1673402.5995763564,-0.0009895331040011834,1421272.348912371
2022-10-10,0.0005060613743341552,0.05060613743341552,1674249.4439957123,-0.00425364584114718,1415226.7596962824
2022-10-11,-0.016994166101346454,-1.6994166101346453,1645796.9708493622,-0.014932383199930399,1394094.0514057016
2022-10-12,0.004982494405321236,0.4982494405321236,1653997.1450489138,0.008246145339619648,1405589.953570692
2022-10-13,-0.006127175933035312,-0.6127175933035311,1643862.8135484608,-0.006380083772817624,1396622.1719166802
2022-10-14,0.016788994281989187,1.6788994281989187,1671461.6169255006,0.010070888003887335,1410687.397393799
2022-10-17,0.011157907867151895,1.1157907867151895,1690111.6316506362,0.007337586960815656,1421038.4388467027
2022-10-18,0.00976246783531709,0.976246783531709,1706611.2920927205,0.010117285874136073,1435415.490970651
2022-10-19,0.0005789950664063959,0.05789950664063959,1707599.4116111156,0.0014468379208691928,1437492.3045351903
2022-10-20,0.0027646530786969103,0.27646530786969103,1712320.3315816072,0.0029521745492440132,1441736.0327313733
2022-10-21,-0.000877834705015568,-0.0877834705015568,1710817.197368441,0.0007032337856462956,1442749.9102195736
2022-10-24,0.011872288351608208,1.1872288351608207,1731128.5124524892,0.008787356376761757,1455427.867843214
2022-10-25,-0.0036094416643690955,-0.3609441664369095,1724880.105073266,-0.004196122026705051,1449320.7149086767
2022-10-27,0.002705437037168812,0.2705437037168812,1729546.659594207,0.004564907874966551,1455936.7304535154
2022-10-28,0.002096498660556945,0.20964986605569452,1733172.651849417,0.002810605244745412,1460028.7938641454
2022-10-31,0.01236930538105465,1.236930538105465,1754610.7936582349,0.012672230395564199,1478530.6151241495
2022-11-01,0.00940643149148208,0.940643149148208,1771115.4198829962,0.007395053222392978,1489464.42771393
2022-11-02,-0.003092984301519919,-0.3092984301519919,1765637.387693118,-0.003447197631545107,1484329.9494664436
2022-11-03,-0.004318507395293469,-0.4318507395293469,1758012.4695769588,-0.0016673473084335422,1481855.0559203736
2022-11-04,-0.000698278631245297,-0.0698278631245297,1756784.8870359906,0.003570168155688336,1487145.527652366
2022-11-07,0.005467845893890378,0.5467845893890378,1766390.716067019,0.004727586225111935,1494176.1363636323
2022-11-09,-0.0023790915351901585,-0.23790915351901584,1762188.3108665855,-0.002516139235956394,1490416.581161498
2022-11-10,-0.002071870400687992,-0.20718704006879918,1758537.2850648626,-0.007093725904609771,1479843.9744510527
2022-11-11,0.03098842238125157,3.098842238125157,1813031.5812276318,0.017833173247033374,1506234.288426017
2022-11-14,7.144179406282142e-05,0.007144179406282142,1813161.1074564874,-0.0011198455015547504,1504547.5387338356
2022-11-15,0.0042587594681904985,0.42587594681904983,1820882.9244902222,0.004050924260950772,1510642.3468602463
2022-11-16,0.003456632878377187,0.34566328783771866,1827177.0482746908,0.0003396111515991951,1511155.377847318
2022-11-17,-0.0022326108182417316,-0.22326108182417317,1823097.6730298696,-0.00357149639481924,1505758.2918633248
2022-11-18,-8.892624121559228e-05,-0.008892624121559228,1822935.551806438,-0.00197613371355454,1502782.7121383094
2022-11-21,-0.012171289331721092,-1.2171289331721091,1800748.0757723213,-0.008067729540576885,1490658.6676585227
2022-11-22,0.00537895336756904,0.537895336756904,1810434.21569864,0.00463933015368867,1497574.3253642484
2022-11-23,6.761679029492215e-05,0.006761679029492216,1810556.6314493457,0.0012634580983039712,1499466.4477734421
2022-11-24,0.01767169207931172,1.767169207931172,1842552.2307324742,0.011870949889830174,1517266.5388364424
2022-11-25,0.0015211784776230754,0.15211784776230755,1845355.0815297607,0.0015500019600884762,1519618.3049456156
2022-11-28,0.0050803125071104075,0.5080312507110407,1854730.062030516,0.0027008413120686026,1523722.5528421882
2022-11-29,0.002858231232785302,0.2858231232785302,1860031.3094221975,0.00297912654375021,1528261.9151446712
2022-11-30,0.004376868261024014,0.4376868261024014,1868172.4214249186,0.007535634625419174,1539778.3385491448
2022-12-01,0.0058332488190456335,0.5833248819045633,1879069.935995969,0.002886735334004964,1544223.27108557
2022-12-02,-0.0080755163273752,-0.80755163273752,1863895.4760475536,-0.006187396179402005,1534668.5499179116
2022-12-05,-0.002088735719665147,-0.20887357196651468,1860002.2909890108,0.00026482378562620035,1535074.9666529824
2022-12-06,-0.007633231506974504,-0.7633231506974504,1845804.4628983887,-0.0031175136590962937,1530289.3494767048
2022-12-07,-0.004344983201368869,-0.4344983201368869,1837784.4735140835,-0.004411902750398933,1523537.8616868425
2022-12-08,0.003191412375020542,0.3191412375020542,1843649.6016254772,0.002631912360927746,1527547.6798173576
2022-12-09,-0.011761282033101629,-1.1761282033101628,1821965.9186905443,-0.006058782405979346,1518292.6008105855
2022-12-12,-0.0012493216818344256,-0.12493216818344256,1819689.697164761,2.977743269738653e-05,1518337.811666321
2022-12-13,0.008037408373374166,0.8037408373374166,1834315.2863736956,0.0059927938646799905,1527436.8971885869
2022-12-14,0.0014859133537929116,0.14859133537929115,1837040.919952785,0.002810661073194387,1531730.0046172754
2022-12-15,-0.01782089695061333,-1.782089695061333,1804303.2030242465,-0.013150934355333654,1511586.323876459
2022-12-16,-0.00782343387825597,-0.7823433878255971,1790187.356219061,-0.00792295301794177,1499610.0964498224
2022-12-19,-7.30728323457218e-05,-0.00730728323457218,1790056.5421585124,0.008289956688926514,1512041.7991996685
2022-12-20,0.003678567752574868,0.36785677525748683,1796641.3864297823,-0.0019081205394395617,1509156.6411861244
2022-12-21,-0.006801209494384141,-0.6801209494384142,1784422.0519743927,-0.01012771964355863,1493872.3258259767
2022-12-22,-0.00044868485665456865,-0.04486848566545686,1783621.4088217912,-0.003942502735851727,1487982.7300943946
2022-12-23,-0.015492496849727689,-1.5492496849727688,1755988.659764513,-0.01768316025411787,1461670.4930227757
2022-12-26,0.011210295881781907,1.1210295881781907,1775673.8122055267,0.011669632893506865,1478727.6510876229
2022-12-27,0.0055700748112945675,0.5570074811294567,1785564.4481799682,0.006533654614990558,1488389.1468294656
2022-12-28,-0.0013242882481008468,-0.13242882481008467,1783199.846165017,-0.0005405150382313817,1487584.650112864
2022-12-29,0.005040747033728854,0.5040747033728854,1792188.505500119,0.00377983170092433,1493207.469731169
2022-12-30,-0.007053623535952625,-0.7053623535952626,1779547.0824768594,-0.00471107793689185,1486172.8529653165
2023-01-02,0.007312248282847645,0.7312248282847645,1792559.5725749475,0.005089583355357918,1493736.8535809533
2023-01-03,0.002470099611373389,0.2470099611373389,1796987.3732785285,0.00192892762485819,1496618.1638620945
2023-01-04,-0.010530985827859985,-1.0530985827859984,1778063.3247176888,-0.010399069487028845,1481054.727580543
2023-01-05,-0.008917458777205978,-0.8917458777205978,1762207.518316257,-0.0028154392892826285,1476884.9079109349
2023-01-06,-0.010536549146528929,-1.0536549146528928,1743639.9321931351,-0.007375503705446151,1465992.1378001203
2023-01-09,0.01757254398424273,1.7572543984242728,1774280.121594281,0.013536251708490266,1485836.1763800506
2023-01-10,-0.013362863312872309,-1.3362863312872308,1750570.65885067,-0.010333504750958511,1470482.2811922813
2023-01-11,0.004288784422486302,0.42887844224863025,1758078.4790228105,-0.0010299775022909463,1468967.717525136
2023-01-12,-0.002944187790613228,-0.2944187790613228,1752902.3658299316,-0.00209547554088918,1465889.531602706
2023-01-13,0.008331988192479711,0.8331988192479711,1767507.5276445963,0.005510095918388247,1473966.7235275982
2023-01-16,-0.0007027445421619261,-0.0702744542161926,1766265.421376314,-0.003438847072569362,1468897.9773753306
2023-01-17,0.01028949757263149,1.028949757263149,1784439.4051421885,0.008854568511824201,1481904.4351528806
2023-01-18,0.005658394737138828,0.5658394737138828,1794536.4676809886,0.006206556323560042,1491101.9584957904
2023-01-19,-0.0019923292106577284,-0.19923292106577284,1790961.1602568373,-0.003165367099256078,1486382.0734147315
2023-01-20,-0.001686966484891195,-0.1686966484891195,1787939.868803742,-0.004428975305189153,1479798.9239175017
2023-01-23,0.006785716329347947,0.6785716329347947,1800072.3215673757,0.005042276095628795,1487260.4786579083
2023-01-24,0.0030360442632832332,0.3036044263283233,1805537.4208127654,-1.3798013043020418e-05,1487239.9574184255
2023-01-25,-0.013368267292160363,-1.3368267292160363,1781400.5139653427,-0.01249297962501228,1468659.898932893
2023-01-27,-0.020870315534670024,-2.0870315534670025,1744222.1231452625,-0.016074246906178757,1445052.297096242
2023-01-30,0.00716638869178945,0.7166388691789449,1756721.8968445398,0.0025334426073457816,1448713.2541555485
2023-01-31,-0.004801531405245196,-0.48015314052451963,1748286.9414865586,0.0007479862801675896,1449796.871793554
2023-02-01,0.010892003870096967,1.0892003870096967,1767329.2896192705,-0.0025959245256645946,1446033.3085368332
2023-02-02,0.00553030170467903,0.553030170467903,1777103.1538023811,-0.0003349392530399564,1445548.9752206008
2023-02-03,0.01171045175050147,1.171045175050147,1797913.834540648,0.013835596307890219,1465549.0072850375
2023-02-06,-0.009674395732796982,-0.9674395732796982,1780520.1046118313,-0.005010133160870178,1458206.4116047584
2023-02-07,-0.0006269063022547039,-0.06269063022547039,1779403.885336959,-0.0024261514654264627,1454668.5819823493
2023-02-08,0.011794880964998922,1.1794880964998922,1800391.7423531648,0.008475536424681795,1466997.6785347809
2023-02-09,0.004838514058202992,0.48385140582029923,1809102.9631088132,0.0012170079483646568,1468783.0263697903
2023-02-10,-0.0036995026224107444,-0.3699502622410744,1802410.181952581,-0.0020649578680046465,1465750.0513030963
2023-02-13,-0.00996521822393157,-0.9965218223931571,1784448.7711603874,-0.00479375070002519,1458723.6109686003
2023-02-14,0.014317227220579775,1.4317227220579776,1809997.129680575,0.0089443537049958,1471770.9509029319
2023-02-15,0.007044970837582265,0.7044970837582265,1822748.5066752825,0.004796470794436125,1478830.2572850373
2023-02-16,0.0015287821259625245,0.15287821259625245,1825535.0920124126,0.0011101336008929596,1480471.9564436665
2023-02-17,-0.0071781445919225865,-0.7178144591922586,1812431.137164319,-0.005081567689351307,1472948.8379848117
2023-02-20,-0.006137565440588477,-0.6137565440588477,1801307.2224534126,-0.005550518480140765,1464773.208239275
2023-02-21,-0.0008335786013973892,-0.08335786013973892,1799805.6912982326,-0.001003126492992057,1463303.8554278652
2023-02-22,-0.017066467636847004,-1.7066467636847005,1769089.3657150783,-0.015280363131582653,1440944.0411450826
2023-02-23,-0.0028971216253427692,-0.2897121625342769,1763964.0986565014,-0.002452434977984641,1437410.2195772598
2023-02-24,-0.001215815769212636,-0.12158157692126359,1761819.4432890296,-0.002595429723749043,1433679.5223681482
2023-02-27,-0.006223143191107639,-0.6223143191107638,1750855.3886165645,-0.004185411445805309,1427678.9836856117
2023-02-28,-0.00736961203251183,-0.736961203251183,1737952.2636774275,-0.0051027157362857345,1420393.9436691948
2023-03-01,0.007524712784800758,0.7524712784800758,1751029.8552952947,0.008492348770636093,1432456.4244305328
2023-03-02,-0.01075277335006555,-1.075277335006555,1732201.4281321063,-0.007392168719804415,1421867.4648573746
2023-03-03,0.014698184750226596,1.4698184750226595,1757661.6447473983,0.015728598629827895,1444231.447516927
2023-03-06,0.008763494272463236,0.8763494272463236,1773064.9025040704,0.006655523618366965,1453843.5640262642
2023-03-08,0.001263522826120411,0.1263522826120411,1775305.210480577,0.0024250512391459367,1457369.2091627305
2023-03-09,-0.013299099195912212,-1.3299099195912212,1751695.2503833761,-0.009282249899975281,1443841.543966753
2023-03-10,-0.012909685436387798,-1.2909685436387799,1729081.4157205122,-0.010045664635585094,1429337.1960291374
2023-03-13,-0.01710094718910953,-1.7100947189109528,1699512.4857446048,-0.014851035931626178,1408110.057972499
2023-03-14,-0.007000474845750482,-0.7000474845750482,1687615.0913381109,-0.006470680525861194,1398998.6276421072
2023-03-15,-0.008408255099913919,-0.8408255099913919,1673425.1931396755,-0.004174683738684903,1393158.250820847
2023-03-16,-0.0032437830148056342,-0.3243783014805634,1667996.9649216211,0.0007924286811309411,1394262.2293761517
2023-03-17,0.007427081188433427,0.7427081188433428,1680385.3138021545,0.006738129621978839,1403656.9490047174
2023-03-20,-0.00796888590960787,-0.796888590960787,1666994.5149522845,-0.0065292432199922645,1394492.1313872333
2023-03-21,0.008087445324467037,0.8087445324467037,1680476.2419481475,0.007010642946744028,1404268.4178124333
2023-03-22,0.003357851568440107,0.33578515684401067,1686119.0317328994,0.0025953757489405316,1407913.0220090267
2023-03-23,-0.0077491535151999365,-0.7749153515199937,1673053.0365111008,-0.004372693304643627,1401756.6501641674
2023-03-24,-0.004370406539153483,-0.43704065391534824,1665741.1145799824,-0.007720933328590696,1390933.7805253412
2023-03-27,0.004429897352723966,0.4429897352723966,1673120.1767337834,0.0023988383407489433,1394270.4058075084
2023-03-28,0.0019424311747350041,0.19424311747350043,1676370.0975241493,-0.002001683861354908,1391479.5172378386
2023-03-29,0.0012411992273619222,0.12411992273619221,1678450.806793969,0.007609856589321451,1402068.476810997
2023-03-31,0.028219267366160896,2.8219267366160894,1725815.4588718365,0.016337198944623932,1424974.3484506442
2023-04-03,-0.001111274308626231,-0.11112743086262308,1723897.6044909623,0.002206297973761151,1428118.2664682923
2023-04-05,0.00935312876879577,0.9353128768795771,1740021.440769985,0.009138954817361267,1441169.7747793943
2023-04-06,-0.0007161153087209107,-0.07161153087209107,1738775.3847787469,0.002397874785437182,1444625.519443872
2023-04-10,-0.0004098833627024458,-0.040988336270244584,1738062.6896770494,0.0014148632219350699,1446669.466960802
2023-04-11,-0.0013731321146624794,-0.13731321146624795,1735676.099980557,0.005574768321964241,1454734.314077568
2023-04-12,0.010233445267528472,1.0233445267528472,1753438.0463518656,0.005083967961446945,1462130.1367227556
2023-04-13,-0.0050936819468559115,-0.5093681946855911,1744506.590630233,0.0008757724412713497,1463410.6300020497
2023-04-17,-0.023463078825524012,-2.3463078825524013,1703575.0949826299,-0.006795512150830185,1453466.0052842167
2023-04-18,-0.0045134394499618535,-0.45134394499618535,1695886.1119429627,-0.0026373533282438855,1449632.701877691
2023-04-19,-0.006313673479461701,-0.6313673479461701,1685178.840773801,-0.002344283016240789,1446234.352554892
2023-04-20,0.00035469835996748694,0.035469835996748696,1685776.5709448757,0.0003234746363958152,1446702.1726862276
2023-04-21,0.0028742209323867176,0.28742209323867174,1690621.8652524126,-2.260708945023282e-05,1446669.466960802
2023-04-24,0.007409409508750953,0.7409409508750954,1703148.374976516,0.006771973756565242,1456466.2746254848
2023-04-25,0.00045797444746362707,0.04579744474636271,1703928.373412494,0.0014568576938982503,1458588.1387235764
2023-04-26,0.001901147576002682,0.1901147576002682,1707167.7927092894,0.0024958627615121465,1462228.5745433997
2023-04-27,0.005518470737608294,0.5518470737608294,1716588.7482175431,0.005695152810193838,1470556.1897188565
2023-04-28,0.007295379480969611,0.729537948096961,1729111.9145485526,0.008370013603697934,1482864.7650318055
2023-05-02,0.006579004383197473,0.6579004383197473,1740487.7494134062,0.004575166931912511,1489649.1188692772
2023-05-03,-0.004607782898894542,-0.4607782898894542,1732467.9597259238,-0.00318502836487633,1484904.5441719654
2023-05-04,0.009408945467430986,0.9408945467430987,1748768.6562830566,0.009173717607303677,1498526.639134001
2023-05-05,-0.012844011714678461,-1.284401171467846,1726307.4511754946,-0.010232406865540389,1483193.1048635312
2023-05-08,0.009409512412329013,0.9409512412329013,1742551.1625648264,0.010814123118324304,1499232.5377077751
2023-05-09,0.002693499330500049,0.2693499330500049,1747244.7229545568,8.480038171931881e-05,1499359.6731992587
2023-05-10,0.0016963549101034034,0.16963549101034034,1750208.6701194933,0.0026908205008338015,1503394.1809460267
2023-05-11,-0.0019145207800462139,-0.19145207800462138,1746857.8592511325,-0.0009882342854272697,1501908.4752719041
2023-05-12,0.0008798220761765176,0.08798220761765176,1748394.7833596442,0.0009728797753729701,1503369.6516519575
2023-05-15,0.0026821134248663503,0.26821134248663503,1753084.1764800597,0.004589120522186851,1510268.7961727863
2023-05-16,-0.0027319941294358776,-0.27319941294358774,1748294.7608015093,-0.006106338807060685,1501046.5832136236
2023-05-17,-0.00952374083862768,-0.952374083862768,1731644.4545901048,-0.005728269488420423,1492448.1838703032
2023-05-18,0.001195472122870589,0.1195472122870589,1733714.5872622908,-0.002849053652701161,1488196.1189205803
2023-05-19,0.0076416961275871395,0.764169612758714,1746963.1073101144,0.0040513721791914925,1494225.355273956
2023-05-22,0.008004564845020457,0.8004564845020457,1760946.7867844366,0.006097761825706316,1503336.785604348
2023-05-23,0.001157535871768589,0.11575358717685891,1762985.1458584152,0.001834600568861644,1506094.8081264086
2023-05-24,-0.006287231939665072,-0.6287231939665072,1751900.849340219,-0.0034117947119577385,1500956.3218243357
2023-05-25,-0.0006806339077326973,-0.06806339077326973,1750708.4462191723,0.001955111686716471,1503890.8590703853
2023-05-26,0.012692646228677919,1.269264622867792,1772929.5691765908,0.009726420827874671,1518518.334444898
2023-05-29,0.0020503884228694207,0.20503884228694208,1776564.7634397934,0.005367798508963517,1526669.4348963653
2023-05-30,0.0016688498871607613,0.16688498871607613,1779529.5833447934,0.0018925684396833287,1529558.7612866792
2023-05-31,-0.009754300108810066,-0.9754300108810066,1762171.5177363425,-0.0053370195013254795,1521395.476349269
2023-06-01,-0.0018591768497363329,-0.18591768497363328,1758895.3292453024,-0.0025169624936233204,1517566.1809973298
2023-06-02,-0.0014717820726263932,-0.14717820726263933,1756306.6186320928,0.002507044360454902,1521370.7867330161
2023-06-05,0.0032045546360341963,0.32045546360341964,1761934.799149128,0.003223787573137793,1526275.362969421
2023-06-06,-0.008787466210045737,-0.8787466210045737,1746451.8566373012,0.00027699431442118616,1526698.1325672048
2023-06-07,0.006342833716523888,0.6342833716523888,1757529.3103578659,0.006849851638528914,1537155.788272109
2023-06-08,-0.0035471825086057954,-0.3547182508605795,1751295.0331298027,-0.0049048192636628185,1529616.3169505415
2023-06-09,-0.005452868761555019,-0.5452868761555019,1741745.4511513829,-0.00381819725413457,1523775.9401292815
2023-06-12,0.004963410020835402,0.49634100208354015,1750390.447977372,0.0020524046550352004,1526903.3449620332
2023-06-13,0.006715942366287231,0.6715942366287231,1762145.9693444876,0.0061635024393194016,1536314.4174533116
2023-06-14,0.0012175048877859807,0.12175048877859806,1764291.3906751568,0.0021238341844009856,1539577.2945310872
2023-06-15,-0.007971930739149636,-0.7971930739149636,1750226.5819050167,-0.0036149041015322014,1534011.8702544607
2023-06-16,0.004383748464951309,0.4383748464951309,1757899.13499676,0.0073790483520230765,1545331.4180176458
2023-06-19,-0.0015773070160544744,-0.15773070160544744,1755126.3883576135,-0.0037475183921172883,1539540.2601067082
2023-06-20,0.0038835864406261415,0.38835864406261417,1761942.573401024,0.003265717567498605,1544567.96378001
2023-06-21,0.005144053699536522,0.5144053699536522,1771006.1006140984,0.0021337637466720683,1547863.7069053946
2023-06-22,-0.004990038173118805,-0.49900381731188054,1762168.7125672079,-0.004539443817404343,1540837.2665708985
2023-06-23,-0.006085721099174002,-0.6085721099174002,1751444.6452528331,-0.005633615236065759,1532156.7822696466
2023-06-26,-0.0024534171722220056,-0.24534171722220055,1747147.6208839735,0.0013768299134766515,1534266.3015596117
2023-06-27,0.006624314235954999,0.6624314235954999,1758721.2757413103,0.00675190341711196,1544625.5194438717
2023-06-28,0.008404865885748248,0.8404865885748248,1773503.092194328,0.00822107281232487,1557323.9983069948
2023-06-30,0.015962353119350393,1.5962353119350392,1801812.3748101937,0.01143527476356887,1575132.426123535
2023-07-03,0.006913534003300637,0.6913534003300638,1814269.2659310119,0.00695709243369369,1586090.7680073848
2023-07-04,0.0033233956279920657,0.33233956279920657,1820298.8004774074,0.003438946519135566,1591545.2493330569
2023-07-05,-0.002875492930840129,-0.2875492930840129,1815064.5441446179,0.0004899685388621844,1592325.0564334057
2023-07-06,0.004366587058485493,0.4366587058485493,1822990.1814933955,0.00509321758125636,1600435.1144059075
2023-07-07,-0.006500326265472212,-0.6500326265472212,1811140.150534936,-0.00848835445771845,1586850.053868251
2023-07-10,0.004051052169548775,0.40510521695487745,1818477.1737711173,0.0012466303397029588,1588828.2692899622
2023-07-11,0.0034228216140996803,0.34228216140996803,1824701.496746248,0.004313930032438185,1595682.363277239
2023-07-12,-0.004803270415316563,-0.48032704153165634,1815936.9620301428,-0.002834429471475497,1591159.5141596524
2023-07-13,0.011320958360142998,1.1320958360142999,1836495.1087619308,0.0015192303855748879,1593576.8520418603
2023-07-14,0.020495498122854207,2.0495498122854205,1874134.990816192,0.007765114931427508,1605951.1594500279
2023-07-17,0.008345452098052774,0.8345452098052774,1889775.494607333,0.007511013251041421,1618013.4798891824
2023-07-18,0.01056409998515262,1.056409998515262,1909739.2718818563,0.001917706853032497,1621116.3554278647
2023-07-19,0.00044682913213565077,0.04468291321356508,1910592.5990233163,0.004248282371482448,1628003.3154627506
2023-07-20,0.001420926639499354,0.1420926639499354,1913307.4109444988,0.007361412439498949,1639987.7193207438
2023-07-21,-0.029203336175277508,-2.9203336175277506,1857432.4514160368,-0.011719737128305097,1620767.494356656
2023-07-24,-0.002410547127638152,-0.2410547127638152,1852955.022955494,-0.0036794322929856182,1614803.9900984988
2023-07-25,0.0025444076898327506,0.25444076898327506,1857669.695964816,0.0004193703428323481,1615481.1910014332
2023-07-26,0.004403885662171358,0.44038856621713585,1865850.6609039255,0.004964339187534694,1623500.9875846468
2023-07-27,-0.0040357498120111805,-0.40357498120111807,1858320.5544499417,-0.0059863783008722304,1613782.0965011255
2023-07-28,-0.0046458200903361615,-0.46458200903361613,1849687.1314837935,-0.0007044597937843067,1612645.2518982114
2023-07-31,0.00925651115090882,0.925651115090882,1866808.781042066,0.005484562836559181,1621489.906115326
2023-08-01,0.0009490817753310398,0.09490817753310397,1868580.535234181,-0.0010251191770254131,1619827.6857172141
2023-08-02,-0.008165681727802677,-0.8165681727802677,1853322.3013006914,-0.010489749274959825,1602836.099425402
2023-08-03,-0.008001024096154443,-0.8001024096154443,1838493.8249100442,-0.007420685416911321,1590941.956956697
2023-08-04,0.011374435909014127,1.1374435909014127,1859405.6550906019,0.006983389270114548,1602052.1239482835
2023-08-07,0.006563969653944813,0.6563969653944812,1871610.7373849899,0.004114401867602702,1608643.610199053
2023-08-08,-0.0016709625280607822,-0.1670962528060782,1868483.3459757036,-0.0013497354646058168,1606472.366868456
2023-08-09,0.0016942694122245253,0.16942694122245253,1871649.0601560413,0.003152707884763739,1611537.104966137
2023-08-10,-0.004591044092593233,-0.45910440925932333,1863056.2367950042,-0.004556268458015711,1604194.5092858581
2023-08-11,-0.0056689138444276695,-0.566891384442767,1852494.7315012899,-0.005874136161590715,1594771.252308637
2023-08-14,0.006018220749756598,0.6018220749756599,1863643.4537332256,0.00032169565781225984,1595284.2832957085
2023-08-16,0.0026941845891004013,0.2694184589100401,1868664.4532058516,0.0015667570139761278,1597783.7061358478
2023-08-17,-0.007297228568586167,-0.7297228568586167,1855028.3815728163,-0.005124582584125403,1589595.7315821848
2023-08-18,-0.006768476828130088,-0.6768476828130088,1842472.664956617,-0.0028452826260957353,1585072.882464598
2023-08-21,0.0030605222457816385,0.30605222457816383,1848111.5935349613,0.0043215209131937105,1591922.8080751048
2023-08-22,-0.0029545436107382807,-0.29545436107382805,1842651.267234351,0.00014693555773015454,1592156.7181407728
2023-08-23,0.005385262909331168,0.5385262909331168,1852574.4287586203,0.0024515199000461063,1596059.922019287
2023-08-24,-0.0022427814915974456,-0.22427814915974456,1848419.5091179938,-0.002946964680621278,1591356.389800941
2023-08-25,-0.0037508554774545286,-0.3750855477454529,1841486.3546775845,-0.006236153774081932,1581432.4466447744
2023-08-28,-0.0008477751780350041,-0.08477751780350042,1839925.1882553985,0.002089194238900971,1584736.3662015158
2023-08-29,-0.0005831270331053685,-0.058312703310536854,1838852.2781392355,0.0018957584743610756,1587740.6435973705
2023-08-30,-0.00013227035065417327,-0.013227035065417326,1838609.0525036044,0.0002480956863764039,1588134.5552021316
2023-08-31,-0.0038361092547502863,-0.3836109254750286,1831555.9473014278,-0.004840350603388277,1580447.427149597
2023-09-01,0.005463695333952278,0.5463695333952279,1841563.0109845712,0.009426710188917609,1595345.8470141569
2023-09-04,0.006080171456033257,0.6080171456033256,1852760.029838446,0.004810833701642592,1603020.790580748
2023-09-05,0.002587995500192619,0.2587995500192619,1857554.9644586046,0.0023605960187407238,1606804.8750769517
2023-09-06,0.0006216448642317742,0.06216448642317742,1858709.7039622886,0.0018467726478093027,1609772.2783706104
2023-09-07,0.0038535598120152726,0.38535598120152725,1865872.3529796805,0.005915032360780392,1619294.1334906598
2023-09-08,0.0035963231271611165,0.3596323127161116,1872582.632875032,0.004709190366575022,1626919.6978247454
2023-09-11,0.007962165542757527,0.7962165542757527,1887492.4457904757,0.008900143420050854,1641399.5164682914
2023-09-12,0.009333987061382021,0.9333987061382021,1905110.2758579403,-0.0001575482868895195,1641140.9167863706
2023-09-13,0.0006247328211959947,0.06247328211959947,1906300.4607752664,0.003841345269944396,1647445.1056843803
2023-09-14,0.00034828110188367395,0.034828110188367394,1906964.3892002665,0.001649208239910216,1650162.0857274747
2023-09-15,0.0063934481679533755,0.6393448167953375,1919156.4671807508,0.004439613877174287,1657488.168222857
2023-09-18,-0.008313805744639469,-0.8313805744639469,1903200.9731190416,-0.002924316846098174,1652641.1476503145
2023-09-20,-0.013309765483078339,-1.330976548307834,1877869.8144996606,-0.011518249945432046,1633605.6138415725
2023-09-21,-0.008030441912393728,-0.8030441912393728,1862789.6900352833,-0.007991939166498319,1620549.9371537005
2023-09-22,-0.0054830863822101575,-0.5483086382210157,1852575.8532529294,-0.003449417659114995,1614959.983583005
2023-09-25,-0.004193265376670752,-0.41932653766707517,1844807.5110698277,1.5288066889551644e-05,1614984.6731992578
2023-09-26,-0.0019094567461205969,-0.1909456746120597,1841284.9309225215,-0.0005007261720755274,1614176.0081058862
2023-09-27,0.000738910189126196,0.0738910189126196,1842645.4751190646,0.002631619198663282,1618423.9046788393
2023-09-28,-0.010140813527199154,-1.0140813527199155,1823959.550959145,-0.009783629666773708,1602589.8445516077
2023-09-29,0.002231941994340625,0.2231941994340625,1828030.5228769092,0.005877516917168757,1612009.0934742428
2023-10-03,-0.008156715277968197,-0.8156715277968197,1813119.7983823668,-0.005578424654468894,1603016.622203978
2023-10-04,0.0031299528576845597,0.312995285768456,1818794.777876638,-0.004744307271330683,1595411.4187871916
2023-10-05,0.008690746649531822,0.8690746649531822,1834601.4624986555,0.005641584105285702,1604412.066488813
2023-10-06,0.0049103685971166435,0.49103685971166433,1843610.031908333,0.0055127073660514725,1613256.7207059276
2023-10-09,-0.004924737181201811,-0.4924737181201811,1834530.7370365576,-0.00718194675884698,1601670.3968294656
2023-10-10,0.006853415550011288,0.6853415550011288,1847103.5385167375,0.00909680297624016,1616240.4768622997
2023-10-11,0.004361962048966262,0.4361962048966262,1855160.534052259,0.006170692128707245,1626213.799250972
2023-10-12,-0.005655350398867687,-0.5655350398867687,1844668.951186043,-0.0008757409120068171,1624789.6572952978
2023-10-13,-0.005536403100776099,-0.5536403100776099,1834456.1202847913,-0.0021698099802970328,1621264.172481015
2023-10-16,-0.0034287918694513087,-0.34287918694513086,1828166.1520546938,-0.0009772027556287366,1619679.8686640644
2023-10-17,0.0031905350330724944,0.31905350330724946,1833998.9802091017,0.004041709427698992,1626226.1440590983
2023-10-18,-0.008957802880291866,-0.8957802880291866,1817570.378861732,-0.007086812741337156,1614701.3839010848
2023-10-19,-0.006120785967620579,-0.6120785967620579,1806445.4195916324,-0.0023588102112444,1610892.6097886285
2023-10-20,0.0011423219002435702,0.11423219002435701,1808508.9617560266,-0.004180896084593599,1604157.6351836624
2023-10-23,-0.013360021080799657,-1.3360021080799656,1784347.2439021508,-0.013350307425555652,1582741.6375949082
2023-10-25,-0.008849381126869817,-0.8849381126869816,1768556.8750781808,-0.008277236732921023,1569640.910373484
2023-10-26,-0.01353054774819329,-1.3530547748193291,1744627.33183454,-0.013853064912347501,1547896.572953004
2023-10-27,0.009144321924707422,0.9144321924707423,1760580.7657954784,0.010075700327460302,1563492.7149599812
2023-10-30,0.01012493567698254,1.0124935676982538,1778406.5328032903,0.004916740769664862,1571180.0033346987
2023-10-31,-0.007187260921656869,-0.7187260921656868,1765624.6610272538,-0.0032026069828995363,1566148.1312846271
2023-11-01,-0.004069147065778079,-0.40691470657780787,1758440.0746185693,-0.004740624572936891,1558723.6109686
2023-11-02,0.007712507957623682,0.7712507957623682,1772002.0576870695,0.007588523257266999,1570552.0213420866
2023-11-03,0.006127158462270344,0.6127158462270345,1782859.3950899874,0.005087980838331285,1578542.9599322774
2023-11-06,0.00941173094305645,0.9411730943056451,1799639.1880258746,0.00941990339899168,1593412.682125998
2023-11-07,-0.002146626281351183,-0.21466262813511827,1795776.035247909,-0.000260191958478706,1592998.0889595707
2023-11-08,-0.002221075647151216,-0.2221075647151216,1791787.480828282,0.0018962926582819506,1596018.8795403219
2023-11-09,-0.006965688524029123,-0.6965688524029123,1779306.4473355773,-0.002478937369815082,1592062.4486968988
2023-11-10,-0.0002713201938801202,-0.027132019388012022,1778823.685565314,0.001549283945833313,1594529.005489429
2023-11-13,-0.0006995321478453277,-0.06995321478453277,1777579.3412119125,0.0009369804014345284,1596023.0479170913
2023-11-15,0.01688263885607828,1.688263885607828,1807589.5712676188,0.011926753508604282,1615058.42140365
2023-11-16,0.01017572331756771,1.0175723317567709,1825983.102616559,0.004561522280999375,1622425.546377998
2023-11-17,-0.0046450974654247855,-0.46450974654247856,1817501.2331346862,-0.0016897597201204206,1619684.0370408343
2023-11-20,0.00024729454493399583,0.024729454493399583,1817950.6912750513,-0.0019157289123818977,1616581.1615021518
2023-11-21,0.005018912736967196,0.5018912736967196,1827074.82715467,0.0045394734754240496,1623919.588805661
2023-11-22,0.0030965394742196394,0.30965394742196395,1832732.4364793077,0.0014380348265852216,1626254.8417299374
2023-11-23,-0.0005912231999083195,-0.05912231999083195,1831648.8825436365,-0.0004971574875239915,1625446.3369587492
2023-11-24,-0.0018782880070836064,-0.18782880070836064,1828208.5184143668,-0.00036868908443588033,1624847.0526369764
2023-11-28,0.0002445621046434088,0.024456210464340877,1828655.6289373573,0.004799264638990497,1632645.1236404649
2023-11-29,0.01241940356326117,1.2419403563261169,1851366.4411713595,0.010402389113554511,1649628.5335009203
2023-11-30,-0.005069781470670365,-0.5069781470670365,1841980.417892488,0.0018187545137213768,1652628.8028421884
2023-12-01,0.00448217826707098,0.448217826707098,1850236.5024899358,0.0066929416105065975,1663689.7509234527
2023-12-04,0.02021307575615983,2.021307575615983,1887635.473081577,0.020668169003769332,1698075.1718653776
2023-12-05,0.007386867976246858,0.7386867976246858,1901579.1871085109,0.008135565760247543,1711889.974091932
2023-12-06,0.00731288551968532,0.7312885519685319,1915485.2180104516,0.003960643244200535,1718670.159552634
2023-12-07,-0.0013910265825949118,-0.1391026582594912,1912820.7271536312,-0.0017455990623970186,1715670.0505335492
2023-12-08,0.009155045022815278,0.9155045022815278,1930332.687031297,0.003265370504707432,1721272.3489123713
2023-12-11,0.0018015289633058985,0.18015289633058984,1933810.2372758004,0.001320935183362959,1723546.0381181994
2023-12-12,-0.005202349629689662,-0.5202349629689662,1923749.8803040185,-0.004319607014175553,1716100.9965626898
2023-12-13,-0.007933733086927729,-0.7933733086927729,1908487.3622276771,0.0009542158562574343,1717738.5273445488
2023-12-14,0.020079362420803368,2.0079362420803366,1946808.5716493698,0.012250087289956912,1738780.9742458418
2023-12-15,0.024870476288020305,2.4870476288020305,1995226.6280678902,0.012932779200891975,1761268.244664475
2023-12-18,-0.003015624032153785,-0.3015624032153785,1989209.7746986952,-0.0017710126840955187,1758149.0162630798
2023-12-19,-0.0015715922537428374,-0.15715922537428373,1986083.5480257093,0.0016083748565725031,1760976.778934945
2023-12-20,-0.00836222184062243,-0.836222184062243,1969475.476803108,-0.01412146609423337,1736109.2050584827
2023-12-21,0.0062814375423606355,0.6281437542360635,1981846.6140018573,0.004959794076523361,1744719.9492099294
2023-12-22,0.0017345926803677301,0.173459268036773,1985284.3106321169,0.004438926556610712,1752464.6329263258
2023-12-26,-0.0013499339846648752,-0.13499339846648753,1982604.3078719724,0.004306875934107168,1760012.2806792501
2023-12-27,0.008421750553125886,0.8421750553125886,1999301.306798423,0.0099527499207277,1777529.2427662604
2023-12-28,0.001242156143296413,0.1242156143296413,2001784.7511989633,0.005723881307796219,1787703.6091729912
2023-12-29,-0.005831072914251446,-0.5831072914251446,1990112.1983560855,-0.0021717930740454694,1783821.0868561433
2024-01-01,0.0016958809975983202,0.16958809975983202,1993487.1918163658,0.00048317180721269004,1784682.9789144236
2024-01-02,-0.0053074734432970285,-0.5307473443297028,1982906.8114862477,-0.003500136051024061,1778436.3456802764
2024-01-03,-0.015514086655965875,-1.5514086655965875,1952143.8233821448,-0.00685186637566948,1766250.7374820411
2024-01-04,0.0055049005288269285,0.5504900528826928,1962890.1809478276,0.006564470186349425,1777845.2377898598
2024-01-05,0.007657462552970729,0.765746255297073,1977920.9390040298,0.002410182228605562,1782130.1687871919
2024-01-08,-0.010606102705839527,-1.0606102705839526,1956942.9063809225,-0.00911070868564301,1765893.699979476
2024-01-09,-0.001060365242914818,-0.1060365242914818,1954867.8321406273,0.0014804820050666745,1768508.073825156
2024-01-10,0.008795157392866295,0.8795157392866295,1972061.2024065559,0.0034277152411805734,1774570.0159039574
2024-01-11,0.0018682359650202154,0.18682359650202154,1975745.4780701126,0.0013183031833516878,1776909.437205004
2024-01-12,0.02688981729808908,2.688981729808908,2028872.9130029436,0.011426492637705898,1797213.2798070973
2024-01-15,0.014492184036665636,1.4492184036665636,2058275.7126451882,0.009267074694848665,1813868.1895136435
2024-01-16,-0.006861751078292811,-0.686175107829281,2044152.337054521,-0.0029482333845447517,1808520.4827621558
2024-01-17,-0.021914219353489982,-2.1914219353489983,1999356.3343483591,-0.020894393512082443,1770732.544120662
2024-01-18,-0.0035867390455578633,-0.35867390455578635,1992185.1649179684,-0.0050852715087356115,1761727.888364454
2024-01-19,0.005948424044179035,0.5948424044179035,2004035.5270534232,0.00746195718645537,1774873.826441614
2024-01-23,-0.011955914581868754,-1.1955914581868754,1980075.4494729422,-0.01774084294273448,1743386.0686435432
2024-01-24,0.0036989760045465845,0.36989760045465847,1987399.7010477341,0.010129971071150878,1761046.5190847497
2024-01-25,-0.0017557808895232842,-0.17557808895232843,1983910.2626327903,-0.004724053755400193,1752727.240662833
2024-01-29,0.016082462029527546,1.6082462029527547,2015816.4241015723,0.018030591452244726,1784329.9494664446
2024-01-30,-0.0075534168143480684,-0.7553416814348068,2000590.1224291245,-0.009913698102483215,1766640.641032215
2024-01-31,0.009394242740151217,0.9394242740151217,2019384.1516627725,0.009460025419002926,1783353.1064026232
2024-02-01,0.0014780990696382057,0.14780990696382057,2022369.0014985874,-0.0013003033741542103,1781034.2063410596
2024-02-02,0.01157431414157353,1.157431414157353,2045776.5356321125,0.007205988175093214,1793868.3177713898
2024-02-05,-0.003213093813363877,-0.3213093813363877,2039203.2637019479,-0.0037568550808078083,1787129.0144674703
2024-02-06,0.012100725257901158,1.210072525790116,2063879.1021410206,0.007243402101531293,1800073.9085265715
2024-02-07,-0.00744978051791334,-0.744978051791334,2048503.655814562,5.014315737827957e-05,1800164.1699158594
2024-02-08,-0.006795589210654574,-0.6795589210654573,2034582.866473122,-0.009692017110872975,1782716.9479786542
2024-02-09,0.0031618199269227705,0.31618199269227704,2041015.8511233125,0.0029722318898448563,1788015.5961420033
2024-02-12,-0.005318113602023033,-0.5318113602023034,2030161.4969635091,-0.0076414194307357075,1774352.6190231852
2024-02-13,0.009082170849728533,0.9082170849728533,2048599.7705314728,0.005884480011507653,1784793.7615431934
2024-02-14,-0.003260835359170056,-0.32608353591700556,2041919.623962936,0.004451992284961959,1792739.649599832
2024-02-15,0.0030667716483999017,0.3066771648399902,2048181.7251740168,0.0032371361888359207,1798542.9919967127
2024-02-16,0.005004302755654933,0.5004302755654934,2058431.4466253875,0.005930843022260657,1809209.8681510321
2024-02-19,0.004040518642917014,0.40405186429170137,2066748.5772606442,0.0037000088082788096,1815903.960599216
2024-02-20,0.000533453918711446,0.05334539187114461,2067851.092388175,0.0033766555730090353,1822035.6428278226
2024-02-21,-0.007392649985596945,-0.7392649985596944,2052564.1930398152,-0.006392700010330099,1810387.9155550953
2024-02-22,0.009141578827841012,0.9141578827841012,2071327.8704096924,0.0073633218581414805,1823718.3844654171
2024-02-23,-0.0007606458664001447,-0.07606458664001446,2069752.3234271058,-0.0002137959201901074,1823328.4809152428
2024-02-26,-0.006453770523768166,-0.6453770523768166,2056394.6168906714,-0.004080928508836235,1815887.6077365028
2024-02-27,0.006192501376067305,0.6192501376067305,2069128.843385504,0.003448994348646428,1822150.5938333631
2024-02-28,-0.006568272991572454,-0.6568272991572455,2055538.2402874117,-0.011135927809948543,1801859.2563615798
2024-02-29,0.00016565922401603494,0.016565922401603494,2055878.759157233,0.0014418556686905948,1804457.2773445472
2024-03-01,0.012451458421915019,1.2451458421915018,2081477.4480473774,0.016192168700068565,1833675.3539913767
2024-03-04,0.0005408807397593307,0.05408807397593307,2082603.2791092696,0.0029925402887358565,1839162.7013646578
2024-03-05,-0.007717334055438707,-0.7717334055438707,2066531.1338994314,-0.00220029050703785,1835116.009131947
2024-03-06,0.006257541163202074,0.6257541163202074,2079462.5375348455,0.005266971542034149,1844781.5129283764
2024-03-07,-0.002342463934661154,-0.2342463934661154,2074591.471537191,0.0008676673462120199,1846382.16960804
2024-03-11,-0.007189945213111204,-0.7189945213111204,2059675.2725172509,-0.007153178801771132,1833174.6678124317
2024-03-12,0.010242343944770972,1.0242343944770973,2080771.1750729126,0.0001365188668460693,1833424.9307408123
2024-03-13,-0.006683059872377651,-0.6683059872377651,2066865.2567291828,-0.015132725270416536,1805680.214959979
2024-03-14,0.00718492888812965,0.718492888812965,2081715.536620128,0.006771215952804832,1817906.8656371802
2024-03-15,-0.004616778845135294,-0.4616778845135294,2072104.7163690706,-0.005567468627318717,1807785.7261953577
2024-03-18,-0.004755913076809515,-0.4755913076809515,2062249.9664519723,0.0014688778023679294,1810441.1425200037
2024-03-19,-0.014591094492326229,-1.4591094492326229,2032159.482324675,-0.010802196640288697,1790884.4012928337
2024-03-20,-0.0009820956738351813,-0.09820956738351813,2030163.7072885407,0.0009923428906801757,1792661.5726964867
2024-03-21,0.002628412291742199,0.2628412291742199,2035499.8145310269,0.0079146856998078,1806849.9256105027
2024-03-22,-0.00729331317988069,-0.729331317988069,2020654.2769060628,0.0038524885010076115,1813810.7941719634
2024-03-26,-0.009333630306125397,-0.9333630306125397,2001794.2369089306,-0.00416580634029895,1806254.809665499
2024-03-27,0.006202796730526815,0.6202796730526815,2014210.9596568164,0.005405716783151604,1816018.9116047563
2024-03-28,0.005581370859689528,0.5581370859689528,2025453.0180123122,0.009187001078543977,1832702.6793043255
2024-04-01,0.005878615994250791,0.5878615994250791,2037359.8785196028,0.006050979178091831,1843792.3250564293
2024-04-02,-0.00511776884655164,-0.511776884655164,2026933.141604101,-0.0003872860275131451,1843078.2500512989
2024-04-03,0.00045920442455149574,0.04592044245514958,2027863.9182709956,-0.0008306302403686683,1841547.3335214404
2024-04-04,0.008894101196036465,0.8894101196036465,2045899.9451718887,0.003565912488363576,1848114.1301559568
2024-04-05,0.0011071759776258628,0.11071759776258629,2048165.116443809,-4.224679746289706e-05,1848036.0532526118
2024-04-08,0.0031944941951357556,0.3194494195135756,2054707.9680189681,0.006778164752814453,1860562.346090699
2024-04-09,0.002057546952551337,0.20575469525513368,2058935.6261369488,-0.0010390218270411866,1858629.18120254
2024-04-10,0.004554571426779242,0.45545714267792414,2068313.19550933,0.0049044741142307835,1867744.7799097018
2024-04-12,-0.006932069484209059,-0.6932069484209059,2053975.5047229526,-0.010301592814249916,1848504.0337061312
2024-04-15,-0.013472474941918479,-1.347247494191848,2026303.3712042584,-0.010963897188301042,1828237.2255284174
2024-04-16,-0.010808915761133875,-1.0808915761133875,2004401.22875841,-0.005594325260972033,1818009.4718345944
2024-04-18,-0.004175821693306259,-0.4175821693306259,1996031.206625271,-0.0068652458503182245,1805528.3898522425
2024-04-19,0.004944217183465405,0.49442171834654053,2005900.018415801,0.0068717686886063944,1817935.563308019
2024-04-22,0.007518060595961985,0.7518060595961985,2020980.4963036922,0.008551965982977361,1833482.486404674
2024-04-23,-0.0008499512590651291,-0.08499512590651291,2019262.7613863125,0.0014147135985376202,1836076.3390108712
2024-04-24,-0.0033862128645194335,-0.33862128645194334,2012425.1078468612,0.0015379287654238016,1838900.0936281502
2024-04-25,0.006506442953239367,0.6506442953239367,2025518.8370087333,0.0074969296067168845,1852686.1981838653
2024-04-26,-0.00493513689733287,-0.493513689733287,2015522.6242599688,-0.006663626980883297,1840340.5884465373
2024-04-29,0.016945494649251103,1.6945494649251103,2049676.6521048108,0.00996662256880243,1858682.5684896319
2024-04-30,-0.0071803622767612875,-0.7180362276761287,2034959.2311924791,-0.00170251731563964,1855518.1292325007
2024-05-02,0.0010072646714190507,0.10072646714190507,2037008.9737338373,0.0019177127972140884,1859076.4800943926
2024-05-03,-0.006402424199652602,-0.6402424199652602,2023967.1781854942,-0.007609859296553445,1844929.1696593424
2024-05-06,0.004523199558389557,0.45231995583895573,2033121.9856320582,-0.0014749338156797576,1842208.021239478
2024-05-07,-0.0021585654691448795,-0.21585654691448794,2028733.3587193138,-0.006246985595782073,1830699.7742663606
2024-05-08,-0.004251433177458908,-0.42514331774589076,2020108.3344098367,0.0,1830699.7742663606
2024-05-09,-0.008611182666014506,-0.8611182666014506,2002712.8125370953,-0.01546911781190452,1802380.4637800073
2024-05-10,-0.0018470685011222178,-0.1847068501122218,1999013.664784264,0.0044494691449390444,1810400.1000410374
2024-05-13,0.006267180797421435,0.6267180797421436,2011541.844837983,0.0022149680905385605,1814410.0784937362
2024-05-14,-0.00024531013413540135,-0.024531013413540134,2011048.3932382066,0.005148324587705533,1823751.2505130263
2024-05-15,-0.004663487135165245,-0.4663487135165245,2001669.8949281455,-0.0007786004689536163,1822331.276934122
2024-05-16,0.012722233967906683,1.2722233967906682,2027135.6076579369,0.009157377676264788,1839019.0526882778
2024-05-17,-0.0027904558047171517,-0.2790455804717152,2021478.975334599,0.0027785403439750667,1844128.841319511
2024-05-21,-0.004484877097639739,-0.4484877097639739,2012412.8905747605,0.002802051667603722,1849296.1856146064
2024-05-22,0.005210355727987005,0.5210355727987005,2022898.2776062416,0.0030516154749500313,1854939.5264723941
2024-05-23,0.017894576684196476,1.7894576684196477,2059097.1859591955,0.01636661960848307,1885298.6160989073
2024-05-24,-0.001183118012967665,-0.11831180129676651,2056661.0309880362,-0.0004593757337192361,1884432.5556638571
2024-05-27,-0.0001614015656010488,-0.016140156560104882,2056329.082677724,-0.0010737589261899938,1882409.1293864101
2024-05-28,-0.00246502324586273,-0.24650232458627303,2051260.1836877798,-0.0019317094176221072,1878772.8619433565
2024-05-29,-0.013530314117719789,-1.3530314117719788,2023505.9890653123,-0.008015115627261094,1863714.2802175204
2024-05-30,-0.00600981539003207,-0.6009815390032069,2011345.0916304055,-0.009515599658179275,1845979.9212497387
2024-05-31,0.001880918621103156,0.1880918621103156,2015128.2680667175,0.0018697799732139142,1849431.4975374467
2024-06-03,0.025028186628562946,2.5028186628562947,2065563.2744403838,0.03254231769535276,1909616.2848861022
2024-06-04,-0.042651999987067306,-4.265199998706731,1977462.869685666,-0.05929359941641077,1796388.261851011
2024-06-05,0.02648526317713005,2.6485263177130047,2029836.4942122933,0.033624236760035675,1856790.4460804386
2024-06-06,0.013237579409204427,1.3237579409204427,2056706.6159921295,0.008888049244237806,1873293.6910014318
2024-06-07,0.020795542047758304,2.0795542047758304,2099476.944904897,0.020539931466807104,1911771.0150318032
2024-06-10,-0.007184931399719986,-0.7184931399719986,2084392.3470804614,-0.0013289382574128705,1909230.3893905145
2024-06-11,-0.0034252695686730174,-0.3425269568673017,2077252.7414048319,0.0002429314342191624,1909694.201467264
2024-06-12,-0.00012288549865029365,-0.012288549865029365,2076997.477165882,0.002497312914139238,1914463.305458645
2024-06-13,0.002527599767922117,0.25275997679221174,2082247.2955071412,0.0032564994745150067,1920697.7542068495
2024-06-14,0.0003617508009887694,0.03617508009887694,2083000.5501341478,0.0028505279152657437,1926172.7567720043
2024-06-18,0.005311401002726846,0.5311401002726845,2094064.201344811,0.003933450786960613,1933749.2625179514
2024-06-19,0.008104625918034937,0.8104625918034937,2111035.808345059,-0.0017786131162043084,1930309.8707161865
2024-06-20,0.005384886662017707,0.5384886662017707,2122403.496912458,0.0021687361796223215,1934496.2035706907
2024-06-21,0.0007663864086848272,0.07663864086848271,2124030.078106237,-0.00279629951309035,1929086.772778571
2024-06-24,0.0006181044929389758,0.06181044929389758,2125342.950640652,0.00156375661610908,1932103.394982552
2024-06-25,0.014249595873885834,1.4249595873885834,2155628.2287806934,0.007793879853915442,1947161.9767083882
2024-06-26,0.011175753745821759,1.117575374582176,2179718.999033088,0.006218040121837909,1959269.508003278
2024-06-27,0.010165744731955084,1.0165744731955084,2201877.4659646507,0.007361040898544724,1973691.7709829619
2024-06-28,-0.002594547480807252,-0.2594547480807252,2196164.590332286,-0.0014099020825968367,1970909.0588446488
2024-07-01,0.010776945221273504,1.0776945221273504,2219832.535819198,0.005470484349075377,1981690.8860045092
2024-07-02,0.005890123831851125,0.5890123831851125,2232907.6243411456,-0.0007497161563467802,1980205.1803303866
2024-07-03,0.0028031454051540726,0.2803145405154073,2239166.7890884504,0.006742306607722792,1993556.3308023752
2024-07-04,0.00640636931039198,0.6406369310391979,2253511.718486916,0.0006444070008029268,1994840.9924584392
2024-07-05,-0.005478801723344496,-0.5478801723344495,2241165.1746000927,0.0008928929498506211,1996622.1719166783
2024-07-08,0.001062277987311244,0.1062277987311244,2243545.915030999,-0.00013562113637344275,1996351.3877488147
2024-07-09,2.3518621284379433e-05,0.002351862128437943,2243598.6801377092,0.004631820986013446,2005598.1300020465
2024-07-10,-0.007746519509119421,-0.7746519509119422,2226218.5991913876,-0.004450911197766749,1996671.3908270004
2024-07-11,-0.0004477250447621371,-0.04477250447621371,2225221.865369415,-0.0003494426502141934,1995973.668684583
2024-07-12,0.021647825513424413,2.1647825513424412,2273393.0800395887,0.007657573644356042,2011257.9840447307
2024-07-15,-0.0017441260605767896,-0.17441260605767897,2269427.9959227564,0.003450669707641296,2018198.1710445257
2024-07-16,0.001371632820388724,0.1371632820388724,2272540.8178454735,0.0010697158254551198,2020357.0695669963
2024-07-18,0.012659216066433544,1.2659216066433543,2301309.403078369,0.007632129743428306,2035776.6968499841
2024-07-19,-0.0013426010619018054,-0.13426010619018053,2298219.6626300314,-0.010884676251089243,2013617.92658526
2024-07-22,-0.002523682598593301,-0.2523682598593301,2292419.685659707,-0.0008825762723847497,2011840.7551816073
2024-07-23,-0.0033867535395710967,-0.3386753539571097,2284655.825175117,-0.0012321559717249908,2009361.8535809505
2024-07-24,-0.001476145836509435,-0.1476145836509435,2281283.339990927,-0.002677831825905974,2003981.1204596702
2024-07-25,-0.0032188236268238853,-0.3218823626823885,2273940.2912766845,-0.0003031269840456652,2003373.6597065409
2024-07-26,0.012919913252711758,1.2919913252711757,2303319.402581826,0.01756732976027453,2038567.5854196537
2024-07-29,-0.00037798566600357754,-0.037798566600357755,2302448.780863422,5.03324972633834e-05,2038670.1916170681
2024-07-30,-0.0002144031701685201,-0.02144031701685201,2301955.128545654,0.0008536433743000504,2040410.4889185252
2024-07-31,-0.00012696932112505883,-0.012696932112505884,2301662.850865722,0.00377553501085659,2048114.1301559561
2024-08-01,0.0022353708691119855,0.22353708691119856,2306807.920953065,0.0023946791656728195,2053018.7063923609
2024-08-02,-0.010441798830103299,-1.04417988301033,2282720.6967027844,-0.011722935491954689,2028951.300533547
2024-08-05,-0.029758612372615678,-2.975861237261568,2214790.0963346586,-0.02678645789462286,1974602.881951565
2024-08-06,-0.0008900000248976971,-0.08900000248976972,2212818.933093778,-0.0026209626510589334,1969427.5215472966
2024-08-07,0.010984371267906124,1.0984371267906123,2237125.3578035315,0.012710162480444431,1994459.2653396216
2024-08-08,-0.00785984112466256,-0.7859841124662559,2219541.907915242,-0.007428747813561065,1979642.9304329932
2024-08-09,0.011450218248958467,1.1450218248958466,2244956.147173581,0.010386864037815746,2000205.2123948238
2024-08-12,0.002717684710601498,0.2717684710601498,2251057.2301707254,-0.0008412844977941925,1998522.4707572288
2024-08-13,-0.0071355399093531394,-0.7135539909353139,2234994.721466604,-0.008543146999630324,1981448.7995074855
2024-08-14,0.006739490972146078,0.6739490972146078,2250057.448214723,0.00019677699987563635,1981838.7030576596
2024-08-16,0.019208023923242123,1.9208023923242123,2293276.6055087,0.016459762490292462,2014459.2974040578
2024-08-19,0.004062766356899217,0.40627663568992173,2302593.652548625,0.0012835584110202358,2017044.9735788987
2024-08-20,0.004649027350666302,0.46490273506663016,2313298.473416794,0.005135759339910173,2027404.0311409754
2024-08-21,-0.0005686344645928987,-0.05686344645928987,2311983.0521779195,0.0028887826964991703,2033260.7608249483
2024-08-22,0.0020007900411076474,0.20007900411076474,2316608.844843927,0.001667357653657442,2036650.9337163912
2024-08-23,-0.0020604188289094385,-0.20604188289094386,2311835.660360792,0.00046955607782672715,2037607.255540729
2024-08-26,0.008381973490792215,0.8381973490792215,2331213.4055810045,0.007551387144671073,2052994.0167761075
2024-08-27,0.002594056127182909,0.25940561271829093,2337260.7039995226,0.0002858944102370753,2053580.9562897542
2024-08-28,0.0037271605577199555,0.37271605577199557,2345972.049908579,0.0013830024432652799,2056421.063769746
2024-08-29,0.002540724057278965,0.25407240572789647,2351932.5175334853,0.00397565940632294,2064596.6935152828
2024-08-30,0.0024377930043272713,0.24377930043272714,2357666.0421713786,0.003337760073577778,2071487.8219269388
2024-09-02,0.0004880541739846754,0.04880541739846754,2358816.7109241225,0.001695950113232314,2075000.9619330952
2024-09-03,0.00047310806419054163,0.04731080641905416,2359932.6861320077,4.550829989491412e-05,2075095.3916991528
2024-09-04,-0.003960876839842631,-0.3960876839842631,2350585.28341192,-0.0032100820170585243,2068434.1652985783
2024-09-05,-0.0015032080292469944,-0.15032080292469943,2347051.8647404653,-0.0021270784221717465,2064034.443617889
2024-09-06,-0.013398919406728792,-1.339891940672879,2315603.9059613957,-0.011650350298901935,2039987.7193207417
2024-09-09,0.004207081000996626,0.4207081000996626,2325345.839159999,0.003390048695012693,2046903.377026467
2024-09-10,0.005197313391583691,0.5197313391583691,2337431.390229929,0.0041986500501236534,2055497.6079930172
2024-09-11,-0.003796412518464165,-0.3796412518464165,2328557.5364390085,-0.004897963449619458,2045429.8558382874
2024-09-12,0.015148924588216952,1.5148924588216952,2363832.678957848,0.01887963282727112,2084046.8204904522
2024-09-13,-0.0017694848633684533,-0.17694848633684535,2359649.912812896,-0.0012761636040355961,2081387.2357890361
2024-09-16,0.002645750219783971,0.2645750219783971,2365892.9570883336,0.0010746751326089488,2083624.0508926683
2024-09-17,0.0006023633699781206,0.06023633699781206,2367318.084342973,0.0013709866056039743,2086480.6715575566
2024-09-18,-0.00815925965713995,-0.815925965713995,2348002.521401775,-0.0016129951842196455,2083115.1882823668
2024-09-19,0.0009498633009013212,0.09498633009013212,2350232.8028272786,0.0015072376499098983,2086254.9379232451
2024-09-20,0.013925527428774887,1.3925527428774886,2382961.034187056,0.014760441377741573,2117048.9816334853
2024-09-23,-0.0010753069060674084,-0.10753069060674084,2380398.6197301056,0.005742385099666292,2129205.892160881
2024-09-24,0.00026054929732299825,0.026054929732299826,2381018.8309178245,5.2030021699067674e-05,2129316.6747896518
2024-09-25,0.002474488872073799,0.2474488872073799,2386910.6355191288,0.0024575565157058943,2134549.5908577824
2024-09-26,0.0031629354011629028,0.3162935401162903,2394460.2796676243,0.008148714241454025,2151943.425507895
2024-09-27,-0.001624913320771681,-0.16249133207716812,2390569.4892631336,-0.0014152231703233875,2148897.9453108916
2024-09-30,-0.019127064108093617,-1.9127064108093617,2344844.9133871454,-0.014060900852023384,2118682.5043607582
2024-10-01,0.0019275990277140883,0.19275990277140884,2349364.8341623307,-0.0005404401234794243,2117537.4833264877
2024-10-03,-0.019574742537488414,-1.9574742537488414,2303376.622406974,-0.021196375260987388,2072653.3642006926
2024-10-04,-0.0049091226032189185,-0.49091226032189184,2292069.0641661896,-0.009326695880144675,2053322.356607834
2024-10-07,-0.005378011287182583,-0.5378011287182582,2279742.2908681016,-0.008748875168602677,2035358.095628971
2024-10-08,0.00898893453002123,0.8988934530021231,2300234.7450660355,0.00876764730346924,2053203.3975477067
2024-10-09,-0.003786395411425114,-0.3786395411425114,2291525.146782117,-0.0012473907279866303,2050642.250666935
2024-10-10,-0.0016971901763760842,-0.1697190176376084,2287635.99281408,0.0006604768849507447,2051996.652472804
2024-10-11,-0.006537158761208284,-0.6537158761208284,2272681.3531412,-0.0013680536120755926,2049189.4110404218
2024-10-14,0.007841973088306366,0.7841973088306367,2290503.6591508286,0.006557345754428789,2062626.6545249284
2024-10-15,-0.0016894026961618456,-0.16894026961618455,2286634.0760934907,-0.0028096049048969007,2056831.488559404
2024-10-16,-0.003670249541992355,-0.36702495419923553,2278241.5584230046,-0.0034340754096676696,2049768.174122712
2024-10-17,0.000982885873065787,0.09828858730657869,2280480.80986621,-0.008868227322834543,2031590.3639954804
2024-10-18,-0.0009551797711456303,-0.09551797711456303,2278302.5407281397,0.004210173941240125,2040143.7128052486
2024-10-21,0.0012133788454072648,0.12133788454072648,2281066.984834497,-0.00293518237799828,2034155.518930839
2024-10-22,-0.007349351461467758,-0.7349351461467758,2264302.6218557972,-0.012469180337869368,2008791.266930018
2024-10-23,0.00413399374120922,0.413399374120922,2273663.2347227526,-0.001495564743491773,2005786.9895341636
2024-10-24,-5.397181785626833e-06,-0.0005397181785626833,2273650.963348956,-0.0014773427748562273,2002823.7546172747
2024-10-25,-0.0017299896066874433,-0.17299896066874432,2269717.570813127,-0.008959220549493163,1984880.0148778944
2024-10-28,0.007877464607273699,0.7877464607273699,2287597.1906457148,0.0065485676346082045,1997878.1359019044
2024-10-29,0.007605255573165315,0.7605255573165315,2304994.9519290305,0.0052466588480091225,2008360.320900878
2024-10-30,-0.007929223060518555,-0.7929223060518554,2286718.132801816,-0.005149825253829232,1998017.6162015141
2024-10-31,-0.015336997747092518,-1.5336997747092518,2251646.741950799,-0.005566773640794054,1986895.1044018015
2024-11-01,0.002309160919695752,0.23091609196957522,2256846.1566122714,0.004090004961616156,1995021.5152370157
2024-11-04,-0.011072964614712499,-1.10729646147125,2231856.178979254,-0.0127137736646451,1969657.2632361948
2024-11-05,0.007933727524667212,0.7933727524667212,2249563.11777752,0.00908305881860727,1987547.776010666
2024-11-06,0.020047255988886126,2.0047255988886126,2294660.6854627626,0.011181870759630508,2009772.2783706083
2024-11-07,-0.009317096185771456,-0.9317096185771456,2273281.1111425976,-0.011628025706147627,1986402.5946542118
2024-11-08,-0.0027587875669008444,-0.27587875669008444,2267009.611477107,-0.002113709312467793,1982203.916991581
2024-11-11,0.007078072893014564,0.7078072893014564,2283055.670756307,-0.00028567088740283353,1981637.6590396008
2024-11-12,-0.00412448277286781,-0.412448277286781,2273639.2469727746,-0.010680930776533315,1960471.9243792272
2024-11-13,-0.012718582873909923,-1.2718582873909923,2244721.7777847773,-0.013582562322921432,1933843.6922840087
2024-11-14,0.0037318609119060264,0.37318609119060264,2253098.767245396,-0.0011185324376894457,1931680.625384768
2024-11-18,-0.01197184898080741,-1.197184898080741,2226125.009065091,-0.0033527151631265184,1925204.2504617227
2024-11-19,0.003099597280828137,0.3099597280828137,2233025.100089973,0.002758581406631766,1930515.083111015
2024-11-21,-0.0002244320456884718,-0.02244320456884718,2232523.937698686,-0.007168807933116472,1916675.5912682076
2024-11-22,0.02770822033866285,2.770822033866285,2294383.2028757804,0.023869464111237804,1962425.6105068696
2024-11-25,0.013582848907079283,1.3582848907079283,2325547.4632553826,0.013161295867362366,1988253.6745844397
2024-11-26,0.007350090087289574,0.7350090087289574,2342640.4466125774,-0.0011312238174179257,1986004.514672681
2024-11-27,0.001069515088509188,0.10695150885091881,2345145.9359171814,0.003323085437806128,1992604.177354807
2024-11-28,-0.01888139304546661,-1.888139304546661,2300866.3137521506,-0.014861029054492936,1962992.0287810334
2024-11-29,0.007181169797618737,0.7181169797618737,2317389.2254328257,0.009072001940535257,1980800.29627539
2024-12-02,0.006921176407613539,0.6921176407613538,2333428.285067149,0.006006820004948565,1992698.6071208653
2024-12-03,0.007659591401666966,0.7659591401666965,2351301.392295856,0.007460011144599932,2007564.1609378154
2024-12-04,0.004801518700927665,0.4801518700927665,2362591.2099024816,0.00042109681465385407,2008409.5398111995
2024-12-05,0.015580445427881798,1.5580445427881797,2399401.4333167607,0.009847825562885104,2028188.0066180946
2024-12-06,-0.005927382158877559,-0.5927382158877559,2385179.2640689337,-0.0012384293961259507,2025676.2389698287
2024-12-09,-0.001517566453756136,-0.15175664537561362,2381559.596031588,-0.0023827399277279726,2020849.5793145853
2024-12-10,0.0011472372990589453,0.11472372990589454,2384291.810030087,-0.0003635086213900074,2020114.9830699721
2024-12-11,0.0003836396850722236,0.03836396850722236,2385206.5189892068,0.0012901233029631864,2022721.1804842958
2024-12-12,4.222308941366575e-07,4.222308941366575e-05,2385207.526097088,-0.003778196379659149,2015078.9426431302
2024-12-13,0.0074041498376288045,0.7404149837628804,2402867.9600141505,0.008945547808588916,2033104.9276626252
2024-12-16,-0.0058257676963461074,-0.5825767696346107,2388869.409474115,-0.004039468921733236,2024892.2634927093
2024-12-17,-0.013163552875327889,-1.3163552875327889,2357423.4006902487,-0.013468730047733413,1997619.5362199822
2024-12-18,-0.0029702880761657948,-0.29702880761657946,2350421.1740727043,-0.005635699812006956,1986361.5521752457
2024-12-19,-0.0165089610941205,-1.6508961094120498,2311618.1623551412,-0.010213311567061067,1966074.222758049
2024-12-20,-0.013536247841617976,-1.3536247841617977,2280327.525994316,-0.01520556915080562,1936178.9452082852
2024-12-23,0.007103550316434882,0.7103550316434882,2296525.9473131686,0.0070354729729729115,1949800.8798481373
2024-12-24,-0.0007443373268642972,-0.07443373268642972,2294816.5573284714,-0.0010861087115143775,1947683.1841268158
2024-12-26,-0.002486793902674678,-0.24867939026746777,2289109.82150595,0.0009503186263191132,1949534.1037348602
2024-12-27,0.003926431492102967,0.3926431492102967,2298097.854397993,0.002661079652128029,1954721.9692694386
2024-12-30,-0.007343978231406979,-0.7343978231406979,2281220.673781651,-0.007075847935867907,1940890.6538579878
2024-12-31,-0.007597745428431479,-0.7597745428431479,2263888.539836183,-4.212721278373799e-06,1940882.4774266314
2025-01-01,0.0035113873492463197,0.351138734924632,2271837.929415067,0.004148887118253564,1948934.9797352708
2025-01-02,0.01676607059889723,1.6766070598897231,2309927.724528893,0.018774033191665485,1985524.3497332188
2025-01-03,-0.013004788932990154,-1.3004788932990154,2279887.6020209324,-0.007602755327609123,1970428.8939051868
2025-01-06,-0.010206063503396768,-1.0206063503396767,2256618.9243740994,-0.016192595996625703,1938522.5348861022
2025-01-07,0.0025080264881021993,0.2508026488102199,2262278.5844099824,0.0038892874268343647,1946062.0062076696
2025-01-08,0.003535395037870348,0.3535395037870348,2270276.6328915856,-0.0007993610384197103,1944506.4000615585
2025-01-09,-0.010066259390023835,-1.0066259390023835,2247423.439417789,-0.006857594959147506,1931171.7627744663
2025-01-10,0.011048476886552527,1.1048476886552527,2272254.045342493,-0.004037999702463213,1923373.6917709776
2025-01-13,-0.005962873439054905,-0.5962873439054905,2258704.8820487354,-0.014747275302477436,1895009.1704288886
2025-01-14,-0.0014933826268623382,-0.14933826268623382,2255331.7714186744,0.003902874499386977,1902405.15339626
2025-01-15,0.0031813685449518124,0.31813685449518125,2262506.812974696,0.0016028803979861728,1905454.481325667
2025-01-16,0.0009113875375604147,0.09113875375604147,2264568.8334876867,0.004247650725383689,1913548.1864354552
2025-01-17,-0.011979389175026812,-1.1979389175026813,2237440.682117701,-0.004658651792672774,1904633.6317463522
2025-01-20,0.0009802108196884872,0.09802108196884872,2239633.845682724,0.006100485537167577,1916252.8216704237
2025-01-21,-0.015352839344124193,-1.5352839344124192,2205249.1070602937,-0.013711845677293555,1889977.4587010005
2025-01-22,0.016308692678869186,1.6308692678869185,2241213.837027691,0.0056764909144164655,1900705.8985737686
2025-01-23,-0.0015946417732198182,-0.15946417732198181,2237639.9038204486,0.0021593282262408753,1904810.1464703416
2025-01-24,-0.001915060124270962,-0.1915060124270962,2233354.688868164,-0.004876047658393667,1895522.2014159602
2025-01-27,-0.011943406412224312,-1.194340641222431,2206680.8261563648,-0.011391241935562957,1873929.8494254001
2025-01-28,0.008518388761263297,0.8518388761263297,2225478.19130559,0.005611229817278129,1884444.9004719835
2025-01-29,0.010340733367482847,1.0340733367482848,2248491.2678970285,0.008966649288351114,1901342.0569977376
2025-01-30,0.0029130560178664893,0.29130560178664894,2255041.2489160965,0.003730087599762788,1908434.2294274524
2025-01-31,0.005071468496713871,0.5071468496713871,2266477.6195687647,0.011135740150325812,1929686.0571003438
2025-02-01,-0.005494156250503002,-0.5494156250503002,2254025.237388586,-0.0011166221250199504,1927531.326954643
2025-02-03,-0.0038253163019730477,-0.3825316301973048,2245402.877902945,-0.005157091976693451,1917590.87061358
2025-02-04,0.019546116946313277,1.9546116946313277,2289291.7851460245,0.016189306820631133,1948635.3375743844
2025-02-05,-0.00016514272717227407,-0.016514272717227406,2288913.7252573324,-0.001809207062143936,1945109.8527601017
2025-02-06,0.003514707173367215,0.35147071733672147,2296958.586746713,-0.003922602634608197,1937479.9597270624
2025-02-07,-0.009893123856006514,-0.9893123856006514,2274234.49095591,-0.0018387386257991967,1933917.4404884004
2025-02-10,-0.005194167087285528,-0.5194167087285528,2262421.7370142173,-0.007570033692307909,1919277.6203057612
2025-02-11,-0.010363234932491538,-1.0363234932491538,2238975.7290371633,-0.013249684936046169,1893847.7965319057
2025-02-12,-0.004489861976558429,-0.4489861976558429,2228923.0370449224,-0.0011507892904301098,1891668.376769952
2025-02-13,-0.005765037474391033,-0.5765037474391033,2216073.2122088247,-0.0006009745771905495,1890531.532167038
2025-02-14,0.0043371606410846026,0.43371606410846025,2225684.6777225793,-0.004435266153706374,1882146.521649903
2025-02-17,-0.0005701658647241372,-0.05701658647241372,2224415.6682937024,0.0013192755977626813,1884629.5916273294
2025-02-18,-0.0011050296333145583,-0.11050296333145583,2221957.6230634283,-0.0006184463402948426,1883464.049353576
2025-02-19,-0.005235894404315911,-0.5235894404315911,2210323.687578203,-0.0005404326900405598,1882446.1638107891
2025-02-20,-0.004257241988172855,-0.4257241988172855,2200913.8047679923,-0.0008612081186238907,1880824.985891643
2025-02-21,-0.0036296511990235427,-0.36296511990235425,2192925.2553375685,-0.005117148798882476,1871200.5245741794
2025-02-24,-0.01784358863325515,-1.784358863325515,2153795.599177849,-0.010640105330068539,1851290.7538990306
2025-02-25,-0.0022566507548062997,-0.22566507548062997,2148935.2347132657,-0.00025711604818956513,1850814.7573363383
2025-02-27,0.0010972186345335146,0.10972186345335146,2151293.086497199,-0.00011087678764998277,1850609.5449415096
2025-02-28,-0.016275807027464586,-1.6275807027464586,2116279.0553618516,-0.018644959666695105,1816105.0046172743
2025-03-03,-0.004981225729617189,-0.4981225729617189,2105737.391680233,-0.00024400049223838316,1815661.874102191
2025-03-04,-5.01603135120599e-05,-0.00501603135120599,2105631.7672324926,-0.0016569416451024388,1812653.4283295663
2025-03-05,0.004492427305898806,0.44924273058988057,2115091.1648797756,0.011531695069225467,1833556.394931249
2025-03-06,0.009897005388237633,0.9897005388237633,2136024.233535205,0.009284847776867,1850580.6869484866
2025-03-07,0.002895358616400423,0.2895358616400423,2142208.789704611,0.00034601398645017767,1851221.0137492253
2025-03-10,-0.001342873692654623,-0.1342873692654623,2139332.073876743,-0.004088203913091726,1843652.8447568181
2025-03-11,0.0007459675068405948,0.07459675068405948,2140927.946090197,0.0016740474556060647,1846739.207110604
2025-03-12,-0.008007167615246825,-0.8007167615246825,2123785.177173687,-0.0012179087892316698,1844490.0471988455
2025-03-13,-0.002113102186117821,-0.21131021861178212,2119297.402072957,-0.003262089461738671,1838473.1556535962
2025-03-17,0.0025575851554990874,0.25575851554990875,2124717.685648586,0.004980568336268254,1847629.7968397238
2025-03-18,0.0,0.0,2124717.685648586,0.01446329899483545,1874352.6190231836
2025-03-19,0.011756352111869007,1.1756352111869006,2149696.6148993867,0.0032100316461272094,1880369.3502462495
2025-03-20,0.015097731610859545,1.5097731610859544,2182152.157435911,0.012356195589090069,1903603.5617176224
2025-03-21,0.0025456622595253944,0.2545662259525394,2187707.1798276375,0.0068885519512889015,1916716.6337471728
2025-03-24,0.012493024066042756,1.2493024066042757,2215038.258274678,0.013188177230298859,1941994.6324132923
2025-03-25,0.0037680595237183034,0.37680595237183034,2223384.654279171,0.00043539728764163677,1942840.1716088597
2025-03-26,-0.009488154578171027,-0.9488154578171027,2202288.8369926373,-0.007681079328545448,1927917.0621280472
2025-03-27,0.004362467124890035,0.4362467124890035,2211896.24964353,0.004474827877002596,1936544.159142207
2025-03-28,-0.004993280539850065,-0.4993280539850065,2200851.6311440174,-0.0030773044101545244,1930584.8232608195
2025-04-01,-0.02325790853558079,-2.325790853558079,2149664.4252064866,-0.015036571865236992,1901555.4458239223
2025-04-02,0.00770942860884727,0.7709428608847271,2166237.1096255947,0.0071938424586863725,1915234.9361276368
2025-04-03,-0.015743098085857724,-1.5743098085857725,2132133.826331534,-0.0035251486188494496,1908483.4483377745
2025-04-04,-0.015771983356321507,-1.5771983356321506,2098505.847109183,-0.014866619775066536,1880110.7505643289
2025-04-07,-0.029286270997862896,-2.9286270997862895,2037048.436180144,-0.03243254628305536,1819133.9716293812
2025-04-08,0.011795920471108267,1.1795920471108268,2061077.2975291205,0.016887318902814252,1849854.2671352297
2025-04-09,-0.006126317030735784,-0.6126317030735784,2048450.4845796053,-0.006065856008070525,1838633.3175148726
2025-04-11,0.011957337976710303,1.1957337976710303,2072944.4993522796,0.019170387409190415,1873880.6305150776
2025-04-15,0.019167280362694373,1.9167280362694372,2112677.20774767,0.02190239778210845,1914923.109480807
2025-04-16,0.0019612952415292376,0.19612952415292376,2116820.791502113,0.004657316201027051,1923841.5119023132
2025-04-17,0.018592882012071814,1.8592882012071814,2156178.590719212,0.017683476937954135,1957861.7189103165
2025-04-21,0.011690444577535385,1.1690444577535386,2181385.277033283,0.011483498464016417,1980344.8209521796
2025-04-22,-0.0004430050638760453,-0.04430050638760453,2180418.9123092927,0.0017284255654137493,1983767.6995690481
2025-04-23,0.011898097847200752,1.1898097847200753,2206361.7498758356,0.006690840652122221,1997040.7731376917
2025-04-24,-0.0046814963451422996,-0.46814963451423,2196032.67540773,-0.0033807460922566923,1990289.285347829
2025-04-25,0.0034549981675633394,0.34549981675633396,2203619.964277173,-0.00855166336268387,1973269.001385178
2025-04-28,0.014874229665624909,1.487422966562491,2236397.1137215877,0.012028211882747275,1997003.899035496
2025-04-29,0.007229962862120609,0.7229962862120609,2252566.1817987487,0.0003061930965739812,1997615.3678432119
2025-04-30,0.001327486435220182,0.1327486435220182,2255556.432849522,-7.191007773188485e-05,1997471.7191668318
2025-05-02,0.0018112393965814988,0.18112393965814988,2259641.7855219124,0.0005136803511647248,1998497.781140975
2025-05-05,0.00465648360319546,0.465648360319546,2270163.7704452905,0.004700890697612925,2007892.5007695404
2025-05-06,-0.0009575978694311702,-0.09575978694311701,2267989.8664554525,-0.0033338898599493128,2001198.4083213569
2025-05-07,-0.0014119101739352047,-0.14119101739352047,2264787.6684886217,0.0014274549954715887,2004055.0289862447
2025-05-08,-0.0009699762764110886,-0.09699762764110886,2262590.8781790794,-0.005758880297096702,1992513.9159655182
2025-05-09,-0.01575384810741596,-1.575384810741596,2226946.365155021,-0.0109501096942064,1970695.670018463
2025-05-12,0.050634446847253094,5.063444684725309,2339706.5625131465,0.038183073090219954,2045942.8868253583
2025-05-13,-0.021892695495112725,-2.1892695495112724,2288484.0791921294,-0.01389583907654357,2017512.7937102339
2025-05-14,0.004317693270666601,0.4317693270666601,2298365.051500885,0.0036027960647213586,2024781.4808639383
2025-05-15,0.014408177638212161,1.440817763821216,2331480.3034403683,0.01602143814146184,2057221.3921095775
2025-05-16,-0.0030665351736046675,-0.30665351736046675,2324330.7370833023,-0.0016877607536591732,2053749.2945823867
2025-05-19,-0.008589708163957144,-0.8589708163957145,2304365.4143752414,-0.0029717088137536374,2047646.149702436
2025-05-20,-0.0072572834745254335,-0.7257283474525433,2287641.981334228,-0.010484831354666824,2026176.925148773
2025-05-21,0.005377225799127272,0.5377225799127272,2299943.148815425,0.00524831270888626,2036810.9352554837
2025-05-22,-0.00929284875854186,-0.9292848758541861,2278570.1249802387,-0.008211272774042211,2020086.125076949
2025-05-23,0.009362871199348134,0.9362871199348134,2299904.0835791114,0.009892488718005854,2040069.804278673
2025-05-26,0.006592259575782045,0.6592259575782045,2315065.648297466,0.005954979456279652,2052218.3780525287
2025-05-27,-0.008646005294242753,-0.8646005294242753,2295049.5784457666,-0.0069977248703164685,2037857.5184691101
2025-05-28,-0.0004019433036771325,-0.04019433036771325,2294127.0986361033,-0.0029706520659956714,2031803.752821665
2025-05-29,0.0032597800396862112,0.32597800396862114,2301605.4483607407,0.003278479228775888,2038464.9792222395
2025-05-30,-0.0013256003385894166,-0.13256003385894166,2298554.439399095,-0.00333823496911434,2031660.104145285
2025-06-02,-0.0036039376170875718,-0.3603937617087572,2290270.5925900205,-0.0013777230725331435,2028861.039144259
2025-06-03,-0.007649590944053975,-0.7649590944053976,2272750.9594055107,-0.007043833380258491,2014570.0800328287
2025-06-04,0.0047273032044011795,0.472730320440118,2283494.9422987145,0.003165904807986175,2020948.01713523
2025-06-05,0.006667182982550291,0.666718298255029,2298719.4209187482,0.005308696762106768,2031676.6173301816
2025-06-06,0.005810959614607425,0.5810959614607425,2312077.1866390207,0.01018752395450262,2052374.3715370358
2025-06-09,0.0007347719389181326,0.07347719389181326,2313776.0360763757,0.004005448710087123,2060595.0518161245
2025-06-10,0.0008783989557802355,0.08783989557802355,2315808.454530375,4.18584595869298e-05,2060681.3051508262
2025-06-11,0.005986447566304243,0.5986447566304243,2329671.9204170257,0.0014798446727146697,2063730.7934024162
2025-06-12,-0.007466631519241874,-0.7466631519241874,2312277.118626547,-0.010071084662786611,2042946.7858608605
2025-06-13,-0.005983706900079034,-0.5983706900079034,2298441.1300769267,-0.006814458847919758,2029025.209060122
2025-06-16,0.010427086957527055,1.0427086957527054,2322407.175606996,0.00921979376770854,2047732.4030371378
2025-06-17,0.0010338084683530811,0.10338084683530811,2324808.099812102,-0.0037319707924959866,2040090.3255181557
2025-06-18,-0.005686907639094208,-0.5686907639094207,2311587.1308698524,-0.0016637405234334324,2036696.1445721267
2025-06-19,-0.0029554196245798804,-0.29554196245798803,2304755.4208993535,-0.0007577278241026608,2035152.8832341419
2025-06-20,0.011107631960690955,1.1107631960690956,2330355.7958741104,0.01287247095983779,2061350.3296224037
2025-06-23,-0.011167142574358113,-1.1167142574358113,2304332.380452602,-0.0055948454872697395,2049817.3930330337
2025-06-24,0.0005310814481397588,0.053108144813975876,2305556.168630209,0.0029012296868362597,2055764.3841062943
2025-06-25,0.011901843692309112,1.190184369230911,2332996.5377730844,0.008001820520425307,2072214.2417401955
2025-06-26,0.009845802253543166,0.9845802253543167,2355966.760342199,0.012052010814129765,2097188.590190842
2025-06-27,0.006378126746583201,0.6378126746583201,2370993.4149503983,0.003475704773181043,2104477.798584029
2025-06-30,-0.005082989094282375,-0.5082989094282375,2358941.6812795904,-0.004709842354665206,2094566.0399138054
2025-07-01,0.0016137222750528756,0.16137222750528757,2362748.358016222,0.0009699396772837598,2096597.642622609
2025-07-02,-0.004349749643201073,-0.4349749643201073,2352470.9941889667,-0.0034610085397696055,2089341.3002770313
2025-07-03,-0.0005832540290787058,-0.058325402907870576,2351098.906003315,-0.00188971251922454,2085393.045864965
2025-07-04,0.007679315302781608,0.7679315302781607,2369153.735810539,0.0021924250859925998,2089965.1138928737
2025-07-07,-0.0014595269657153187,-0.14595269657153187,2365695.892047199,1.1813410706551508e-05,2089989.8035091264
2025-07-08,0.002896310852006168,0.2896310852006168,2372547.6827318817,0.0024036171315751087,2095013.3388056585
2025-07-09,-0.004766342013727165,-0.4766342013727165,2361239.3090321054,-0.00181801902732881,2091204.5646932023
2025-07-10,-0.0041214153018455995,-0.41214153018455996,2351507.6612125416,-0.004743646446198069,2081284.6295916222
2025-07-11,-0.01489889121702428,-1.489889121702428,2316472.8043721365,-0.008100901810276007,2064424.347168064
2025-07-14,-0.0071904984174477,-0.7190498417447699,2299816.210338238,-0.002685854157148504,2058879.604453104
2025-07-15,0.006371810385199073,0.6371810385199073,2314470.2031513206,0.004525103218794291,2068196.2471783247
2025-07-16,0.0017988982867105819,0.17988982867105818,2318633.6996344123,0.0006449487413033861,2069530.1277447108
2025-07-17,-0.007773401019667349,-0.7773401019667349,2300610.030069439,-0.003990217351728331,2061272.2527190591
2025-07-18,-0.002897148922538806,-0.28971489225388064,2293944.820199642,-0.0056965580472427835,2049530.0956802743
2025-07-21,0.0013774703670710756,0.13774703670710756,2297104.661213163,0.004898144302865282,2059568.9898419813
2025-07-22,-0.002090819394999444,-0.2090819394999444,2292301.830235155,-0.0011876443882732346,2057122.9542889337
2025-07-23,0.007112849553729329,0.7112849553729329,2308606.6282853563,0.006344544590244583,2070174.4626000358
2025-07-24,-0.009494030549918554,-0.9494030549918554,2286688.6464286703,-0.006256994627491075,2057221.3921095782
2025-07-25,-0.008419862641357323,-0.8419862641357323,2267435.0421221894,-0.008981674037030651,2038744.1001436436
2025-07-28,-0.0022340314694681675,-0.22340314694681676,2262369.5208831136,-0.006284962329387578,2025930.6702749792
2025-07-29,0.0034439920668330585,0.34439920668330587,2270161.10356528,0.005680474234370125,2037438.9172480965
2025-07-30,-0.0005405439877072869,-0.05405439877072869,2268933.981629621,0.001367835124523431,2040225.7977631795
2025-07-31,-0.0061247347352095804,-0.612473473520958,2255037.3628604366,-0.0034882717656889994,2033108.935717212
2025-08-01,-0.008862199834519236,-0.8862199834519237,2235052.77111646,-0.008195943742782208,2016445.689257126
2025-08-04,0.005643636442643519,0.5643636442643518,2247666.596386764,0.006407415043054421,2029365.8936999743
2025-08-05,-0.010232886337150271,-1.023288633715027,2224666.479582129,-0.0029608040671041946,2023357.3389082649
2025-08-06,-0.0044689100953035025,-0.44689100953035027,2214724.6450928412,-0.003056914228121266,2017172.1090703825
2025-08-07,0.0010695151436105777,0.10695151436105776,2217093.326639696,0.0008932609229541644,2018973.970090288
2025-08-08,-0.008491800272922845,-0.8491800272922845,2198266.2129234415,-0.009466912735407229,1999860.5197003845
2025-08-11,0.00599319472534754,0.599319472534754,2211440.8503956436,0.009101804471857822,2018062.8591216854
2025-08-12,-0.004846838783940855,-0.4846838783940855,2200722.3531135553,-0.003971941790719136,2010047.2309152416
2025-08-13,0.0016096472917572992,0.1609647291757299,2204264.739889154,0.005388453516712133,2020878.2769854246
2025-08-14,0.0035689416737307187,0.3568941673730719,2212131.63217928,0.00048543816407109475,2021859.2884260155
2025-08-18,0.0010500664989376853,0.10500664989376854,2214454.517497472,0.009973019276634965,2042023.3300841316
2025-08-19,0.005464738128285784,0.5464738128285784,2226555.931532595,0.004168564680625764,2050535.6364149342
2025-08-20,0.01118446580754886,1.118446580754886,2251458.7702174163,0.0027981813736617234,2056273.40703878
2025-08-21,0.004409870297678342,0.44098702976783416,2261387.4113746453,0.0013252889742787488,2058998.563513231
2025-08-22,-0.010511743442955069,-1.0511743442955068,2237616.287081147,-0.008517482060098724,2041461.0801867382
2025-08-25,0.011653979780957236,1.1653979780957235,2263693.422048331,0.003926417350905487,2049476.7083931817
2025-08-26,-0.007269197557035124,-0.7269197557035123,2247238.187354901,-0.010241179872034878,2028487.6487789813
2025-08-28,-0.013411317859329253,-1.3411317859329253,2217099.761718661,-0.008544430103923584,2011155.377847317
2025-08-29,-0.010270405751325653,-1.0270405751325653,2194329.247574643,-0.0030223697933294824,2005076.9225836191
2025-09-01,0.007056650026517253,0.7056650026517253,2209813.861117728,0.008114070174605414,2021346.2574389447
2025-09-02,-0.0019674146733878795,-0.19674146733878795,2205466.2409019093,-0.0018457290617897026,2017615.3999076497
2025-09-03,-0.00011408695007297837,-0.011408695007297838,2205214.625984996,0.0055107151470170646,2028733.9036527756
2025-09-04,-0.0015894037943718685,-0.15894037943718686,2201709.649491051,0.0007788776228048189,2030314.039092956
2025-09-05,-0.0032045177499047117,-0.32045177499047117,2194654.231839121,0.00027084730671167456,2030863.9441822236
2025-09-08,-0.0025076527313707244,-0.2507652731370724,2189150.801160235,0.0012994782193525012,2033503.007644157
2025-09-09,0.011612623085701412,1.1612623085701412,2214572.58429187,0.003852930178235292,2041337.9527498411
2025-09-10,0.008037294270649076,0.8037294270649077,2232371.7558355355,0.0042020862308871365,2049915.8308536788
2025-09-11,-0.001094414231081697,-0.10944142310816969,2229928.616416884,0.0012974116602184615,2052575.4155550948
2025-09-12,0.0065809653432588495,0.658096534325885,2244603.699359465,0.004339045410009845,2061481.6334906584
2025-09-15,-0.002822516712683365,-0.2822516712683365,2238268.267904672,-0.0017838966811339896,2057804.1632464554
2025-09-16,0.003683022376606138,0.3683022376606138,2246511.8600202124,0.006777256391098607,2071750.4296634467
2025-09-17,0.003991605206563831,0.3991605206563831,2255479.048457276,0.003611475529465391,2079232.5056433359
2025-09-18,0.005310927178287629,0.5310927178287629,2267457.7334357863,0.0036853015416349333,2086895.1044018008
2025-09-19,-0.006388819321901119,-0.6388819321901119,2252971.3556568176,-0.0037976065391384095,2078969.8979068282
2025-09-22,-0.01435117339280907,-1.435117339280907,2220638.5730827544,-0.004923635718664832,2068733.8074594655
2025-09-23,-0.003602997305020672,-0.3602997305020672,2212637.6182885123,-0.0013034343973540308,2066037.3486558537
2025-09-24,-0.006078141637068102,-0.6078141637068102,2199188.8934530495,-0.00447365300760838,2056794.6144572082
2025-09-25,-0.0092340065525933,-0.92340065525933,2178881.568800514,-0.006626948212322681,2043164.343063816
2025-09-26,-0.01138620268548485,-1.138620268548485,2154072.381630484,-0.009487437927231501,2023779.9481838655
2025-09-29,-0.0024645399852968103,-0.24645399852968103,2148763.5841147318,-0.0008030448049409777,2022154.7622101328
2025-09-30,-0.001681299192183783,-0.1681299192183783,2145150.869636566,-0.0009661407544825362,2020201.0760824906
2025-10-01,0.009588146492096383,0.9588146492096383,2165718.8904222893,0.009150390492475902,2038686.7048019655
2025-10-03,-0.0025199103415221693,-0.2519910341522169,2160261.472993484,0.0023332467769816567,2043443.4639852198
2025-10-06,0.01318418597706026,1.318418597706026,2188742.7620125087,0.007367178791287232,2058497.8773342862
2025-10-07,0.0017633792657805402,0.17633792657805403,2192602.3456171686,0.0012222193924698033,2061013.813359322
2025-10-08,0.0045028450959729415,0.45028450959729416,2202475.2943365495,-0.0024752925801897474,2055912.2011594453
2025-10-09,0.006247650680719908,0.6247650680719908,2216235.59060848,0.005416017571936882,2067047.0577672843
2025-10-10,0.0005000564386518305,0.050005643865183046,2217343.8334851335,0.0041120501676790155,2075546.8589677766
2025-10-13,-0.00615382296615632,-0.6153822966156319,2203698.6920787673,-0.0022938183927065925,2070785.9314077517
2025-10-14,-0.002718088898516813,-0.2718088898516813,2197708.843128152,-0.003244479132464395,2064067.3096654983
2025-10-15,0.001368363770283865,0.1368363770283865,2200716.108286721,0.007080820872521931,2078682.6005540679
2025-10-16,0.009154603778529925,0.9154603778529925,2220862.7922871145,0.010336228211479837,2100168.338292627
2025-10-17,0.0023147522204018515,0.23147522204018514,2226003.539366769,0.004867983737610659,2110391.9236096805
2025-10-20,0.007018521799227286,0.7018521799227285,2241626.793732972,0.005184813729964155,2121333.9126308174
2025-10-21,0.0005456177998531597,0.05456177998531597,2242849.8652122603,0.0009847568259027106,2123422.9106812994
2025-10-23,0.007320436256586582,0.7320436256586582,2259268.5046836403,0.0008814076368377499,2125294.5118510104
2025-10-24,-0.001346788875963423,-0.13467888759634228,2256225.7469937177,-0.0037174505259611745,2117393.834650107
2025-10-27,0.007808297512578611,0.7808297512578611,2273843.0288817845,0.006625291500029773,2131422.18602503
2025-10-28,-0.00393017607456998,-0.393017607456998,2264906.425412345,-0.001149638146805021,2128971.8217730285
2025-10-29,0.005595228021512644,0.5595228021512644,2277579.093309916,0.0045381040946781415,2138633.3175148712
2025-10-30,-0.008836666814067673,-0.8836666814067673,2257452.88571965,-0.0067571756478100875,2124182.196542165
2025-10-31,-0.005010410801430054,-0.5010410801430054,2246142.119397321,-0.006018660837397216,2111397.4643443394
2025-11-03,-0.0012442879121773887,-0.12442879121773887,2243347.2719091224,0.0016036793506921665,2114783.4688590127
2025-11-04,-0.00859773714925407,-0.859773714925407,2224059.561730752,-0.006431586779760301,2101182.055458643
2025-11-06,0.0017534849704239797,0.17534849704239797,2227959.416745574,-0.0034359080045569534,2093962.587215261
2025-11-07,0.0006347776087446191,0.0634777608744619,2229373.675496516,-0.0006820322478444663,2092534.4372050008
2025-11-10,0.009924590606549266,0.9924590606549266,2251499.2965348368,0.0032185728871263475,2099269.411809967
2025-11-11,0.007202714705230307,0.7202714705230308,2267716.2036268036,0.0047156471705849246,2109168.8256720644
2025-11-12,0.010431605413532453,1.0431605413532452,2291372.1242529126,0.0070384090258497345,2124014.0185717153
2025-11-13,0.0003755950809450014,0.03755950809450014,2292232.7523513963,0.00012944949620363744,2124288.971116349
2025-11-14,-0.005244377282451485,-0.5244377282451484,2280211.4189788727,0.001194026471448284,2126825.4283808675
2025-11-17,0.002593735127544927,0.2593735127544927,2286125.6834345073,0.0039906690408659795,2135312.8847732334
2025-11-18,-0.005276041985075097,-0.5276041985075097,2274063.9883455485,-0.003974806902018679,2126825.4283808675
2025-11-19,0.013066064561671276,1.3066064561671276,2303777.055234643,0.005503640675154298,2138530.711317457
2025-11-20,0.006046379980370543,0.6046379980370543,2317706.5667006513,0.005354541588221684,2149981.5629488956
2025-11-21,-0.0029408688549582337,-0.29408688549582335,2310890.495643709,-0.0047342428227803435,2139803.0281653944
2025-11-24,-0.0015322229535102096,-0.15322229535102094,2307349.696183235,-0.004167936312968079,2130884.465421705
2025-11-25,-0.006574829462864984,-0.6574829462864984,2292179.265419637,-0.002877529180069005,2124752.7831930984
2025-11-26,0.01567463382321246,1.567463382321246,2328108.3360622497,0.012381783530362567,2151061.0122101307
2025-11-27,0.0022175656877567065,0.22175656877567065,2333271.069225682,0.0003911422381892571,2151902.3830289277
2025-11-28,-0.0010873622599528732,-0.10873622599528732,2330733.958322766,-0.0004806903583736144,2150867.984301245
2025-12-01,-0.000844529369113145,-0.0844529369113145,2328765.585043373,-0.0010380212747401751,2148635.337574383
2025-12-02,-0.007680469531354883,-0.7680469531354883,2310879.57192178,-0.005484113396941881,2136851.977734448
2025-12-03,0.008980117957913203,0.8980117957913203,2331631.543064169,-0.0017746951904364927,2133059.716806888
2025-12-04,0.0037232018244997,0.37232018244997,2340312.6778793666,0.0018375278996383138,2136979.273548115
2025-12-05,0.005597068920805937,0.5597068920805937,2353411.5692336936,0.005865433091659877,2149513.582495375
2025-12-08,-0.0009180194387432562,-0.09180194387432562,2351251.0916657737,-0.00862653945989178,2130970.7187564056
2025-12-09,-0.008239387228562857,-0.8239387228562857,2331878.223449958,-0.004657081109092687,2121046.6152780554
2025-12-10,-0.005137242397613573,-0.5137242397613573,2319898.7997743795,-0.0031598875909956137,2114344.346398515
2025-12-11,0.004482826340337365,0.44828263403373647,2330298.503220925,0.0054565875164998,2125881.451364655
2025-12-12,0.00442802112374614,0.442802112374614,2340617.1142178215,0.005729990019651465,2138062.7308639367
2025-12-15,0.00044453352025586307,0.044453352025586305,2341657.5969831757,-0.0007543469807149705,2136449.8896983303
2025-12-16,-0.005314809861830594,-0.5314809861830594,2329212.132093699,-0.006424068837574293,2122725.1885388806
2025-12-17,-0.0018556495745328807,-0.18556495745328808,2324889.9305917826,-0.001606677033445636,2119314.654730139
2025-12-18,0.006788581696338847,0.6788581696338847,2340672.6358206,-0.00011619552256891819,2119068.3998563443
2025-12-19,0.005002786714060226,0.5002786714060227,2352382.521785048,0.005843362036054733,2131450.8836958683
2025-12-22,0.012716090161311167,1.2716090161311167,2382295.6300259596,0.00793332910611566,2148360.3850297485
2025-12-23,-0.0030159182852314667,-0.3015918285231467,2375110.821074537,0.00018148889399149937,2148750.288579922
2025-12-24,-0.001984368640934831,-0.1984368640934831,2370397.7256424516,-0.0013389838361685946,2145873.1466755513
2025-12-26,-0.005504903019351914,-0.5504903019351914,2357348.9160454976,-0.0038175521330050532,2137681.164067302
2025-12-29,-0.0059912035621731315,-0.5991203562173132,2343225.5588224013,-0.003847631310177624,2129456.1550892596
2025-12-30,-0.004129085003790123,-0.4129085003790123,2333550.18130697,-0.00012527898855285713,2129189.3789759823
2025-12-31,0.0008291043362695043,0.08291043362695043,2335484.937881194,0.0073538342244390265,2144847.084701408
2026-01-01,0.0030276544141811137,0.30276544141811135,2342555.9791626236,0.0006487344669803274,2146238.5209316565
2026-01-02,0.009574054909066198,0.9574054909066197,2364983.738734688,0.006960765170238581,2161177.9832751816
2026-01-05,-0.01049432004226809,-1.049432004226809,2340164.8424856463,-0.0029720587604740167,2154754.835317045
2026-01-06,-0.003085027293028132,-0.3085027293028132,2332945.3700763932,-0.0027276473171363724,2148877.4240714055
2026-01-07,0.0049235927054152254,0.49235927054152256,2344431.8428826337,-0.001449622016468255,2145762.3640467804
2026-01-08,-0.012641133261908367,-1.2641133261908366,2314795.5675332923,-0.010095364158449915,2124100.1115842317
2026-01-09,-0.004923621371853605,-0.4923621371853605,2303398.3906055135,-0.007479613285493514,2108212.664169908
2026-01-12,0.0016151608247476636,0.16151608247476637,2307118.7494498063,0.004164153963733375,2116991.586291804
2026-01-13,0.0015105726243403784,0.15105726243403783,2310603.8198738275,-0.002246942885392733,2112234.8271085494
2026-01-14,-0.008822302170464646,-0.8822302170464646,2290218.9747786704,-0.00259211846006413,2106759.6642212113
2026-01-15,0.0,0.0,2290218.9747786704,0.0,2106759.6642212113
2026-01-16,0.015818952634223307,1.5818952634223307,2326447.840262694,0.0011201764399650926,2109119.6067617405
2026-01-19,-0.014751858110137175,-1.4751858110137175,2292128.4118225034,-0.004236324757381116,2100184.6911553377
2026-01-20,-0.00928529604672268,-0.928529604672268,2270845.3209416275,-0.013796877137441155,2071208.701005533
2026-01-21,-0.003939277657214978,-0.39392776572149785,2261899.830705851,-0.0029723570791637677,2065052.329160674
2026-01-22,0.0017041833606817435,0.17041833606817436,2265754.5227608685,0.00526285960946038,2075920.409655236
2026-01-23,-0.0015710351289933478,-0.15710351289933477,2262194.9428119357,-0.009539381186706164,2056117.4135542712
2026-01-27,0.005260296622685036,0.5260296622685036,2274094.7592294645,0.005060152863462841,2066521.6819720836
2026-01-28,0.0053733632230000385,0.5373363223000038,2286314.296374325,0.006647346488174222,2080258.5676174767
2026-01-29,-0.0022119572163642916,-0.22119572163642914,2281257.0669675833,0.0030048195489833507,2086509.369228394
2026-01-30,-0.008371190117475558,-0.8371190117475558,2262160.230353163,-0.003865234077404689,2078444.5221116284
2026-02-02,0.0002231993586273127,0.02231993586273127,2262665.1430656896,-0.00917235522852089,2059380.2906320472
2026-02-03,0.023391646984851813,2.3391646984851815,2315592.6073372117,0.025475932330218942,2111844.9235583763
2026-02-04,-0.02218303444064549,-2.218303444064549,2264225.736778146,0.0018831648283172964,2115821.8756412817
2026-02-05,-0.006781326172009816,-0.6781326172009816,2248871.2835299945,-0.00516756745616076,2104888.2233736846
2026-02-06,-0.004470451935552578,-0.44704519355525785,2238817.8125477294,0.0019849016468285186,2109066.219474649
2026-02-09,-0.001588320158649181,-0.1588320158649181,2235261.8530845167,0.006756581098813275,2123316.296429297
2026-02-10,0.002551321928176309,0.2551321928176309,2240964.7256655074,0.0026229876069705504,2128885.7287605098
2026-02-11,-0.00826584117416651,-0.826584117416651,2222441.267166246,0.0007209990483325601,2130420.6533449544
2026-02-12,-0.023347709498016723,-2.334770949801672,2170552.3540840447,-0.00565042923620962,2118382.8621998695
2026-02-13,-0.016475803502104692,-1.6475803502104691,2134790.760007125,-0.01302348257655217,2090794.1399035424
2026-02-16,0.007445486527109723,0.7445486527109724,2150685.315848956,0.008309432803093486,2108167.453314172
2026-02-17,0.001982532364916368,0.1982532364916368,2154949.119094377,0.00166066292063749,2111668.4088343857
2026-02-18,-0.0017163635418854244,-0.17163635418854245,2151250.442991745,0.003652002197183979,2119380.2265031734
2026-02-19,-0.010863688788691352,-1.0863688788691352,2127879.927672548,-0.014136684522350174,2089419.216858191
2026-02-20,-0.0004983093808759161,-0.04983093808759161,2126819.5851432113,0.004592550680687868,2099014.980504815
2026-02-23,-4.375196841617233e-05,-0.004375196841617233,2126726.5325998953,0.00554333479982394,2110650.523291599
2026-02-24,-0.02031288568576437,-2.031288568576437,2083526.5796583116,-0.011214156627970318,2086981.3577364997
2026-02-25,0.003999069433708136,0.3999069433708136,2091858.7471173415,0.002275335490801167,2091729.9404883978
2026-02-26,0.0010766749584037562,0.10766749584037562,2094110.9990468805,0.0005513894339252978,2092883.2982762083
2026-02-27,-0.007021551192630237,-0.7021551192630238,2079407.0914640229,-0.012468368500212268,2066788.4580853607
2026-03-02,-0.011278252350200814,-1.1278252350200813,2055955.0135476945,-0.012429227421638323,2041099.8743074003
2026-03-04,-0.004707258018359251,-0.47072580183592516,2046277.1028247864,-0.015491187895474101,2009480.8126410758
2026-03-05,0.006614566935853627,0.6614566935853627,2059812.3396907258,0.011658274570576665,2032907.8916991507
2026-03-06,-0.010257259252961193,-1.0257259252961193,2038684.3105100696,-0.012737318930444053,2007014.0955263623
2026-03-09,-0.0077643474996173184,-0.7764347499617319,2022855.2570812516,-0.017275692308183932,1972341.5375538606
2026-03-10,0.0011055431359008549,0.11055431359008548,2025091.6108256388,0.009719840791548862,1991512.3832854428
2026-03-11,-0.015742603315897788,-1.5742603315897787,1993211.396918058,-0.01627056774308744,1959109.3461419996
2026-03-12,-0.007812172122443584,-0.7812172122443584,1977640.086408918,-0.009540396930332928,1940418.6653498798
2026-03-13,-0.01265951975275561,-1.265951975275561,1952604.112671183,-0.02064586811222946,1900357.0375025577
2026-03-16,0.010880508711954518,1.0880508711954517,1973849.4387301002,0.011131271353117311,1921510.427354805
2026-03-17,-0.0001861928214019538,-0.018619282140195377,1973481.9221340802,0.007362598835607637,1935657.7377898553
2026-03-18,0.010705348616081857,1.0705348616081858,1994608.7340980612,0.008339304375208911,1951799.7768315135
2026-03-19,-0.03428675563563839,-3.4286755635638393,1926220.071843331,-0.03262077926216955,1888130.5471475408
2026-03-20,0.007763058829360392,0.7763058829360392,1941173.4315793456,0.004884308965338757,1897352.7601067037
2026-03-23,-0.014306564743259932,-1.430656474325993,1913401.9082025595,-0.026037751600726855,1847949.960240092
2026-03-24,0.015486795934067432,1.5486795934067432,1943034.3730947478,0.017756683156527453,1880763.4221731927
2026-03-25,0.004433369477222281,0.4433369477222281,1951648.5623776196,0.01719805962740728,1913108.903652774
2026-03-27,-0.02041095588312363,-2.041095588312363,1911813.5496715684,-0.02088905112938999,1873145.87394828
2026-03-30,-0.01725974499382035,-1.725974499382035,1878816.1353285066,-0.02139385559374285,1833072.0616150154
2026-04-01,0.01601223227096962,1.601223227096962,1908900.1756818325,0.015583438293735208,1861637.626975163
2026-04-02,0.007575226520380941,0.7575226520380941,1923360.5269174175,0.0014858954897207788,1864403.8259285798
2026-04-06,0.0038606747169112514,0.38606747169112515,1930785.9962751926,0.01123362266767347,1885347.8350092282
2026-04-07,0.012945231370883038,1.2945231370883037,1955780.467724636,0.0067658785769486585,1898103.8695362138
2026-04-08,0.030819460376418695,3.0819460376418695,2016056.566354649,0.03778379295615997,1969821.4331520563
2026-04-09,-0.011252938980937334,-1.1252938980937333,1993370.0048313418,-0.009261439434677166,1951578.0512517896
2026-04-10,0.0016632845895867344,0.16632845895867343,1996685.5464417224,0.011587753764504383,1974192.4571619064
2026-04-13,-0.011157350403829104,-1.1157350403829103,1974407.8261538108,-0.008646321593950623,1957122.954288933
2026-04-15,0.01891280755629179,1.891280755629179,2011749.4214074947,0.016300637062472756,1989025.3052534314
2026-04-16,-0.00022115348681996919,-0.022115348681996917,2011304.5160083422,-0.0014258739785333319,1986189.2058280264
2026-04-17,0.004824194728860864,0.48241947288608644,2021007.4406526037,0.006480241406387144,1999060.1913605523
2026-04-20,-0.001038193705074786,-0.10381937050747861,2018909.243449809,0.00046394992773279853,1999987.6551918676
2026-04-21,0.00986699115722447,0.986699115722447,2038829.8031021673,0.008690798564113589,2017369.1450338538
2026-04-22,-0.016924132496130895,-1.6924132496130895,2004324.3773774058,-0.00807678861823835,2001075.280884459
2026-04-23,-0.015230133442017046,-1.5230133442017046,1973798.2496488602,-0.008411190019346093,1984243.8564539233
2026-04-24,-0.029199281014576296,-2.9199281014576295,1916164.7598912844,-0.011380506539678703,1961662.1562692323
2026-04-27,0.012110401464293631,1.2110401464293632,1939370.2844052995,0.008149234824183171,1977648.2018263836
2026-04-28,-0.0051640819958842735,-0.5164081995884273,1929355.2172362492,-0.004026115924964935,1969685.9609070322
2026-04-29,0.007773549533204105,0.7773549533204105,1944353.1555845807,0.007582657634449097,1984621.415195971
2026-04-30,-0.001479289981398324,-0.1479289981398324,1941476.8934412242,-0.007449012061355398,1969837.9463369523
2026-05-01,0.0,0.0,1941476.8934412242,0.0,1969837.9463369523
2026-05-04,0.001970314495403391,0.1970314495403391,1945302.213506862,0.005073434414612388,1979831.7899651073
2026-05-05,-0.003491195680089354,-0.3491195680089354,1938510.7828225987,-0.0035863394542201554,1972731.4411040363
2026-05-06,0.006092313260762694,0.6092313260762694,1950320.7977709202,0.01240589643353629,1997204.9430535536
2026-05-07,-0.004003380871696338,-0.4003380871696338,1942512.9207954525,-0.00017668148029703623,1996852.0739277585
2026-05-08,-0.0039233442781274165,-0.39233442781274164,1934891.7738424612,-0.006186630612244115,1984498.2877590738
2026-05-11,-0.011200479516823215,-1.1200479516823216,1913220.058162269,-0.014903149402549887,1954923.013287496
2026-05-12,-0.025041244185345393,-2.504124418534539,1865310.6475055267,-0.018319683541890175,1919109.4423353109
2026-05-13,-0.0071546441827132325,-0.7154644182713232,1851965.0135323983,0.0014135784059419176,1921822.2540016351
2026-05-14,8.546575969923249e-05,0.008546575969923248,1852123.293129216,0.011831236369372666,1944559.787348649
2026-05-15,0.0014824943256025683,0.14824943256025683,1854869.0554015965,-0.0019459851637491088,1940775.7028524454
2026-05-18,0.007181793804625292,0.7181793804625293,1868190.3424920707,0.0002727692071817778,1941305.0867022302
2026-05-19,0.00813251516893503,0.8132515168935031,1883383.4287908454,-0.0013509212410769411,1938682.5364251933
2026-05-20,0.003747669724380231,0.3747669724380231,1890441.7278463242,0.0017359640951817301,1942048.0197003833
2026-05-21,-0.0028002489864167534,-0.28002489864167535,1885148.0203140425,-0.00018178203854768427,1941694.9902524047
2026-05-22,0.00421625030060857,0.42162503006085694,1893096.276221383,0.002731024474358801,1946997.806792524
2026-05-25,0.012319524752779067,1.2319524752779067,1916418.3226556862,0.01317064277657587,1972641.019392565
2026-05-26,-0.008462128294618898,-0.8462128294618898,1900201.3449432154,-0.004910181295375682,1962954.994356653
2026-05-27,-0.007688617303960155,-0.7688617303960155,1885591.4240014767,-0.00027385257567613674,1962417.434075512
2026-05-28,0.0,0.0,1885591.4240014767,0.0,1962417.434075512
2026-05-29,-0.012660552310375108,-1.2660552310375108,1861718.7951419111,-0.015033175629577955,1932916.068130509
2026-06-01,0.007238605650203157,0.7238605650203157,1875195.043331515,-0.007013425513053284,1919359.705263692
2026-06-02,0.02293735416259244,2.293735416259244,1918207.0561643476,0.00431736306319519,1927646.2779601826
2026-06-03,-0.020616659692256945,-2.0616659692256945,1878660.0340681213,-0.0033193946094914883,1921247.6592961152
2026-06-04,-0.00328571202572161,-0.328571202572161,1872487.2982019414,0.00046788683297016576,1922146.5857787745
2026-06-05,-0.005656805234948603,-0.5656805234948603,1861895.002251098,-0.0021289028843615165,1918054.5223681445
2026-06-08,-0.014399617909492735,-1.4399617909492735,1835084.425631088,-0.010429338627102713,1898050.4822491214
2026-06-09,0.003553640896586297,0.3553640896586297,1841605.6566946993,0.005150698844224255,1907826.768674321
2026-06-10,0.0020726938500974065,0.20726938500974065,1845422.741413635,-0.0011681556778996294,1905598.1300020453
2026-06-11,-0.0033304682434507796,-0.33304682434507793,1839276.619577615,-0.0022980713363744965,1901218.9295608387
2026-06-12,0.018584560902278294,1.8584560902278293,1873458.7679302918,0.019916620139797336,1939084.7847834942
2026-06-15,0.004834945346332354,0.4834945346332354,1882516.8386818417,0.009778646829145199,1958046.410065661
2026-06-16,0.01124369200848343,1.124369200848343,1903683.2782167646,0.005669932287180934,1969148.400625891
2026-06-17,0.006170977613471563,0.6170977613471563,1915430.8651097803,0.004024687267071059,1977073.6071208634
2026-06-18,-0.00383331015602364,-0.383331015602364,1908088.4245213938,0.0034169978003351087,1983829.263287496
2026-06-19,-0.024359233062444297,-2.4359233062444297,1861608.8538847251,-0.006409317718677587,1971114.2712394765
2026-06-22,0.008092152107603213,0.8092152107603213,1876673.2758952212,0.0037396580495980825,1978485.5645905947
2026-06-23,-0.020823780639725054,-2.0823780639725054,1837593.843265545,-0.011567105067506356,1955600.2141904307
2026-06-24,0.02079240277645571,2.079240277645571,1875801.8345942574,0.008292056551520766,1971816.1617586638
2026-06-25,-0.0007804626917761626,-0.07804626917761626,1874337.8412451912,0.0014299437722400388,1974635.747999173
2026-06-26,0.0,0.0,1874337.8412451912,0.0,1974635.747999173
2026-06-29,-0.0024860503699610575,-0.24860503699610575,1869678.1429615314,-0.004562271366810755,1965626.9238661954
2026-06-30,-0.016449669521879165,-1.6449669521879164,1838922.5553975336,-0.0033616954637991636,1959019.0847527129
2026-07-01,-0.00543566286272732,-0.543566286272732,1828926.7923557276,0.0058703208311072785,1970519.1552944735
2026-07-02,0.02208805028745227,2.208805028745227,1869324.2193173496,0.007075342557701703,1984461.2533346948
2026-07-03,0.006666221901130865,0.6666221901130865,1881785.5493684772,0.003935786500487426,1992271.6691463098
2026-07-06,0.007655755566158807,0.7655755566158806,1896192.039562372,0.006571669412775316,2005364.2199363774
2026-07-07,0.0056273527148132715,0.5627352714813272,1906862.5809840104,-0.0012955357222089736,2002766.19895341
2026-07-08,-0.01852042675713499,-1.852042675713499,1871546.6722169747,-0.02117524515827318,1960357.1336958688
2026-07-09,-0.0018225767343927005,-0.18225767343927005,1868135.6347948618,0.0033812004144717633,1966985.4940488338
2026-07-10,0.014332062925186984,1.4332062925186984,1894909.872265526,0.01018660596494203,1987022.4002154663
2026-07-13,0.015174949393270444,1.5174949393270445,1923665.033681964,0.0001693570555851842,1987358.9164785487
2026-07-14,-0.002955828623086587,-0.2955828623086587,1917979.009514176,-0.006565165369047166,1974311.5765442166
2026-07-15,0.00010630634024577645,0.010630634024577645,1918182.9028433457,0.0010996658451518648,1976482.65955263
2026-07-16,0.0009101536182559934,0.09101536182559934,1919928.7439528457,-0.00023880225097083763,1976010.6710445243
2026-07-17,0.019981092631403196,1.9981092631403197,1958291.0180314612,0.010865014643113069,1997480.0559203706
2026-07-20,-0.011957326888123166,-1.1957326888123165,1934875.0921867837,-0.003936861885253551,1989616.2528216636
2026-07-21,-0.011856534187385215,-1.1856534187385215,1911934.179507951,-0.002095871495760848,1985446.2728298723
2026-07-22,-0.012698073976360557,-1.2698073976360558,1887656.2978586266,-0.0079151479856997,1969731.171762768
2026-07-23,-0.0027187875191757365,-0.27187875191757366,1882524.161475515,-0.0052779242850445884,1959335.0797763118
2026-07-24,-0.0007408377079947353,-0.07408377079947352,1881129.5165904828,-0.004279518395644999,1950950.0692591765
2026-07-27,0.012247623432418187,1.2247623432418187,1904168.88253729,0.009613989195766948,1969706.482146515
2026-07-28,0.008726995644223724,0.8726995644223724,1920786.5560810594,-0.0004417249460887396,1968836.4136568783
2026-07-29,0.018846588089817252,1.884658808981725,1956986.8291119777,0.011042140877174367,1990576.5827005883
2026-07-30,0.002349060536611858,0.23490605366118578,1961583.9096429138,0.0027608503860552247,1996072.2668274099
2026-07-31,-0.008797597874140362,-0.8797597874140362,1944326.6832094912,0.0027326071386892803,2001526.7481530819
2026-08-03,0.026122329266817568,2.6122329266817568,1995117.0250305487,0.01602311299947612,2033597.4374102128
2026-08-04,-0.011148468701578462,-1.1148468701578462,1972874.5253210093,-0.006434102501316152,2020513.0630515015
2026-08-05,-0.006901915145796722,-0.6901915145796722,1959257.9127539399,0.00039610154196334513,2021313.3913913332
